model,experiment,prediction,split #
Bayesian Ridge Regression,-2.3969317709673565,-5899084089756450.0,1
Bayesian Ridge Regression,-3.7465335671940925,-5899084089770264.0,1
Bayesian Ridge Regression,-1.9138112509675613,-5899084089770263.0,1
Bayesian Ridge Regression,-1.9492654506102318,-5899084089770264.0,1
Bayesian Ridge Regression,-2.559953281626918,-5899084089769304.0,1
Bayesian Ridge Regression,-2.642729293000293,-5899084089770264.0,1
Bayesian Ridge Regression,-1.6844526576962697,-5899084089770233.0,1
Bayesian Ridge Regression,-2.158822044993741,-5899084089770264.0,1
Bayesian Ridge Regression,-3.5076503600642033,-5899084089770264.0,1
Bayesian Ridge Regression,-3.6845481800874196,-5899084089770264.0,1
Bayesian Ridge Regression,-0.737425984358659,-5899084089770264.0,1
Bayesian Ridge Regression,-1.0745636623476162,-5899084089770264.0,1
Bayesian Ridge Regression,-1.5393527377902698,-5899084089770264.0,1
Bayesian Ridge Regression,-1.5083613986405884,-5899084089770264.0,1
Bayesian Ridge Regression,-1.6443425309821194,-5899084089770264.0,1
Bayesian Ridge Regression,-1.2391607486734533,-5899084089770264.0,1
Bayesian Ridge Regression,-1.9196885629650766,-5899084089770264.0,1
Bayesian Ridge Regression,-3.4108437941069076,-5899084089770264.0,1
Bayesian Ridge Regression,-2.123767317417046,-5899084089770264.0,1
Bayesian Ridge Regression,-3.2180472636163895,-5899084089770264.0,1
Bayesian Ridge Regression,-1.0225392132375182,-5899084089667494.0,1
Bayesian Ridge Regression,-1.0056334760903496,-5899084089765133.0,1
Bayesian Ridge Regression,-1.0225392132375182,-5899084089769887.0,1
Bayesian Ridge Regression,-1.5041031112940382,-5899084089770261.0,1
Bayesian Ridge Regression,-3.399950007606853,-5899084089770264.0,1
Bayesian Ridge Regression,-2.7929079641438137,-5899084089770264.0,1
Bayesian Ridge Regression,-2.808030042713029,-5899084089770263.0,1
Bayesian Ridge Regression,-1.7873296113427601,-5899084089770264.0,1
Bayesian Ridge Regression,-2.6092962251353855,-5899084089770258.0,1
Bayesian Ridge Regression,-2.9142603715445343,-5899084089770264.0,1
Bayesian Ridge Regression,-2.736709137429952,-5899084089770264.0,1
Bayesian Ridge Regression,-3.3816182003459216,-5899084089770264.0,1
Bayesian Ridge Regression,-0.19201915469350456,-5899084089770264.0,1
Bayesian Ridge Regression,0.1297019665778856,-5899084089770192.0,1
Bayesian Ridge Regression,-0.6704627883686575,-5899084089770264.0,1
Bayesian Ridge Regression,-0.5987130334578719,-5899084089770264.0,1
Bayesian Ridge Regression,-2.2882000233155653,-5899084089770264.0,1
Bayesian Ridge Regression,-3.6800158253354924,-5899084089770264.0,1
Bayesian Ridge Regression,-1.8033790498935367,-5706791636164214.0,1
Bayesian Ridge Regression,-3.2691119889214533,-5899084089770264.0,1
Bayesian Ridge Regression,-2.465962973225779,-5899084089770261.0,1
Bayesian Ridge Regression,-2.1223515198479075,-5899084089770264.0,1
Bayesian Ridge Regression,-3.810574259769909,-5899084089770264.0,1
Bayesian Ridge Regression,-3.579179826019102,-5899084089770264.0,1
Bayesian Ridge Regression,-2.67596440114224,-5899084089770264.0,1
Bayesian Ridge Regression,-2.5493325073158326,-5899084089770264.0,1
Bayesian Ridge Regression,-2.97249382976246,-5899084089770262.0,1
Bayesian Ridge Regression,-3.3308765956121587,-5899084089770264.0,1
Bayesian Ridge Regression,-3.310333372786738,-5899084089770264.0,1
Bayesian Ridge Regression,-3.4317548486561424,-5899084089770264.0,1
Bayesian Ridge Regression,-1.4326336990343642,-5899084089769406.0,1
Bayesian Ridge Regression,-2.861353792341514,-5899084089770264.0,1
Bayesian Ridge Regression,-1.1386989940333996,-5899084089770178.0,1
Bayesian Ridge Regression,-1.0599038235929437,-5899084089770264.0,1
Bayesian Ridge Regression,-1.3158802108242549,-5899084089770206.0,1
Bayesian Ridge Regression,-2.6852623228853463,-5899084089770264.0,1
Bayesian Ridge Regression,-2.9864932974615632,-5899084089770262.0,1
Bayesian Ridge Regression,-1.115836390766966,-5899084089769980.0,1
Bayesian Ridge Regression,-1.5372443207314632,-5899084089770264.0,1
Bayesian Ridge Regression,-1.7089770353918146,-5899084089770127.0,1
Bayesian Ridge Regression,-1.5372443207314632,-5899084089237983.0,1
Bayesian Ridge Regression,-2.586212054867284,-5899084089770264.0,1
Bayesian Ridge Regression,-3.434121498561107,-5899084089770264.0,1
Bayesian Ridge Regression,-2.3478691638008677,-5899084089770264.0,1
Bayesian Ridge Regression,-1.777268237794943,-5899084089770264.0,1
Bayesian Ridge Regression,-1.183812038624167,-5899084089770264.0,1
Bayesian Ridge Regression,-1.3266108732423414,-5899084089770263.0,1
Bayesian Ridge Regression,-1.4197155850010228,-5899084089770264.0,1
Bayesian Ridge Regression,-3.7342838339347466,-5899084089770264.0,1
Bayesian Ridge Regression,-3.52120992195253,-5899084089770264.0,1
Bayesian Ridge Regression,-2.5986223809209954,777330301769382.0,1
Bayesian Ridge Regression,-2.2669235674490644,-5899084089770259.0,1
Bayesian Ridge Regression,-2.9303729669440868,-5899084089770264.0,1
Bayesian Ridge Regression,-2.498525274280529,-5899084089770261.0,1
Bayesian Ridge Regression,-2.270552443792131,-5899084089770264.0,1
Bayesian Ridge Regression,-1.5554661639976504,-5899084089770264.0,1
Bayesian Ridge Regression,-3.5222913974306227,-5899084089770264.0,1
Bayesian Ridge Regression,-2.2875737313332407,-5899084089770264.0,1
Bayesian Ridge Regression,-1.935943656763284,-5899084089770254.0,1
Bayesian Ridge Regression,-1.7751555586449395,-5899084089770264.0,1
Bayesian Ridge Regression,-1.41390601215094,-5899084089767129.0,1
Bayesian Ridge Regression,-1.706119540338668,-5899084089770137.0,1
Bayesian Ridge Regression,-2.4934863088506534,-5899084089770264.0,1
Bayesian Ridge Regression,-1.1883246153441216,-5899084089750984.0,1
Bayesian Ridge Regression,-2.182199963303041,-5899084089267975.0,1
Bayesian Ridge Regression,-2.5339607001524365,-5899084089766256.0,1
Bayesian Ridge Regression,-2.1210586466718686,-5899084089769923.0,1
Bayesian Ridge Regression,-1.987977989665314,-5899084089770264.0,1
Bayesian Ridge Regression,-2.4995431395917818,-5899084089770264.0,1
Bayesian Ridge Regression,-2.248890796910272,-5899084089770101.0,1
Bayesian Ridge Regression,-2.0061846218108834,-5899084089769953.0,1
Bayesian Ridge Regression,-3.3388889969343114,-5899084089770264.0,1
Bayesian Ridge Regression,-2.999290941959355,-5899084089770264.0,1
Bayesian Ridge Regression,-1.9555954093204297,-5899084089770227.0,1
Bayesian Ridge Regression,-1.883787384700319,-5899084089770264.0,1
Bayesian Ridge Regression,-2.3566470252815495,-5899084089770264.0,1
Bayesian Ridge Regression,-1.7478447295977892,-5899084089770263.0,1
Bayesian Ridge Regression,-2.550141932709222,-5899084089770264.0,1
Bayesian Ridge Regression,-3.4398948173744337,-5899084089770264.0,1
Bayesian Ridge Regression,-1.6379527351562522,-5899084089770262.0,1
Bayesian Ridge Regression,-1.4722472768836088,-5899084089769583.0,1
Bayesian Ridge Regression,-2.110664900131247,-5899084089770263.0,1
Bayesian Ridge Regression,-1.9070646816834933,-5897985005881364.0,1
Bayesian Ridge Regression,-3.333901540815397,-5899084089770264.0,1
Bayesian Ridge Regression,-1.512256636766295,-5899084089769884.0,1
Bayesian Ridge Regression,-2.2414236426625673,-5899084089770264.0,1
Bayesian Ridge Regression,-2.9187956800017982,-5899084089770264.0,1
Bayesian Ridge Regression,-1.2400249421136365,-5899084089770264.0,1
Bayesian Ridge Regression,-1.7015723913432346,-5899084089770263.0,1
Bayesian Ridge Regression,-1.1893279510795818,-5899084089770264.0,1
Bayesian Ridge Regression,-1.1738116279378035,-5899084089770252.0,1
Bayesian Ridge Regression,-1.945720453842236,-5899084089770231.0,1
Bayesian Ridge Regression,-1.5838670484167507,-5899084089725358.0,1
Bayesian Ridge Regression,-2.5037832349706837,-5899084089770261.0,1
Bayesian Ridge Regression,-1.3434220574020639,-5899084089745185.0,1
Bayesian Ridge Regression,-1.3195712003583318,-5899084089769883.0,1
Bayesian Ridge Regression,-1.6993207301372903,-5899084089770264.0,1
Bayesian Ridge Regression,-3.4629936067206395,-5899084089770264.0,1
Bayesian Ridge Regression,-3.926105768520805,-5899084089770264.0,1
Bayesian Ridge Regression,-1.9930514957526793,-5899084089751956.0,1
Bayesian Ridge Regression,-2.6148556108775285,-5899084089770264.0,1
Bayesian Ridge Regression,-3.289282825523282,-5899084089769072.0,1
Bayesian Ridge Regression,-3.0153277959856664,-5899084089770253.0,1
Bayesian Ridge Regression,-1.8350242298439021,-5823694851752437.0,1
Bayesian Ridge Regression,-1.6517269019834395,-5899084089770087.0,1
Bayesian Ridge Regression,-3.1720823887102565,-5899084089770264.0,1
Bayesian Ridge Regression,-2.099963060637607,-5899084089759093.0,1
Bayesian Ridge Regression,-3.2877805976748804,-5899084089770264.0,1
Bayesian Ridge Regression,-3.7469892929465796,-5899084089770264.0,1
Bayesian Ridge Regression,-1.015474675864504,-5899084089759703.0,1
Bayesian Ridge Regression,-3.1720823887102565,-5899084089770264.0,1
Bayesian Ridge Regression,-1.4330573818946528,-5899084089770250.0,1
Bayesian Ridge Regression,-0.664255515397868,-5899084089715221.0,1
Bayesian Ridge Regression,-1.0111406945890653,-5899084089770199.0,1
Bayesian Ridge Regression,-2.001001072492525,-5899084089763176.0,1
Bayesian Ridge Regression,-2.1782870563447125,-5899084089761362.0,1
Bayesian Ridge Regression,-2.7906820711849507,-5899084089770253.0,1
Bayesian Ridge Regression,-1.3544637580442256,-5899084089770264.0,1
Bayesian Ridge Regression,-2.5910208366914373,-5899084089770263.0,1
Bayesian Ridge Regression,-1.9090244195663402,-5899084089770264.0,1
Bayesian Ridge Regression,-2.0978386037648766,-5899084089770166.0,1
Bayesian Ridge Regression,-1.2158410977813483,-5899084081569350.0,1
Bayesian Ridge Regression,-1.4486812373435975,-5899084089647331.0,1
Bayesian Ridge Regression,-1.4386260150993235,-5899084088902639.0,1
Bayesian Ridge Regression,-0.9279654459479447,-5899084089769685.0,1
Bayesian Ridge Regression,-1.8162387276731846,-5899084089770264.0,1
Bayesian Ridge Regression,-1.0193030390019762,-5899084089770253.0,1
Bayesian Ridge Regression,-1.0144370432648293,-5899084089770262.0,1
Bayesian Ridge Regression,-1.9341938240909706,-5899084089770264.0,1
Bayesian Ridge Regression,-1.5609490414532068,5337415231989894.0,1
Bayesian Ridge Regression,-1.396090167895999,-5899084089770264.0,1
Bayesian Ridge Regression,-1.1984184440476704,-5899084089750848.0,1
Bayesian Ridge Regression,-2.0995080091454192,-5899084089770264.0,1
Bayesian Ridge Regression,-2.2488337964546146,-5899084089769867.0,1
Bayesian Ridge Regression,-3.4366316559477377,-5899084089770264.0,1
Bayesian Ridge Regression,-1.7701752248722789,-5899084089768692.0,1
Bayesian Ridge Regression,-2.540720473654946,-5899084089770264.0,1
Bayesian Ridge Regression,-2.443810430479706,-5899084089770262.0,1
Bayesian Ridge Regression,-3.3980116731740355,-5899084089770091.0,1
Bayesian Ridge Regression,-2.8217593886833527,-5899084089753845.0,1
Bayesian Ridge Regression,-3.6924119784161333,-5899084089770264.0,1
Bayesian Ridge Regression,-2.626594359719023,-5899084089770264.0,1
Bayesian Ridge Regression,-1.945164608357066,-5899084089770257.0,1
Bayesian Ridge Regression,-2.483384252706259,-5899084089770264.0,1
Bayesian Ridge Regression,-1.8175258287604161,-5899084089532007.0,1
Bayesian Ridge Regression,-3.3980116731740355,-5899084089770264.0,1
Bayesian Ridge Regression,-2.804329449939637,-5899084089770264.0,1
Bayesian Ridge Regression,-2.9710072633433735,-5899084089770264.0,1
Bayesian Ridge Regression,-3.3466707249611667,-5899084089770264.0,1
Bayesian Ridge Regression,-2.1032881447661516,-5899084089770234.0,1
Bayesian Ridge Regression,-2.3582852103076553,-5899084089770239.0,1
Bayesian Ridge Regression,-1.7083201719567802,-5899084089769640.0,1
Bayesian Ridge Regression,-2.43241576499949,-5899084089770246.0,1
Bayesian Ridge Regression,-2.26736728311359,-5899084089770264.0,1
Bayesian Ridge Regression,-2.0645418092014314,-5899084089770264.0,1
Bayesian Ridge Regression,-1.7246442506203672,-174775538288127.0,1
Bayesian Ridge Regression,-2.1633711620778806,-5899084089770264.0,1
Bayesian Ridge Regression,-1.694880975742639,-5899084089770264.0,1
Bayesian Ridge Regression,-1.5145266747759671,-5899080469343851.0,1
Bayesian Ridge Regression,-3.393048191942752,-5899084089770264.0,1
Bayesian Ridge Regression,-2.432175336754664,-5899084089770259.0,1
Bayesian Ridge Regression,-1.586700235918748,-5899084089223373.0,1
Bayesian Ridge Regression,-1.2054304558342028,-5899084089708199.0,1
Bayesian Ridge Regression,-3.6546223480637448,-5899084089770264.0,1
Bayesian Ridge Regression,-0.9490993255496558,-5899084089770207.0,1
Bayesian Ridge Regression,-2.292547184423849,-5899084089770264.0,1
Bayesian Ridge Regression,-1.9603652993893874,-5899084089770264.0,1
Bayesian Ridge Regression,-1.5363868405196788,-5899084089770185.0,1
Bayesian Ridge Regression,-0.9751054096242024,-5899084089689529.0,1
Bayesian Ridge Regression,-1.1026053129321816,-5899084089770128.0,1
Bayesian Ridge Regression,-1.8161267212970162,-5899084089770238.0,1
Bayesian Ridge Regression,-1.2672463833090828,-5899084089763455.0,1
Bayesian Ridge Regression,-1.7997913808340749,-5899084089770254.0,1
Bayesian Ridge Regression,-1.2025079170212445,-5899084089770264.0,1
Bayesian Ridge Regression,-0.9737395646276028,-5899084087175681.0,1
Bayesian Ridge Regression,-3.0397590359811644,-5899084089770262.0,1
Bayesian Ridge Regression,-3.05329283374744,-5899084089770264.0,1
Bayesian Ridge Regression,-3.6368695830464484,-5899084089770264.0,1
Bayesian Ridge Regression,-2.4796814387852613,-5899084089770264.0,1
Bayesian Ridge Regression,-2.190142441306164,-5899084089770256.0,1
Bayesian Ridge Regression,-2.122395441870392,-5899084089769002.0,1
Bayesian Ridge Regression,-2.006498035079166,-5899084089770261.0,1
Bayesian Ridge Regression,-1.428472864706594,-5899084089770216.0,1
Bayesian Ridge Regression,-2.035715142789073,-5899084089770264.0,1
Bayesian Ridge Regression,-1.0460152967125962,-5899084089770258.0,1
Bayesian Ridge Regression,-1.9499388302923257,-5899084089770264.0,1
Bayesian Ridge Regression,-3.3625502994733605,-5899084089770264.0,1
Bayesian Ridge Regression,-3.8396725549649426,-5899084089770264.0,1
Bayesian Ridge Regression,-2.464359595395084,-5899084089770264.0,1
Bayesian Ridge Regression,0.13858982128300762,-5899084089770245.0,1
Bayesian Ridge Regression,-0.2703526265197312,-5899084089770264.0,1
Bayesian Ridge Regression,0.2034251096067644,-5899084089770264.0,1
Bayesian Ridge Regression,0.004405968258246192,-5899084089770078.0,1
Bayesian Ridge Regression,0.2733961152011059,-5899084089663173.0,1
Bayesian Ridge Regression,-1.5200924815934278,-5899084089769749.0,1
Bayesian Ridge Regression,-0.9771273167949791,-5899084089770135.0,1
Bayesian Ridge Regression,-3.1657421077804533,-5899084089770264.0,1
Bayesian Ridge Regression,-1.1505417041520314,-5899084089770259.0,1
Bayesian Ridge Regression,-1.5923333763280876,-5899084089770264.0,1
Bayesian Ridge Regression,-0.8847086972378616,-5899084089770264.0,1
Bayesian Ridge Regression,-1.6314222073485498,-5899084089770262.0,1
Bayesian Ridge Regression,-3.4519129118061063,-5899084089770264.0,1
Bayesian Ridge Regression,-2.5395917281791975,-5899084089770264.0,1
Bayesian Ridge Regression,-2.405003945642156,-5899084089770264.0,1
Bayesian Ridge Regression,-1.9190397324043553,-5899084089769642.0,1
Bayesian Ridge Regression,-1.7868132829404095,-5899084089770264.0,1
Bayesian Ridge Regression,-1.1009937914140275,-5899084089770114.0,1
Bayesian Ridge Regression,-1.7236216619186897,-5899084089770262.0,1
Bayesian Ridge Regression,-3.2294115893983317,-5899084089770264.0,1
Bayesian Ridge Regression,-1.455583530702784,-5899084018182050.0,1
Bayesian Ridge Regression,-1.7472661616036533,-5899084089770264.0,1
Bayesian Ridge Regression,-3.8233531994782193,-5899084089770264.0,1
Bayesian Ridge Regression,-1.947863458882499,-5899084089770263.0,1
Bayesian Ridge Regression,-1.10868225389701,-5899084089770264.0,1
Bayesian Ridge Regression,-1.42625067509891,-5899084089770264.0,1
Bayesian Ridge Regression,-1.4753372030036505,-5899084089770264.0,1
Bayesian Ridge Regression,-1.649488441015367,-5899084089770264.0,1
Bayesian Ridge Regression,-0.9134224928394735,-5899084089770264.0,1
Bayesian Ridge Regression,-1.5240818424273839,-5899084089770264.0,1
Bayesian Ridge Regression,-1.7563417007657087,-5899084089770264.0,1
Bayesian Ridge Regression,-1.629049819754814,-5899084089770264.0,1
Bayesian Ridge Regression,-1.1431217053996168,-5889305277540975.0,1
Bayesian Ridge Regression,-0.7476890179412806,-5899084089770263.0,1
Bayesian Ridge Regression,-2.348164353297759,-5899084089770264.0,1
Bayesian Ridge Regression,-1.8036577587890321,-5899084089770264.0,1
Bayesian Ridge Regression,-1.1543394167845993,-5899084089770263.0,1
Bayesian Ridge Regression,-1.1291381497161614,-5899084089769940.0,1
Bayesian Ridge Regression,-1.5600709478109722,-5899084089770264.0,1
Bayesian Ridge Regression,-2.723197328038221,-5899084089770264.0,1
Bayesian Ridge Regression,-0.5935262904426333,-5899084089770264.0,1
Bayesian Ridge Regression,-0.6143935172969877,-5899084089770263.0,1
Bayesian Ridge Regression,-0.6158874808696795,-5899084089769943.0,1
Bayesian Ridge Regression,-0.14567163968046612,-5899084084539685.0,1
Bayesian Ridge Regression,-0.2468343715025799,-5899084089763809.0,1
Bayesian Ridge Regression,-3.20055468102406,-5899084089770264.0,1
Bayesian Ridge Regression,-2.428366273865067,-5899084089770262.0,1
Bayesian Ridge Regression,-1.530055677420101,-5899084089737803.0,1
Bayesian Ridge Regression,-1.6643405451853508,-5899084089770264.0,1
Bayesian Ridge Regression,-1.7462641625323523,-5899084089770190.0,1
Bayesian Ridge Regression,-0.988626069420939,-5899084089749334.0,1
Bayesian Ridge Regression,-3.431262194557772,-4680054840206995.0,2
Bayesian Ridge Regression,-2.0772161211350064,-4680054840206995.0,2
Bayesian Ridge Regression,-2.218903098366632,-4680054840206977.0,2
Bayesian Ridge Regression,-3.366321517882654,-4680054840206995.0,2
Bayesian Ridge Regression,-2.858166273095228,-4680054840206995.0,2
Bayesian Ridge Regression,-0.28950830319552845,-4651948847214623.0,2
Bayesian Ridge Regression,-1.641711232958164,-4680054840206995.0,2
Bayesian Ridge Regression,-1.374139089297611,-4680054840206995.0,2
Bayesian Ridge Regression,-1.7566657394319904,-4680054840206995.0,2
Bayesian Ridge Regression,-0.9407520429016281,-4680054840206995.0,2
Bayesian Ridge Regression,-1.820599175381769,-4680054840206995.0,2
Bayesian Ridge Regression,-1.1345513868310089,-4680054840206631.0,2
Bayesian Ridge Regression,-2.8184713897478226,-4680054840206995.0,2
Bayesian Ridge Regression,-2.341290856803062,-4680054840206994.0,2
Bayesian Ridge Regression,-3.2351404478705748,-4680054840206995.0,2
Bayesian Ridge Regression,-1.5041031112940382,-4680054840206986.0,2
Bayesian Ridge Regression,-3.694349887124185,-4680054840206995.0,2
Bayesian Ridge Regression,-2.617367632441655,-4680054840206990.0,2
Bayesian Ridge Regression,-2.2025638997362065,-4680054840206981.0,2
Bayesian Ridge Regression,-2.9688776583453143,-4680054840206984.0,2
Bayesian Ridge Regression,-1.1061070209631036,-4680054840206995.0,2
Bayesian Ridge Regression,-2.461494632742434,-4680054840206995.0,2
Bayesian Ridge Regression,-0.7406200937095554,-4680054840206995.0,2
Bayesian Ridge Regression,0.05304456027413388,-3875766520608199.0,2
Bayesian Ridge Regression,0.20995355888867073,-4680054840206949.0,2
Bayesian Ridge Regression,-0.4049916766527308,-4680054840206988.0,2
Bayesian Ridge Regression,-2.9107287853445634,-4680054840206994.0,2
Bayesian Ridge Regression,-3.2691119889214533,-4680054840206995.0,2
Bayesian Ridge Regression,-1.5397653155309607,-4680054840206582.0,2
Bayesian Ridge Regression,-2.8170555006405635,-4680054840206990.0,2
Bayesian Ridge Regression,-1.894217061776159,-4680054840206995.0,2
Bayesian Ridge Regression,-1.2279630916135922,-4680054840197881.0,2
Bayesian Ridge Regression,-2.2432421390383843,-4680054840130164.0,2
Bayesian Ridge Regression,-2.209721593275448,-4680054840206993.0,2
Bayesian Ridge Regression,-3.1381335734004905,-4680054840206995.0,2
Bayesian Ridge Regression,-3.447382880362,-4680054840206995.0,2
Bayesian Ridge Regression,-3.1668739337041876,-4680054840206995.0,2
Bayesian Ridge Regression,-2.9119908501955227,-4680054840206995.0,2
Bayesian Ridge Regression,-2.4909497090997137,-4680054840206995.0,2
Bayesian Ridge Regression,-2.778538031513268,-4680054840206995.0,2
Bayesian Ridge Regression,-3.3458359767686834,-4680054840206995.0,2
Bayesian Ridge Regression,-1.3360910210889294,-4680054840206995.0,2
Bayesian Ridge Regression,-2.492075482831661,-4606787157434808.0,2
Bayesian Ridge Regression,-1.9785756664607834,-4680054840206994.0,2
Bayesian Ridge Regression,-0.9910136950037374,-4680054840201906.0,2
Bayesian Ridge Regression,-1.8336101498155517,-4680054840206995.0,2
Bayesian Ridge Regression,-2.174597252967641,-4680054840206995.0,2
Bayesian Ridge Regression,-2.861353792341514,-4680054840206995.0,2
Bayesian Ridge Regression,-2.048440290036772,-4680054840206969.0,2
Bayesian Ridge Regression,-1.4542413778154994,-4680054840206627.0,2
Bayesian Ridge Regression,-1.4861381638460753,-4680054840206994.0,2
Bayesian Ridge Regression,-1.4370923600242806,-4680051620301077.0,2
Bayesian Ridge Regression,-1.6435374468814823,-4680054840206509.0,2
Bayesian Ridge Regression,-1.3870823799964922,-4680054839997773.0,2
Bayesian Ridge Regression,-1.4729877775908402,-4680054840206993.0,2
Bayesian Ridge Regression,-1.0556956867709293,-4680054840206995.0,2
Bayesian Ridge Regression,-1.7028254486283225,-4680054840206995.0,2
Bayesian Ridge Regression,-1.1286208649028604,-4680054840115076.0,2
Bayesian Ridge Regression,-2.691578169406441,-4680054840206995.0,2
Bayesian Ridge Regression,-2.3918623308235594,-4680054840206613.0,2
Bayesian Ridge Regression,-3.007286136495451,-4680054840206991.0,2
Bayesian Ridge Regression,-2.3083760229550343,-4680054840206995.0,2
Bayesian Ridge Regression,-3.302921552819786,-4680054840206992.0,2
Bayesian Ridge Regression,-1.2227575127427186,-4680054840206995.0,2
Bayesian Ridge Regression,-3.2590502255091702,-4680054840206995.0,2
Bayesian Ridge Regression,-3.6472310978345055,-4680054840206995.0,2
Bayesian Ridge Regression,-3.9730828630218453,-4680054840206995.0,2
Bayesian Ridge Regression,-3.9730828630218453,-4680054840206995.0,2
Bayesian Ridge Regression,-1.6536721058017216,-4680054840206924.0,2
Bayesian Ridge Regression,-1.622950411914381,-4680054840206994.0,2
Bayesian Ridge Regression,-1.5623567401916558,-4680054840206992.0,2
Bayesian Ridge Regression,-1.9704478542261563,-4680054840206995.0,2
Bayesian Ridge Regression,-3.216247878762871,-4680054840206994.0,2
Bayesian Ridge Regression,-1.9381605982067327,-4680054840206995.0,2
Bayesian Ridge Regression,-3.848875409949318,-4680054840206995.0,2
Bayesian Ridge Regression,-3.0415646563875622,-4680054840206995.0,2
Bayesian Ridge Regression,-3.2996658499018485,-4680054840206995.0,2
Bayesian Ridge Regression,-2.2175363341456173,-4680054840206995.0,2
Bayesian Ridge Regression,-1.2376574055894478,-4680054840206995.0,2
Bayesian Ridge Regression,-3.20266873961377,-4680054840201303.0,2
Bayesian Ridge Regression,-3.4715139529702097,-4680054840206995.0,2
Bayesian Ridge Regression,-3.09259777670544,-4680054840206964.0,2
Bayesian Ridge Regression,-2.848471723996311,-4680054840206995.0,2
Bayesian Ridge Regression,-3.7551664480113374,-4680054840206995.0,2
Bayesian Ridge Regression,-2.4911353637922846,-4680054840206995.0,2
Bayesian Ridge Regression,-1.7310907007998717,-4680054840206995.0,2
Bayesian Ridge Regression,-1.7176063992666837,-4680054840206994.0,2
Bayesian Ridge Regression,-2.362468744313884,-4680054840206994.0,2
Bayesian Ridge Regression,-1.5518607813097591,-4680054840206476.0,2
Bayesian Ridge Regression,-2.8197963948012763,-4680054840206995.0,2
Bayesian Ridge Regression,-1.3149788474841408,-4680054840206993.0,2
Bayesian Ridge Regression,-1.7818010064165613,-4680054840206986.0,2
Bayesian Ridge Regression,-3.3960495196322524,-4680054840206995.0,2
Bayesian Ridge Regression,-1.7883466398341077,-4680054840206995.0,2
Bayesian Ridge Regression,-1.7983538696326367,-4680054840206976.0,2
Bayesian Ridge Regression,-2.1620771953880977,-4680054840206995.0,2
Bayesian Ridge Regression,-1.3752808174958797,-4680054840206918.0,2
Bayesian Ridge Regression,-2.772360579555891,-4680054840206995.0,2
Bayesian Ridge Regression,-3.48241354468584,-4680054840206995.0,2
Bayesian Ridge Regression,-1.012145447578458,-4679414674766831.0,2
Bayesian Ridge Regression,-1.272659841843383,-4680054840206994.0,2
Bayesian Ridge Regression,-3.7834435403498214,-4680054840206995.0,2
Bayesian Ridge Regression,-1.3819820537899474,-4680054840197914.0,2
Bayesian Ridge Regression,-1.2174698965346429,-4680052426319816.0,2
Bayesian Ridge Regression,-1.1134303475678107,-4680054839906126.0,2
Bayesian Ridge Regression,-1.5213971031085405,-4680054840206995.0,2
Bayesian Ridge Regression,-3.5459650539173615,-4680054840206995.0,2
Bayesian Ridge Regression,-3.739785461604827,-4680054840206995.0,2
Bayesian Ridge Regression,-2.0116848782875407,-4680054840206995.0,2
Bayesian Ridge Regression,-2.8343485837796827,-4680054840206995.0,2
Bayesian Ridge Regression,-2.2151453721747094,-4680054840206995.0,2
Bayesian Ridge Regression,-1.2175444827866113,-967047843973223.0,2
Bayesian Ridge Regression,-1.479191830676853,-4680054840206987.0,2
Bayesian Ridge Regression,-2.635540187918821,-4680054840206995.0,2
Bayesian Ridge Regression,-3.6572596108178765,-4680054840206995.0,2
Bayesian Ridge Regression,-2.7555635433899788,-4680054840206995.0,2
Bayesian Ridge Regression,-2.049666891178964,-4680054840201672.0,2
Bayesian Ridge Regression,-2.484467237840419,-4680054840206995.0,2
Bayesian Ridge Regression,-1.7892523214132656,-4680054840180246.0,2
Bayesian Ridge Regression,-2.7671936491741276,-4680054840206995.0,2
Bayesian Ridge Regression,-2.0630158256502544,-4680054840206909.0,2
Bayesian Ridge Regression,-1.064270917741021,-4680054840206994.0,2
Bayesian Ridge Regression,-0.9637364568210032,-4680054840206995.0,2
Bayesian Ridge Regression,-1.4285635434183963,-4680054840206995.0,2
Bayesian Ridge Regression,-0.5687544073603336,2.9384476096182068e+16,2
Bayesian Ridge Regression,-2.1225210730141013,-4680054840206910.0,2
Bayesian Ridge Regression,-2.2062980891288984,-4680054840206987.0,2
Bayesian Ridge Regression,-2.612904311968554,-4680054840206860.0,2
Bayesian Ridge Regression,-3.644312909802797,-4680054840206995.0,2
Bayesian Ridge Regression,-2.4706410072083687,-4680054840206995.0,2
Bayesian Ridge Regression,-2.0990330852672687,-4680054840204683.0,2
Bayesian Ridge Regression,-1.297434930657182,-4680054840157989.0,2
Bayesian Ridge Regression,-1.2327435377262763,-4680054840206995.0,2
Bayesian Ridge Regression,-1.8793987946410835,-4680054840206988.0,2
Bayesian Ridge Regression,-3.6688623296866587,-4680054840206995.0,2
Bayesian Ridge Regression,-1.3168403571338247,-4680054840200384.0,2
Bayesian Ridge Regression,-2.2675571837562845,-4680054840206989.0,2
Bayesian Ridge Regression,-4.0490653862997,-4680054840206995.0,2
Bayesian Ridge Regression,-1.1843962080688974,-4680054840206993.0,2
Bayesian Ridge Regression,-2.1481523894209715,-4680054840206995.0,2
Bayesian Ridge Regression,-1.1598011320770079,-4680054840206812.0,2
Bayesian Ridge Regression,-1.9811271489159006,-4680054840206995.0,2
Bayesian Ridge Regression,-1.3693953613978682,-4680054840206995.0,2
Bayesian Ridge Regression,-1.5310782741493767,-4680054840204027.0,2
Bayesian Ridge Regression,-1.493245786531943,-4680054840206995.0,2
Bayesian Ridge Regression,-1.409977601837042,-4680054840206995.0,2
Bayesian Ridge Regression,-2.0129990008635867,-4680054840206903.0,2
Bayesian Ridge Regression,-0.7242679085347501,-4680054840206628.0,2
Bayesian Ridge Regression,-1.4399552960568784,-4680054840206804.0,2
Bayesian Ridge Regression,-1.543738042979891,-4680054840206948.0,2
Bayesian Ridge Regression,-2.090032121190501,-4680054840206990.0,2
Bayesian Ridge Regression,-2.3087676366549488,-4680054840206995.0,2
Bayesian Ridge Regression,-1.8171279243372191,-4680054840206995.0,2
Bayesian Ridge Regression,-1.2530119718858257,-4680054840206888.0,2
Bayesian Ridge Regression,-3.744840908818875,-4680054840206995.0,2
Bayesian Ridge Regression,-2.436631774638256,-4680054840206974.0,2
Bayesian Ridge Regression,-3.6308973708676717,-4680054840206995.0,2
Bayesian Ridge Regression,-3.744840908818875,-4680054840206995.0,2
Bayesian Ridge Regression,-1.4790145740873064,-4680054840006519.0,2
Bayesian Ridge Regression,-1.7709615792854492,-4680054840206990.0,2
Bayesian Ridge Regression,-3.3358640560027224,-4680054840206995.0,2
Bayesian Ridge Regression,-2.033677685255944,-4680054840206991.0,2
Bayesian Ridge Regression,-2.019028072917717,-4680054840206935.0,2
Bayesian Ridge Regression,-3.7268829315132583,-4680054840206995.0,2
Bayesian Ridge Regression,-3.8817848914990014,-4680054840206995.0,2
Bayesian Ridge Regression,-2.5041654897477077,-4680054840206995.0,2
Bayesian Ridge Regression,-2.7386203038591304,-4680054840206995.0,2
Bayesian Ridge Regression,-3.2402151004002007,-4680054840206995.0,2
Bayesian Ridge Regression,-2.579721210352638,-4680054840206995.0,2
Bayesian Ridge Regression,-1.4643518021071489,-4680054840206569.0,2
Bayesian Ridge Regression,-1.95795837174818,-4680054840206995.0,2
Bayesian Ridge Regression,-1.8668031693530753,-4680054840206995.0,2
Bayesian Ridge Regression,-1.1848306140119889,-4680054840205846.0,2
Bayesian Ridge Regression,-3.015555503033429,-4680054840206995.0,2
Bayesian Ridge Regression,-1.5951494590693263,-4680054840206995.0,2
Bayesian Ridge Regression,-1.5372075124674875,-4680054840206995.0,2
Bayesian Ridge Regression,-2.1980100109869287,-4680054840206995.0,2
Bayesian Ridge Regression,-1.2662407394987067,-4680054840206950.0,2
Bayesian Ridge Regression,-3.0455186942585932,-4680054840206995.0,2
Bayesian Ridge Regression,-3.600326278518962,-4680054840206995.0,2
Bayesian Ridge Regression,-4.056947918112584,-4680054840206995.0,2
Bayesian Ridge Regression,-1.5279900670983446,-4680054840127465.0,2
Bayesian Ridge Regression,-2.1956618739690814,-4680054840206993.0,2
Bayesian Ridge Regression,-3.1090516644066044,-4680054840206995.0,2
Bayesian Ridge Regression,-4.059833781301273,-4680054840206995.0,2
Bayesian Ridge Regression,-1.9644153443855357,-4680054840196879.0,2
Bayesian Ridge Regression,-2.5585788782984222,-4680054840206995.0,2
Bayesian Ridge Regression,-1.5049121890283346,-4680054840201173.0,2
Bayesian Ridge Regression,-1.5650830494456354,-4680054839909645.0,2
Bayesian Ridge Regression,-3.276542686022807,-4680054840206995.0,2
Bayesian Ridge Regression,-1.6663570851479517,-4680054840068528.0,2
Bayesian Ridge Regression,-2.833475754814589,-4680054840206995.0,2
Bayesian Ridge Regression,-1.2862388841839494,-4680054840196322.0,2
Bayesian Ridge Regression,-1.6362623936895822,-4680054840206995.0,2
Bayesian Ridge Regression,-1.9643120034496402,-4680054840206995.0,2
Bayesian Ridge Regression,-0.7797693247910334,-4680054840206994.0,2
Bayesian Ridge Regression,-1.3132997440363454,-4680054840206308.0,2
Bayesian Ridge Regression,-1.9362137770978871,-4680054840206854.0,2
Bayesian Ridge Regression,-3.7618083196547483,-4680054840206995.0,2
Bayesian Ridge Regression,-1.8884660362981867,-4680054840206994.0,2
Bayesian Ridge Regression,-2.8165949053280404,-4680054840206995.0,2
Bayesian Ridge Regression,-1.1090605687339063,-4680054840204428.0,2
Bayesian Ridge Regression,-2.2355646390433175,-4680054840206995.0,2
Bayesian Ridge Regression,-2.017352405817494,3161189649389209.0,2
Bayesian Ridge Regression,-1.7772835288524167,-4680054840206993.0,2
Bayesian Ridge Regression,0.016216578776438208,-4680054840206995.0,2
Bayesian Ridge Regression,0.25792460161657743,-4680054840205319.0,2
Bayesian Ridge Regression,0.2461448119736277,-4680054840206995.0,2
Bayesian Ridge Regression,0.23583851209189552,-4680054840206140.0,2
Bayesian Ridge Regression,0.25792460161657743,-4680054840206994.0,2
Bayesian Ridge Regression,-0.002962342870760633,-4680054840206995.0,2
Bayesian Ridge Regression,-0.3118025518663407,-4680054840206995.0,2
Bayesian Ridge Regression,0.27486911420534327,-4680054840206994.0,2
Bayesian Ridge Regression,-0.5442825169537446,-4680054840206995.0,2
Bayesian Ridge Regression,-2.2749377863952085,-4680054840206947.0,2
Bayesian Ridge Regression,-2.7286993920768685,-4680054840206995.0,2
Bayesian Ridge Regression,-1.2407370006641907,-4680054840206100.0,2
Bayesian Ridge Regression,-1.6790364719823858,-4680054840204372.0,2
Bayesian Ridge Regression,-2.703220329010491,-4680054840206993.0,2
Bayesian Ridge Regression,-1.621304790891127,-4680054832138206.0,2
Bayesian Ridge Regression,-2.327144451312569,-4680054840206995.0,2
Bayesian Ridge Regression,-2.7488910409678486,-4680054840206995.0,2
Bayesian Ridge Regression,-2.0424559224697187,-4680054840206791.0,2
Bayesian Ridge Regression,-1.0801819981618899,-4680054839589021.0,2
Bayesian Ridge Regression,-1.6115607525200502,-4680054840206965.0,2
Bayesian Ridge Regression,-1.2328253445920763,-4680054840206991.0,2
Bayesian Ridge Regression,-1.6695950343945678,-4680054840206944.0,2
Bayesian Ridge Regression,-1.852111989478871,-4680054840206590.0,2
Bayesian Ridge Regression,-1.573747505577719,-4680054840206995.0,2
Bayesian Ridge Regression,-1.4597718515481843,-4680054840206995.0,2
Bayesian Ridge Regression,-1.4094344835568617,-4680054840206995.0,2
Bayesian Ridge Regression,-1.8070894000718147,-4680054840206995.0,2
Bayesian Ridge Regression,-3.151893437607053,-4680054840206995.0,2
Bayesian Ridge Regression,-1.5966625231096632,-4680054840206994.0,2
Bayesian Ridge Regression,-2.14182332020342,-4680054840206995.0,2
Bayesian Ridge Regression,-2.451728539243243,-4680054840206983.0,2
Bayesian Ridge Regression,-1.3551617678005954,-4680054840206995.0,2
Bayesian Ridge Regression,-0.6082262842300837,-4680054840206954.0,2
Bayesian Ridge Regression,-1.9406256000139548,-4680054840206995.0,2
Bayesian Ridge Regression,-0.7463040504271798,-4680054840202192.0,2
Bayesian Ridge Regression,-2.0401269907408133,-4680054840206995.0,2
Bayesian Ridge Regression,-1.6181431713572578,-4680054840206995.0,2
Bayesian Ridge Regression,-1.1400317683551704,-4680054840206989.0,2
Bayesian Ridge Regression,-2.6212424559235727,-4680054840206995.0,2
Bayesian Ridge Regression,-1.483088664742514,-4680054840206995.0,2
Bayesian Ridge Regression,-2.761915740881935,-4680054840206995.0,2
Bayesian Ridge Regression,-3.1791288900792822,-4680054840206995.0,2
Bayesian Ridge Regression,-0.8317581654646831,-4680054840206976.0,2
Bayesian Ridge Regression,-1.1827941397057182,-4680054840206985.0,2
Bayesian Ridge Regression,-0.37949908787793823,-4680054840206306.0,2
Bayesian Ridge Regression,-2.114518460874232,-4680054840206994.0,2
Bayesian Ridge Regression,-3.241946952668458,-4680054840206995.0,2
Bayesian Ridge Regression,-1.0945491836072103,-4680054840206994.0,2
Bayesian Ridge Regression,-1.0884067327209506,-4680054840206994.0,2
Bayesian Ridge Regression,-1.4158076024067474,-4680054840206740.0,2
Bayesian Ridge Regression,-1.011455146773862,-4680054840135932.0,2
Bayesian Ridge Regression,-1.5672159407631352,-4680054840168958.0,2
Bayesian Ridge Regression,-3.8301933583825565,-4680054840206995.0,2
Bayesian Ridge Regression,-2.5315835424986517,-4680054840206995.0,2
Bayesian Ridge Regression,-3.5076503600642033,1358015889135601.0,3
Bayesian Ridge Regression,-1.7636611133035243,1358015889135601.0,3
Bayesian Ridge Regression,-2.3146334389286793,1358015889135600.8,3
Bayesian Ridge Regression,-2.881231480327938,1358015889135592.2,3
Bayesian Ridge Regression,-2.423624898245491,1358015889135600.2,3
Bayesian Ridge Regression,-2.1263969370231783,1358015889135578.0,3
Bayesian Ridge Regression,-2.7922905193547125,1358015889135601.0,3
Bayesian Ridge Regression,-3.120277513484956,1358015889135601.0,3
Bayesian Ridge Regression,-1.4118568185099727,1358015889135601.0,3
Bayesian Ridge Regression,-1.7190338740193807,1358015889135601.0,3
Bayesian Ridge Regression,-1.414958380703708,1358015889135601.0,3
Bayesian Ridge Regression,-1.496009274431816,1358015889135601.0,3
Bayesian Ridge Regression,-1.5498899805881399,1358015889135600.8,3
Bayesian Ridge Regression,-2.3529321054630254,1358015889135600.5,3
Bayesian Ridge Regression,-1.221874373746708,1358015889135601.0,3
Bayesian Ridge Regression,-1.3355656611938254,1358015889135601.0,3
Bayesian Ridge Regression,-1.4187942485435616,1358015889133107.5,3
Bayesian Ridge Regression,-1.2696661993818519,1358015889135332.8,3
Bayesian Ridge Regression,-2.808030042713029,1358015889135601.0,3
Bayesian Ridge Regression,-2.4318269168378195,1358015889135601.0,3
Bayesian Ridge Regression,-3.1597853454922076,1358015889135600.8,3
Bayesian Ridge Regression,-2.151509814945314,1358015889135601.0,3
Bayesian Ridge Regression,-2.772379350111858,1358015889135601.0,3
Bayesian Ridge Regression,-0.2659675601094114,1358015889135596.5,3
Bayesian Ridge Regression,-0.16542042319834802,1358015889135600.8,3
Bayesian Ridge Regression,-0.9300930772084189,1358015889135601.0,3
Bayesian Ridge Regression,-0.14570591755806434,1358015889135601.0,3
Bayesian Ridge Regression,-0.28184511787174465,1358015889135601.0,3
Bayesian Ridge Regression,-1.1159606660259742,1358015889135600.8,3
Bayesian Ridge Regression,-2.931358924489361,1358015889135600.0,3
Bayesian Ridge Regression,-1.1731208384522849,1358015889135538.8,3
Bayesian Ridge Regression,-1.7426626842914594,1358015889135601.0,3
Bayesian Ridge Regression,-3.0166281405425486,1358015889135601.0,3
Bayesian Ridge Regression,-1.4735211762278637,1358015889135601.0,3
Bayesian Ridge Regression,-2.9238738790387533,1358015889135599.5,3
Bayesian Ridge Regression,-2.0468682910310587,1358015889135600.8,3
Bayesian Ridge Regression,-2.557865138098485,1358015889135601.0,3
Bayesian Ridge Regression,-3.20721692140729,1358015889135601.0,3
Bayesian Ridge Regression,-1.9112124620769755,1358015889135601.0,3
Bayesian Ridge Regression,-3.2474583508182433,1358015889135601.0,3
Bayesian Ridge Regression,-2.991150818979587,1358015889135601.0,3
Bayesian Ridge Regression,-3.1413617595139014,1358015889135601.0,3
Bayesian Ridge Regression,-2.4751841978240816,1358015889135601.0,3
Bayesian Ridge Regression,-3.310333372786738,1358015889135601.0,3
Bayesian Ridge Regression,-2.704319008875443,1358015889135601.0,3
Bayesian Ridge Regression,-2.6788398129059168,1358015889135601.0,3
Bayesian Ridge Regression,-1.800655814770182,1358015889135601.0,3
Bayesian Ridge Regression,-2.845233778250056,1358015889135601.0,3
Bayesian Ridge Regression,-2.6732644443606475,1358015889135601.0,3
Bayesian Ridge Regression,-1.4093732376842594,1358015889135592.0,3
Bayesian Ridge Regression,-1.6037557432468053,1358015889135599.2,3
Bayesian Ridge Regression,-3.0605406542001403,1358015889135601.0,3
Bayesian Ridge Regression,-3.873453012328298,1358015889135601.0,3
Bayesian Ridge Regression,-3.008152176256889,1358015889135601.0,3
Bayesian Ridge Regression,-2.8807530211105905,1358015889135593.8,3
Bayesian Ridge Regression,-2.715845949095462,1358015889135601.0,3
Bayesian Ridge Regression,-1.1251042517136252,1358015889135600.8,3
Bayesian Ridge Regression,-1.3104931690369908,1358015889135596.0,3
Bayesian Ridge Regression,-3.302921552819786,1358015889135601.0,3
Bayesian Ridge Regression,-2.2476183878149794,1358015889135590.5,3
Bayesian Ridge Regression,-3.6203410251864447,1358015889135601.0,3
Bayesian Ridge Regression,-2.7186459189940226,1358015889135601.0,3
Bayesian Ridge Regression,-3.52120992195253,1358015889135588.2,3
Bayesian Ridge Regression,-2.8871236492020507,1358015889135342.5,3
Bayesian Ridge Regression,-3.1782271514224525,1358015889135600.8,3
Bayesian Ridge Regression,-3.5222913974306227,1358015889135600.5,3
Bayesian Ridge Regression,-1.4113517913995703,1358015889135574.2,3
Bayesian Ridge Regression,-1.3160847906164357,1287115953841865.5,3
Bayesian Ridge Regression,-1.1465151741161497,1358015889134286.0,3
Bayesian Ridge Regression,-1.7113615374852664,1358015889135601.0,3
Bayesian Ridge Regression,-1.0232314473246815,1358015889135351.2,3
Bayesian Ridge Regression,-1.2543892714743548,1358015889135476.0,3
Bayesian Ridge Regression,-1.5942049925158137,1358015889135588.0,3
Bayesian Ridge Regression,-1.6698969598127007,1358015889135600.5,3
Bayesian Ridge Regression,-2.644753893986956,1358015889135600.0,3
Bayesian Ridge Regression,-2.2826863141215226,-1891604192004982.5,3
Bayesian Ridge Regression,-3.688222835963096,1358015889135601.0,3
Bayesian Ridge Regression,-3.285204336328503,1358015889135601.0,3
Bayesian Ridge Regression,-3.159004262647741,1358015889135601.0,3
Bayesian Ridge Regression,-2.1081088952398566,1358015889116635.5,3
Bayesian Ridge Regression,-3.1495014132834878,1358015889135601.0,3
Bayesian Ridge Regression,-2.848471723996311,1358015889135562.5,3
Bayesian Ridge Regression,-1.2684519185896421,1358015889120546.8,3
Bayesian Ridge Regression,-3.8287505085021976,1358015889135601.0,3
Bayesian Ridge Regression,-3.690448608815449,1358015889135601.0,3
Bayesian Ridge Regression,-1.955139967558483,1358015889135601.0,3
Bayesian Ridge Regression,-2.9211605333956863,1358015889135601.0,3
Bayesian Ridge Regression,-2.3552642027188186,1358015889135601.0,3
Bayesian Ridge Regression,-1.6668842660690988,1358015889135601.0,3
Bayesian Ridge Regression,-1.7565625592771141,1358015889135599.5,3
Bayesian Ridge Regression,-1.3580712288885752,1358015889135601.0,3
Bayesian Ridge Regression,-3.508144052188851,1358015889135601.0,3
Bayesian Ridge Regression,-3.9030899869919438,1358015889135601.0,3
Bayesian Ridge Regression,-1.3982848993986936,1358015889126184.8,3
Bayesian Ridge Regression,-1.4975728800155672,-5.333237664826412e+16,3
Bayesian Ridge Regression,-2.728175115284189,1358015889135601.0,3
Bayesian Ridge Regression,-2.258862588858495,1358015889135601.0,3
Bayesian Ridge Regression,-3.7834435403498214,1358015889135601.0,3
Bayesian Ridge Regression,-2.0731453982830836,1358015889135601.0,3
Bayesian Ridge Regression,-1.556016572040716,1358015880484565.8,3
Bayesian Ridge Regression,-2.000920332458684,1358015889135601.0,3
Bayesian Ridge Regression,-2.3458067992518874,1358015889135600.8,3
Bayesian Ridge Regression,-1.4273499677206534,1358015889022062.8,3
Bayesian Ridge Regression,-3.2861198587119835,1358015889135601.0,3
Bayesian Ridge Regression,-1.3450596755542978,1358015889135567.8,3
Bayesian Ridge Regression,-3.739785461604827,1358015889135601.0,3
Bayesian Ridge Regression,-1.3173301868582306,1358015812029817.5,3
Bayesian Ridge Regression,-3.5459650539173615,1358015889135601.0,3
Bayesian Ridge Regression,-2.4117878095891196,1358015889135600.5,3
Bayesian Ridge Regression,-1.8887177216857802,1358015889135595.8,3
Bayesian Ridge Regression,-1.2303723324828062,1358015889135601.0,3
Bayesian Ridge Regression,-1.9458635904251336,1358015889135601.0,3
Bayesian Ridge Regression,-1.2662523005170878,1358015889135600.8,3
Bayesian Ridge Regression,-1.42943857964666,1358015889127797.8,3
Bayesian Ridge Regression,-1.0807113206322263,1358012187547316.5,3
Bayesian Ridge Regression,-2.646263945417837,1358015889135601.0,3
Bayesian Ridge Regression,-1.5625822596100025,1358015889135585.2,3
Bayesian Ridge Regression,-1.9718622007532294,1358015889134431.5,3
Bayesian Ridge Regression,-1.4782087030212006,1358015888728311.0,3
Bayesian Ridge Regression,-2.648503823177817,1358015889135552.8,3
Bayesian Ridge Regression,-1.4115626764192806,1358015889135550.5,3
Bayesian Ridge Regression,-3.390442939572028,1358015889135601.0,3
Bayesian Ridge Regression,-1.3467292946628289,1358015889135601.0,3
Bayesian Ridge Regression,-0.9349414936187838,1358015889134338.8,3
Bayesian Ridge Regression,-0.6538319472043919,1358015889102742.5,3
Bayesian Ridge Regression,-1.4215944093236903,1358015889135601.0,3
Bayesian Ridge Regression,-2.536796608945731,1358015889135601.0,3
Bayesian Ridge Regression,-1.5708763680120374,1358015889135596.5,3
Bayesian Ridge Regression,-3.7986028756795487,1358015889135601.0,3
Bayesian Ridge Regression,-1.982318834323383,1358015889135601.0,3
Bayesian Ridge Regression,-2.244039132061237,1358015889135599.8,3
Bayesian Ridge Regression,-3.9600428565808334,1358015889135601.0,3
Bayesian Ridge Regression,-2.5312982881059978,1358015889135601.0,3
Bayesian Ridge Regression,-2.7597061620105943,1358015889135573.0,3
Bayesian Ridge Regression,-1.5438464586997465,1358015889135594.2,3
Bayesian Ridge Regression,-3.5378566631708024,1358015889133782.2,3
Bayesian Ridge Regression,-2.9753058553179503,1358015889135601.0,3
Bayesian Ridge Regression,-3.0607359079332865,1358015889135601.0,3
Bayesian Ridge Regression,-1.2394237537905008,1344750679572191.5,3
Bayesian Ridge Regression,-0.975127284906683,1358015889135599.8,3
Bayesian Ridge Regression,-3.6419813498697473,1358015889135601.0,3
Bayesian Ridge Regression,-2.3465562136207656,1358015889135601.0,3
Bayesian Ridge Regression,-1.4337063496845048,1358015889135601.0,3
Bayesian Ridge Regression,-3.542851120580754,1358015889135601.0,3
Bayesian Ridge Regression,-1.0639605458204757,1358015889135600.8,3
Bayesian Ridge Regression,-2.7874427365568386,1358015889135600.8,3
Bayesian Ridge Regression,-2.04835547456192,1358015889135601.0,3
Bayesian Ridge Regression,-2.0948568608862326,1358015889135484.8,3
Bayesian Ridge Regression,-2.6904826786431757,1358015889135601.0,3
Bayesian Ridge Regression,-1.936404341844701,1358015889050662.2,3
Bayesian Ridge Regression,-1.4467153895386817,1358015889133250.8,3
Bayesian Ridge Regression,-2.540720473654946,1358015889135599.8,3
Bayesian Ridge Regression,-1.6434286328720604,1358015889135551.5,3
Bayesian Ridge Regression,-3.233202110369878,1358015889135601.0,3
Bayesian Ridge Regression,-3.6924119784161333,1358015889135599.8,3
Bayesian Ridge Regression,-2.993441546294603,1358015889135601.0,3
Bayesian Ridge Regression,-1.2545644486474818,1358015889135600.8,3
Bayesian Ridge Regression,-1.6524312761675333,1358015889135599.2,3
Bayesian Ridge Regression,-3.290189204280069,1358015889135601.0,3
Bayesian Ridge Regression,-2.0864005407417032,1358015889135599.8,3
Bayesian Ridge Regression,-1.7613667161535187,1358015889135600.8,3
Bayesian Ridge Regression,-2.3460680222446215,1358015889135587.5,3
Bayesian Ridge Regression,-1.6345122959030371,1358015889135601.0,3
Bayesian Ridge Regression,-1.3308187576670196,1358015889135346.8,3
Bayesian Ridge Regression,-1.356590498479473,1358015887917785.5,3
Bayesian Ridge Regression,-1.8762488134939106,1358015889135394.2,3
Bayesian Ridge Regression,-1.6404184550270633,1358015889135599.0,3
Bayesian Ridge Regression,-1.6819366650372385,1357976938627543.8,3
Bayesian Ridge Regression,-3.3036200184447138,1358015889135599.8,3
Bayesian Ridge Regression,-2.084073842416984,1358015889135601.0,3
Bayesian Ridge Regression,-1.4333467694862632,1358015889044241.8,3
Bayesian Ridge Regression,-1.0942289641451028,1358015889135316.2,3
Bayesian Ridge Regression,-1.5895913565043294,1358015889135600.8,3
Bayesian Ridge Regression,-2.9620793251113042,1358015889135601.0,3
Bayesian Ridge Regression,-3.31795786632659,1358015889135601.0,3
Bayesian Ridge Regression,-1.8196475705694013,1358015889135601.0,3
Bayesian Ridge Regression,-0.8521750241183932,1358015889135601.0,3
Bayesian Ridge Regression,-1.2067214626499687,1358015889134425.2,3
Bayesian Ridge Regression,-1.170757605358798,1358015889135600.8,3
Bayesian Ridge Regression,-3.7727484977747765,1358015889135601.0,3
Bayesian Ridge Regression,-2.5945173784671853,1358015889135601.0,3
Bayesian Ridge Regression,-3.312017362295172,1358015889135601.0,3
Bayesian Ridge Regression,-2.5255934458757454,1358015889135601.0,3
Bayesian Ridge Regression,-1.4655690967005093,1358015889135601.0,3
Bayesian Ridge Regression,-1.2165796349138172,1358015889125703.8,3
Bayesian Ridge Regression,-2.809660176396059,1358015889135601.0,3
Bayesian Ridge Regression,-1.2183710988289476,1358015889125220.8,3
Bayesian Ridge Regression,-1.5097699255058308,1358015889135556.2,3
Bayesian Ridge Regression,-2.2355646390433175,-1.5770729503648032e+17,3
Bayesian Ridge Regression,-1.4262388316017447,1358015889135577.8,3
Bayesian Ridge Regression,-1.391500388590343,1358015889135568.5,3
Bayesian Ridge Regression,-2.3371392715991264,1358015889135601.0,3
Bayesian Ridge Regression,-1.3627172000570675,1358015889135600.8,3
Bayesian Ridge Regression,-1.9765773961271407,1358015889135600.5,3
Bayesian Ridge Regression,-2.740096874062147,1358015889135601.0,3
Bayesian Ridge Regression,-1.4541338573389984,1358015889135583.0,3
Bayesian Ridge Regression,0.23583851209189552,1358015889097792.8,3
Bayesian Ridge Regression,0.26528954569788904,1358015889135601.0,3
Bayesian Ridge Regression,-0.03690399983927772,1358015889135599.5,3
Bayesian Ridge Regression,0.23141740977050707,1358015889135004.5,3
Bayesian Ridge Regression,-0.43783118657286935,-4915854665866.25,3
Bayesian Ridge Regression,-1.7405367157549274,1358015889135601.0,3
Bayesian Ridge Regression,-3.3347136412278577,1358015889135601.0,3
Bayesian Ridge Regression,-1.1181615001713328,1358015889135594.0,3
Bayesian Ridge Regression,-1.4739374796247893,1357990131958430.5,3
Bayesian Ridge Regression,-1.7181996551162337,1358015889135601.0,3
Bayesian Ridge Regression,-1.098047311203653,1358015889133402.5,3
Bayesian Ridge Regression,-1.5941100276318725,1358015889135601.0,3
Bayesian Ridge Regression,-2.297622719595401,1358015889135601.0,3
Bayesian Ridge Regression,-1.492201494031574,1358015889135307.8,3
Bayesian Ridge Regression,-1.1820723340995358,832075829388397.0,3
Bayesian Ridge Regression,-2.1235976234646596,1358015889135529.5,3
Bayesian Ridge Regression,-3.525699217034543,1358015889135601.0,3
Bayesian Ridge Regression,-2.789746241172472,1358015889135601.0,3
Bayesian Ridge Regression,-2.6216055516158603,1358015889135600.5,3
Bayesian Ridge Regression,-1.862548056774303,1358015889135600.8,3
Bayesian Ridge Regression,-2.088287115891733,1220246356432816.2,3
Bayesian Ridge Regression,-1.1286832686838821,1358015889135601.0,3
Bayesian Ridge Regression,-1.5290505627346085,1358015889135601.0,3
Bayesian Ridge Regression,-1.2812660713628026,1358015889135601.0,3
Bayesian Ridge Regression,-1.5674558687076858,1358015889135601.0,3
Bayesian Ridge Regression,-1.3469740509457453,1358015889135601.0,3
Bayesian Ridge Regression,-1.6539166652584223,1358015889135601.0,3
Bayesian Ridge Regression,-1.3041517533417322,1358015889135601.0,3
Bayesian Ridge Regression,-1.28375174993668,1358015889135601.0,3
Bayesian Ridge Regression,-1.2818579528648468,1358015889135601.0,3
Bayesian Ridge Regression,-1.6322137070153477,1358015889135601.0,3
Bayesian Ridge Regression,-0.9468333037780922,1358015889135601.0,3
Bayesian Ridge Regression,-1.793068638288037,1358015889135601.0,3
Bayesian Ridge Regression,-1.7854705731329945,1358015889135601.0,3
Bayesian Ridge Regression,-1.2491101104442828,1358015889135601.0,3
Bayesian Ridge Regression,-0.9422704336465716,1358015889135369.2,3
Bayesian Ridge Regression,-0.8959678728621829,1358015889135554.5,3
Bayesian Ridge Regression,-1.2755333695267534,1358015889130385.5,3
Bayesian Ridge Regression,-1.3991403077454354,1358015889135601.0,3
Bayesian Ridge Regression,-0.9568598388437015,1358015889135601.0,3
Bayesian Ridge Regression,-2.2646029664100515,1358015889135601.0,3
Bayesian Ridge Regression,-3.4341521813264824,1358015889135601.0,3
Bayesian Ridge Regression,-0.9679951762893184,1358015889135596.2,3
Bayesian Ridge Regression,-3.2172494016790187,1358015889135601.0,3
Bayesian Ridge Regression,-1.148825472087486,1358015889134968.5,3
Bayesian Ridge Regression,-3.295634963777275,1358015889135601.0,3
Bayesian Ridge Regression,-1.7283368624549476,1358015889135600.8,3
Bayesian Ridge Regression,-2.0560190796534115,1358015889135601.0,3
Bayesian Ridge Regression,-0.4819145002205912,1358015889128840.2,3
Bayesian Ridge Regression,-1.025762740954669,1358015888938320.8,3
Bayesian Ridge Regression,-3.2503548803911073,1358015889135601.0,3
Bayesian Ridge Regression,-3.7648251925435416,1358015889135601.0,3
Bayesian Ridge Regression,-1.9652557068613081,1358015889135601.0,3
Bayesian Ridge Regression,-3.4495551653497865,1358015889135601.0,3
Bayesian Ridge Regression,-1.63438498383371,1358015889135600.8,3
Bayesian Ridge Regression,-1.7793995024399858,1358015889135601.0,3
Bayesian Ridge Regression,-1.5167709261725162,1358015889130728.2,3
Bayesian Ridge Regression,-1.0775646199327256,1358015889135601.0,3
Bayesian Ridge Regression,-1.137767503887176,1358015889132008.0,3
Bayesian Ridge Regression,-2.390077592912712,1358015889135601.0,3
Bayesian Ridge Regression,-1.3089106800327817,1358015825049692.5,3
Bayesian Ridge Regression,-1.0940337585544895,1358015889135600.8,3
Bayesian Ridge Regression,-3.3694633107167937,1358015889135601.0,3
Bayesian Ridge Regression,-3.1408689109724577,-5648001307560156.0,4
Bayesian Ridge Regression,-3.431262194557772,-5648001307560156.0,4
Bayesian Ridge Regression,-2.403452823620798,-5648001307560143.0,4
Bayesian Ridge Regression,-1.9492654506102318,-5648001307548919.0,4
Bayesian Ridge Regression,-1.7253486984128064,-5648001307555553.0,4
Bayesian Ridge Regression,-3.3692782873859213,-5648001307560156.0,4
Bayesian Ridge Regression,-1.5424726897801078,-5648001307560156.0,4
Bayesian Ridge Regression,-0.3239443747054647,-5648001307560156.0,4
Bayesian Ridge Regression,-1.5321588732385725,-5648001307560156.0,4
Bayesian Ridge Regression,-1.524080623031204,-5648001307560156.0,4
Bayesian Ridge Regression,-1.2059345608151744,-5648001307560156.0,4
Bayesian Ridge Regression,-1.4103143043656896,-5648001307560156.0,4
Bayesian Ridge Regression,-1.5530374141251506,-5648001307560156.0,4
Bayesian Ridge Regression,-1.3629507222657735,-5648001307560156.0,4
Bayesian Ridge Regression,-1.1383767799226443,-5648001307560156.0,4
Bayesian Ridge Regression,-1.680228158144333,-5648001307560156.0,4
Bayesian Ridge Regression,-1.4091232046942341,-3704633859273482.0,4
Bayesian Ridge Regression,-1.339883282003717,-5648001307560155.0,4
Bayesian Ridge Regression,-1.778416668028348,-5648001307560156.0,4
Bayesian Ridge Regression,-1.6571034663893656,-5648001307560156.0,4
Bayesian Ridge Regression,-1.3897810295006061,-5648001307560156.0,4
Bayesian Ridge Regression,-1.1631032781134523,-5648001307560155.0,4
Bayesian Ridge Regression,-1.8730671060734179,-5648001307560156.0,4
Bayesian Ridge Regression,-3.8326531224143645,-5648001307560156.0,4
Bayesian Ridge Regression,-3.057527624268253,-5648001307560156.0,4
Bayesian Ridge Regression,-1.3607499667563296,-5648001298021449.0,4
Bayesian Ridge Regression,-3.2834449518405893,-5648001307560153.0,4
Bayesian Ridge Regression,-2.66118307205398,-5648001307560156.0,4
Bayesian Ridge Regression,-3.2036005297986074,-5648001307560156.0,4
Bayesian Ridge Regression,-2.6396789104480054,-5648001307560156.0,4
Bayesian Ridge Regression,-2.272602230242758,-5648001307560156.0,4
Bayesian Ridge Regression,0.14443509497441417,-5648001307560043.0,4
Bayesian Ridge Regression,-1.7661589553081318,-5648001307560156.0,4
Bayesian Ridge Regression,-1.0877694915519545,-5648001307560156.0,4
Bayesian Ridge Regression,-0.7545795752718538,-5648001307560156.0,4
Bayesian Ridge Regression,-0.7019607372542168,-5648001307404978.0,4
Bayesian Ridge Regression,-3.0110100837480736,-5648001307560156.0,4
Bayesian Ridge Regression,-0.6945493884044287,-5648001307560156.0,4
Bayesian Ridge Regression,-0.012750569114115418,-5648001307560156.0,4
Bayesian Ridge Regression,-0.3135898872515433,-5648001307409161.0,4
Bayesian Ridge Regression,-1.1235679872330004,-5648001307560156.0,4
Bayesian Ridge Regression,0.20849296776590773,-5648000225073012.0,4
Bayesian Ridge Regression,-2.004293876429448,-5648001307560156.0,4
Bayesian Ridge Regression,-2.541474704475919,-5648001307560156.0,4
Bayesian Ridge Regression,-1.9304209166838449,-5648001307560150.0,4
Bayesian Ridge Regression,-2.1460708341762897,-5648001307560151.0,4
Bayesian Ridge Regression,-1.9101052340727014,-5648001307560156.0,4
Bayesian Ridge Regression,-2.3140538776829995,-5648001307560156.0,4
Bayesian Ridge Regression,-1.9615865844075526,-5648001307560156.0,4
Bayesian Ridge Regression,-1.4817410394981543,-5648001307549284.0,4
Bayesian Ridge Regression,-2.7515330963273232,-5648001307560156.0,4
Bayesian Ridge Regression,-2.8170555006405635,-5648001307560156.0,4
Bayesian Ridge Regression,-3.349843097267282,-5648001307560156.0,4
Bayesian Ridge Regression,-2.6991941581253336,-5648001307560156.0,4
Bayesian Ridge Regression,-2.3339531661956356,-5648001307560156.0,4
Bayesian Ridge Regression,-3.20721692140729,-5648001307560156.0,4
Bayesian Ridge Regression,-3.366814432940472,-5648001307560156.0,4
Bayesian Ridge Regression,-2.325708590111872,-5648001307560156.0,4
Bayesian Ridge Regression,-2.7923263244120906,-5648001307560156.0,4
Bayesian Ridge Regression,-3.130720745231321,-5648001307560156.0,4
Bayesian Ridge Regression,-1.415304935020491,-5648001307560156.0,4
Bayesian Ridge Regression,-1.8319016673890882,-5648001307560156.0,4
Bayesian Ridge Regression,-2.617794503701521,-5648001307560156.0,4
Bayesian Ridge Regression,-3.434121498561107,-5648001307560156.0,4
Bayesian Ridge Regression,-1.3859030337523468,-5648001307560133.0,4
Bayesian Ridge Regression,-1.392520817816124,-5648001307559810.0,4
Bayesian Ridge Regression,-2.6799272800459657,-5648001307560156.0,4
Bayesian Ridge Regression,-3.7342838339347466,-5648001307560156.0,4
Bayesian Ridge Regression,-3.6203410251864447,-5648001307560156.0,4
Bayesian Ridge Regression,-2.5038360209902844,-5648001307560156.0,4
Bayesian Ridge Regression,-1.794765718416369,-5648001307559951.0,4
Bayesian Ridge Regression,-2.810836301965318,-5648001307560131.0,4
Bayesian Ridge Regression,-2.457678098889193,-5648001307560120.0,4
Bayesian Ridge Regression,-1.547722797531173,-5648001307560156.0,4
Bayesian Ridge Regression,-3.2590502255091702,-5648001307560156.0,4
Bayesian Ridge Regression,-1.5862250860093259,-5648001307342321.0,4
Bayesian Ridge Regression,-3.7105715966505453,-5648001307560156.0,4
Bayesian Ridge Regression,-2.7592630971786845,-5648001307560156.0,4
Bayesian Ridge Regression,-2.470173263354167,-5648001307560141.0,4
Bayesian Ridge Regression,-3.159004262647741,-5648001307560156.0,4
Bayesian Ridge Regression,-3.40015839520823,-5648001307560156.0,4
Bayesian Ridge Regression,-2.9741896629359488,-5648001307559734.0,4
Bayesian Ridge Regression,-2.4308272469150642,-5648001307560156.0,4
Bayesian Ridge Regression,-3.246574755779347,-5648001307560156.0,4
Bayesian Ridge Regression,-1.5371060964041248,-5648001307560124.0,4
Bayesian Ridge Regression,-3.688222835963096,-5648001307560156.0,4
Bayesian Ridge Regression,-4.441291429466834,-5648001307560156.0,4
Bayesian Ridge Regression,-2.287736284945912,-5648001307560122.0,4
Bayesian Ridge Regression,-1.4855749296151965,-5648001307544226.0,4
Bayesian Ridge Regression,-2.0559062448512155,-5053376761030119.0,4
Bayesian Ridge Regression,-1.4886987965534475,-5648001307559518.0,4
Bayesian Ridge Regression,-2.8667990786740405,-5648001307560156.0,4
Bayesian Ridge Regression,-1.262358754468822,-5648001307560156.0,4
Bayesian Ridge Regression,-2.8326132427713318,-5648001307560155.0,4
Bayesian Ridge Regression,-3.190894343543139,-5648001307560156.0,4
Bayesian Ridge Regression,-3.231239100298885,-5648001307560156.0,4
Bayesian Ridge Regression,-1.6253102968663857,-5648001307560156.0,4
Bayesian Ridge Regression,-3.3960495196322524,-5648001307560156.0,4
Bayesian Ridge Regression,-1.7883466398341077,-5648001307560156.0,4
Bayesian Ridge Regression,-2.020315121682196,-5648001307560156.0,4
Bayesian Ridge Regression,-2.8606575042266775,-5648001307560156.0,4
Bayesian Ridge Regression,-2.3662117992181373,-5648001307557840.0,4
Bayesian Ridge Regression,-3.7834435403498214,-5648001307560156.0,4
Bayesian Ridge Regression,-1.936797812533807,-5648001307560151.0,4
Bayesian Ridge Regression,-1.8211763195496429,-5648001307560153.0,4
Bayesian Ridge Regression,-2.728175115284189,-5648001307560156.0,4
Bayesian Ridge Regression,-2.5430732387631334,-5648001307560156.0,4
Bayesian Ridge Regression,-3.23633470688153,-5648001307560156.0,4
Bayesian Ridge Regression,-1.385136327132139,-5553123943434822.0,4
Bayesian Ridge Regression,-3.466783553422354,-5648001307560132.0,4
Bayesian Ridge Regression,-1.8555915719713854,-5648001307560142.0,4
Bayesian Ridge Regression,-1.5213971031085405,-5648001307560155.0,4
Bayesian Ridge Regression,-1.069394064585742,-5648001307560140.0,4
Bayesian Ridge Regression,-1.4441845681180592,-5648001187161599.0,4
Bayesian Ridge Regression,-1.8441291379223155,-5648001307560150.0,4
Bayesian Ridge Regression,-3.172776808882327,-5648001307560156.0,4
Bayesian Ridge Regression,-2.176441984856953,-5648001307560142.0,4
Bayesian Ridge Regression,-1.8011659603551675,-5648001307560143.0,4
Bayesian Ridge Regression,-1.840084037547579,-5648001307560156.0,4
Bayesian Ridge Regression,-1.0209515518818744,-5648001307560156.0,4
Bayesian Ridge Regression,-1.3267843126055872,-5648001307560156.0,4
Bayesian Ridge Regression,-2.1469087646472067,-5648001307560156.0,4
Bayesian Ridge Regression,-1.2563082695173393,-5648001307559979.0,4
Bayesian Ridge Regression,-1.1441412885613946,-5648001307560156.0,4
Bayesian Ridge Regression,-0.6074545522659878,-5648001307560037.0,4
Bayesian Ridge Regression,-2.9171991963522217,-5648001307560156.0,4
Bayesian Ridge Regression,-1.0937551186817627,-5648001307560156.0,4
Bayesian Ridge Regression,-0.7705521408719755,-5648001307560155.0,4
Bayesian Ridge Regression,-2.00821940080217,-5648001307560156.0,4
Bayesian Ridge Regression,-2.1372208240925845,-5648001307560156.0,4
Bayesian Ridge Regression,-1.86662075613132,-5648001307554227.0,4
Bayesian Ridge Regression,-2.9206284299141125,-5648001307560156.0,4
Bayesian Ridge Regression,-2.2151887800651093,-5648001307560082.0,4
Bayesian Ridge Regression,-1.421235229471209,-5598231182093034.0,4
Bayesian Ridge Regression,-2.034185120528877,-5648001307560156.0,4
Bayesian Ridge Regression,-2.560133846538238,-5648001307560152.0,4
Bayesian Ridge Regression,-1.9945993491296803,-5648001307560156.0,4
Bayesian Ridge Regression,-2.806163575333855,-5648001307560156.0,4
Bayesian Ridge Regression,-2.647947017470284,-5648001305797884.0,4
Bayesian Ridge Regression,-3.9453409907865007,-5648001307560156.0,4
Bayesian Ridge Regression,-3.392655441034186,-5648001307560156.0,4
Bayesian Ridge Regression,-3.7938003909509543,-5648001307560156.0,4
Bayesian Ridge Regression,-1.167232267440179,-5648001307248713.0,4
Bayesian Ridge Regression,-2.672496188704653,-5648001307560156.0,4
Bayesian Ridge Regression,-2.0893959764848726,-5648001307560156.0,4
Bayesian Ridge Regression,-1.3310146489007124,-5648001307560156.0,4
Bayesian Ridge Regression,-1.366206440166372,-5648001307560148.0,4
Bayesian Ridge Regression,-1.453797527240351,-5648001307500583.0,4
Bayesian Ridge Regression,-1.4609239012072235,-5648001307514657.0,4
Bayesian Ridge Regression,-2.8947429719805546,-5648001307560156.0,4
Bayesian Ridge Regression,-2.2689882869552584,-5648001307560156.0,4
Bayesian Ridge Regression,-1.4180277802789096,-5648001307558180.0,4
Bayesian Ridge Regression,-1.302742708063045,-5648001307557264.0,4
Bayesian Ridge Regression,-1.2189474946453842,-5648001307560155.0,4
Bayesian Ridge Regression,-0.9642747859315978,-5648001307554415.0,4
Bayesian Ridge Regression,-2.062592350526869,-5648001307560156.0,4
Bayesian Ridge Regression,-1.1301967317733737,-5617582311833908.0,4
Bayesian Ridge Regression,-1.8626742516440307,-5648001307560156.0,4
Bayesian Ridge Regression,-1.2640972244503184,-5648001307560156.0,4
Bayesian Ridge Regression,-2.119103556806872,-5648001307560001.0,4
Bayesian Ridge Regression,-1.351662241081682,-5648001307559127.0,4
Bayesian Ridge Regression,-1.0624918421054752,-5648001307559101.0,4
Bayesian Ridge Regression,-2.329956957829961,-5648001307560144.0,4
Bayesian Ridge Regression,-1.1177693107076099,-5648001307560070.0,4
Bayesian Ridge Regression,-1.3448674070651871,-5648001307557086.0,4
Bayesian Ridge Regression,-2.2176402640700728,-5648001307558980.0,4
Bayesian Ridge Regression,-2.653759917660552,-5648001307560156.0,4
Bayesian Ridge Regression,-2.5884932589587586,-5648001307560156.0,4
Bayesian Ridge Regression,-3.3707035768809224,-5648001307560156.0,4
Bayesian Ridge Regression,-2.17663866294089,-5648001307560047.0,4
Bayesian Ridge Regression,-2.568749167088006,-5648001307560154.0,4
Bayesian Ridge Regression,-2.7292012545882884,-5648001307560150.0,4
Bayesian Ridge Regression,-1.7448404020099417,-5648001307560156.0,4
Bayesian Ridge Regression,-2.0916278587378,-5648001307560156.0,4
Bayesian Ridge Regression,-1.9715416460145745,6.285153237385005e+17,4
Bayesian Ridge Regression,-1.785391290725075,-5648001227145744.0,4
Bayesian Ridge Regression,-2.3758693662733776,-5648001307168305.0,4
Bayesian Ridge Regression,-1.2111861770342556,-5647994590166344.0,4
Bayesian Ridge Regression,-3.233202110369878,-5648001307560156.0,4
Bayesian Ridge Regression,-4.034834060338741,-5648001307560156.0,4
Bayesian Ridge Regression,-2.345229430009625,-5648001307422836.0,4
Bayesian Ridge Regression,-3.233202110369878,-5648001307560156.0,4
Bayesian Ridge Regression,-2.300301079838426,-5648001307560156.0,4
Bayesian Ridge Regression,-3.290189204280069,-5648001307560156.0,4
Bayesian Ridge Regression,-3.4116117497612004,-5648001307560156.0,4
Bayesian Ridge Regression,-1.0471006958966393,-5648001307560146.0,4
Bayesian Ridge Regression,-1.928979817650206,-5648001307560156.0,4
Bayesian Ridge Regression,-2.0118859545996086,-5648001307523643.0,4
Bayesian Ridge Regression,-2.7766733448672327,-5648001307560155.0,4
Bayesian Ridge Regression,-2.4520022992105748,-5648001307560156.0,4
Bayesian Ridge Regression,-4.059833781301273,-5648001307560156.0,4
Bayesian Ridge Regression,-3.3309007861959947,-5648001307560156.0,4
Bayesian Ridge Regression,-1.7581838126622393,-5648001307560136.0,4
Bayesian Ridge Regression,-2.695416849848479,-5648001307560152.0,4
Bayesian Ridge Regression,-3.844232919056576,-5648001307560156.0,4
Bayesian Ridge Regression,-1.4566894173821427,-5648001307539904.0,4
Bayesian Ridge Regression,-1.6895586727819518,-5648001307560156.0,4
Bayesian Ridge Regression,-2.22015815118179,-5648001307560156.0,4
Bayesian Ridge Regression,-1.8057322630823986,-5648001307560156.0,4
Bayesian Ridge Regression,-1.717711472714874,-5648001307560004.0,4
Bayesian Ridge Regression,-3.184747097908846,-5648001307560156.0,4
Bayesian Ridge Regression,-1.6159918285387698,-5648001307559452.0,4
Bayesian Ridge Regression,-1.8074474879886533,-5648001307560156.0,4
Bayesian Ridge Regression,-3.184747097908846,-5648001307560156.0,4
Bayesian Ridge Regression,-1.47951268111869,-5648001307560156.0,4
Bayesian Ridge Regression,-1.5281785967617054,1.1732312545416162e+17,4
Bayesian Ridge Regression,-2.8559441417598115,-5648001307560156.0,4
Bayesian Ridge Regression,-1.6189896501583372,-5648001307560156.0,4
Bayesian Ridge Regression,-3.0397590359811644,-5648001307560156.0,4
Bayesian Ridge Regression,-2.1639051839291805,-5648001307560149.0,4
Bayesian Ridge Regression,-2.850003549488979,-5648001307560156.0,4
Bayesian Ridge Regression,-1.740666799910411,-5648001307560155.0,4
Bayesian Ridge Regression,-1.951987303305516,-5648001307553140.0,4
Bayesian Ridge Regression,-1.2800471306587051,-5648001307560151.0,4
Bayesian Ridge Regression,-1.4562179644760493,-5648001307559921.0,4
Bayesian Ridge Regression,-2.0008832971741093,-5648001307560108.0,4
Bayesian Ridge Regression,-1.6183307304435026,-5648001307558845.0,4
Bayesian Ridge Regression,-2.4881639462888585,-5648001307560156.0,4
Bayesian Ridge Regression,-3.360662949678316,-5648001307560156.0,4
Bayesian Ridge Regression,-2.152965298392503,-5648001307560152.0,4
Bayesian Ridge Regression,-2.0703010191144675,-5648001307560156.0,4
Bayesian Ridge Regression,-1.8486158063184404,-5648001307560156.0,4
Bayesian Ridge Regression,-1.5736750209710204,-5648001307560147.0,4
Bayesian Ridge Regression,-1.34349300583641,-5648001307560156.0,4
Bayesian Ridge Regression,0.3580642293861346,-5648001307560155.0,4
Bayesian Ridge Regression,-0.9486409221793155,-5648001307560156.0,4
Bayesian Ridge Regression,0.10764671163334447,-5648000067060763.0,4
Bayesian Ridge Regression,-0.202317609683526,-5648001307560156.0,4
Bayesian Ridge Regression,-0.004427072779599359,-5648001307560156.0,4
Bayesian Ridge Regression,-0.8579133376664105,-5648001307560156.0,4
Bayesian Ridge Regression,0.3323074801803344,-5648001307560128.0,4
Bayesian Ridge Regression,-0.9893876757536758,-5648001307560156.0,4
Bayesian Ridge Regression,-1.9219867657940077,-5648001307560156.0,4
Bayesian Ridge Regression,-1.7473311829109102,-5648001307560156.0,4
Bayesian Ridge Regression,-2.642143447351316,-5648001307560156.0,4
Bayesian Ridge Regression,-1.315440666986884,-5648001307560063.0,4
Bayesian Ridge Regression,-1.816712585545078,-5648001307560156.0,4
Bayesian Ridge Regression,-3.4519129118061063,-5648001307560156.0,4
Bayesian Ridge Regression,-1.1078591195735359,-5648001307557697.0,4
Bayesian Ridge Regression,-2.3872497229566574,-5648001307560156.0,4
Bayesian Ridge Regression,-1.1998361610596366,-5648001307560156.0,4
Bayesian Ridge Regression,-1.3198484161479276,-5648001307560156.0,4
Bayesian Ridge Regression,-0.952771189748095,-5648001307560154.0,4
Bayesian Ridge Regression,-1.4583509625515516,-5648001307560155.0,4
Bayesian Ridge Regression,-0.7266296487986936,-5647999757149907.0,4
Bayesian Ridge Regression,-0.5052921847488494,-5648001307560156.0,4
Bayesian Ridge Regression,-1.042642722079717,-5648001307560156.0,4
Bayesian Ridge Regression,-1.466507781947675,-5648001307560156.0,4
Bayesian Ridge Regression,-1.7998312883961207,-5648001307560154.0,4
Bayesian Ridge Regression,-1.450536715424269,-5648001307560156.0,4
Bayesian Ridge Regression,-1.0748372190236377,-5648001307559274.0,4
Bayesian Ridge Regression,-1.2028902052841348,-5642664355642944.0,4
Bayesian Ridge Regression,-0.9402445883836209,-5648001307556191.0,4
Bayesian Ridge Regression,-1.4806961523875994,-5648001307560129.0,4
Bayesian Ridge Regression,-1.0026227122886122,-5648001277420605.0,4
Bayesian Ridge Regression,-1.031601943299423,-5648000728756105.0,4
Bayesian Ridge Regression,-1.3068936298450675,-5648001205117959.0,4
Bayesian Ridge Regression,-1.475460019768368,-5648001307560155.0,4
Bayesian Ridge Regression,-1.9812071611751474,-5648001307555581.0,4
Bayesian Ridge Regression,-2.703826191329584,8.6970263971552e+16,5
Bayesian Ridge Regression,-2.064990291304019,-4794315741659232.0,5
Bayesian Ridge Regression,-1.8035334240706482,-4794315741660981.0,5
Bayesian Ridge Regression,-1.169002914533462,-4794315741661559.0,5
Bayesian Ridge Regression,-2.3969317709673565,-4794315734531371.0,5
Bayesian Ridge Regression,-2.2593946471787434,-4794315741661037.0,5
Bayesian Ridge Regression,-1.3240188516817268,-4794315741661559.0,5
Bayesian Ridge Regression,-1.520097156387571,-4794315741661559.0,5
Bayesian Ridge Regression,-0.32212322804184973,-4794315741661559.0,5
Bayesian Ridge Regression,-0.9452141888163385,-4794315741661559.0,5
Bayesian Ridge Regression,-1.6390957814475864,-4794315741661559.0,5
Bayesian Ridge Regression,-1.103883331173482,-4794315741661559.0,5
Bayesian Ridge Regression,-1.2247774230710238,-4794315741661559.0,5
Bayesian Ridge Regression,-0.22901321309844905,-4794315741661559.0,5
Bayesian Ridge Regression,-1.6021765542362365,-4794315741661559.0,5
Bayesian Ridge Regression,-2.885418369996712,-4794315741661559.0,5
Bayesian Ridge Regression,-1.1938637358837367,-4794315741648446.0,5
Bayesian Ridge Regression,-1.833927238128002,-4794315741661558.0,5
Bayesian Ridge Regression,-1.4985127097581414,-4794315554277411.0,5
Bayesian Ridge Regression,-1.4610955316441951,-4794315741641399.0,5
Bayesian Ridge Regression,-1.1131158581897997,-4794315741661559.0,5
Bayesian Ridge Regression,-1.9996117840097518,-4794315741661558.0,5
Bayesian Ridge Regression,-0.9172087828988489,-4794315741661548.0,5
Bayesian Ridge Regression,-1.8229892712376083,-4794315741661559.0,5
Bayesian Ridge Regression,-1.4201920378605053,-4794315741660730.0,5
Bayesian Ridge Regression,-0.9582190949069228,-4794315738505719.0,5
Bayesian Ridge Regression,-1.8960550708053778,3.2467631845167546e+17,5
Bayesian Ridge Regression,-2.3531252756425936,-4794315741661557.0,5
Bayesian Ridge Regression,-1.8194641482091292,-4794315741661245.0,5
Bayesian Ridge Regression,-2.0569241023003397,-4794315741661559.0,5
Bayesian Ridge Regression,-2.5901613502180045,-4794315741661559.0,5
Bayesian Ridge Regression,-2.198253243671017,-4794315741661262.0,5
Bayesian Ridge Regression,-3.0391954244610955,-4794315741661559.0,5
Bayesian Ridge Regression,-1.4349038067728495,-4794315741661559.0,5
Bayesian Ridge Regression,-3.876468483448327,-4794315741661559.0,5
Bayesian Ridge Regression,-2.1155432005946873,-4794315741661421.0,5
Bayesian Ridge Regression,-1.694125814017541,-4794315741661559.0,5
Bayesian Ridge Regression,-0.6389033445220246,-4794315741661532.0,5
Bayesian Ridge Regression,-0.40674416735366103,-4794315741661559.0,5
Bayesian Ridge Regression,-0.3696586894071177,-4794315741587326.0,5
Bayesian Ridge Regression,-1.5018248431082857,-4794315741661559.0,5
Bayesian Ridge Regression,-0.5732799306060785,-4794315741661502.0,5
Bayesian Ridge Regression,-0.5196118275771817,-4794315741661559.0,5
Bayesian Ridge Regression,-0.08363954432116573,-4794315741661554.0,5
Bayesian Ridge Regression,-0.3417701012907816,-4794315741661398.0,5
Bayesian Ridge Regression,-0.27744790362250854,-4794315741656412.0,5
Bayesian Ridge Regression,-2.7785748071197123,-4794315741661559.0,5
Bayesian Ridge Regression,-3.0775844181294625,-4794315741661559.0,5
Bayesian Ridge Regression,-1.8094490244732577,-4794315741661558.0,5
Bayesian Ridge Regression,-1.1005815755977664,-4794315741661532.0,5
Bayesian Ridge Regression,-2.0174042079019414,-4794315741661559.0,5
Bayesian Ridge Regression,-2.2017306515457955,-4794315741658974.0,5
Bayesian Ridge Regression,-3.4785088685395653,-4794315741661559.0,5
Bayesian Ridge Regression,-3.447382880362,-4794315741661559.0,5
Bayesian Ridge Regression,-2.2415951055389973,-4791880905507990.0,5
Bayesian Ridge Regression,-2.5090165872531767,-4794315741661559.0,5
Bayesian Ridge Regression,-2.7237372356215404,-4794315741661559.0,5
Bayesian Ridge Regression,-1.1468871297310963,-4794315741661559.0,5
Bayesian Ridge Regression,-1.624154843179839,-4794315741661559.0,5
Bayesian Ridge Regression,-3.9019276346378216,-4794315741661559.0,5
Bayesian Ridge Regression,-2.7233828886420643,-4794315741661559.0,5
Bayesian Ridge Regression,-2.186006727498246,-4794315741661559.0,5
Bayesian Ridge Regression,-2.7103007043055714,-4794315741661559.0,5
Bayesian Ridge Regression,-2.635616939296958,-4794315741661559.0,5
Bayesian Ridge Regression,-1.4616237416558537,1.32488597422032e+19,5
Bayesian Ridge Regression,-1.8026465968079968,-4794315741661559.0,5
Bayesian Ridge Regression,-1.1202858432048246,-4794315741661440.0,5
Bayesian Ridge Regression,-1.6217142305536996,-4794315741661559.0,5
Bayesian Ridge Regression,-1.2886807788238237,-4794315741661559.0,5
Bayesian Ridge Regression,-1.4100025284401918,-4794315741661470.0,5
Bayesian Ridge Regression,-2.01828162271433,-4794315741661554.0,5
Bayesian Ridge Regression,-2.4555313487080666,-4794315741661559.0,5
Bayesian Ridge Regression,-2.487130374543647,-4794315741661559.0,5
Bayesian Ridge Regression,-3.3114386993585976,-4794315741661559.0,5
Bayesian Ridge Regression,-3.221262124613128,-4794315741661558.0,5
Bayesian Ridge Regression,-2.5342163548062593,-4794315741661559.0,5
Bayesian Ridge Regression,-3.4401053391639986,-4794315741661559.0,5
Bayesian Ridge Regression,-3.384203503318252,-4794315741661559.0,5
Bayesian Ridge Regression,-3.1353471437504044,-4794315741661559.0,5
Bayesian Ridge Regression,-2.663203768289533,-4794315741661558.0,5
Bayesian Ridge Regression,-3.6472310978345055,-4794315741661559.0,5
Bayesian Ridge Regression,-1.7568408124580226,-4794315741661303.0,5
Bayesian Ridge Regression,-1.1630496225248408,-4794315707293371.0,5
Bayesian Ridge Regression,-2.2317936703338876,-4794315741661559.0,5
Bayesian Ridge Regression,-3.135663383730844,-4794315741661535.0,5
Bayesian Ridge Regression,-1.1808764741089726,-4794315741630657.0,5
Bayesian Ridge Regression,-3.4161712191583424,-4794315741661559.0,5
Bayesian Ridge Regression,-2.236090057320799,-4794315741660985.0,5
Bayesian Ridge Regression,-2.988535711454289,-4794315741661558.0,5
Bayesian Ridge Regression,-3.688222835963096,-4794315741661559.0,5
Bayesian Ridge Regression,-1.5650446341096866,-4794315684499616.0,5
Bayesian Ridge Regression,-2.0364325385907973,-4794315741096699.0,5
Bayesian Ridge Regression,-3.339134521996131,-4794315741661559.0,5
Bayesian Ridge Regression,-4.043611115346274,-4794315741661559.0,5
Bayesian Ridge Regression,-2.7669040895368373,-4794315741661556.0,5
Bayesian Ridge Regression,-2.082759927050954,-4794315741661535.0,5
Bayesian Ridge Regression,-2.4462457037304657,-4794315741661559.0,5
Bayesian Ridge Regression,-2.258697330779929,-4794315741661559.0,5
Bayesian Ridge Regression,-2.618445069067542,-4794315741661557.0,5
Bayesian Ridge Regression,-1.6846961468463335,-4794315741661507.0,5
Bayesian Ridge Regression,-2.2625101343415968,-4794315741661559.0,5
Bayesian Ridge Regression,-2.0615953180564492,-4794315741661559.0,5
Bayesian Ridge Regression,-1.7340876483093817,-4794315741661266.0,5
Bayesian Ridge Regression,-4.026482380351305,-4794315741661559.0,5
Bayesian Ridge Regression,-3.3980931244651527,-4794315741661559.0,5
Bayesian Ridge Regression,-1.0474177734305667,-4794315741636936.0,5
Bayesian Ridge Regression,-1.6384460109776287,-4794315741661547.0,5
Bayesian Ridge Regression,-1.006612713059657,-4794315735906130.0,5
Bayesian Ridge Regression,-1.9705460914481276,-4794315741104185.0,5
Bayesian Ridge Regression,-2.1142795046940637,-4794315741661559.0,5
Bayesian Ridge Regression,-1.2834663142150111,-4794315741661469.0,5
Bayesian Ridge Regression,-2.9206523063014074,-4794315741661559.0,5
Bayesian Ridge Regression,-1.9429726110972225,-4794315741661559.0,5
Bayesian Ridge Regression,-3.4629936067206395,-4794315741661559.0,5
Bayesian Ridge Regression,-1.2185345221225936,-4794315741419569.0,5
Bayesian Ridge Regression,-1.98115226552214,-4794315741661559.0,5
Bayesian Ridge Regression,-1.790442094293253,-4794315741661559.0,5
Bayesian Ridge Regression,-2.5142250705986213,-4794315741661559.0,5
Bayesian Ridge Regression,-2.4368442826786825,-4794315741661530.0,5
Bayesian Ridge Regression,-1.9011407722544549,-4794315741661559.0,5
Bayesian Ridge Regression,-1.7625310634593319,-4794315741661551.0,5
Bayesian Ridge Regression,-1.4257747559860434,-4794315741661075.0,5
Bayesian Ridge Regression,-1.9745795534681516,-4794315741661343.0,5
Bayesian Ridge Regression,-2.809138225804324,-4794315741661559.0,5
Bayesian Ridge Regression,-1.737359048801603,-4794315741661559.0,5
Bayesian Ridge Regression,-2.1469087646472067,-4794315741661558.0,5
Bayesian Ridge Regression,-1.1521693207507044,-4794315741660787.0,5
Bayesian Ridge Regression,-3.054246410327101,-4794315741661559.0,5
Bayesian Ridge Regression,-4.219679806977318,-4794315741661559.0,5
Bayesian Ridge Regression,-2.8108233787082515,-4794315741661559.0,5
Bayesian Ridge Regression,-3.352587686654944,-4794315741661558.0,5
Bayesian Ridge Regression,-3.030623697854625,-4794315741661558.0,5
Bayesian Ridge Regression,-1.386590637896301,-4794301964025337.0,5
Bayesian Ridge Regression,-2.8641555620169683,-4794315741661559.0,5
Bayesian Ridge Regression,-1.6958725916338202,-4794315741661516.0,5
Bayesian Ridge Regression,-3.7692522846397316,-4794315741661553.0,5
Bayesian Ridge Regression,-3.437187483030755,-4794315741661559.0,5
Bayesian Ridge Regression,-1.7139014654061842,-4794315741660338.0,5
Bayesian Ridge Regression,-1.6292558354409146,-4794315738150978.0,5
Bayesian Ridge Regression,-1.5110863339963716,-4794315741661559.0,5
Bayesian Ridge Regression,-2.177111289133642,-4794315741661559.0,5
Bayesian Ridge Regression,-2.4951902617888977,-4794315741661556.0,5
Bayesian Ridge Regression,-1.881362165893176,-4794315741661224.0,5
Bayesian Ridge Regression,-3.6688623296866587,-4794315741661559.0,5
Bayesian Ridge Regression,-1.4436245197644126,-4794315741661268.0,5
Bayesian Ridge Regression,-1.2503305415619155,-4794315723734302.0,5
Bayesian Ridge Regression,-3.6688623296866587,-4794315741661559.0,5
Bayesian Ridge Regression,-1.8347593251696876,-4794315741661557.0,5
Bayesian Ridge Regression,-3.5624063821538914,-4794315741661559.0,5
Bayesian Ridge Regression,-1.4001202888111866,-4794315741661558.0,5
Bayesian Ridge Regression,-1.763658215013675,-4794315741661559.0,5
Bayesian Ridge Regression,-0.7420831923821466,-4794315741661558.0,5
Bayesian Ridge Regression,-1.2297848289673887,-4794315741661553.0,5
Bayesian Ridge Regression,-1.318606216338379,-4794315741659408.0,5
Bayesian Ridge Regression,-1.270721247267063,-4794315741661483.0,5
Bayesian Ridge Regression,-2.174390400742264,-4794315741661559.0,5
Bayesian Ridge Regression,-1.0225594503600544,-4794315741661559.0,5
Bayesian Ridge Regression,-1.8019484611556353,-4794315741661559.0,5
Bayesian Ridge Regression,-1.3284164293502903,-4794315741661496.0,5
Bayesian Ridge Regression,-2.1834863402339466,-4794315741661559.0,5
Bayesian Ridge Regression,-3.312493333735544,-4794315741661559.0,5
Bayesian Ridge Regression,-1.8035282856682657,-4794315741661557.0,5
Bayesian Ridge Regression,-1.215596170273078,-4794315741588396.0,5
Bayesian Ridge Regression,-3.119103556806872,-4794315741661559.0,5
Bayesian Ridge Regression,-3.2740051086991615,-4794315741661559.0,5
Bayesian Ridge Regression,-2.0598606483703086,-4794315741661559.0,5
Bayesian Ridge Regression,-1.917076538816309,-4794315741661559.0,5
Bayesian Ridge Regression,-1.394827676426251,-4794315741661531.0,5
Bayesian Ridge Regression,-1.709300425196423,-4794315741603809.0,5
Bayesian Ridge Regression,-1.525605260081181,-4794315528834750.0,5
Bayesian Ridge Regression,-3.8997432135729384,-4794315741661559.0,5
Bayesian Ridge Regression,-1.7550940407409845,-4794315698391164.0,5
Bayesian Ridge Regression,-2.258173837778395,-4794315741659735.0,5
Bayesian Ridge Regression,-1.5811083204741387,-4794315741661524.0,5
Bayesian Ridge Regression,-4.034798298974088,-4794315741661559.0,5
Bayesian Ridge Regression,-2.8398575372186334,-4794315741661556.0,5
Bayesian Ridge Regression,-2.5444075781780136,-4794315741661557.0,5
Bayesian Ridge Regression,-2.2405786779424,-4794315741661559.0,5
Bayesian Ridge Regression,-2.2313771400186773,-4794315741661548.0,5
Bayesian Ridge Regression,-2.1317533670782356,2081062854068241.0,5
Bayesian Ridge Regression,-2.8201877676993385,-4794315741661472.0,5
Bayesian Ridge Regression,-2.1622159208236154,-4794315741661559.0,5
Bayesian Ridge Regression,-3.4116117497612004,-4794315741661559.0,5
Bayesian Ridge Regression,-1.5226715493865826,-4794315741660970.0,5
Bayesian Ridge Regression,-1.593236649552128,-4794315741660011.0,5
Bayesian Ridge Regression,-2.025135764586199,-4794315741661552.0,5
Bayesian Ridge Regression,-1.753896033344213,-4794315741661559.0,5
Bayesian Ridge Regression,-1.7139992395270756,-4794315741661553.0,5
Bayesian Ridge Regression,-2.2270013364351495,-4794315741661559.0,5
Bayesian Ridge Regression,-2.5783960731301687,-4794315741661559.0,5
Bayesian Ridge Regression,-1.5572116152486462,1.7266985635080688e+17,5
Bayesian Ridge Regression,-1.6613977234664838,-4794315741652877.0,5
Bayesian Ridge Regression,-3.5527489155241385,-4794315741661559.0,5
Bayesian Ridge Regression,-4.059833781301273,-4794315741661559.0,5
Bayesian Ridge Regression,-2.0742842332450646,-4794315741661559.0,5
Bayesian Ridge Regression,-1.9412408278950934,-4794315741661559.0,5
Bayesian Ridge Regression,-0.6894774956008592,-4794315741658883.0,5
Bayesian Ridge Regression,-1.1149880354485275,-4794315741661559.0,5
Bayesian Ridge Regression,-0.7856945313640958,-4794315741491013.0,5
Bayesian Ridge Regression,-3.064232839852069,-4794315741661559.0,5
Bayesian Ridge Regression,-1.5350740375460707,-4794315741636413.0,5
Bayesian Ridge Regression,-1.6374387034297335,-4794315741661558.0,5
Bayesian Ridge Regression,-1.309961996475505,-4794315741661541.0,5
Bayesian Ridge Regression,-2.314076075024747,-4794315741661559.0,5
Bayesian Ridge Regression,-2.3822676402388554,-4794315741658637.0,5
Bayesian Ridge Regression,-1.405215799824956,-4794315741661545.0,5
Bayesian Ridge Regression,-3.05329283374744,-4794315741661559.0,5
Bayesian Ridge Regression,-1.514016684929528,-4794315741657878.0,5
Bayesian Ridge Regression,-3.3010769020010144,-4794315741661559.0,5
Bayesian Ridge Regression,-3.3625502994733605,-4794315741661559.0,5
Bayesian Ridge Regression,-1.1895507451644802,-4794315741460445.0,5
Bayesian Ridge Regression,0.013270809352243309,-4794315741661556.0,5
Bayesian Ridge Regression,-0.40966424145785746,-4794315741661559.0,5
Bayesian Ridge Regression,-0.31923658554998896,-4794315741661559.0,5
Bayesian Ridge Regression,-0.8579133376664105,-4794315741661559.0,5
Bayesian Ridge Regression,-0.39778171004309776,-4794315741661559.0,5
Bayesian Ridge Regression,0.11059120541434526,-4794315741568264.0,5
Bayesian Ridge Regression,0.011790398005349874,-4794315741661558.0,5
Bayesian Ridge Regression,-3.6464665167152384,-4794315741661559.0,5
Bayesian Ridge Regression,-1.181419364072578,-4794315741637876.0,5
Bayesian Ridge Regression,-1.7655110123526006,-4794315741661325.0,5
Bayesian Ridge Regression,-2.1512701073865577,-4794315741645737.0,5
Bayesian Ridge Regression,-1.5671957242975716,-4794315741661559.0,5
Bayesian Ridge Regression,-1.6163219968838958,-4794315741650982.0,5
Bayesian Ridge Regression,-3.915670428497184,-4794315741661559.0,5
Bayesian Ridge Regression,-3.915670428497184,-4794315741661559.0,5
Bayesian Ridge Regression,-2.2038635814094025,-4794315741657678.0,5
Bayesian Ridge Regression,-1.621304790891127,-4794315741661400.0,5
Bayesian Ridge Regression,-1.5073537295089607,-4794315741661439.0,5
Bayesian Ridge Regression,-2.5479760718766045,-4794315741661559.0,5
Bayesian Ridge Regression,-2.3812985463366814,-4794315741661559.0,5
Bayesian Ridge Regression,-1.1814755688597112,-4794315741575603.0,5
Bayesian Ridge Regression,-2.103347370511212,-4794315741661428.0,5
Bayesian Ridge Regression,-1.7300615156440644,-4794315741658523.0,5
Bayesian Ridge Regression,-2.176623074126691,-4794315741661556.0,5
Bayesian Ridge Regression,-1.4753372030036505,-4794315741661559.0,5
Bayesian Ridge Regression,-1.5323301209746991,-4794315741661559.0,5
Bayesian Ridge Regression,-1.111999901692932,-4794315741661559.0,5
Bayesian Ridge Regression,-1.3198484161479276,-4794315741661559.0,5
Bayesian Ridge Regression,-1.540907293954747,-4794315741661559.0,5
Bayesian Ridge Regression,-1.3198484161479276,-4794315741661559.0,5
Bayesian Ridge Regression,-0.8769725367904692,-4794315741661559.0,5
Bayesian Ridge Regression,-1.5398588190217488,-4794315741661559.0,5
Bayesian Ridge Regression,-0.8609839615611586,-4794315741661508.0,5
Bayesian Ridge Regression,-0.8837798009584171,-4794315741661082.0,5
Bayesian Ridge Regression,-1.8459806844208395,-4794315741661559.0,5
Bayesian Ridge Regression,-1.0181181552809078,-4794315741661554.0,5
Bayesian Ridge Regression,-0.9172146296835499,-4470603640890466.0,5
Bayesian Ridge Regression,-0.428471724353625,-4794315741659939.0,5
Bayesian Ridge Regression,-3.1791288900792822,-4794315741661559.0,5
Bayesian Ridge Regression,-0.6591799251191045,-4794315741426552.0,5
Bayesian Ridge Regression,-0.9800565288767592,-4794315741628539.0,5
Bayesian Ridge Regression,-2.385444450882969,-4794315741661559.0,5
Bayesian Ridge Regression,-1.048516497297764,-4794315741661550.0,5
Bayesian Ridge Regression,-3.121373090381552,-4794315741661559.0,5
Bayesian Ridge Regression,-2.192341601117107,-4794315741661559.0,5
Bayesian Ridge Regression,-1.3147618244158232,-4794315741661558.0,5
Bayesian Ridge Regression,-1.2413209034031176,3.3135683757669114e+17,5
Bayesian Ridge Regression,-1.4154063781902113,-4794315741661557.0,5
