model,experiment,prediction,split #
Extreme Gradient Boosting,-1.7636611133035243,-2.3034732341766357,1
Extreme Gradient Boosting,-3.431262194557772,-3.009274482727051,1
Extreme Gradient Boosting,-2.642729293000293,-2.286508798599243,1
Extreme Gradient Boosting,-2.218903098366632,-2.241575002670288,1
Extreme Gradient Boosting,-2.403452823620798,-2.215759754180908,1
Extreme Gradient Boosting,-1.9492654506102318,-2.2282066345214844,1
Extreme Gradient Boosting,-2.858166273095228,-2.252288818359375,1
Extreme Gradient Boosting,-3.3692782873859213,-3.044811964035034,1
Extreme Gradient Boosting,-1.2059345608151744,-1.5677703619003296,1
Extreme Gradient Boosting,-1.374139089297611,-1.199813723564148,1
Extreme Gradient Boosting,-1.7566657394319904,-1.5841901302337646,1
Extreme Gradient Boosting,-1.2391607486734533,-1.2470273971557617,1
Extreme Gradient Boosting,-1.820599175381769,-1.3125852346420288,1
Extreme Gradient Boosting,-1.2247774230710238,-1.554246425628662,1
Extreme Gradient Boosting,-1.6021765542362365,-1.8958370685577393,1
Extreme Gradient Boosting,-1.5498899805881399,-1.5759737491607666,1
Extreme Gradient Boosting,-3.4108437941069076,-3.1285452842712402,1
Extreme Gradient Boosting,-1.833927238128002,-1.8266594409942627,1
Extreme Gradient Boosting,-3.2180472636163895,-3.202854633331299,1
Extreme Gradient Boosting,-1.1131158581897997,-1.182784914970398,1
Extreme Gradient Boosting,-1.4187942485435616,-1.2355962991714478,1
Extreme Gradient Boosting,-1.9996117840097518,-1.5378105640411377,1
Extreme Gradient Boosting,-1.3897810295006061,-1.7396018505096436,1
Extreme Gradient Boosting,-3.8326531224143645,-3.4754064083099365,1
Extreme Gradient Boosting,-3.694349887124185,-3.8562591075897217,1
Extreme Gradient Boosting,-2.7929079641438137,-3.3096137046813965,1
Extreme Gradient Boosting,-1.8194641482091292,-1.6565221548080444,1
Extreme Gradient Boosting,-3.2834449518405893,-3.31199049949646,1
Extreme Gradient Boosting,-1.1061070209631036,-1.111222505569458,1
Extreme Gradient Boosting,-2.5901613502180045,-2.325636386871338,1
Extreme Gradient Boosting,-3.0391954244610955,-2.634938955307007,1
Extreme Gradient Boosting,-3.876468483448327,-3.811701536178589,1
Extreme Gradient Boosting,-0.16542042319834802,-0.36254122853279114,1
Extreme Gradient Boosting,-1.5018248431082857,-1.4659820795059204,1
Extreme Gradient Boosting,-0.5987130334578719,-0.6282203793525696,1
Extreme Gradient Boosting,-0.14570591755806434,-1.51632559299469,1
Extreme Gradient Boosting,-0.6945493884044287,-0.94718337059021,1
Extreme Gradient Boosting,-0.08363954432116573,-1.142845869064331,1
Extreme Gradient Boosting,-0.27744790362250854,-0.4863385260105133,1
Extreme Gradient Boosting,-2.9107287853445634,-2.1916890144348145,1
Extreme Gradient Boosting,-3.2691119889214533,-2.6886045932769775,1
Extreme Gradient Boosting,-1.9304209166838449,-2.1277904510498047,1
Extreme Gradient Boosting,-2.465962973225779,-2.1802613735198975,1
Extreme Gradient Boosting,-1.5397653155309607,-2.0545270442962646,1
Extreme Gradient Boosting,-2.8170555006405635,-2.5664196014404297,1
Extreme Gradient Boosting,-2.209721593275448,-2.0479061603546143,1
Extreme Gradient Boosting,-2.8170555006405635,-2.1294500827789307,1
Extreme Gradient Boosting,-3.349843097267282,-2.3556599617004395,1
Extreme Gradient Boosting,-2.557865138098485,-2.9784045219421387,1
Extreme Gradient Boosting,-3.1668739337041876,-2.521655321121216,1
Extreme Gradient Boosting,-3.310333372786738,-2.8284294605255127,1
Extreme Gradient Boosting,-1.624154843179839,-1.8174526691436768,1
Extreme Gradient Boosting,-3.4317548486561424,-3.569211006164551,1
Extreme Gradient Boosting,-2.6788398129059168,-2.601959466934204,1
Extreme Gradient Boosting,-2.778538031513268,-1.7898075580596924,1
Extreme Gradient Boosting,-1.4326336990343642,-1.6989775896072388,1
Extreme Gradient Boosting,-1.800655814770182,-1.7372627258300781,1
Extreme Gradient Boosting,-2.861353792341514,-2.958427906036377,1
Extreme Gradient Boosting,-2.845233778250056,-2.6891086101531982,1
Extreme Gradient Boosting,-1.8319016673890882,-1.6986733675003052,1
Extreme Gradient Boosting,-2.6732644443606475,-2.1062796115875244,1
Extreme Gradient Boosting,-2.9864932974615632,-1.9661058187484741,1
Extreme Gradient Boosting,-1.5372443207314632,-1.921787977218628,1
Extreme Gradient Boosting,-3.434121498561107,-3.60851788520813,1
Extreme Gradient Boosting,-1.6435374468814823,-1.5398050546646118,1
Extreme Gradient Boosting,-1.3870823799964922,-1.1232153177261353,1
Extreme Gradient Boosting,-1.1202858432048246,-1.2691259384155273,1
Extreme Gradient Boosting,-1.3104931690369908,-1.5493674278259277,1
Extreme Gradient Boosting,-1.1286208649028604,-1.1528805494308472,1
Extreme Gradient Boosting,-3.302921552819786,-3.134113073348999,1
Extreme Gradient Boosting,-2.8871236492020507,-2.367114782333374,1
Extreme Gradient Boosting,-2.487130374543647,-2.672056198120117,1
Extreme Gradient Boosting,-1.2227575127427186,-1.7622020244598389,1
Extreme Gradient Boosting,-3.5222913974306227,-3.0557992458343506,1
Extreme Gradient Boosting,-2.498525274280529,-2.2978951930999756,1
Extreme Gradient Boosting,-2.457678098889193,-1.7463884353637695,1
Extreme Gradient Boosting,-1.547722797531173,-1.9145644903182983,1
Extreme Gradient Boosting,-1.1465151741161497,-1.1111853122711182,1
Extreme Gradient Boosting,-1.6698969598127007,-1.7326157093048096,1
Extreme Gradient Boosting,-2.470173263354167,-2.510488271713257,1
Extreme Gradient Boosting,-2.1210586466718686,-2.0618300437927246,1
Extreme Gradient Boosting,-1.5650446341096866,-1.3940852880477905,1
Extreme Gradient Boosting,-2.248890796910272,-1.8319032192230225,1
Extreme Gradient Boosting,-3.20266873961377,-2.2235159873962402,1
Extreme Gradient Boosting,-3.4715139529702097,-2.7171802520751953,1
Extreme Gradient Boosting,-2.999290941959355,-2.5772244930267334,1
Extreme Gradient Boosting,-3.7551664480113374,-3.4135453701019287,1
Extreme Gradient Boosting,-2.0559062448512155,-2.009782075881958,1
Extreme Gradient Boosting,-1.883787384700319,-2.581129550933838,1
Extreme Gradient Boosting,-2.258697330779929,-2.697723150253296,1
Extreme Gradient Boosting,-3.231239100298885,-3.663466691970825,1
Extreme Gradient Boosting,-2.8197963948012763,-2.713557481765747,1
Extreme Gradient Boosting,-1.6379527351562522,-1.815895915031433,1
Extreme Gradient Boosting,-1.4722472768836088,-1.7975804805755615,1
Extreme Gradient Boosting,-1.9070646816834933,-1.4607365131378174,1
Extreme Gradient Boosting,-2.0615953180564492,-2.3161392211914062,1
Extreme Gradient Boosting,-1.3752808174958797,-1.3546704053878784,1
Extreme Gradient Boosting,-2.9187956800017982,-2.4922144412994385,1
Extreme Gradient Boosting,-3.508144052188851,-3.3818039894104004,1
Extreme Gradient Boosting,-1.7340876483093817,-2.0542683601379395,1
Extreme Gradient Boosting,-1.8211763195496429,-2.3204257488250732,1
Extreme Gradient Boosting,-1.1738116279378035,-1.564814805984497,1
Extreme Gradient Boosting,-1.1134303475678107,-1.2663822174072266,1
Extreme Gradient Boosting,-1.006612713059657,-1.2007191181182861,1
Extreme Gradient Boosting,-1.5213971031085405,-1.799615740776062,1
Extreme Gradient Boosting,-1.5838670484167507,-1.1326602697372437,1
Extreme Gradient Boosting,-1.9705460914481276,-2.1769497394561768,1
Extreme Gradient Boosting,-2.1142795046940637,-2.526109457015991,1
Extreme Gradient Boosting,-1.2834663142150111,-1.9966082572937012,1
Extreme Gradient Boosting,-1.479191830676853,-1.6516753435134888,1
Extreme Gradient Boosting,-1.42943857964666,-1.6304889917373657,1
Extreme Gradient Boosting,-1.0807113206322263,-1.2961199283599854,1
Extreme Gradient Boosting,-3.4629936067206395,-3.292865514755249,1
Extreme Gradient Boosting,-1.9718622007532294,-2.0382094383239746,1
Extreme Gradient Boosting,-1.840084037547579,-2.419013738632202,1
Extreme Gradient Boosting,-1.8350242298439021,-1.642404317855835,1
Extreme Gradient Boosting,-1.790442094293253,-1.7189903259277344,1
Extreme Gradient Boosting,-1.7892523214132656,-1.5520431995391846,1
Extreme Gradient Boosting,-2.648503823177817,-2.006883144378662,1
Extreme Gradient Boosting,-2.0630158256502544,-1.7570973634719849,1
Extreme Gradient Boosting,-1.3467292946628289,-2.0587496757507324,1
Extreme Gradient Boosting,-1.4215944093236903,-1.6218171119689941,1
Extreme Gradient Boosting,-1.4330573818946528,-1.52524995803833,1
Extreme Gradient Boosting,-3.352587686654944,-2.43900728225708,1
Extreme Gradient Boosting,-3.9600428565808334,-3.3221051692962646,1
Extreme Gradient Boosting,-2.8641555620169683,-2.686751127243042,1
Extreme Gradient Boosting,-1.6958725916338202,-2.173539876937866,1
Extreme Gradient Boosting,-3.7692522846397316,-3.658651351928711,1
Extreme Gradient Boosting,-2.034185120528877,-2.4238181114196777,1
Extreme Gradient Boosting,-2.5910208366914373,-2.105961561203003,1
Extreme Gradient Boosting,-3.5378566631708024,-2.5755934715270996,1
Extreme Gradient Boosting,-2.9753058553179503,-2.935364246368408,1
Extreme Gradient Boosting,-1.7139014654061842,-1.742154598236084,1
Extreme Gradient Boosting,-3.7938003909509543,-3.1302177906036377,1
Extreme Gradient Boosting,-1.2394237537905008,-1.6636202335357666,1
Extreme Gradient Boosting,-1.3310146489007124,-1.1467676162719727,1
Extreme Gradient Boosting,-1.8793987946410835,-2.07472825050354,1
Extreme Gradient Boosting,-1.453797527240351,-1.4243857860565186,1
Extreme Gradient Boosting,-4.0490653862997,-3.744965076446533,1
Extreme Gradient Boosting,-1.1843962080688974,-1.4576776027679443,1
Extreme Gradient Boosting,-0.9642747859315978,-1.506635069847107,1
Extreme Gradient Boosting,-1.3693953613978682,-1.9147440195083618,1
Extreme Gradient Boosting,-1.5310782741493767,-1.59200918674469,1
Extreme Gradient Boosting,-1.1301967317733737,-1.0114637613296509,1
Extreme Gradient Boosting,-1.270721247267063,-1.5527948141098022,1
Extreme Gradient Boosting,-2.1834863402339466,-2.3384900093078613,1
Extreme Gradient Boosting,-1.2640972244503184,-1.9687412977218628,1
Extreme Gradient Boosting,-2.119103556806872,-1.9454671144485474,1
Extreme Gradient Boosting,-3.119103556806872,-2.630056619644165,1
Extreme Gradient Boosting,-2.0598606483703086,-2.0364649295806885,1
Extreme Gradient Boosting,-2.090032121190501,-1.6614433526992798,1
Extreme Gradient Boosting,-2.7874427365568386,-2.730269432067871,1
Extreme Gradient Boosting,-3.744840908818875,-3.7023050785064697,1
Extreme Gradient Boosting,-2.0948568608862326,-1.599700689315796,1
Extreme Gradient Boosting,-1.525605260081181,-1.6769922971725464,1
Extreme Gradient Boosting,-2.2176402640700728,-2.341254949569702,1
Extreme Gradient Boosting,-2.258173837778395,-2.7609853744506836,1
Extreme Gradient Boosting,-2.443810430479706,-2.2619264125823975,1
Extreme Gradient Boosting,-1.4467153895386817,-1.391607403755188,1
Extreme Gradient Boosting,-2.0916278587378,-1.5106006860733032,1
Extreme Gradient Boosting,-1.9715416460145745,-1.7064692974090576,1
Extreme Gradient Boosting,-1.5811083204741387,-1.9914195537567139,1
Extreme Gradient Boosting,-1.4790145740873064,-1.7750369310379028,1
Extreme Gradient Boosting,-3.3980116731740355,-2.4838266372680664,1
Extreme Gradient Boosting,-1.7709615792854492,-1.8745155334472656,1
Extreme Gradient Boosting,-2.8398575372186334,-2.1489617824554443,1
Extreme Gradient Boosting,-2.2405786779424,-2.6043388843536377,1
Extreme Gradient Boosting,-2.300301079838426,-2.4837899208068848,1
Extreme Gradient Boosting,-1.8175258287604161,-1.8005127906799316,1
Extreme Gradient Boosting,-3.290189204280069,-2.8599936962127686,1
Extreme Gradient Boosting,-1.7613667161535187,-1.8028626441955566,1
Extreme Gradient Boosting,-3.4116117497612004,-3.5010201930999756,1
Extreme Gradient Boosting,-1.3308187576670196,-1.3509032726287842,1
Extreme Gradient Boosting,-2.26736728311359,-2.7346298694610596,1
Extreme Gradient Boosting,-1.1848306140119889,-1.378808617591858,1
Extreme Gradient Boosting,-1.928979817650206,-1.7507740259170532,1
Extreme Gradient Boosting,-1.7246442506203672,-1.213950276374817,1
Extreme Gradient Boosting,-1.8762488134939106,-1.785018801689148,1
Extreme Gradient Boosting,-2.0118859545996086,-1.5778568983078003,1
Extreme Gradient Boosting,-2.7766733448672327,-2.399254560470581,1
Extreme Gradient Boosting,-3.3036200184447138,-2.6260502338409424,1
Extreme Gradient Boosting,-1.694880975742639,-1.9761277437210083,1
Extreme Gradient Boosting,-2.5783960731301687,-2.3971424102783203,1
Extreme Gradient Boosting,-3.1090516644066044,-2.5899391174316406,1
Extreme Gradient Boosting,-2.5585788782984222,-2.0260512828826904,1
Extreme Gradient Boosting,-1.4333467694862632,-1.5924556255340576,1
Extreme Gradient Boosting,-3.844232919056576,-3.150768518447876,1
Extreme Gradient Boosting,-1.4566894173821427,-1.5871704816818237,1
Extreme Gradient Boosting,-3.393048191942752,-2.489046096801758,1
Extreme Gradient Boosting,-1.586700235918748,-1.3945086002349854,1
Extreme Gradient Boosting,-1.2054304558342028,-1.230422854423523,1
Extreme Gradient Boosting,-2.9620793251113042,-2.675168037414551,1
Extreme Gradient Boosting,-2.0742842332450646,-1.8803975582122803,1
Extreme Gradient Boosting,-3.31795786632659,-3.226569175720215,1
Extreme Gradient Boosting,-1.9603652993893874,-1.9980112314224243,1
Extreme Gradient Boosting,-3.0397590359811644,-3.1659867763519287,1
Extreme Gradient Boosting,-3.7727484977747765,-3.6080148220062256,1
Extreme Gradient Boosting,-1.2862388841839494,-1.4922419786453247,1
Extreme Gradient Boosting,-1.4655690967005093,-1.9896209239959717,1
Extreme Gradient Boosting,-1.2165796349138172,-1.3906474113464355,1
Extreme Gradient Boosting,-1.6374387034297335,-1.685178518295288,1
Extreme Gradient Boosting,-1.6183307304435026,-1.8367608785629272,1
Extreme Gradient Boosting,-2.314076075024747,-2.1613337993621826,1
Extreme Gradient Boosting,-1.405215799824956,-1.4462884664535522,1
Extreme Gradient Boosting,-3.7618083196547483,-3.728113889694214,1
Extreme Gradient Boosting,-3.3010769020010144,-3.0973074436187744,1
Extreme Gradient Boosting,-2.006498035079166,-1.932869553565979,1
Extreme Gradient Boosting,-2.8165949053280404,-2.547043561935425,1
Extreme Gradient Boosting,-3.360662949678316,-2.6880276203155518,1
Extreme Gradient Boosting,-2.152965298392503,-2.4607627391815186,1
Extreme Gradient Boosting,-2.2355646390433175,-2.119157314300537,1
Extreme Gradient Boosting,-1.0460152967125962,-1.2094318866729736,1
Extreme Gradient Boosting,-1.5736750209710204,-1.7114816904067993,1
Extreme Gradient Boosting,-2.464359595395084,-2.059582471847534,1
Extreme Gradient Boosting,0.3580642293861346,0.011557353660464287,1
Extreme Gradient Boosting,0.23583851209189552,0.0339617095887661,1
Extreme Gradient Boosting,0.13858982128300762,0.050170306116342545,1
Extreme Gradient Boosting,0.2034251096067644,-0.043917927891016006,1
Extreme Gradient Boosting,-0.3118025518663407,-0.1767912209033966,1
Extreme Gradient Boosting,-2.2749377863952085,-1.6739799976348877,1
Extreme Gradient Boosting,-1.7655110123526006,-2.0088047981262207,1
Extreme Gradient Boosting,-1.4739374796247893,-1.5963540077209473,1
Extreme Gradient Boosting,-1.2407370006641907,-1.637956142425537,1
Extreme Gradient Boosting,-1.5671957242975716,-1.7302887439727783,1
Extreme Gradient Boosting,-1.098047311203653,-1.6807994842529297,1
Extreme Gradient Boosting,-2.642143447351316,-2.108128547668457,1
Extreme Gradient Boosting,-3.915670428497184,-3.836686134338379,1
Extreme Gradient Boosting,-1.621304790891127,-1.8822638988494873,1
Extreme Gradient Boosting,-2.5479760718766045,-2.1965718269348145,1
Extreme Gradient Boosting,-1.1078591195735359,-1.3045498132705688,1
Extreme Gradient Boosting,-1.6115607525200502,-1.7181702852249146,1
Extreme Gradient Boosting,-1.6695950343945678,-1.5994243621826172,1
Extreme Gradient Boosting,-1.852111989478871,-1.990491509437561,1
Extreme Gradient Boosting,-2.103347370511212,-2.1763229370117188,1
Extreme Gradient Boosting,-1.7472661616036533,-1.6030155420303345,1
Extreme Gradient Boosting,-1.5290505627346085,-1.5412044525146484,1
Extreme Gradient Boosting,-1.42625067509891,-1.543778657913208,1
Extreme Gradient Boosting,-1.5323301209746991,-1.630020022392273,1
Extreme Gradient Boosting,-1.3469740509457453,-1.3798413276672363,1
Extreme Gradient Boosting,-1.2818579528648468,-1.684934139251709,1
Extreme Gradient Boosting,-1.629049819754814,-2.0486762523651123,1
Extreme Gradient Boosting,-0.952771189748095,-1.682416558265686,1
Extreme Gradient Boosting,-1.2755333695267534,-1.0017235279083252,1
Extreme Gradient Boosting,-0.7266296487986936,-0.7461069226264954,1
Extreme Gradient Boosting,-1.8036577587890321,-2.1141111850738525,1
Extreme Gradient Boosting,-1.3551617678005954,-2.0261526107788086,1
Extreme Gradient Boosting,-0.5052921847488494,-1.8517483472824097,1
Extreme Gradient Boosting,-1.6181431713572578,-2.2914111614227295,1
Extreme Gradient Boosting,-1.042642722079717,-1.827057957649231,1
Extreme Gradient Boosting,-0.9172146296835499,-1.3277649879455566,1
Extreme Gradient Boosting,-1.025762740954669,-0.9721493721008301,1
Extreme Gradient Boosting,-3.2503548803911073,-2.9542834758758545,1
Extreme Gradient Boosting,-2.385444450882969,-1.6822893619537354,1
Extreme Gradient Boosting,-0.2468343715025799,-0.5628539323806763,1
Extreme Gradient Boosting,-3.7648251925435416,-3.644319534301758,1
Extreme Gradient Boosting,-2.192341601117107,-2.134030342102051,1
Extreme Gradient Boosting,-1.7462641625323523,-1.991613745689392,1
Extreme Gradient Boosting,-1.5167709261725162,-1.6528927087783813,1
Extreme Gradient Boosting,-1.0884067327209506,-1.2270978689193726,1
Extreme Gradient Boosting,-3.3694633107167937,-3.284742832183838,1
Extreme Gradient Boosting,-2.064990291304019,-2.108255386352539,2
Extreme Gradient Boosting,-2.3146334389286793,-2.391770362854004,2
Extreme Gradient Boosting,-1.6844526576962697,-2.041498899459839,2
Extreme Gradient Boosting,-2.158822044993741,-2.070664405822754,2
Extreme Gradient Boosting,-1.169002914533462,-1.2683017253875732,2
Extreme Gradient Boosting,-3.5076503600642033,-3.615084648132324,2
Extreme Gradient Boosting,-2.423624898245491,-2.05403470993042,2
Extreme Gradient Boosting,-2.7922905193547125,-2.692208766937256,2
Extreme Gradient Boosting,-3.6845481800874196,-3.9187533855438232,2
Extreme Gradient Boosting,-0.28950830319552845,-1.2797003984451294,2
Extreme Gradient Boosting,-1.5424726897801078,-1.6348868608474731,2
Extreme Gradient Boosting,-1.524080623031204,-1.5273618698120117,2
Extreme Gradient Boosting,-1.9196885629650766,-1.2933799028396606,2
Extreme Gradient Boosting,-0.22901321309844905,-1.4678499698638916,2
Extreme Gradient Boosting,-2.885418369996712,-1.726134181022644,2
Extreme Gradient Boosting,-1.4091232046942341,-1.48848295211792,2
Extreme Gradient Boosting,-2.123767317417046,-1.9732556343078613,2
Extreme Gradient Boosting,-2.3529321054630254,-1.8254573345184326,2
Extreme Gradient Boosting,-2.341290856803062,-3.1066763401031494,2
Extreme Gradient Boosting,-0.9582190949069228,-1.0533227920532227,2
Extreme Gradient Boosting,-2.808030042713029,-2.3619930744171143,2
Extreme Gradient Boosting,-2.2025638997362065,-2.57639741897583,2
Extreme Gradient Boosting,-2.6092962251353855,-2.4721927642822266,2
Extreme Gradient Boosting,-2.9142603715445343,-2.973356008529663,2
Extreme Gradient Boosting,-1.4349038067728495,-1.8730512857437134,2
Extreme Gradient Boosting,0.1297019665778856,-0.8656504154205322,2
Extreme Gradient Boosting,-0.6704627883686575,-0.8111602663993835,2
Extreme Gradient Boosting,-3.0110100837480736,-0.4922897517681122,2
Extreme Gradient Boosting,-0.9300930772084189,-2.565943717956543,2
Extreme Gradient Boosting,-1.1159606660259742,-1.6450031995773315,2
Extreme Gradient Boosting,-2.7785748071197123,-2.103869915008545,2
Extreme Gradient Boosting,-2.1460708341762897,-2.132117748260498,2
Extreme Gradient Boosting,-1.1731208384522849,-2.149540662765503,2
Extreme Gradient Boosting,-1.2279630916135922,-1.7254658937454224,2
Extreme Gradient Boosting,-2.1223515198479075,-1.9808628559112549,2
Extreme Gradient Boosting,-3.810574259769909,-3.5319485664367676,2
Extreme Gradient Boosting,-2.0468682910310587,-2.227872610092163,2
Extreme Gradient Boosting,-2.2415951055389973,-2.5925278663635254,2
Extreme Gradient Boosting,-2.5090165872531767,-2.03385329246521,2
Extreme Gradient Boosting,-3.20721692140729,-2.506861686706543,2
Extreme Gradient Boosting,-1.9112124620769755,-2.8632054328918457,2
Extreme Gradient Boosting,-3.20721692140729,-3.1740212440490723,2
Extreme Gradient Boosting,-2.9119908501955227,-2.9623496532440186,2
Extreme Gradient Boosting,-2.991150818979587,-3.194920539855957,2
Extreme Gradient Boosting,-3.1413617595139014,-2.8133466243743896,2
Extreme Gradient Boosting,-2.4751841978240816,-2.6402485370635986,2
Extreme Gradient Boosting,-3.366814432940472,-3.1102850437164307,2
Extreme Gradient Boosting,-3.3458359767686834,-3.5137407779693604,2
Extreme Gradient Boosting,-1.415304935020491,-2.078376531600952,2
Extreme Gradient Boosting,-1.8336101498155517,-2.175149440765381,2
Extreme Gradient Boosting,-1.0599038235929437,-1.32352876663208,2
Extreme Gradient Boosting,-2.617794503701521,-2.5322349071502686,2
Extreme Gradient Boosting,-2.048440290036772,-2.04296612739563,2
Extreme Gradient Boosting,-1.115836390766966,-1.160062313079834,2
Extreme Gradient Boosting,-3.0605406542001403,-3.2025833129882812,2
Extreme Gradient Boosting,-3.873453012328298,-3.769163131713867,2
Extreme Gradient Boosting,-1.5372443207314632,-1.2634996175765991,2
Extreme Gradient Boosting,-1.4729877775908402,-1.6180881261825562,2
Extreme Gradient Boosting,-2.2476183878149794,-1.9289681911468506,2
Extreme Gradient Boosting,-3.007286136495451,-2.802701950073242,2
Extreme Gradient Boosting,-2.3083760229550343,-2.852342128753662,2
Extreme Gradient Boosting,-2.4555313487080666,-2.333524227142334,2
Extreme Gradient Boosting,-3.1782271514224525,-2.4615089893341064,2
Extreme Gradient Boosting,-2.270552443792131,-2.62941575050354,2
Extreme Gradient Boosting,-3.4401053391639986,-3.106330394744873,2
Extreme Gradient Boosting,-3.6472310978345055,-2.249081611633301,2
Extreme Gradient Boosting,-3.6472310978345055,-3.715374231338501,2
Extreme Gradient Boosting,-1.7568408124580226,-1.3254709243774414,2
Extreme Gradient Boosting,-3.2590502255091702,-2.510007381439209,2
Extreme Gradient Boosting,-3.135663383730844,-1.911992073059082,2
Extreme Gradient Boosting,-1.9704478542261563,-2.281480550765991,2
Extreme Gradient Boosting,-1.41390601215094,-1.5476233959197998,2
Extreme Gradient Boosting,-1.706119540338668,-1.7214008569717407,2
Extreme Gradient Boosting,-2.4934863088506534,-1.9512518644332886,2
Extreme Gradient Boosting,-3.4161712191583424,-3.2923526763916016,2
Extreme Gradient Boosting,-3.848875409949318,-3.8729681968688965,2
Extreme Gradient Boosting,-3.0415646563875622,-2.8746469020843506,2
Extreme Gradient Boosting,-2.988535711454289,-2.69726824760437,2
Extreme Gradient Boosting,-2.5339607001524365,-2.300008773803711,2
Extreme Gradient Boosting,-2.2175363341456173,-2.3729782104492188,2
Extreme Gradient Boosting,-1.2376574055894478,-1.4414825439453125,2
Extreme Gradient Boosting,-2.0364325385907973,-2.4114813804626465,2
Extreme Gradient Boosting,-2.4308272469150642,-3.041349172592163,2
Extreme Gradient Boosting,-3.339134521996131,-2.539077043533325,2
Extreme Gradient Boosting,-3.688222835963096,-3.5176947116851807,2
Extreme Gradient Boosting,-1.4855749296151965,-1.6291848421096802,2
Extreme Gradient Boosting,-2.550141932709222,-2.6842520236968994,2
Extreme Gradient Boosting,-2.362468744313884,-2.128633499145508,2
Extreme Gradient Boosting,-1.5518607813097591,-2.10947847366333,2
Extreme Gradient Boosting,-1.955139967558483,-2.155383348464966,2
Extreme Gradient Boosting,-2.110664900131247,-2.1330018043518066,2
Extreme Gradient Boosting,-1.7818010064165613,-1.8809618949890137,2
Extreme Gradient Boosting,-1.6668842660690988,-2.3917782306671143,2
Extreme Gradient Boosting,-1.7883466398341077,-2.0324504375457764,2
Extreme Gradient Boosting,-1.7883466398341077,-2.15594482421875,2
Extreme Gradient Boosting,-1.512256636766295,-1.4195278882980347,2
Extreme Gradient Boosting,-3.7834435403498214,-3.8716509342193604,2
Extreme Gradient Boosting,-3.3980931244651527,-2.868691921234131,2
Extreme Gradient Boosting,-1.556016572040716,-1.5748461484909058,2
Extreme Gradient Boosting,-1.0474177734305667,-1.1965144872665405,2
Extreme Gradient Boosting,-1.1893279510795818,-1.1840115785598755,2
Extreme Gradient Boosting,-3.7834435403498214,-3.6827480792999268,2
Extreme Gradient Boosting,-1.3819820537899474,-1.226659893989563,2
Extreme Gradient Boosting,-3.2861198587119835,-2.912320375442505,2
Extreme Gradient Boosting,-3.23633470688153,-2.6978156566619873,2
Extreme Gradient Boosting,-1.3450596755542978,-1.640384554862976,2
Extreme Gradient Boosting,-1.8887177216857802,-1.7572669982910156,2
Extreme Gradient Boosting,-1.2303723324828062,-1.3740172386169434,2
Extreme Gradient Boosting,-1.9458635904251336,-1.8221880197525024,2
Extreme Gradient Boosting,-1.6993207301372903,-1.9670910835266113,2
Extreme Gradient Boosting,-3.0153277959856664,-2.050663471221924,2
Extreme Gradient Boosting,-1.6517269019834395,-1.8071542978286743,2
Extreme Gradient Boosting,-2.049666891178964,-1.559142827987671,2
Extreme Gradient Boosting,-2.5142250705986213,-2.4009389877319336,2
Extreme Gradient Boosting,-2.1469087646472067,-2.2417218685150146,2
Extreme Gradient Boosting,-3.7469892929465796,-3.7024853229522705,2
Extreme Gradient Boosting,-3.1720823887102565,-3.1470565795898438,2
Extreme Gradient Boosting,-2.9171991963522217,-2.8278465270996094,2
Extreme Gradient Boosting,-1.737359048801603,-1.7959803342819214,2
Extreme Gradient Boosting,-2.1469087646472067,-1.7756565809249878,2
Extreme Gradient Boosting,-1.4285635434183963,-1.345615029335022,2
Extreme Gradient Boosting,-2.1372208240925845,-3.154461145401001,2
Extreme Gradient Boosting,-1.0111406945890653,-1.5709302425384521,2
Extreme Gradient Boosting,-1.982318834323383,-2.317412853240967,2
Extreme Gradient Boosting,-3.030623697854625,-2.6951215267181396,2
Extreme Gradient Boosting,-2.7906820711849507,-2.5765011310577393,2
Extreme Gradient Boosting,-2.806163575333855,-2.461043357849121,2
Extreme Gradient Boosting,-1.9090244195663402,-1.696084976196289,2
Extreme Gradient Boosting,-3.644312909802797,-4.064209938049316,2
Extreme Gradient Boosting,-1.6292558354409146,-1.4572323560714722,2
Extreme Gradient Boosting,-1.5110863339963716,-2.816843032836914,2
Extreme Gradient Boosting,-1.167232267440179,-1.27152681350708,2
Extreme Gradient Boosting,-2.4951902617888977,-2.6477367877960205,2
Extreme Gradient Boosting,-1.881362165893176,-1.4174268245697021,2
Extreme Gradient Boosting,-2.0990330852672687,-1.4139314889907837,2
Extreme Gradient Boosting,-1.4436245197644126,-1.5326026678085327,2
Extreme Gradient Boosting,-1.4386260150993235,-1.3327049016952515,2
Extreme Gradient Boosting,-1.4001202888111866,-1.3291757106781006,2
Extreme Gradient Boosting,-1.2189474946453842,-1.101326584815979,2
Extreme Gradient Boosting,-1.9811271489159006,-1.484491229057312,2
Extreme Gradient Boosting,-2.062592350526869,-2.2769007682800293,2
Extreme Gradient Boosting,-1.0193030390019762,-1.441891074180603,2
Extreme Gradient Boosting,-1.8626742516440307,-1.8192567825317383,2
Extreme Gradient Boosting,-3.312493333735544,-1.8489545583724976,2
Extreme Gradient Boosting,-1.8035282856682657,-1.6748517751693726,2
Extreme Gradient Boosting,-3.6419813498697473,-3.5237743854522705,2
Extreme Gradient Boosting,-1.9341938240909706,-1.7040458917617798,2
Extreme Gradient Boosting,-1.543738042979891,-1.4311834573745728,2
Extreme Gradient Boosting,-1.0624918421054752,-1.241224765777588,2
Extreme Gradient Boosting,-3.2740051086991615,-3.210442543029785,2
Extreme Gradient Boosting,-1.1177693107076099,-1.527258276939392,2
Extreme Gradient Boosting,-1.917076538816309,-2.030045509338379,2
Extreme Gradient Boosting,-1.5609490414532068,-1.9030635356903076,2
Extreme Gradient Boosting,-1.396090167895999,-1.9613335132598877,2
Extreme Gradient Boosting,-2.2488337964546146,-1.6823233366012573,2
Extreme Gradient Boosting,-3.8997432135729384,-3.942566156387329,2
Extreme Gradient Boosting,-1.7550940407409845,-1.9045770168304443,2
Extreme Gradient Boosting,-2.6904826786431757,-3.3250510692596436,2
Extreme Gradient Boosting,-2.436631774638256,-1.9848018884658813,2
Extreme Gradient Boosting,-1.7448404020099417,-2.2477946281433105,2
Extreme Gradient Boosting,-2.8217593886833527,-1.6771658658981323,2
Extreme Gradient Boosting,-2.3758693662733776,-1.759273886680603,2
Extreme Gradient Boosting,-3.233202110369878,-2.902125835418701,2
Extreme Gradient Boosting,-3.233202110369878,-3.1443710327148438,2
Extreme Gradient Boosting,-3.3358640560027224,-3.077314615249634,2
Extreme Gradient Boosting,-2.5444075781780136,-2.8974640369415283,2
Extreme Gradient Boosting,-1.945164608357066,-2.0673866271972656,2
Extreme Gradient Boosting,-1.6524312761675333,-1.8096424341201782,2
Extreme Gradient Boosting,-3.4116117497612004,-3.0300872325897217,2
Extreme Gradient Boosting,-3.7268829315132583,-3.334991216659546,2
Extreme Gradient Boosting,-1.7083201719567802,-1.4499621391296387,2
Extreme Gradient Boosting,-1.5226715493865826,-1.8559396266937256,2
Extreme Gradient Boosting,-2.43241576499949,-1.2288308143615723,2
Extreme Gradient Boosting,-1.95795837174818,-1.8955525159835815,2
Extreme Gradient Boosting,-2.025135764586199,-2.0546188354492188,2
Extreme Gradient Boosting,-2.0645418092014314,-2.2611262798309326,2
Extreme Gradient Boosting,-1.753896033344213,-1.928929328918457,2
Extreme Gradient Boosting,-1.6404184550270633,-1.8011441230773926,2
Extreme Gradient Boosting,-3.0455186942585932,-3.1506922245025635,2
Extreme Gradient Boosting,-2.1633711620778806,-2.2231287956237793,2
Extreme Gradient Boosting,-1.5049121890283346,-1.3619002103805542,2
Extreme Gradient Boosting,-2.432175336754664,-2.6215643882751465,2
Extreme Gradient Boosting,-1.6613977234664838,-1.4650039672851562,2
Extreme Gradient Boosting,-3.5527489155241385,-3.6546285152435303,2
Extreme Gradient Boosting,-2.833475754814589,-2.580756664276123,2
Extreme Gradient Boosting,-1.717711472714874,-1.5562084913253784,2
Extreme Gradient Boosting,-1.9412408278950934,-2.5651984214782715,2
Extreme Gradient Boosting,-1.8196475705694013,-2.079557180404663,2
Extreme Gradient Boosting,-1.1149880354485275,-1.3813400268554688,2
Extreme Gradient Boosting,-3.184747097908846,-3.1842169761657715,2
Extreme Gradient Boosting,-1.47951268111869,-1.5546305179595947,2
Extreme Gradient Boosting,-2.5945173784671853,-2.460397243499756,2
Extreme Gradient Boosting,-3.312017362295172,-3.263399124145508,2
Extreme Gradient Boosting,-1.2025079170212445,-1.6492252349853516,2
Extreme Gradient Boosting,-2.809660176396059,-2.6220006942749023,2
Extreme Gradient Boosting,-1.2183710988289476,-1.5649945735931396,2
Extreme Gradient Boosting,-1.9643120034496402,-1.823755145072937,2
Extreme Gradient Boosting,-0.7797693247910334,-0.9511392116546631,2
Extreme Gradient Boosting,-1.3132997440363454,-1.3043396472930908,2
Extreme Gradient Boosting,-2.4796814387852613,-2.0817506313323975,2
Extreme Gradient Boosting,-1.428472864706594,-1.4998576641082764,2
Extreme Gradient Boosting,-2.0703010191144675,-2.3134169578552246,2
Extreme Gradient Boosting,-3.3625502994733605,-3.4575493335723877,2
Extreme Gradient Boosting,0.25792460161657743,-0.09646407514810562,2
Extreme Gradient Boosting,0.10764671163334447,0.06578049808740616,2
Extreme Gradient Boosting,-0.39778171004309776,-0.24519458413124084,2
Extreme Gradient Boosting,-0.002962342870760633,0.13229043781757355,2
Extreme Gradient Boosting,-1.9219867657940077,-1.6672172546386719,2
Extreme Gradient Boosting,-3.3347136412278577,-3.4126834869384766,2
Extreme Gradient Boosting,-2.7286993920768685,-2.758955240249634,2
Extreme Gradient Boosting,-1.7181996551162337,-2.0892512798309326,2
Extreme Gradient Boosting,-2.297622719595401,-1.9807963371276855,2
Extreme Gradient Boosting,-1.315440666986884,-1.3872219324111938,2
Extreme Gradient Boosting,-1.1820723340995358,-1.191917061805725,2
Extreme Gradient Boosting,-3.4519129118061063,-3.26511287689209,2
Extreme Gradient Boosting,-3.915670428497184,-3.491976737976074,2
Extreme Gradient Boosting,-2.7488910409678486,-1.9001872539520264,2
Extreme Gradient Boosting,-2.0424559224697187,-1.7911620140075684,2
Extreme Gradient Boosting,-2.2038635814094025,-2.0063345432281494,2
Extreme Gradient Boosting,-1.0801819981618899,-1.4091877937316895,2
Extreme Gradient Boosting,-3.525699217034543,-3.490633010864258,2
Extreme Gradient Boosting,-2.405003945642156,-1.9906628131866455,2
Extreme Gradient Boosting,-2.789746241172472,-2.7739181518554688,2
Extreme Gradient Boosting,-3.4519129118061063,-3.3930368423461914,2
Extreme Gradient Boosting,-1.1009937914140275,-1.3747467994689941,2
Extreme Gradient Boosting,-1.2328253445920763,-1.8560590744018555,2
Extreme Gradient Boosting,-1.4753372030036505,-1.9380830526351929,2
Extreme Gradient Boosting,-1.2812660713628026,-1.415035605430603,2
Extreme Gradient Boosting,-1.1998361610596366,-1.2354464530944824,2
Extreme Gradient Boosting,-1.6539166652584223,-1.818616509437561,2
Extreme Gradient Boosting,-1.649488441015367,-1.3721321821212769,2
Extreme Gradient Boosting,-1.3041517533417322,-1.496067762374878,2
Extreme Gradient Boosting,-1.4597718515481843,-1.5909316539764404,2
Extreme Gradient Boosting,-1.793068638288037,-1.6695029735565186,2
Extreme Gradient Boosting,-3.151893437607053,-3.7115061283111572,2
Extreme Gradient Boosting,-1.5966625231096632,-1.4142944812774658,2
Extreme Gradient Boosting,-1.4583509625515516,-1.7760547399520874,2
Extreme Gradient Boosting,-1.5398588190217488,-2.1959564685821533,2
Extreme Gradient Boosting,-0.6082262842300837,-0.8888540863990784,2
Extreme Gradient Boosting,-0.8837798009584171,-1.0535454750061035,2
Extreme Gradient Boosting,-0.7463040504271798,-1.6878514289855957,2
Extreme Gradient Boosting,-1.8459806844208395,-1.877902865409851,2
Extreme Gradient Boosting,-1.1291381497161614,-1.5433160066604614,2
Extreme Gradient Boosting,-1.1400317683551704,-1.0801855325698853,2
Extreme Gradient Boosting,-2.6212424559235727,-3.1559929847717285,2
Extreme Gradient Boosting,-1.483088664742514,-1.7728941440582275,2
Extreme Gradient Boosting,-1.148825472087486,-0.5568072199821472,2
Extreme Gradient Boosting,-0.428471724353625,-0.5880100131034851,2
Extreme Gradient Boosting,-2.0560190796534115,-1.5124784708023071,2
Extreme Gradient Boosting,-0.5935262904426333,-1.8305555582046509,2
Extreme Gradient Boosting,-1.048516497297764,-1.3940781354904175,2
Extreme Gradient Boosting,-2.428366273865067,-1.8544481992721558,2
Extreme Gradient Boosting,-0.9402445883836209,-1.230456829071045,2
Extreme Gradient Boosting,-1.530055677420101,-1.3848448991775513,2
Extreme Gradient Boosting,-1.7793995024399858,-1.872404932975769,2
Extreme Gradient Boosting,-1.475460019768368,-1.7819435596466064,2
Extreme Gradient Boosting,-1.4158076024067474,-2.296717882156372,2
Extreme Gradient Boosting,-1.0940337585544895,-1.5994619131088257,2
Extreme Gradient Boosting,-0.988626069420939,-1.491761565208435,2
Extreme Gradient Boosting,-1.9138112509675613,-2.310922622680664,3
Extreme Gradient Boosting,-2.559953281626918,-2.1261227130889893,3
Extreme Gradient Boosting,-3.366321517882654,-2.8180975914001465,3
Extreme Gradient Boosting,-0.3239443747054647,-0.9480811953544617,3
Extreme Gradient Boosting,-1.5321588732385725,-1.4899770021438599,3
Extreme Gradient Boosting,-1.5530374141251506,-1.3933048248291016,3
Extreme Gradient Boosting,-0.9452141888163385,-1.2189632654190063,3
Extreme Gradient Boosting,-1.414958380703708,-1.2144312858581543,3
Extreme Gradient Boosting,-1.496009274431816,-1.607400894165039,3
Extreme Gradient Boosting,-1.0225392132375182,-1.375268816947937,3
Extreme Gradient Boosting,-1.1345513868310089,-1.0966922044754028,3
Extreme Gradient Boosting,-1.0056334760903496,-1.663054347038269,3
Extreme Gradient Boosting,-2.8184713897478226,-3.1194443702697754,3
Extreme Gradient Boosting,-1.4610955316441951,-1.7994651794433594,3
Extreme Gradient Boosting,-1.221874373746708,-1.5251901149749756,3
Extreme Gradient Boosting,-0.9172087828988489,-1.5001009702682495,3
Extreme Gradient Boosting,-1.8229892712376083,-2.107879638671875,3
Extreme Gradient Boosting,-1.5041031112940382,-1.5026065111160278,3
Extreme Gradient Boosting,-1.5041031112940382,-1.7743996381759644,3
Extreme Gradient Boosting,-3.057527624268253,-2.7177772521972656,3
Extreme Gradient Boosting,-1.8960550708053778,-1.7070558071136475,3
Extreme Gradient Boosting,-2.808030042713029,-2.415605068206787,3
Extreme Gradient Boosting,-1.7873296113427601,-2.546952247619629,3
Extreme Gradient Boosting,-3.1597853454922076,-2.933769464492798,3
Extreme Gradient Boosting,-2.9688776583453143,-2.5075719356536865,3
Extreme Gradient Boosting,-2.772379350111858,-2.5292465686798096,3
Extreme Gradient Boosting,-2.461494632742434,-2.397829532623291,3
Extreme Gradient Boosting,-2.198253243671017,-1.960904598236084,3
Extreme Gradient Boosting,-2.736709137429952,-2.700765609741211,3
Extreme Gradient Boosting,-2.1155432005946873,-2.3669474124908447,3
Extreme Gradient Boosting,0.14443509497441417,-0.25071388483047485,3
Extreme Gradient Boosting,-0.6389033445220246,-0.4081747233867645,3
Extreme Gradient Boosting,-1.0877694915519545,-1.0651720762252808,3
Extreme Gradient Boosting,0.20995355888867073,-0.27100157737731934,3
Extreme Gradient Boosting,-0.28184511787174465,-0.4227421283721924,3
Extreme Gradient Boosting,-0.012750569114115418,-0.37209784984588623,3
Extreme Gradient Boosting,-0.3417701012907816,-0.44722434878349304,3
Extreme Gradient Boosting,-3.2691119889214533,-3.4181456565856934,3
Extreme Gradient Boosting,-2.3140538776829995,-2.243840456008911,3
Extreme Gradient Boosting,-1.8094490244732577,-1.9831234216690063,3
Extreme Gradient Boosting,-1.9615865844075526,-1.956825613975525,3
Extreme Gradient Boosting,-1.4817410394981543,-1.4019054174423218,3
Extreme Gradient Boosting,-2.2017306515457955,-2.0198707580566406,3
Extreme Gradient Boosting,-1.4735211762278637,-1.9332324266433716,3
Extreme Gradient Boosting,-3.1381335734004905,-2.8316755294799805,3
Extreme Gradient Boosting,-3.447382880362,-3.259665012359619,3
Extreme Gradient Boosting,-2.5493325073158326,-2.820646047592163,3
Extreme Gradient Boosting,-3.447382880362,-2.8611326217651367,3
Extreme Gradient Boosting,-3.3308765956121587,-2.968780279159546,3
Extreme Gradient Boosting,-3.310333372786738,-2.260483741760254,3
Extreme Gradient Boosting,-2.325708590111872,-2.0274436473846436,3
Extreme Gradient Boosting,-2.492075482831661,-1.2428275346755981,3
Extreme Gradient Boosting,-1.3158802108242549,-1.545098066329956,3
Extreme Gradient Boosting,-2.861353792341514,-2.9255454540252686,3
Extreme Gradient Boosting,-1.4093732376842594,-1.5450247526168823,3
Extreme Gradient Boosting,-1.6037557432468053,-1.3936500549316406,3
Extreme Gradient Boosting,-1.7089770353918146,-1.2622467279434204,3
Extreme Gradient Boosting,-1.4616237416558537,-1.6054880619049072,3
Extreme Gradient Boosting,-1.3859030337523468,-1.610271692276001,3
Extreme Gradient Boosting,-1.0556956867709293,-1.4512442350387573,3
Extreme Gradient Boosting,-1.2886807788238237,-1.7560993432998657,3
Extreme Gradient Boosting,-1.4100025284401918,-1.7653380632400513,3
Extreme Gradient Boosting,-1.392520817816124,-1.4337111711502075,3
Extreme Gradient Boosting,-3.302921552819786,-3.2991721630096436,3
Extreme Gradient Boosting,-2.691578169406441,-1.98447585105896,3
Extreme Gradient Boosting,-3.7342838339347466,-3.622082233428955,3
Extreme Gradient Boosting,-3.52120992195253,-2.6002745628356934,3
Extreme Gradient Boosting,-3.6203410251864447,-3.0935373306274414,3
Extreme Gradient Boosting,-2.5986223809209954,-2.2709217071533203,3
Extreme Gradient Boosting,-2.7186459189940226,-2.8879950046539307,3
Extreme Gradient Boosting,-2.2669235674490644,-2.942103624343872,3
Extreme Gradient Boosting,-3.3114386993585976,-2.945270299911499,3
Extreme Gradient Boosting,-2.5342163548062593,-2.3166840076446533,3
Extreme Gradient Boosting,-1.5554661639976504,-1.8850222826004028,3
Extreme Gradient Boosting,-2.663203768289533,-1.8973690271377563,3
Extreme Gradient Boosting,-1.5623567401916558,-1.4541800022125244,3
Extreme Gradient Boosting,-1.7113615374852664,-1.9298343658447266,3
Extreme Gradient Boosting,-1.935943656763284,-1.754860281944275,3
Extreme Gradient Boosting,-3.216247878762871,-2.4282009601593018,3
Extreme Gradient Boosting,-1.5942049925158137,-1.7484753131866455,3
Extreme Gradient Boosting,-1.9381605982067327,-2.104112148284912,3
Extreme Gradient Boosting,-1.1883246153441216,-1.6272196769714355,3
Extreme Gradient Boosting,-3.7105715966505453,-3.764930009841919,3
Extreme Gradient Boosting,-2.236090057320799,-2.4607255458831787,3
Extreme Gradient Boosting,-3.688222835963096,-2.930119037628174,3
Extreme Gradient Boosting,-3.688222835963096,-3.3271098136901855,3
Extreme Gradient Boosting,-3.285204336328503,-2.834885358810425,3
Extreme Gradient Boosting,-3.159004262647741,-2.2446558475494385,3
Extreme Gradient Boosting,-3.159004262647741,-2.5839202404022217,3
Extreme Gradient Boosting,-3.246574755779347,-2.7864553928375244,3
Extreme Gradient Boosting,-3.09259777670544,-2.1626107692718506,3
Extreme Gradient Boosting,-2.1081088952398566,-1.5484951734542847,3
Extreme Gradient Boosting,-1.7310907007998717,-2.230555295944214,3
Extreme Gradient Boosting,-2.3566470252815495,-2.69545578956604,3
Extreme Gradient Boosting,-1.7478447295977892,-2.6998884677886963,3
Extreme Gradient Boosting,-2.8667990786740405,-2.073945999145508,3
Extreme Gradient Boosting,-2.848471723996311,-2.6599433422088623,3
Extreme Gradient Boosting,-3.8287505085021976,-3.907102108001709,3
Extreme Gradient Boosting,-1.3149788474841408,-1.5616801977157593,3
Extreme Gradient Boosting,-1.7565625592771141,-1.5337820053100586,3
Extreme Gradient Boosting,-2.020315121682196,-1.823730707168579,3
Extreme Gradient Boosting,-1.3580712288885752,-1.0964829921722412,3
Extreme Gradient Boosting,-3.333901540815397,-2.6429362297058105,3
Extreme Gradient Boosting,-1.7015723913432346,-1.687929630279541,3
Extreme Gradient Boosting,-1.3982848993986936,-1.767756462097168,3
Extreme Gradient Boosting,-2.728175115284189,-2.4191935062408447,3
Extreme Gradient Boosting,-4.026482380351305,-3.8677308559417725,3
Extreme Gradient Boosting,-2.0731453982830836,-1.9689140319824219,3
Extreme Gradient Boosting,-2.5430732387631334,-2.2944493293762207,3
Extreme Gradient Boosting,-1.4273499677206534,-1.602813720703125,3
Extreme Gradient Boosting,-1.2174698965346429,-1.6346622705459595,3
Extreme Gradient Boosting,-1.6384460109776287,-1.8539409637451172,3
Extreme Gradient Boosting,-3.739785461604827,-3.8906402587890625,3
Extreme Gradient Boosting,-3.739785461604827,-3.6159651279449463,3
Extreme Gradient Boosting,-2.5037832349706837,-1.6569790840148926,3
Extreme Gradient Boosting,-1.385136327132139,-1.4121140241622925,3
Extreme Gradient Boosting,-2.8343485837796827,-2.4202263355255127,3
Extreme Gradient Boosting,-1.2175444827866113,-1.3613874912261963,3
Extreme Gradient Boosting,-1.8555915719713854,-1.463261365890503,3
Extreme Gradient Boosting,-2.9206523063014074,-2.3725476264953613,3
Extreme Gradient Boosting,-1.2662523005170878,-1.3874913454055786,3
Extreme Gradient Boosting,-3.926105768520805,-3.7734811305999756,3
Extreme Gradient Boosting,-2.646263945417837,-2.0516583919525146,3
Extreme Gradient Boosting,-3.6572596108178765,-3.6899538040161133,3
Extreme Gradient Boosting,-2.176441984856953,-1.6450731754302979,3
Extreme Gradient Boosting,-2.6148556108775285,-2.161451816558838,3
Extreme Gradient Boosting,-1.8011659603551675,-1.8895370960235596,3
Extreme Gradient Boosting,-2.484467237840419,-2.1345252990722656,3
Extreme Gradient Boosting,-1.3267843126055872,-1.4964319467544556,3
Extreme Gradient Boosting,-2.099963060637607,-1.959229588508606,3
Extreme Gradient Boosting,-1.015474675864504,-1.2405545711517334,3
Extreme Gradient Boosting,-1.7625310634593319,-1.8572146892547607,3
Extreme Gradient Boosting,-1.4257747559860434,-1.7397898435592651,3
Extreme Gradient Boosting,-2.809138225804324,-2.6007919311523438,3
Extreme Gradient Boosting,-0.9349414936187838,-1.318221926689148,3
Extreme Gradient Boosting,-2.00821940080217,-1.512589931488037,3
Extreme Gradient Boosting,-0.6538319472043919,-0.8065590858459473,3
Extreme Gradient Boosting,-3.054246410327101,-3.142362117767334,3
Extreme Gradient Boosting,-2.8108233787082515,-2.1362152099609375,3
Extreme Gradient Boosting,-2.1782870563447125,-2.2368431091308594,3
Extreme Gradient Boosting,-2.2151887800651093,-2.488875389099121,3
Extreme Gradient Boosting,-1.421235229471209,-2.0952372550964355,3
Extreme Gradient Boosting,-1.3544637580442256,-1.509030818939209,3
Extreme Gradient Boosting,-1.5438464586997465,-2.2850937843322754,3
Extreme Gradient Boosting,-2.612904311968554,-1.9959346055984497,3
Extreme Gradient Boosting,-3.0607359079332865,-3.6777541637420654,3
Extreme Gradient Boosting,-2.647947017470284,-1.4744956493377686,3
Extreme Gradient Boosting,-2.0978386037648766,-1.7194701433181763,3
Extreme Gradient Boosting,-3.392655441034186,-3.2250475883483887,3
Extreme Gradient Boosting,-2.177111289133642,-2.430164098739624,3
Extreme Gradient Boosting,-2.672496188704653,-1.7530399560928345,3
Extreme Gradient Boosting,-3.6688623296866587,-3.5926387310028076,3
Extreme Gradient Boosting,-1.297434930657182,-1.610996961593628,3
Extreme Gradient Boosting,-1.4486812373435975,-1.5405714511871338,3
Extreme Gradient Boosting,-1.366206440166372,-1.7078989744186401,3
Extreme Gradient Boosting,-1.3168403571338247,-1.7404860258102417,3
Extreme Gradient Boosting,-2.2675571837562845,-2.160656213760376,3
Extreme Gradient Boosting,-1.4609239012072235,-1.8008389472961426,3
Extreme Gradient Boosting,-2.2689882869552584,-3.29467511177063,3
Extreme Gradient Boosting,-1.302742708063045,-1.1493316888809204,3
Extreme Gradient Boosting,-1.763658215013675,-1.8926784992218018,3
Extreme Gradient Boosting,-1.318606216338379,-1.3833959102630615,3
Extreme Gradient Boosting,-0.9279654459479447,-1.1583112478256226,3
Extreme Gradient Boosting,-2.0129990008635867,-1.0939691066741943,3
Extreme Gradient Boosting,-2.3465562136207656,-2.098623514175415,3
Extreme Gradient Boosting,-2.329956957829961,-1.894943118095398,3
Extreme Gradient Boosting,-2.3087676366549488,-1.820884346961975,3
Extreme Gradient Boosting,-1.0639605458204757,-1.2102173566818237,3
Extreme Gradient Boosting,-2.04835547456192,-1.611391544342041,3
Extreme Gradient Boosting,-2.0995080091454192,-2.1866323947906494,3
Extreme Gradient Boosting,-1.709300425196423,-1.7489373683929443,3
Extreme Gradient Boosting,-3.3707035768809224,-3.7895703315734863,3
Extreme Gradient Boosting,-2.7292012545882884,-2.1142444610595703,3
Extreme Gradient Boosting,-2.540720473654946,-2.2969346046447754,3
Extreme Gradient Boosting,-3.744840908818875,-2.7865002155303955,3
Extreme Gradient Boosting,-1.785391290725075,-1.650900959968567,3
Extreme Gradient Boosting,-2.993441546294603,-2.6164817810058594,3
Extreme Gradient Boosting,-3.3980116731740355,-3.0643577575683594,3
Extreme Gradient Boosting,-2.804329449939637,-2.328077554702759,3
Extreme Gradient Boosting,-3.3466707249611667,-2.676204204559326,3
Extreme Gradient Boosting,-2.1317533670782356,-2.209672689437866,3
Extreme Gradient Boosting,-2.3582852103076553,-2.6687817573547363,3
Extreme Gradient Boosting,-2.0864005407417032,-2.3163599967956543,3
Extreme Gradient Boosting,-3.2402151004002007,-3.2613346576690674,3
Extreme Gradient Boosting,-1.7139992395270756,-1.6967028379440308,3
Extreme Gradient Boosting,-2.2270013364351495,-2.25095796585083,3
Extreme Gradient Boosting,-2.084073842416984,-2.265202760696411,3
Extreme Gradient Boosting,-1.9644153443855357,-1.6561508178710938,3
Extreme Gradient Boosting,-2.695416849848479,-1.8679213523864746,3
Extreme Gradient Boosting,-1.5650830494456354,-1.7368931770324707,3
Extreme Gradient Boosting,-3.276542686022807,-2.926877975463867,3
Extreme Gradient Boosting,-3.6546223480637448,-3.6514627933502197,3
Extreme Gradient Boosting,-1.8057322630823986,-2.1943142414093018,3
Extreme Gradient Boosting,-1.6663570851479517,-1.2012068033218384,3
Extreme Gradient Boosting,-0.9751054096242024,-1.172587513923645,3
Extreme Gradient Boosting,-1.2067214626499687,-1.318006992340088,3
Extreme Gradient Boosting,-1.5281785967617054,-1.3755900859832764,3
Extreme Gradient Boosting,-2.8559441417598115,-2.494326591491699,3
Extreme Gradient Boosting,-1.170757605358798,-1.3495254516601562,3
Extreme Gradient Boosting,-1.2672463833090828,-1.503138780593872,3
Extreme Gradient Boosting,-1.7997913808340749,-1.775739073753357,3
Extreme Gradient Boosting,-1.5350740375460707,-1.2585725784301758,3
Extreme Gradient Boosting,-1.2800471306587051,-1.650221586227417,3
Extreme Gradient Boosting,-1.4562179644760493,-1.5700178146362305,3
Extreme Gradient Boosting,-2.0008832971741093,-1.6323710680007935,3
Extreme Gradient Boosting,-3.05329283374744,-3.1797170639038086,3
Extreme Gradient Boosting,-3.6368695830464484,-3.8160083293914795,3
Extreme Gradient Boosting,-1.8884660362981867,-1.4158556461334229,3
Extreme Gradient Boosting,-3.05329283374744,-2.273237705230713,3
Extreme Gradient Boosting,-1.514016684929528,-1.6503970623016357,3
Extreme Gradient Boosting,-1.8486158063184404,-1.8586506843566895,3
Extreme Gradient Boosting,-3.3625502994733605,-2.413930892944336,3
Extreme Gradient Boosting,-1.9499388302923257,-2.2190945148468018,3
Extreme Gradient Boosting,-1.9765773961271407,-1.61638343334198,3
Extreme Gradient Boosting,0.016216578776438208,0.06721310317516327,3
Extreme Gradient Boosting,-0.40966424145785746,-0.5652701258659363,3
Extreme Gradient Boosting,0.26528954569788904,-0.13482803106307983,3
Extreme Gradient Boosting,-0.8579133376664105,-0.9699035882949829,3
Extreme Gradient Boosting,-0.2703526265197312,-0.4195539653301239,3
Extreme Gradient Boosting,0.011790398005349874,0.06663543730974197,3
Extreme Gradient Boosting,-0.004427072779599359,-0.865184485912323,3
Extreme Gradient Boosting,-0.03690399983927772,0.20499134063720703,3
Extreme Gradient Boosting,0.23141740977050707,0.010410084389150143,3
Extreme Gradient Boosting,0.2733961152011059,0.09652141481637955,3
Extreme Gradient Boosting,-1.7405367157549274,-2.8102855682373047,3
Extreme Gradient Boosting,-1.181419364072578,-1.371514916419983,3
Extreme Gradient Boosting,-0.9771273167949791,-1.480186939239502,3
Extreme Gradient Boosting,-3.1657421077804533,-2.992845058441162,3
Extreme Gradient Boosting,-1.5923333763280876,-1.5405490398406982,3
Extreme Gradient Boosting,-2.327144451312569,-2.4775068759918213,3
Extreme Gradient Boosting,-1.492201494031574,-1.6403017044067383,3
Extreme Gradient Boosting,-2.5395917281791975,-2.0600974559783936,3
Extreme Gradient Boosting,-2.1235976234646596,-1.3522570133209229,3
Extreme Gradient Boosting,-1.9190397324043553,-1.4211243391036987,3
Extreme Gradient Boosting,-2.3872497229566574,-2.256031036376953,3
Extreme Gradient Boosting,-2.176623074126691,-2.131845235824585,3
Extreme Gradient Boosting,-1.573747505577719,-1.4875575304031372,3
Extreme Gradient Boosting,-1.28375174993668,-1.6657276153564453,3
Extreme Gradient Boosting,-0.9134224928394735,-1.298561692237854,3
Extreme Gradient Boosting,-2.14182332020342,-2.1717655658721924,3
Extreme Gradient Boosting,-0.8609839615611586,-1.1368465423583984,3
Extreme Gradient Boosting,-1.9406256000139548,-1.8818085193634033,3
Extreme Gradient Boosting,-0.9568598388437015,-1.1903045177459717,3
Extreme Gradient Boosting,-1.0181181552809078,-1.5826328992843628,3
Extreme Gradient Boosting,-3.4341521813264824,-2.984318256378174,3
Extreme Gradient Boosting,-3.295634963777275,-3.3350234031677246,3
Extreme Gradient Boosting,-1.7283368624549476,-2.129708766937256,3
Extreme Gradient Boosting,-1.0748372190236377,-0.7559326887130737,3
Extreme Gradient Boosting,-0.6591799251191045,-0.7968153357505798,3
Extreme Gradient Boosting,-0.37949908787793823,-0.9761469960212708,3
Extreme Gradient Boosting,-3.121373090381552,-3.223853588104248,3
Extreme Gradient Boosting,-1.0026227122886122,-1.4531240463256836,3
Extreme Gradient Boosting,-3.4495551653497865,-3.3926327228546143,3
Extreme Gradient Boosting,-1.031601943299423,-1.406882882118225,3
Extreme Gradient Boosting,-3.241946952668458,-2.5686118602752686,3
Extreme Gradient Boosting,-1.0945491836072103,-1.3013259172439575,3
Extreme Gradient Boosting,-2.390077592912712,-2.1183738708496094,3
Extreme Gradient Boosting,-1.5672159407631352,-1.2238261699676514,3
Extreme Gradient Boosting,-1.3147618244158232,-1.2258445024490356,3
Extreme Gradient Boosting,-2.0772161211350064,-3.022125720977783,4
Extreme Gradient Boosting,-3.7465335671940925,-3.3735158443450928,4
Extreme Gradient Boosting,-1.8035334240706482,-1.7655048370361328,4
Extreme Gradient Boosting,-2.881231480327938,-2.32338285446167,4
Extreme Gradient Boosting,-2.3969317709673565,-1.7751858234405518,4
Extreme Gradient Boosting,-1.7253486984128064,-1.828384518623352,4
Extreme Gradient Boosting,-0.737425984358659,-1.3946914672851562,4
Extreme Gradient Boosting,-1.0745636623476162,-1.579795241355896,4
Extreme Gradient Boosting,-1.4118568185099727,-1.6439204216003418,4
Extreme Gradient Boosting,-1.5393527377902698,-1.297194480895996,4
Extreme Gradient Boosting,-1.5083613986405884,-1.6525346040725708,4
Extreme Gradient Boosting,-1.520097156387571,-1.378438115119934,4
Extreme Gradient Boosting,-1.7190338740193807,-1.4454344511032104,4
Extreme Gradient Boosting,-0.32212322804184973,-1.0868356227874756,4
Extreme Gradient Boosting,-1.4103143043656896,-1.1009944677352905,4
Extreme Gradient Boosting,-1.3629507222657735,-1.5996928215026855,4
Extreme Gradient Boosting,-0.9407520429016281,-1.4327669143676758,4
Extreme Gradient Boosting,-1.103883331173482,-1.2749509811401367,4
Extreme Gradient Boosting,-1.680228158144333,-1.681270718574524,4
Extreme Gradient Boosting,-1.1938637358837367,-1.310154676437378,4
Extreme Gradient Boosting,-1.339883282003717,-1.699100375175476,4
Extreme Gradient Boosting,-1.778416668028348,-1.6366853713989258,4
Extreme Gradient Boosting,-1.0225392132375182,-1.2965060472488403,4
Extreme Gradient Boosting,-1.1631032781134523,-1.5983173847198486,4
Extreme Gradient Boosting,-1.8730671060734179,-1.5386239290237427,4
Extreme Gradient Boosting,-1.2696661993818519,-1.533120036125183,4
Extreme Gradient Boosting,-3.2351404478705748,-2.609013319015503,4
Extreme Gradient Boosting,-1.3607499667563296,-1.5062748193740845,4
Extreme Gradient Boosting,-2.151509814945314,-2.6359567642211914,4
Extreme Gradient Boosting,-3.2036005297986074,-2.776630163192749,4
Extreme Gradient Boosting,-2.6396789104480054,-1.949971318244934,4
Extreme Gradient Boosting,-2.272602230242758,-2.278705358505249,4
Extreme Gradient Boosting,-3.3816182003459216,-3.445570230484009,4
Extreme Gradient Boosting,-0.7406200937095554,-1.2289055585861206,4
Extreme Gradient Boosting,-0.2659675601094114,-0.8099051117897034,4
Extreme Gradient Boosting,0.05304456027413388,-1.4938658475875854,4
Extreme Gradient Boosting,-0.19201915469350456,-0.35295307636260986,4
Extreme Gradient Boosting,-1.7661589553081318,-2.865448236465454,4
Extreme Gradient Boosting,-0.40674416735366103,-1.244630217552185,4
Extreme Gradient Boosting,-0.3696586894071177,-0.5569404363632202,4
Extreme Gradient Boosting,-0.5732799306060785,-1.2223669290542603,4
Extreme Gradient Boosting,-0.5196118275771817,-1.0221285820007324,4
Extreme Gradient Boosting,-0.7545795752718538,-1.3700141906738281,4
Extreme Gradient Boosting,-0.3135898872515433,-0.8171063661575317,4
Extreme Gradient Boosting,0.20849296776590773,-1.0469521284103394,4
Extreme Gradient Boosting,-3.6800158253354924,-3.4587059020996094,4
Extreme Gradient Boosting,-2.931358924489361,-2.108713150024414,4
Extreme Gradient Boosting,-3.0775844181294625,-2.6659841537475586,4
Extreme Gradient Boosting,-1.9101052340727014,-2.132272958755493,4
Extreme Gradient Boosting,-1.7426626842914594,-2.3584859371185303,4
Extreme Gradient Boosting,-2.0174042079019414,-2.177072525024414,4
Extreme Gradient Boosting,-2.7515330963273232,-2.6508922576904297,4
Extreme Gradient Boosting,-3.4785088685395653,-2.828824758529663,4
Extreme Gradient Boosting,-3.579179826019102,-3.604454755783081,4
Extreme Gradient Boosting,-2.7237372356215404,-2.264716863632202,4
Extreme Gradient Boosting,-2.3339531661956356,-2.371823310852051,4
Extreme Gradient Boosting,-1.1468871297310963,-1.4728785753250122,4
Extreme Gradient Boosting,-3.2474583508182433,-3.129802942276001,4
Extreme Gradient Boosting,-3.130720745231321,-2.968379497528076,4
Extreme Gradient Boosting,-2.7233828886420643,-2.735102891921997,4
Extreme Gradient Boosting,-2.186006727498246,-2.269599437713623,4
Extreme Gradient Boosting,-2.635616939296958,-1.621341347694397,4
Extreme Gradient Boosting,-3.434121498561107,-3.212456464767456,4
Extreme Gradient Boosting,-3.008152176256889,-2.331051826477051,4
Extreme Gradient Boosting,-2.3478691638008677,-2.0824148654937744,4
Extreme Gradient Boosting,-1.777268237794943,-2.179673433303833,4
Extreme Gradient Boosting,-1.183812038624167,-1.8148993253707886,4
Extreme Gradient Boosting,-2.3918623308235594,-2.48129940032959,4
Extreme Gradient Boosting,-3.6203410251864447,-2.992016315460205,4
Extreme Gradient Boosting,-1.794765718416369,-1.9874277114868164,4
Extreme Gradient Boosting,-3.52120992195253,-2.817650318145752,4
Extreme Gradient Boosting,-2.9303729669440868,-2.1172096729278564,4
Extreme Gradient Boosting,-3.2590502255091702,-2.756321668624878,4
Extreme Gradient Boosting,-2.810836301965318,-2.602976083755493,4
Extreme Gradient Boosting,-3.9730828630218453,-3.440843343734741,4
Extreme Gradient Boosting,-3.9730828630218453,-3.788036346435547,4
Extreme Gradient Boosting,-1.4113517913995703,-1.682722806930542,4
Extreme Gradient Boosting,-1.622950411914381,-1.703015923500061,4
Extreme Gradient Boosting,-1.3160847906164357,-1.745314121246338,4
Extreme Gradient Boosting,-1.1630496225248408,-1.0468709468841553,4
Extreme Gradient Boosting,-3.5222913974306227,-3.1483523845672607,4
Extreme Gradient Boosting,-1.0232314473246815,-1.0357812643051147,4
Extreme Gradient Boosting,-1.5862250860093259,-1.449840784072876,4
Extreme Gradient Boosting,-2.7592630971786845,-2.3938915729522705,4
Extreme Gradient Boosting,-2.2826863141215226,-2.2353997230529785,4
Extreme Gradient Boosting,-2.4995431395917818,-2.4311606884002686,4
Extreme Gradient Boosting,-2.0061846218108834,-1.7078391313552856,4
Extreme Gradient Boosting,-1.5371060964041248,-1.933059573173523,4
Extreme Gradient Boosting,-4.441291429466834,-3.870220184326172,4
Extreme Gradient Boosting,-2.287736284945912,-2.429668426513672,4
Extreme Gradient Boosting,-4.043611115346274,-3.7547390460968018,4
Extreme Gradient Boosting,-2.7669040895368373,-1.9283816814422607,4
Extreme Gradient Boosting,-1.9555954093204297,-1.8723982572555542,4
Extreme Gradient Boosting,-2.4911353637922846,-2.2735376358032227,4
Extreme Gradient Boosting,-1.4886987965534475,-1.5766147375106812,4
Extreme Gradient Boosting,-1.7176063992666837,-2.1583006381988525,4
Extreme Gradient Boosting,-2.082759927050954,-1.8707473278045654,4
Extreme Gradient Boosting,-2.618445069067542,-2.5052175521850586,4
Extreme Gradient Boosting,-3.190894343543139,-2.417428493499756,4
Extreme Gradient Boosting,-1.6846961468463335,-1.999942660331726,4
Extreme Gradient Boosting,-2.9211605333956863,-2.7467048168182373,4
Extreme Gradient Boosting,-2.3552642027188186,-2.1956799030303955,4
Extreme Gradient Boosting,-3.3960495196322524,-2.7276604175567627,4
Extreme Gradient Boosting,-1.7983538696326367,-1.6609002351760864,4
Extreme Gradient Boosting,-2.1620771953880977,-2.3378093242645264,4
Extreme Gradient Boosting,-2.3662117992181373,-2.2664425373077393,4
Extreme Gradient Boosting,-2.2414236426625673,-2.0791635513305664,4
Extreme Gradient Boosting,-1.2400249421136365,-1.8839665651321411,4
Extreme Gradient Boosting,-3.9030899869919438,-3.8066062927246094,4
Extreme Gradient Boosting,-2.772360579555891,-1.9654695987701416,4
Extreme Gradient Boosting,-1.936797812533807,-1.5981669425964355,4
Extreme Gradient Boosting,-1.4975728800155672,-1.560889482498169,4
Extreme Gradient Boosting,-1.272659841843383,-1.9296188354492188,4
Extreme Gradient Boosting,-1.945720453842236,-2.0270466804504395,4
Extreme Gradient Boosting,-1.3173301868582306,-1.2826989889144897,4
Extreme Gradient Boosting,-1.5213971031085405,-1.6688218116760254,4
Extreme Gradient Boosting,-1.069394064585742,-1.535625696182251,4
Extreme Gradient Boosting,-1.3195712003583318,-1.2964122295379639,4
Extreme Gradient Boosting,-1.4441845681180592,-1.1923389434814453,4
Extreme Gradient Boosting,-1.9429726110972225,-2.325899124145508,4
Extreme Gradient Boosting,-2.635540187918821,-2.844454050064087,4
Extreme Gradient Boosting,-1.9930514957526793,-1.9671863317489624,4
Extreme Gradient Boosting,-3.172776808882327,-2.8663489818573,4
Extreme Gradient Boosting,-3.4629936067206395,-3.464930534362793,4
Extreme Gradient Boosting,-2.7555635433899788,-3.0948193073272705,4
Extreme Gradient Boosting,-1.4782087030212006,-1.675895094871521,4
Extreme Gradient Boosting,-1.98115226552214,-2.0940780639648438,4
Extreme Gradient Boosting,-3.1720823887102565,-2.8040778636932373,4
Extreme Gradient Boosting,-1.4115626764192806,-1.5382599830627441,4
Extreme Gradient Boosting,-3.390442939572028,-2.5543994903564453,4
Extreme Gradient Boosting,-1.9745795534681516,-1.9193751811981201,4
Extreme Gradient Boosting,-2.001001072492525,-1.5520306825637817,4
Extreme Gradient Boosting,-2.536796608945731,-2.5935299396514893,4
Extreme Gradient Boosting,-1.5708763680120374,-1.9537913799285889,4
Extreme Gradient Boosting,-3.7986028756795487,-3.777635097503662,4
Extreme Gradient Boosting,-4.219679806977318,-3.5727813243865967,4
Extreme Gradient Boosting,-1.86662075613132,-2.272212505340576,4
Extreme Gradient Boosting,-2.9206284299141125,-2.1743123531341553,4
Extreme Gradient Boosting,-2.1225210730141013,-2.374359369277954,4
Extreme Gradient Boosting,-2.5312982881059978,-2.5466513633728027,4
Extreme Gradient Boosting,-2.7597061620105943,-2.5006983280181885,4
Extreme Gradient Boosting,-3.9453409907865007,-3.4294164180755615,4
Extreme Gradient Boosting,-1.2158410977813483,-1.2697054147720337,4
Extreme Gradient Boosting,-2.0893959764848726,-1.8520925045013428,4
Extreme Gradient Boosting,-3.6688623296866587,-2.7040019035339355,4
Extreme Gradient Boosting,-1.2503305415619155,-1.2259029150009155,4
Extreme Gradient Boosting,-1.8347593251696876,-2.116450548171997,4
Extreme Gradient Boosting,-3.5624063821538914,-3.5890254974365234,4
Extreme Gradient Boosting,-2.8947429719805546,-2.3797550201416016,4
Extreme Gradient Boosting,-0.7420831923821466,-1.7716244459152222,4
Extreme Gradient Boosting,-1.1598011320770079,-1.220297932624817,4
Extreme Gradient Boosting,-1.2297848289673887,-1.080154299736023,4
Extreme Gradient Boosting,-1.493245786531943,-1.31243097782135,4
Extreme Gradient Boosting,-2.174390400742264,-2.433767080307007,4
Extreme Gradient Boosting,-1.8019484611556353,-0.9975980520248413,4
Extreme Gradient Boosting,-1.3284164293502903,-2.0880963802337646,4
Extreme Gradient Boosting,-1.4337063496845048,-2.097499132156372,4
Extreme Gradient Boosting,-3.542851120580754,-3.6141624450683594,4
Extreme Gradient Boosting,-1.1984184440476704,-1.1480776071548462,4
Extreme Gradient Boosting,-1.2530119718858257,-1.4982669353485107,4
Extreme Gradient Boosting,-3.4366316559477377,-3.4230122566223145,4
Extreme Gradient Boosting,-3.6924119784161333,-2.468904495239258,4
Extreme Gradient Boosting,-4.034834060338741,-3.7096059322357178,4
Extreme Gradient Boosting,-3.233202110369878,-2.4861059188842773,4
Extreme Gradient Boosting,-3.6924119784161333,-3.1340253353118896,4
Extreme Gradient Boosting,-2.2313771400186773,-2.408529758453369,4
Extreme Gradient Boosting,-1.2545644486474818,-1.4257183074951172,4
Extreme Gradient Boosting,-2.019028072917717,-2.3058273792266846,4
Extreme Gradient Boosting,-2.1622159208236154,-2.5761735439300537,4
Extreme Gradient Boosting,-3.8817848914990014,-3.858246326446533,4
Extreme Gradient Boosting,-2.3460680222446215,-1.6910566091537476,4
Extreme Gradient Boosting,-2.7386203038591304,-2.4182896614074707,4
Extreme Gradient Boosting,-3.015555503033429,-2.891679525375366,4
Extreme Gradient Boosting,-1.5951494590693263,-2.2572474479675293,4
Extreme Gradient Boosting,-1.5372075124674875,-1.6927125453948975,4
Extreme Gradient Boosting,-1.2662407394987067,-1.1985023021697998,4
Extreme Gradient Boosting,-3.600326278518962,-3.7163352966308594,4
Extreme Gradient Boosting,-4.056947918112584,-3.94657564163208,4
Extreme Gradient Boosting,-2.1956618739690814,-2.673144578933716,4
Extreme Gradient Boosting,-1.0942289641451028,-1.3095461130142212,4
Extreme Gradient Boosting,-1.5895913565043294,-2.2156734466552734,4
Extreme Gradient Boosting,-1.5572116152486462,-1.6532596349716187,4
Extreme Gradient Boosting,-1.6895586727819518,-1.7877190113067627,4
Extreme Gradient Boosting,-2.292547184423849,-2.6427364349365234,4
Extreme Gradient Boosting,-3.184747097908846,-3.302647829055786,4
Extreme Gradient Boosting,-1.5363868405196788,-1.6635583639144897,4
Extreme Gradient Boosting,-1.8074474879886533,-2.139288902282715,4
Extreme Gradient Boosting,-1.1026053129321816,-0.9719750881195068,4
Extreme Gradient Boosting,-1.8161267212970162,-1.7998201847076416,4
Extreme Gradient Boosting,-1.6189896501583372,-1.6449652910232544,4
Extreme Gradient Boosting,-2.1639051839291805,-1.9446463584899902,4
Extreme Gradient Boosting,-3.064232839852069,-3.36415696144104,4
Extreme Gradient Boosting,-1.6362623936895822,-1.6688389778137207,4
Extreme Gradient Boosting,-1.5097699255058308,-1.9259976148605347,4
Extreme Gradient Boosting,-1.740666799910411,-1.8071496486663818,4
Extreme Gradient Boosting,-2.2355646390433175,-1.522682785987854,4
Extreme Gradient Boosting,-1.9362137770978871,-2.1478168964385986,4
Extreme Gradient Boosting,-2.4881639462888585,-2.177419662475586,4
Extreme Gradient Boosting,-2.035715142789073,-2.1434459686279297,4
Extreme Gradient Boosting,-2.3371392715991264,-2.717750310897827,4
Extreme Gradient Boosting,-1.7772835288524167,-1.9174623489379883,4
Extreme Gradient Boosting,-1.4541338573389984,-1.8364063501358032,4
Extreme Gradient Boosting,-3.8396725549649426,-3.762150287628174,4
Extreme Gradient Boosting,-1.34349300583641,-2.3657219409942627,4
Extreme Gradient Boosting,0.013270809352243309,-0.16816657781600952,4
Extreme Gradient Boosting,-0.9486409221793155,-2.0205609798431396,4
Extreme Gradient Boosting,-0.31923658554998896,-0.8335980176925659,4
Extreme Gradient Boosting,0.23583851209189552,-0.17233915627002716,4
Extreme Gradient Boosting,-0.8579133376664105,-2.0936825275421143,4
Extreme Gradient Boosting,0.3323074801803344,-0.015583152882754803,4
Extreme Gradient Boosting,0.27486911420534327,0.20132091641426086,4
Extreme Gradient Boosting,-0.5442825169537446,-0.7698891162872314,4
Extreme Gradient Boosting,-1.5200924815934278,-1.660975694656372,4
Extreme Gradient Boosting,-1.7473311829109102,-1.756943702697754,4
Extreme Gradient Boosting,-1.1181615001713328,-1.6309502124786377,4
Extreme Gradient Boosting,-2.1512701073865577,-1.307016134262085,4
Extreme Gradient Boosting,-1.6314222073485498,-1.5984649658203125,4
Extreme Gradient Boosting,-1.5941100276318725,-2.553597927093506,4
Extreme Gradient Boosting,-1.816712585545078,-2.073049783706665,4
Extreme Gradient Boosting,-1.5073537295089607,-1.6075674295425415,4
Extreme Gradient Boosting,-2.6216055516158603,-2.404672861099243,4
Extreme Gradient Boosting,-1.7236216619186897,-1.912108302116394,4
Extreme Gradient Boosting,-3.2294115893983317,-3.264498710632324,4
Extreme Gradient Boosting,-1.455583530702784,-1.416741967201233,4
Extreme Gradient Boosting,-1.7300615156440644,-1.5105990171432495,4
Extreme Gradient Boosting,-1.10868225389701,-1.266020655632019,4
Extreme Gradient Boosting,-1.4753372030036505,-1.4014945030212402,4
Extreme Gradient Boosting,-1.5674558687076858,-1.7675366401672363,4
Extreme Gradient Boosting,-1.5240818424273839,-1.4875544309616089,4
Extreme Gradient Boosting,-1.540907293954747,-1.2936688661575317,4
Extreme Gradient Boosting,-1.3198484161479276,-1.4796626567840576,4
Extreme Gradient Boosting,-0.9468333037780922,-1.3965574502944946,4
Extreme Gradient Boosting,-1.7854705731329945,-1.537638783454895,4
Extreme Gradient Boosting,-1.7563417007657087,-1.5158393383026123,4
Extreme Gradient Boosting,-1.4094344835568617,-1.4313327074050903,4
Extreme Gradient Boosting,-0.8769725367904692,-1.0813084840774536,4
Extreme Gradient Boosting,-1.1431217053996168,-1.199927806854248,4
Extreme Gradient Boosting,-1.2491101104442828,-1.3172707557678223,4
Extreme Gradient Boosting,-1.8070894000718147,-2.4766879081726074,4
Extreme Gradient Boosting,-0.9422704336465716,-1.4705204963684082,4
Extreme Gradient Boosting,-0.8959678728621829,-1.4269253015518188,4
Extreme Gradient Boosting,-2.451728539243243,-2.6567025184631348,4
Extreme Gradient Boosting,-1.1543394167845993,-1.274293065071106,4
Extreme Gradient Boosting,-2.0401269907408133,-1.5120093822479248,4
Extreme Gradient Boosting,-2.2646029664100515,-2.0183541774749756,4
Extreme Gradient Boosting,-0.9679951762893184,-1.3620892763137817,4
Extreme Gradient Boosting,-3.2172494016790187,-2.220155715942383,4
Extreme Gradient Boosting,-1.5600709478109722,-2.0834689140319824,4
Extreme Gradient Boosting,-3.1791288900792822,-2.1678645610809326,4
Extreme Gradient Boosting,-1.450536715424269,-1.459841251373291,4
Extreme Gradient Boosting,-0.4819145002205912,-0.9737635254859924,4
Extreme Gradient Boosting,-1.1827941397057182,-1.5188419818878174,4
Extreme Gradient Boosting,-0.6143935172969877,-0.5929052829742432,4
Extreme Gradient Boosting,-0.6158874808696795,-1.1945643424987793,4
Extreme Gradient Boosting,-0.14567163968046612,-1.101359248161316,4
Extreme Gradient Boosting,-1.2028902052841348,-1.4158581495285034,4
Extreme Gradient Boosting,-1.6643405451853508,-1.7837412357330322,4
Extreme Gradient Boosting,-1.0775646199327256,-1.2666738033294678,4
Extreme Gradient Boosting,-1.9812071611751474,-2.007014036178589,4
Extreme Gradient Boosting,-2.703826191329584,-2.000070810317993,5
Extreme Gradient Boosting,-3.431262194557772,-3.4867141246795654,5
Extreme Gradient Boosting,-2.3969317709673565,-2.2093374729156494,5
Extreme Gradient Boosting,-3.5076503600642033,-2.428633213043213,5
Extreme Gradient Boosting,-3.1408689109724577,-2.591179609298706,5
Extreme Gradient Boosting,-1.9492654506102318,-2.023364543914795,5
Extreme Gradient Boosting,-2.1263969370231783,-2.026562452316284,5
Extreme Gradient Boosting,-2.2593946471787434,-1.688297152519226,5
Extreme Gradient Boosting,-1.3240188516817268,-2.070925235748291,5
Extreme Gradient Boosting,-3.120277513484956,-2.345207452774048,5
Extreme Gradient Boosting,-1.641711232958164,-1.760482907295227,5
Extreme Gradient Boosting,-1.1383767799226443,-1.329693078994751,5
Extreme Gradient Boosting,-1.6443425309821194,-1.6458544731140137,5
Extreme Gradient Boosting,-1.6390957814475864,-1.2463277578353882,5
Extreme Gradient Boosting,-1.4985127097581414,-1.648331642150879,5
Extreme Gradient Boosting,-1.6571034663893656,-1.253235936164856,5
Extreme Gradient Boosting,-1.3355656611938254,-1.6363632678985596,5
Extreme Gradient Boosting,-1.4201920378605053,-1.985033631324768,5
Extreme Gradient Boosting,-2.617367632441655,-2.3601927757263184,5
Extreme Gradient Boosting,-2.3531252756425936,-2.976591110229492,5
Extreme Gradient Boosting,-3.399950007606853,-3.3055670261383057,5
Extreme Gradient Boosting,-2.4318269168378195,-2.3241450786590576,5
Extreme Gradient Boosting,-2.0569241023003397,-1.9939290285110474,5
Extreme Gradient Boosting,-2.66118307205398,-2.3841512203216553,5
Extreme Gradient Boosting,-1.694125814017541,-2.769045114517212,5
Extreme Gradient Boosting,-0.4049916766527308,-0.21291622519493103,5
Extreme Gradient Boosting,-0.7019607372542168,-0.15544326603412628,5
Extreme Gradient Boosting,-1.1235679872330004,-2.046349048614502,5
Extreme Gradient Boosting,-2.2882000233155653,-2.871675729751587,5
Extreme Gradient Boosting,-2.004293876429448,-2.3916330337524414,5
Extreme Gradient Boosting,-1.8033790498935367,-1.3267680406570435,5
Extreme Gradient Boosting,-2.541474704475919,-2.455841541290283,5
Extreme Gradient Boosting,-1.1005815755977664,-1.4821789264678955,5
Extreme Gradient Boosting,-1.894217061776159,-1.7906239032745361,5
Extreme Gradient Boosting,-3.0166281405425486,-3.107543468475342,5
Extreme Gradient Boosting,-2.2432421390383843,-1.3825547695159912,5
Extreme Gradient Boosting,-2.9238738790387533,-2.3665425777435303,5
Extreme Gradient Boosting,-2.67596440114224,-2.7815639972686768,5
Extreme Gradient Boosting,-2.6991941581253336,-2.5839107036590576,5
Extreme Gradient Boosting,-2.97249382976246,-2.056034803390503,5
Extreme Gradient Boosting,-2.4909497090997137,-1.6842166185379028,5
Extreme Gradient Boosting,-2.704319008875443,-2.949427843093872,5
Extreme Gradient Boosting,-3.9019276346378216,-3.969237804412842,5
Extreme Gradient Boosting,-1.3360910210889294,-2.3394615650177,5
Extreme Gradient Boosting,-2.7923263244120906,-2.6201436519622803,5
Extreme Gradient Boosting,-1.9785756664607834,-2.6019837856292725,5
Extreme Gradient Boosting,-0.9910136950037374,-1.4241451025009155,5
Extreme Gradient Boosting,-2.174597252967641,-2.089276075363159,5
Extreme Gradient Boosting,-1.1386989940333996,-1.2041679620742798,5
Extreme Gradient Boosting,-2.7103007043055714,-2.324709415435791,5
Extreme Gradient Boosting,-1.4542413778154994,-2.102355480194092,5
Extreme Gradient Boosting,-2.6852623228853463,-2.4073052406311035,5
Extreme Gradient Boosting,-1.4861381638460753,-2.3808646202087402,5
Extreme Gradient Boosting,-1.4370923600242806,-1.445170283317566,5
Extreme Gradient Boosting,-2.586212054867284,-2.100694417953491,5
Extreme Gradient Boosting,-2.8807530211105905,-1.9971606731414795,5
Extreme Gradient Boosting,-1.8026465968079968,-1.7960631847381592,5
Extreme Gradient Boosting,-1.6217142305536996,-2.0521016120910645,5
Extreme Gradient Boosting,-1.7028254486283225,-1.705278754234314,5
Extreme Gradient Boosting,-2.715845949095462,-2.3289883136749268,5
Extreme Gradient Boosting,-1.1251042517136252,-1.404881477355957,5
Extreme Gradient Boosting,-1.3266108732423414,-1.2901939153671265,5
Extreme Gradient Boosting,-2.6799272800459657,-2.4940576553344727,5
Extreme Gradient Boosting,-1.4197155850010228,-1.226965069770813,5
Extreme Gradient Boosting,-3.7342838339347466,-3.905015707015991,5
Extreme Gradient Boosting,-2.01828162271433,-2.011479139328003,5
Extreme Gradient Boosting,-2.5038360209902844,-2.8594987392425537,5
Extreme Gradient Boosting,-3.221262124613128,-2.3506593704223633,5
Extreme Gradient Boosting,-3.384203503318252,-2.751272678375244,5
Extreme Gradient Boosting,-3.1353471437504044,-2.709538698196411,5
Extreme Gradient Boosting,-1.6536721058017216,-1.7434004545211792,5
Extreme Gradient Boosting,-2.2317936703338876,-2.2983710765838623,5
Extreme Gradient Boosting,-2.2875737313332407,-1.9176498651504517,5
Extreme Gradient Boosting,-1.2543892714743548,-1.359777808189392,5
Extreme Gradient Boosting,-1.1808764741089726,-1.4652472734451294,5
Extreme Gradient Boosting,-1.7751555586449395,-2.383387804031372,5
Extreme Gradient Boosting,-2.182199963303041,-2.0682997703552246,5
Extreme Gradient Boosting,-3.2996658499018485,-2.997286558151245,5
Extreme Gradient Boosting,-2.644753893986956,-2.912837266921997,5
Extreme Gradient Boosting,-1.987977989665314,-2.7002205848693848,5
Extreme Gradient Boosting,-3.40015839520823,-2.9345180988311768,5
Extreme Gradient Boosting,-3.3388889969343114,-2.924685001373291,5
Extreme Gradient Boosting,-2.9741896629359488,-2.5295939445495605,5
Extreme Gradient Boosting,-2.848471723996311,-2.2329769134521484,5
Extreme Gradient Boosting,-3.1495014132834878,-3.34980845451355,5
Extreme Gradient Boosting,-1.262358754468822,-1.570357084274292,5
Extreme Gradient Boosting,-2.8326132427713318,-1.9850622415542603,5
Extreme Gradient Boosting,-1.2684519185896421,-1.735506534576416,5
Extreme Gradient Boosting,-2.4462457037304657,-2.7942543029785156,5
Extreme Gradient Boosting,-3.4398948173744337,-2.915924549102783,5
Extreme Gradient Boosting,-1.6253102968663857,-2.6805927753448486,5
Extreme Gradient Boosting,-3.690448608815449,-3.555342674255371,5
Extreme Gradient Boosting,-2.2625101343415968,-2.084540367126465,5
Extreme Gradient Boosting,-3.3960495196322524,-3.066066265106201,5
Extreme Gradient Boosting,-2.8606575042266775,-2.295725107192993,5
Extreme Gradient Boosting,-3.48241354468584,-3.3366329669952393,5
Extreme Gradient Boosting,-1.012145447578458,-1.0297861099243164,5
Extreme Gradient Boosting,-2.258862588858495,-2.6054623126983643,5
Extreme Gradient Boosting,-2.728175115284189,-2.6382203102111816,5
Extreme Gradient Boosting,-3.7834435403498214,-3.376657247543335,5
Extreme Gradient Boosting,-2.000920332458684,-1.9585109949111938,5
Extreme Gradient Boosting,-2.3458067992518874,-1.5861011743545532,5
Extreme Gradient Boosting,-3.5459650539173615,-3.5840065479278564,5
Extreme Gradient Boosting,-2.0116848782875407,-2.1430764198303223,5
Extreme Gradient Boosting,-3.5459650539173615,-3.4596455097198486,5
Extreme Gradient Boosting,-2.4117878095891196,-1.728675365447998,5
Extreme Gradient Boosting,-3.466783553422354,-2.1246585845947266,5
Extreme Gradient Boosting,-2.2151453721747094,-2.327866554260254,5
Extreme Gradient Boosting,-1.3434220574020639,-1.2437589168548584,5
Extreme Gradient Boosting,-1.8441291379223155,-2.0284621715545654,5
Extreme Gradient Boosting,-1.5625822596100025,-2.2018942832946777,5
Extreme Gradient Boosting,-1.2185345221225936,-1.9913663864135742,5
Extreme Gradient Boosting,-3.289282825523282,-2.4128901958465576,5
Extreme Gradient Boosting,-1.0209515518818744,-1.3014923334121704,5
Extreme Gradient Boosting,-2.7671936491741276,-2.214550256729126,5
Extreme Gradient Boosting,-3.2877805976748804,-3.4380972385406494,5
Extreme Gradient Boosting,-2.4368442826786825,-2.5775680541992188,5
Extreme Gradient Boosting,-1.9011407722544549,-2.157435655593872,5
Extreme Gradient Boosting,-1.064270917741021,-1.5122339725494385,5
Extreme Gradient Boosting,-0.9637364568210032,-1.6728795766830444,5
Extreme Gradient Boosting,-1.2563082695173393,-1.3031638860702515,5
Extreme Gradient Boosting,-1.1441412885613946,-1.9818469285964966,5
Extreme Gradient Boosting,-0.6074545522659878,-1.2232974767684937,5
Extreme Gradient Boosting,-0.5687544073603336,-1.5026099681854248,5
Extreme Gradient Boosting,-1.0937551186817627,-1.4319809675216675,5
Extreme Gradient Boosting,-0.7705521408719755,-1.1159733533859253,5
Extreme Gradient Boosting,-0.664255515397868,-1.1508674621582031,5
Extreme Gradient Boosting,-1.1521693207507044,-1.1443947553634644,5
Extreme Gradient Boosting,-2.244039132061237,-2.241000175476074,5
Extreme Gradient Boosting,-1.386590637896301,-2.0008816719055176,5
Extreme Gradient Boosting,-2.560133846538238,-2.348240375518799,5
Extreme Gradient Boosting,-3.437187483030755,-3.3441834449768066,5
Extreme Gradient Boosting,-1.9945993491296803,-2.2882280349731445,5
Extreme Gradient Boosting,-2.2062980891288984,-2.5743651390075684,5
Extreme Gradient Boosting,-2.4706410072083687,-2.4042274951934814,5
Extreme Gradient Boosting,-1.2327435377262763,-1.7713700532913208,5
Extreme Gradient Boosting,-3.6688623296866587,-3.135005474090576,5
Extreme Gradient Boosting,-1.4180277802789096,-0.9815859198570251,5
Extreme Gradient Boosting,-2.1481523894209715,-2.66345477104187,5
Extreme Gradient Boosting,-1.8162387276731846,-1.5064996480941772,5
Extreme Gradient Boosting,-1.0225594503600544,-1.6658252477645874,5
Extreme Gradient Boosting,-1.409977601837042,-1.1644147634506226,5
Extreme Gradient Boosting,-0.975127284906683,-1.3309937715530396,5
Extreme Gradient Boosting,-1.0144370432648293,-1.6755813360214233,5
Extreme Gradient Boosting,-0.7242679085347501,-0.7783583998680115,5
Extreme Gradient Boosting,-1.4399552960568784,-1.7651617527008057,5
Extreme Gradient Boosting,-1.215596170273078,-1.8050992488861084,5
Extreme Gradient Boosting,-1.351662241081682,-1.5555521249771118,5
Extreme Gradient Boosting,-1.3448674070651871,-1.5149394273757935,5
Extreme Gradient Boosting,-1.394827676426251,-2.4516408443450928,5
Extreme Gradient Boosting,-1.8171279243372191,-2.727219820022583,5
Extreme Gradient Boosting,-2.653759917660552,-2.8565621376037598,5
Extreme Gradient Boosting,-2.5884932589587586,-2.0879528522491455,5
Extreme Gradient Boosting,-1.7701752248722789,-1.7753239870071411,5
Extreme Gradient Boosting,-2.17663866294089,-2.298433303833008,5
Extreme Gradient Boosting,-2.540720473654946,-2.0382919311523438,5
Extreme Gradient Boosting,-3.6308973708676717,-3.339660882949829,5
Extreme Gradient Boosting,-2.568749167088006,-2.3081917762756348,5
Extreme Gradient Boosting,-1.936404341844701,-2.079854726791382,5
Extreme Gradient Boosting,-1.6434286328720604,-1.4850293397903442,5
Extreme Gradient Boosting,-1.2111861770342556,-1.855363368988037,5
Extreme Gradient Boosting,-4.034798298974088,-3.8114302158355713,5
Extreme Gradient Boosting,-2.345229430009625,-2.1515393257141113,5
Extreme Gradient Boosting,-2.626594359719023,-2.4649159908294678,5
Extreme Gradient Boosting,-2.483384252706259,-2.7061450481414795,5
Extreme Gradient Boosting,-2.033677685255944,-2.1986899375915527,5
Extreme Gradient Boosting,-2.9710072633433735,-2.72796368598938,5
Extreme Gradient Boosting,-3.290189204280069,-2.737992763519287,5
Extreme Gradient Boosting,-2.1032881447661516,-2.0556344985961914,5
Extreme Gradient Boosting,-2.8201877676993385,-2.368253469467163,5
Extreme Gradient Boosting,-2.5041654897477077,-2.9312620162963867,5
Extreme Gradient Boosting,-1.6345122959030371,-1.9356504678726196,5
Extreme Gradient Boosting,-1.593236649552128,-1.5165964365005493,5
Extreme Gradient Boosting,-2.579721210352638,-2.370978593826294,5
Extreme Gradient Boosting,-1.4643518021071489,-1.922080397605896,5
Extreme Gradient Boosting,-1.356590498479473,-1.5216445922851562,5
Extreme Gradient Boosting,-1.8668031693530753,-1.6321711540222168,5
Extreme Gradient Boosting,-1.0471006958966393,-1.3084033727645874,5
Extreme Gradient Boosting,-2.1980100109869287,-2.3422374725341797,5
Extreme Gradient Boosting,-2.4520022992105748,-2.6772773265838623,5
Extreme Gradient Boosting,-1.6819366650372385,-1.9228365421295166,5
Extreme Gradient Boosting,-4.059833781301273,-3.6404001712799072,5
Extreme Gradient Boosting,-3.3309007861959947,-2.8768985271453857,5
Extreme Gradient Boosting,-1.5279900670983446,-1.4439306259155273,5
Extreme Gradient Boosting,-4.059833781301273,-3.362870454788208,5
Extreme Gradient Boosting,-1.7581838126622393,-2.0382940769195557,5
Extreme Gradient Boosting,-1.5145266747759671,-1.5446678400039673,5
Extreme Gradient Boosting,-4.059833781301273,-3.863168478012085,5
Extreme Gradient Boosting,-2.22015815118179,-2.6117513179779053,5
Extreme Gradient Boosting,-0.9490993255496558,-1.2139296531677246,5
Extreme Gradient Boosting,-1.6159918285387698,-1.5384303331375122,5
Extreme Gradient Boosting,-0.8521750241183932,-1.6527565717697144,5
Extreme Gradient Boosting,-0.6894774956008592,-1.3715615272521973,5
Extreme Gradient Boosting,-0.7856945313640958,-1.0885899066925049,5
Extreme Gradient Boosting,-2.5255934458757454,-2.364016532897949,5
Extreme Gradient Boosting,-2.850003549488979,-3.0373919010162354,5
Extreme Gradient Boosting,-0.9737395646276028,-1.2601752281188965,5
Extreme Gradient Boosting,-1.951987303305516,-1.5404596328735352,5
Extreme Gradient Boosting,-1.309961996475505,-1.6696031093597412,5
Extreme Gradient Boosting,-3.0397590359811644,-2.6065049171447754,5
Extreme Gradient Boosting,-2.3822676402388554,-1.6910300254821777,5
Extreme Gradient Boosting,-2.190142441306164,-1.7671431303024292,5
Extreme Gradient Boosting,-2.122395441870392,-1.8680415153503418,5
Extreme Gradient Boosting,-1.4262388316017447,-1.1939711570739746,5
Extreme Gradient Boosting,-1.1090605687339063,-1.6068145036697388,5
Extreme Gradient Boosting,-1.391500388590343,-1.7525094747543335,5
Extreme Gradient Boosting,-1.3627172000570675,-1.4689273834228516,5
Extreme Gradient Boosting,-1.1895507451644802,-1.6910125017166138,5
Extreme Gradient Boosting,-2.017352405817494,-1.7867449522018433,5
Extreme Gradient Boosting,-2.740096874062147,-2.4000916481018066,5
Extreme Gradient Boosting,-0.202317609683526,-0.4283430576324463,5
Extreme Gradient Boosting,0.11059120541434526,0.01607518643140793,5
Extreme Gradient Boosting,0.2461448119736277,-0.42599067091941833,5
Extreme Gradient Boosting,0.25792460161657743,0.1862744241952896,5
Extreme Gradient Boosting,0.004405968258246192,-0.5845164060592651,5
Extreme Gradient Boosting,-0.43783118657286935,-0.8419658541679382,5
Extreme Gradient Boosting,-0.9893876757536758,-1.6751785278320312,5
Extreme Gradient Boosting,-3.6464665167152384,-3.347720146179199,5
Extreme Gradient Boosting,-1.6790364719823858,-1.6747583150863647,5
Extreme Gradient Boosting,-1.1505417041520314,-1.4764480590820312,5
Extreme Gradient Boosting,-0.8847086972378616,-1.1124956607818604,5
Extreme Gradient Boosting,-2.703220329010491,-1.9448145627975464,5
Extreme Gradient Boosting,-1.6163219968838958,-1.876833200454712,5
Extreme Gradient Boosting,-1.621304790891127,-1.6094673871994019,5
Extreme Gradient Boosting,-2.3812985463366814,-2.3838648796081543,5
Extreme Gradient Boosting,-1.7868132829404095,-2.065661668777466,5
Extreme Gradient Boosting,-1.862548056774303,-2.0456933975219727,5
Extreme Gradient Boosting,-1.1814755688597112,-1.410338044166565,5
Extreme Gradient Boosting,-2.088287115891733,-1.3590906858444214,5
Extreme Gradient Boosting,-3.8233531994782193,-3.6664624214172363,5
Extreme Gradient Boosting,-1.947863458882499,-2.188114881515503,5
Extreme Gradient Boosting,-1.1286832686838821,-1.4303449392318726,5
Extreme Gradient Boosting,-1.111999901692932,-1.2517250776290894,5
Extreme Gradient Boosting,-1.3198484161479276,-1.4471842050552368,5
Extreme Gradient Boosting,-1.6322137070153477,-1.492661714553833,5
Extreme Gradient Boosting,-1.3198484161479276,-1.5053132772445679,5
Extreme Gradient Boosting,-0.7476890179412806,-1.7921284437179565,5
Extreme Gradient Boosting,-2.348164353297759,-1.9939264059066772,5
Extreme Gradient Boosting,-1.3991403077454354,-1.488198161125183,5
Extreme Gradient Boosting,-2.723197328038221,-2.2241482734680176,5
Extreme Gradient Boosting,-1.466507781947675,-1.9688100814819336,5
Extreme Gradient Boosting,-2.761915740881935,-1.7713453769683838,5
Extreme Gradient Boosting,-1.7998312883961207,-1.966446042060852,5
Extreme Gradient Boosting,-0.8317581654646831,-1.388921856880188,5
Extreme Gradient Boosting,-3.1791288900792822,-2.8775525093078613,5
Extreme Gradient Boosting,-0.9800565288767592,-0.963554859161377,5
Extreme Gradient Boosting,-3.20055468102406,-3.7817132472991943,5
Extreme Gradient Boosting,-1.4806961523875994,-1.5209941864013672,5
Extreme Gradient Boosting,-1.9652557068613081,-2.0016016960144043,5
Extreme Gradient Boosting,-2.114518460874232,-1.7710870504379272,5
Extreme Gradient Boosting,-1.63438498383371,-1.9769700765609741,5
Extreme Gradient Boosting,-1.3068936298450675,-1.234653353691101,5
Extreme Gradient Boosting,-1.137767503887176,-1.3809114694595337,5
Extreme Gradient Boosting,-1.3089106800327817,-1.3968859910964966,5
Extreme Gradient Boosting,-1.011455146773862,-1.2165677547454834,5
Extreme Gradient Boosting,-1.2413209034031176,-1.5171080827713013,5
Extreme Gradient Boosting,-1.4154063781902113,-1.4496238231658936,5
Extreme Gradient Boosting,-3.8301933583825565,-3.7891921997070312,5
Extreme Gradient Boosting,-2.5315835424986517,-2.378852605819702,5
