model,experiment,prediction,split #
Histogram-based Gradient Boosting,-2.0772161211350064,-2.669835488197031,1
Histogram-based Gradient Boosting,-3.1408689109724577,-2.873952380857931,1
Histogram-based Gradient Boosting,-2.881231480327938,-2.11211746996991,1
Histogram-based Gradient Boosting,-1.6844526576962697,-1.9467609013044596,1
Histogram-based Gradient Boosting,-3.366321517882654,-2.527005837227823,1
Histogram-based Gradient Boosting,-0.737425984358659,-1.6861791962727133,1
Histogram-based Gradient Boosting,-1.0745636623476162,-1.1836867998020495,1
Histogram-based Gradient Boosting,-1.4118568185099727,-1.3893028521701463,1
Histogram-based Gradient Boosting,-1.2059345608151744,-1.5007928709798726,1
Histogram-based Gradient Boosting,-1.4103143043656896,-1.6103277449414664,1
Histogram-based Gradient Boosting,-1.1383767799226443,-1.0164309195920607,1
Histogram-based Gradient Boosting,-1.6443425309821194,-1.4309913423050966,1
Histogram-based Gradient Boosting,-0.9407520429016281,-1.3950690139840742,1
Histogram-based Gradient Boosting,-1.2247774230710238,-1.6199986471878631,1
Histogram-based Gradient Boosting,-1.6021765542362365,-2.0618197019364333,1
Histogram-based Gradient Boosting,-1.833927238128002,-2.194624385775506,1
Histogram-based Gradient Boosting,-2.8184713897478226,-2.4522347289211353,1
Histogram-based Gradient Boosting,-1.778416668028348,-1.9156704208794746,1
Histogram-based Gradient Boosting,-1.0225392132375182,-1.1781069176358991,1
Histogram-based Gradient Boosting,-2.341290856803062,-2.702908007840855,1
Histogram-based Gradient Boosting,-0.9172087828988489,-1.424250943687311,1
Histogram-based Gradient Boosting,-1.3897810295006061,-1.5100993872197837,1
Histogram-based Gradient Boosting,-1.1631032781134523,-1.5395771873220636,1
Histogram-based Gradient Boosting,-1.4201920378605053,-1.5457021253584182,1
Histogram-based Gradient Boosting,-0.9582190949069228,-1.0517796736305483,1
Histogram-based Gradient Boosting,-3.2351404478705748,-2.861973457586643,1
Histogram-based Gradient Boosting,-1.5041031112940382,-2.060812729997198,1
Histogram-based Gradient Boosting,-3.399950007606853,-3.1923361290107706,1
Histogram-based Gradient Boosting,-2.808030042713029,-2.4788042482628097,1
Histogram-based Gradient Boosting,-2.6396789104480054,-1.992374910505601,1
Histogram-based Gradient Boosting,-2.198253243671017,-2.0155335409420854,1
Histogram-based Gradient Boosting,-3.876468483448327,-3.825902714174967,1
Histogram-based Gradient Boosting,-1.7661589553081318,-2.421699079446332,1
Histogram-based Gradient Boosting,0.20995355888867073,-0.1847066574318993,1
Histogram-based Gradient Boosting,-0.5987130334578719,-0.8034113148118621,1
Histogram-based Gradient Boosting,-0.7019607372542168,-0.2333996426757054,1
Histogram-based Gradient Boosting,-0.6945493884044287,-0.8061698442545706,1
Histogram-based Gradient Boosting,-1.1235679872330004,-2.17021987265068,1
Histogram-based Gradient Boosting,-2.9107287853445634,-2.3075993513424615,1
Histogram-based Gradient Boosting,-2.7785748071197123,-2.287721671441492,1
Histogram-based Gradient Boosting,-3.2691119889214533,-2.6689592746149944,1
Histogram-based Gradient Boosting,-1.8033790498935367,-1.3329439691276386,1
Histogram-based Gradient Boosting,-1.9304209166838449,-1.8717508659404691,1
Histogram-based Gradient Boosting,-2.8170555006405635,-2.5185814522883185,1
Histogram-based Gradient Boosting,-2.2017306515457955,-1.9255864988222688,1
Histogram-based Gradient Boosting,-2.9238738790387533,-2.4403833499595304,1
Histogram-based Gradient Boosting,-3.579179826019102,-3.478706816240073,1
Histogram-based Gradient Boosting,-3.447382880362,-3.235135213279732,1
Histogram-based Gradient Boosting,-2.5493325073158326,-2.7595334152567914,1
Histogram-based Gradient Boosting,-2.557865138098485,-3.061003677869207,1
Histogram-based Gradient Boosting,-3.20721692140729,-2.875226601811656,1
Histogram-based Gradient Boosting,-1.1468871297310963,-1.803785669805902,1
Histogram-based Gradient Boosting,-2.704319008875443,-3.011733643815151,1
Histogram-based Gradient Boosting,-1.4326336990343642,-1.482584156808397,1
Histogram-based Gradient Boosting,-2.7923263244120906,-2.750297167005161,1
Histogram-based Gradient Boosting,-1.800655814770182,-1.9213255210946982,1
Histogram-based Gradient Boosting,-3.130720745231321,-3.1682933114547316,1
Histogram-based Gradient Boosting,-1.9785756664607834,-1.8236205399586392,1
Histogram-based Gradient Boosting,-2.861353792341514,-2.664777984596031,1
Histogram-based Gradient Boosting,-2.586212054867284,-2.204819851849674,1
Histogram-based Gradient Boosting,-1.4616237416558537,-1.556276564567343,1
Histogram-based Gradient Boosting,-1.6435374468814823,-1.5123718203709533,1
Histogram-based Gradient Boosting,-2.8807530211105905,-1.7853844965383192,1
Histogram-based Gradient Boosting,-1.4729877775908402,-1.6610837387829833,1
Histogram-based Gradient Boosting,-1.4197155850010228,-1.60550404141049,1
Histogram-based Gradient Boosting,-2.691578169406441,-2.585999100364637,1
Histogram-based Gradient Boosting,-2.5038360209902844,-2.945071366494184,1
Histogram-based Gradient Boosting,-3.1782271514224525,-2.7146591693955253,1
Histogram-based Gradient Boosting,-2.498525274280529,-1.9935577712427908,1
Histogram-based Gradient Boosting,-2.270552443792131,-2.8129985650168225,1
Histogram-based Gradient Boosting,-3.2590502255091702,-2.9240230829756078,1
Histogram-based Gradient Boosting,-1.1465151741161497,-1.0732147744307148,1
Histogram-based Gradient Boosting,-2.2875737313332407,-1.81007222765939,1
Histogram-based Gradient Boosting,-1.0232314473246815,-1.2178548483248937,1
Histogram-based Gradient Boosting,-1.935943656763284,-1.8781524149641267,1
Histogram-based Gradient Boosting,-1.41390601215094,-1.5030794568932753,1
Histogram-based Gradient Boosting,-1.5862250860093259,-1.519613295115333,1
Histogram-based Gradient Boosting,-3.848875409949318,-3.9200875239367163,1
Histogram-based Gradient Boosting,-3.0415646563875622,-2.976184661560613,1
Histogram-based Gradient Boosting,-2.2175363341456173,-2.6089122108833687,1
Histogram-based Gradient Boosting,-3.159004262647741,-2.7077289939172178,1
Histogram-based Gradient Boosting,-2.248890796910272,-2.365026138794517,1
Histogram-based Gradient Boosting,-2.0061846218108834,-1.6411646783390983,1
Histogram-based Gradient Boosting,-3.3388889969343114,-2.913149671156794,1
Histogram-based Gradient Boosting,-2.0364325385907973,-2.156386943703053,1
Histogram-based Gradient Boosting,-2.4308272469150642,-2.7095633575109073,1
Histogram-based Gradient Boosting,-3.688222835963096,-3.4187012623515804,1
Histogram-based Gradient Boosting,-4.441291429466834,-4.036672149667969,1
Histogram-based Gradient Boosting,-2.4911353637922846,-2.392928367150664,1
Histogram-based Gradient Boosting,-1.7310907007998717,-2.246096694942119,1
Histogram-based Gradient Boosting,-1.883787384700319,-2.340170937662415,1
Histogram-based Gradient Boosting,-2.3566470252815495,-2.7486944198348056,1
Histogram-based Gradient Boosting,-2.8667990786740405,-2.0278891778659256,1
Histogram-based Gradient Boosting,-2.082759927050954,-2.216498331884804,1
Histogram-based Gradient Boosting,-2.8326132427713318,-1.756812801087395,1
Histogram-based Gradient Boosting,-3.4398948173744337,-2.6547286671790853,1
Histogram-based Gradient Boosting,-2.362468744313884,-2.297747809275571,1
Histogram-based Gradient Boosting,-1.3149788474841408,-1.4197594466069616,1
Histogram-based Gradient Boosting,-2.3552642027188186,-2.0485505858752164,1
Histogram-based Gradient Boosting,-1.7565625592771141,-1.4134045657780463,1
Histogram-based Gradient Boosting,-2.1620771953880977,-2.097621971245541,1
Histogram-based Gradient Boosting,-2.3662117992181373,-1.8689472947259433,1
Histogram-based Gradient Boosting,-1.7015723913432346,-1.509675404079641,1
Histogram-based Gradient Boosting,-3.508144052188851,-3.428439936868907,1
Histogram-based Gradient Boosting,-2.772360579555891,-2.428420829722731,1
Histogram-based Gradient Boosting,-3.7834435403498214,-3.681651900420548,1
Histogram-based Gradient Boosting,-2.258862588858495,-2.2429189248561268,1
Histogram-based Gradient Boosting,-1.0474177734305667,-1.2932918029443068,1
Histogram-based Gradient Boosting,-1.1738116279378035,-1.5032659239548216,1
Histogram-based Gradient Boosting,-3.23633470688153,-2.7892482722223693,1
Histogram-based Gradient Boosting,-1.5838670484167507,-1.4387197775665888,1
Histogram-based Gradient Boosting,-2.5037832349706837,-2.0049917305374674,1
Histogram-based Gradient Boosting,-3.5459650539173615,-3.607126017194057,1
Histogram-based Gradient Boosting,-1.385136327132139,-1.3634421614899697,1
Histogram-based Gradient Boosting,-2.4117878095891196,-2.3328095015525165,1
Histogram-based Gradient Boosting,-3.466783553422354,-2.1449405280270866,1
Histogram-based Gradient Boosting,-1.5213971031085405,-1.2832793014406851,1
Histogram-based Gradient Boosting,-1.069394064585742,-1.5752053569450128,1
Histogram-based Gradient Boosting,-1.4441845681180592,-1.1994739511212764,1
Histogram-based Gradient Boosting,-1.42943857964666,-1.4305140256415383,1
Histogram-based Gradient Boosting,-1.5625822596100025,-2.4408749136972965,1
Histogram-based Gradient Boosting,-2.7555635433899788,-2.894611299666157,1
Histogram-based Gradient Boosting,-1.4782087030212006,-1.6588229970448007,1
Histogram-based Gradient Boosting,-1.8011659603551675,-2.076248132815122,1
Histogram-based Gradient Boosting,-1.8350242298439021,-1.9779426059519356,1
Histogram-based Gradient Boosting,-3.1720823887102565,-3.2103485465420065,1
Histogram-based Gradient Boosting,-2.5142250705986213,-2.505483966676242,1
Histogram-based Gradient Boosting,-1.4115626764192806,-1.5860639764777205,1
Histogram-based Gradient Boosting,-2.4368442826786825,-2.377558935644268,1
Histogram-based Gradient Boosting,-1.7625310634593319,-1.6807889870597368,1
Histogram-based Gradient Boosting,-1.9745795534681516,-1.5233608205822968,1
Histogram-based Gradient Boosting,-0.5687544073603336,-1.6564560950512088,1
Histogram-based Gradient Boosting,-1.0937551186817627,-1.361841940975916,1
Histogram-based Gradient Boosting,-0.9349414936187838,-1.2089984302704249,1
Histogram-based Gradient Boosting,-2.001001072492525,-1.3868337164542848,1
Histogram-based Gradient Boosting,-2.536796608945731,-2.267579922282944,1
Histogram-based Gradient Boosting,-3.7986028756795487,-3.75053874683212,1
Histogram-based Gradient Boosting,-1.86662075613132,-2.3105130451006013,1
Histogram-based Gradient Boosting,-3.7692522846397316,-3.2791576760076198,1
Histogram-based Gradient Boosting,-1.421235229471209,-1.7338748035720635,1
Histogram-based Gradient Boosting,-2.034185120528877,-2.504212190426186,1
Histogram-based Gradient Boosting,-2.5910208366914373,-2.4953568834334483,1
Histogram-based Gradient Boosting,-2.560133846538238,-2.074445473862363,1
Histogram-based Gradient Boosting,-2.4706410072083687,-2.0478346096997693,1
Histogram-based Gradient Boosting,-1.2394237537905008,-1.7093144998671919,1
Histogram-based Gradient Boosting,-2.8947429719805546,-2.2801073194077013,1
Histogram-based Gradient Boosting,-1.4001202888111866,-1.5259366750413392,1
Histogram-based Gradient Boosting,-1.4180277802789096,-1.0839034279433837,1
Histogram-based Gradient Boosting,-0.9642747859315978,-1.0547327883409932,1
Histogram-based Gradient Boosting,-2.062592350526869,-2.318809521557435,1
Histogram-based Gradient Boosting,-1.5310782741493767,-1.2664646782446936,1
Histogram-based Gradient Boosting,-1.1301967317733737,-1.0266056500474312,1
Histogram-based Gradient Boosting,-2.174390400742264,-2.9129245702626907,1
Histogram-based Gradient Boosting,-1.8019484611556353,-1.2128175013782612,1
Histogram-based Gradient Boosting,-1.0639605458204757,-1.043809022852537,1
Histogram-based Gradient Boosting,-1.5609490414532068,-1.4779813179794927,1
Histogram-based Gradient Boosting,-1.1984184440476704,-1.1149462450620644,1
Histogram-based Gradient Boosting,-1.394827676426251,-1.8240864071444003,1
Histogram-based Gradient Boosting,-2.2488337964546146,-1.6653928729710512,1
Histogram-based Gradient Boosting,-3.744840908818875,-3.8623717968069893,1
Histogram-based Gradient Boosting,-3.8997432135729384,-3.53490911261099,1
Histogram-based Gradient Boosting,-1.7550940407409845,-1.701981415377955,1
Histogram-based Gradient Boosting,-1.7701752248722789,-1.679543269809854,1
Histogram-based Gradient Boosting,-2.540720473654946,-2.3940572719431508,1
Histogram-based Gradient Boosting,-3.6308973708676717,-3.4929894034312663,1
Histogram-based Gradient Boosting,-1.936404341844701,-1.6183148886100787,1
Histogram-based Gradient Boosting,-2.0916278587378,-1.7671740479756204,1
Histogram-based Gradient Boosting,-1.9715416460145745,-1.7620936656613273,1
Histogram-based Gradient Boosting,-1.6434286328720604,-2.1475723930307797,1
Histogram-based Gradient Boosting,-2.626594359719023,-2.610725629107893,1
Histogram-based Gradient Boosting,-2.2405786779424,-2.9089924159006193,1
Histogram-based Gradient Boosting,-2.300301079838426,-2.3439194480994483,1
Histogram-based Gradient Boosting,-1.2545644486474818,-1.4082089433885463,1
Histogram-based Gradient Boosting,-2.019028072917717,-2.18609973589122,1
Histogram-based Gradient Boosting,-3.3466707249611667,-3.003902895049176,1
Histogram-based Gradient Boosting,-2.8201877676993385,-2.4336868074098583,1
Histogram-based Gradient Boosting,-2.1622159208236154,-2.5870864289870226,1
Histogram-based Gradient Boosting,-3.8817848914990014,-4.054690787186832,1
Histogram-based Gradient Boosting,-2.3460680222446215,-1.7488505205440705,1
Histogram-based Gradient Boosting,-1.5226715493865826,-1.881725245477158,1
Histogram-based Gradient Boosting,-2.579721210352638,-2.481482559508516,1
Histogram-based Gradient Boosting,-2.26736728311359,-2.9727756766984057,1
Histogram-based Gradient Boosting,-1.356590498479473,-1.392201277504219,1
Histogram-based Gradient Boosting,-1.8668031693530753,-1.9645103109980118,1
Histogram-based Gradient Boosting,-1.928979817650206,-1.7281569032044946,1
Histogram-based Gradient Boosting,-1.8762488134939106,-1.8065359107843724,1
Histogram-based Gradient Boosting,-2.2270013364351495,-2.2213899683306995,1
Histogram-based Gradient Boosting,-2.0118859545996086,-1.5804639803680163,1
Histogram-based Gradient Boosting,-2.4520022992105748,-2.6917026584554624,1
Histogram-based Gradient Boosting,-4.059833781301273,-3.521969651331283,1
Histogram-based Gradient Boosting,-1.7581838126622393,-1.6278699305834123,1
Histogram-based Gradient Boosting,-1.4333467694862632,-1.6614538382443296,1
Histogram-based Gradient Boosting,-1.0942289641451028,-1.0629452950088951,1
Histogram-based Gradient Boosting,-1.5145266747759671,-1.5149742057309104,1
Histogram-based Gradient Boosting,-1.4566894173821427,-1.5738023960269925,1
Histogram-based Gradient Boosting,-4.059833781301273,-4.055999099674483,1
Histogram-based Gradient Boosting,-1.2054304558342028,-1.1194319056014508,1
Histogram-based Gradient Boosting,-1.8057322630823986,-2.266770087927083,1
Histogram-based Gradient Boosting,-3.31795786632659,-3.5830948921236154,1
Histogram-based Gradient Boosting,-1.9412408278950934,-2.480982114685,1
Histogram-based Gradient Boosting,-0.6894774956008592,-1.430277557086409,1
Histogram-based Gradient Boosting,-1.47951268111869,-1.4579283687081965,1
Histogram-based Gradient Boosting,-1.6189896501583372,-1.4720960925278879,1
Histogram-based Gradient Boosting,-2.1639051839291805,-1.873241809574376,1
Histogram-based Gradient Boosting,-2.5255934458757454,-2.678501058880937,1
Histogram-based Gradient Boosting,-3.064232839852069,-3.246420099912153,1
Histogram-based Gradient Boosting,-1.2183710988289476,-1.47710852306463,1
Histogram-based Gradient Boosting,-2.850003549488979,-3.309182043276505,1
Histogram-based Gradient Boosting,-1.6362623936895822,-1.5798829772849223,1
Histogram-based Gradient Boosting,-1.6374387034297335,-1.6989135763346301,1
Histogram-based Gradient Boosting,-1.4562179644760493,-1.4283156206419216,1
Histogram-based Gradient Boosting,-1.8884660362981867,-1.9454384566860705,1
Histogram-based Gradient Boosting,-1.514016684929528,-1.5783296263981326,1
Histogram-based Gradient Boosting,-1.428472864706594,-1.5993495105831534,1
Histogram-based Gradient Boosting,-2.152965298392503,-2.380928831916447,1
Histogram-based Gradient Boosting,-1.1090605687339063,-1.5125520672789272,1
Histogram-based Gradient Boosting,-1.8486158063184404,-2.139492319725068,1
Histogram-based Gradient Boosting,-1.3627172000570675,-1.4372611811965013,1
Histogram-based Gradient Boosting,-1.7772835288524167,-1.9652137327471564,1
Histogram-based Gradient Boosting,0.25792460161657743,-0.16363555205115396,1
Histogram-based Gradient Boosting,0.013270809352243309,-0.15317515391815362,1
Histogram-based Gradient Boosting,0.13858982128300762,-0.1969288925421369,1
Histogram-based Gradient Boosting,0.23583851209189552,0.1505588516086004,1
Histogram-based Gradient Boosting,-0.03690399983927772,0.03394818728838514,1
Histogram-based Gradient Boosting,0.23141740977050707,0.11993805592608443,1
Histogram-based Gradient Boosting,0.2733961152011059,-0.09513646374922569,1
Histogram-based Gradient Boosting,-1.5200924815934278,-1.705889835414448,1
Histogram-based Gradient Boosting,-1.7655110123526006,-1.8221869262455166,1
Histogram-based Gradient Boosting,-0.9771273167949791,-1.747483308637501,1
Histogram-based Gradient Boosting,-1.7181996551162337,-1.7466033416643068,1
Histogram-based Gradient Boosting,-1.5671957242975716,-1.5861157457031794,1
Histogram-based Gradient Boosting,-1.098047311203653,-1.6263288844139003,1
Histogram-based Gradient Boosting,-1.492201494031574,-1.6775168455971854,1
Histogram-based Gradient Boosting,-2.5395917281791975,-1.9607271652293363,1
Histogram-based Gradient Boosting,-2.0424559224697187,-1.6774298370574572,1
Histogram-based Gradient Boosting,-3.525699217034543,-3.4987290853081605,1
Histogram-based Gradient Boosting,-2.789746241172472,-2.760850804228159,1
Histogram-based Gradient Boosting,-1.5073537295089607,-1.6226050581145184,1
Histogram-based Gradient Boosting,-2.5479760718766045,-1.9971786383406227,1
Histogram-based Gradient Boosting,-3.8233531994782193,-3.8221680089581778,1
Histogram-based Gradient Boosting,-1.947863458882499,-2.271780983239128,1
Histogram-based Gradient Boosting,-1.1286832686838821,-1.7559497336227012,1
Histogram-based Gradient Boosting,-1.5240818424273839,-1.3989522846863425,1
Histogram-based Gradient Boosting,-1.3198484161479276,-1.1852520356518375,1
Histogram-based Gradient Boosting,-0.9468333037780922,-1.5945559507986393,1
Histogram-based Gradient Boosting,-0.8959678728621829,-1.492597990373822,1
Histogram-based Gradient Boosting,-0.7266296487986936,-1.2342211162698025,1
Histogram-based Gradient Boosting,-1.9406256000139548,-1.7711441353511823,1
Histogram-based Gradient Boosting,-0.7463040504271798,-2.2836402547535206,1
Histogram-based Gradient Boosting,-1.8459806844208395,-1.4131801677930202,1
Histogram-based Gradient Boosting,-1.1291381497161614,-1.2022397541665732,1
Histogram-based Gradient Boosting,-2.2646029664100515,-2.5950924516670533,1
Histogram-based Gradient Boosting,-1.1400317683551704,-0.9419134046504425,1
Histogram-based Gradient Boosting,-1.148825472087486,-0.9954297285196774,1
Histogram-based Gradient Boosting,-1.466507781947675,-1.896209356899312,1
Histogram-based Gradient Boosting,-0.37949908787793823,-0.712170792663383,1
Histogram-based Gradient Boosting,-0.6158874808696795,-0.6985719330628637,1
Histogram-based Gradient Boosting,-1.0884067327209506,-1.3733416441737738,1
Histogram-based Gradient Boosting,-1.3089106800327817,-1.3782558432854752,1
Histogram-based Gradient Boosting,-1.0940337585544895,-1.3641502674823516,1
Histogram-based Gradient Boosting,-1.9138112509675613,-2.0310708935239603,2
Histogram-based Gradient Boosting,-3.431262194557772,-3.3205912049343635,2
Histogram-based Gradient Boosting,-2.559953281626918,-1.981008920873097,2
Histogram-based Gradient Boosting,-1.169002914533462,-1.667588601348024,2
Histogram-based Gradient Boosting,-2.403452823620798,-2.4765183607559367,2
Histogram-based Gradient Boosting,-2.3969317709673565,-1.870874384861621,2
Histogram-based Gradient Boosting,-2.1263969370231783,-2.239279497567528,2
Histogram-based Gradient Boosting,-1.9492654506102318,-1.9069871367628026,2
Histogram-based Gradient Boosting,-2.2593946471787434,-2.0874798734206963,2
Histogram-based Gradient Boosting,-2.858166273095228,-2.3456805908165292,2
Histogram-based Gradient Boosting,-1.3240188516817268,-2.2361240926473704,2
Histogram-based Gradient Boosting,-3.3692782873859213,-3.4319625959555835,2
Histogram-based Gradient Boosting,-0.28950830319552845,-2.1121786108749663,2
Histogram-based Gradient Boosting,-0.9452141888163385,-1.0889837988642068,2
Histogram-based Gradient Boosting,-1.374139089297611,-1.291813881465964,2
Histogram-based Gradient Boosting,-1.680228158144333,-1.2673940592686457,2
Histogram-based Gradient Boosting,-3.4108437941069076,-3.252275339988275,2
Histogram-based Gradient Boosting,-1.1938637358837367,-1.3693359032090262,2
Histogram-based Gradient Boosting,-1.6571034663893656,-1.307820769994655,2
Histogram-based Gradient Boosting,-1.1131158581897997,-1.2353997310810936,2
Histogram-based Gradient Boosting,-1.8229892712376083,-1.8414759027612349,2
Histogram-based Gradient Boosting,-1.2696661993818519,-1.462377591838694,2
Histogram-based Gradient Boosting,-2.617367632441655,-2.1245008199279,2
Histogram-based Gradient Boosting,-2.3531252756425936,-2.4901873963295134,2
Histogram-based Gradient Boosting,-3.1597853454922076,-2.8188843297405013,2
Histogram-based Gradient Boosting,-2.6092962251353855,-2.1651924009763115,2
Histogram-based Gradient Boosting,-2.151509814945314,-2.6394488126908366,2
Histogram-based Gradient Boosting,-2.772379350111858,-2.6896875243689533,2
Histogram-based Gradient Boosting,-2.9142603715445343,-2.9844285815873675,2
Histogram-based Gradient Boosting,-3.0391954244610955,-3.247809128824926,2
Histogram-based Gradient Boosting,-1.4349038067728495,-2.1865493849283637,2
Histogram-based Gradient Boosting,-3.3816182003459216,-3.3470447982237808,2
Histogram-based Gradient Boosting,-2.1155432005946873,-2.237642960828668,2
Histogram-based Gradient Boosting,-0.6389033445220246,-0.7509007718486579,2
Histogram-based Gradient Boosting,0.1297019665778856,-0.5923018029258957,2
Histogram-based Gradient Boosting,-0.14570591755806434,-1.1695869141903525,2
Histogram-based Gradient Boosting,-0.3417701012907816,-0.7448479246566341,2
Histogram-based Gradient Boosting,-1.1159606660259742,-1.877302742369651,2
Histogram-based Gradient Boosting,-0.27744790362250854,-0.19718567908254228,2
Histogram-based Gradient Boosting,-2.931358924489361,-2.154902291445654,2
Histogram-based Gradient Boosting,-2.465962973225779,-1.9933549737649765,2
Histogram-based Gradient Boosting,-3.810574259769909,-3.143589199325327,2
Histogram-based Gradient Boosting,-3.1381335734004905,-3.0214769945369655,2
Histogram-based Gradient Boosting,-3.20721692140729,-2.345101298764079,2
Histogram-based Gradient Boosting,-2.3339531661956356,-2.3200142549409706,2
Histogram-based Gradient Boosting,-3.1668739337041876,-2.9417653789347615,2
Histogram-based Gradient Boosting,-1.624154843179839,-2.4923823326230368,2
Histogram-based Gradient Boosting,-2.778538031513268,-2.3508584839539273,2
Histogram-based Gradient Boosting,-2.492075482831661,-1.4271518452563015,2
Histogram-based Gradient Boosting,-2.845233778250056,-2.4517420937667747,2
Histogram-based Gradient Boosting,-1.1386989940333996,-1.2212888799251231,2
Histogram-based Gradient Boosting,-1.8319016673890882,-1.8374388455567217,2
Histogram-based Gradient Boosting,-1.0599038235929437,-1.5005681304701355,2
Histogram-based Gradient Boosting,-2.186006727498246,-2.078195127579584,2
Histogram-based Gradient Boosting,-2.7103007043055714,-2.2707066667834215,2
Histogram-based Gradient Boosting,-1.115836390766966,-1.1464677872719644,2
Histogram-based Gradient Boosting,-3.0605406542001403,-3.0184534365088815,2
Histogram-based Gradient Boosting,-1.5372443207314632,-1.3414048916144865,2
Histogram-based Gradient Boosting,-1.4370923600242806,-1.3361842895672225,2
Histogram-based Gradient Boosting,-3.434121498561107,-3.4200324798208683,2
Histogram-based Gradient Boosting,-2.3478691638008677,-2.341310377776882,2
Histogram-based Gradient Boosting,-1.8026465968079968,-1.6733245964464993,2
Histogram-based Gradient Boosting,-1.777268237794943,-1.4856747523727296,2
Histogram-based Gradient Boosting,-1.2886807788238237,-1.7422662292896973,2
Histogram-based Gradient Boosting,-1.3266108732423414,-1.4273207436331525,2
Histogram-based Gradient Boosting,-2.01828162271433,-1.9479309444775856,2
Histogram-based Gradient Boosting,-2.3918623308235594,-2.394047318761147,2
Histogram-based Gradient Boosting,-3.6203410251864447,-3.321084999075268,2
Histogram-based Gradient Boosting,-2.5986223809209954,-2.373284424019159,2
Histogram-based Gradient Boosting,-2.7186459189940226,-2.687306264705774,2
Histogram-based Gradient Boosting,-3.52120992195253,-2.881083326159415,2
Histogram-based Gradient Boosting,-2.2669235674490644,-2.534003806025205,2
Histogram-based Gradient Boosting,-3.302921552819786,-2.9419885911112647,2
Histogram-based Gradient Boosting,-2.9303729669440868,-2.3869268790906526,2
Histogram-based Gradient Boosting,-2.4555313487080666,-2.129067229167856,2
Histogram-based Gradient Boosting,-2.457678098889193,-1.7625018422202665,2
Histogram-based Gradient Boosting,-3.2590502255091702,-2.9013142184331144,2
Histogram-based Gradient Boosting,-1.3160847906164357,-1.66976124299515,2
Histogram-based Gradient Boosting,-3.5222913974306227,-3.4774836331482684,2
Histogram-based Gradient Boosting,-1.9704478542261563,-1.8799973221065338,2
Histogram-based Gradient Boosting,-3.216247878762871,-2.852658013856887,2
Histogram-based Gradient Boosting,-1.7751555586449395,-2.1570556992952743,2
Histogram-based Gradient Boosting,-1.9381605982067327,-2.193992022523941,2
Histogram-based Gradient Boosting,-3.4161712191583424,-3.156481633629099,2
Histogram-based Gradient Boosting,-2.182199963303041,-2.0799772033447654,2
Histogram-based Gradient Boosting,-2.644753893986956,-2.798830478482523,2
Histogram-based Gradient Boosting,-2.988535711454289,-3.143330660279467,2
Histogram-based Gradient Boosting,-1.987977989665314,-2.8178124696643767,2
Histogram-based Gradient Boosting,-2.9741896629359488,-2.1921848074759778,2
Histogram-based Gradient Boosting,-2.287736284945912,-2.4409437714159288,2
Histogram-based Gradient Boosting,-3.4715139529702097,-2.7073931787687155,2
Histogram-based Gradient Boosting,-2.1081088952398566,-1.9817673787094536,2
Histogram-based Gradient Boosting,-3.1495014132834878,-3.299584528035249,2
Histogram-based Gradient Boosting,-2.7669040895368373,-2.48058953967615,2
Histogram-based Gradient Boosting,-2.0559062448512155,-2.106017159220742,2
Histogram-based Gradient Boosting,-1.262358754468822,-1.6762066107578149,2
Histogram-based Gradient Boosting,-2.618445069067542,-2.556175316658229,2
Histogram-based Gradient Boosting,-3.8287505085021976,-4.09250525297619,2
Histogram-based Gradient Boosting,-1.955139967558483,-2.034472632134568,2
Histogram-based Gradient Boosting,-2.9211605333956863,-3.088700543308174,2
Histogram-based Gradient Boosting,-2.110664900131247,-1.8597172372076605,2
Histogram-based Gradient Boosting,-1.7883466398341077,-1.880022902313831,2
Histogram-based Gradient Boosting,-1.2400249421136365,-2.1371214111838612,2
Histogram-based Gradient Boosting,-1.3982848993986936,-1.727953143929794,2
Histogram-based Gradient Boosting,-3.3980931244651527,-2.698407705157501,2
Histogram-based Gradient Boosting,-2.728175115284189,-2.6137336920129433,2
Histogram-based Gradient Boosting,-1.1893279510795818,-1.480008951085467,2
Histogram-based Gradient Boosting,-3.7834435403498214,-3.5110653448756035,2
Histogram-based Gradient Boosting,-1.3819820537899474,-1.4321117443167861,2
Histogram-based Gradient Boosting,-1.5213971031085405,-2.3102486115691203,2
Histogram-based Gradient Boosting,-2.1142795046940637,-2.048810182390148,2
Histogram-based Gradient Boosting,-1.9458635904251336,-1.8483910387633122,2
Histogram-based Gradient Boosting,-2.9206523063014074,-2.633864813640928,2
Histogram-based Gradient Boosting,-1.2662523005170878,-1.5065317772408142,2
Histogram-based Gradient Boosting,-1.3195712003583318,-1.3082990159891954,2
Histogram-based Gradient Boosting,-1.8441291379223155,-1.9388564205282388,2
Histogram-based Gradient Boosting,-3.926105768520805,-3.981791480329502,2
Histogram-based Gradient Boosting,-2.646263945417837,-2.2855627433232004,2
Histogram-based Gradient Boosting,-2.635540187918821,-2.457869982311239,2
Histogram-based Gradient Boosting,-1.9718622007532294,-1.8997833326734248,2
Histogram-based Gradient Boosting,-1.2185345221225936,-1.7781865859302486,2
Histogram-based Gradient Boosting,-1.840084037547579,-2.0586178863311666,2
Histogram-based Gradient Boosting,-1.3267843126055872,-1.9030304098448778,2
Histogram-based Gradient Boosting,-2.099963060637607,-2.1844354571991196,2
Histogram-based Gradient Boosting,-2.7671936491741276,-2.5755759583598676,2
Histogram-based Gradient Boosting,-3.2877805976748804,-3.2198360909047246,2
Histogram-based Gradient Boosting,-3.390442939572028,-3.561354000728392,2
Histogram-based Gradient Boosting,-1.1441412885613946,-1.8716124445897566,2
Histogram-based Gradient Boosting,-2.00821940080217,-1.767453544333162,2
Histogram-based Gradient Boosting,-1.4215944093236903,-1.8340699495319488,2
Histogram-based Gradient Boosting,-1.5708763680120374,-1.652774576522462,2
Histogram-based Gradient Boosting,-1.1521693207507044,-0.9567281434512513,2
Histogram-based Gradient Boosting,-4.219679806977318,-3.9492679028179554,2
Histogram-based Gradient Boosting,-2.1782870563447125,-2.1152508695501067,2
Histogram-based Gradient Boosting,-2.9206284299141125,-2.67036801800883,2
Histogram-based Gradient Boosting,-1.386590637896301,-1.6862645885498087,2
Histogram-based Gradient Boosting,-1.6958725916338202,-2.4952264688230903,2
Histogram-based Gradient Boosting,-1.2158410977813483,-1.2929226965660088,2
Histogram-based Gradient Boosting,-3.392655441034186,-3.0945767541902165,2
Histogram-based Gradient Boosting,-1.5110863339963716,-2.2267245821786843,2
Histogram-based Gradient Boosting,-2.672496188704653,-2.0660522034926303,2
Histogram-based Gradient Boosting,-1.3310146489007124,-1.387156253809128,2
Histogram-based Gradient Boosting,-1.2503305415619155,-1.3225529062926957,2
Histogram-based Gradient Boosting,-1.3168403571338247,-1.4943169174417286,2
Histogram-based Gradient Boosting,-3.6688623296866587,-2.785707688460073,2
Histogram-based Gradient Boosting,-1.9811271489159006,-1.9173338866500078,2
Histogram-based Gradient Boosting,-1.3693953613978682,-1.6779792476910051,2
Histogram-based Gradient Boosting,-1.493245786531943,-1.3109833966708677,2
Histogram-based Gradient Boosting,-3.312493333735544,-2.8412409812893333,2
Histogram-based Gradient Boosting,-1.8035282856682657,-1.5912214302133316,2
Histogram-based Gradient Boosting,-1.4337063496845048,-2.046602950392388,2
Histogram-based Gradient Boosting,-1.543738042979891,-1.5259744385241398,2
Histogram-based Gradient Boosting,-1.3448674070651871,-1.5355608293790035,2
Histogram-based Gradient Boosting,-1.709300425196423,-1.757631546723606,2
Histogram-based Gradient Boosting,-1.2530119718858257,-1.4313083532574356,2
Histogram-based Gradient Boosting,-3.4366316559477377,-3.185490665144401,2
Histogram-based Gradient Boosting,-1.525605260081181,-1.8887514026647136,2
Histogram-based Gradient Boosting,-2.653759917660552,-2.0165601897054803,2
Histogram-based Gradient Boosting,-2.6904826786431757,-3.2894281638835836,2
Histogram-based Gradient Boosting,-3.3707035768809224,-3.7106821235985965,2
Histogram-based Gradient Boosting,-3.744840908818875,-3.225984974674678,2
Histogram-based Gradient Boosting,-3.3980116731740355,-2.6978795973827236,2
Histogram-based Gradient Boosting,-2.8217593886833527,-2.0721136630301245,2
Histogram-based Gradient Boosting,-3.233202110369878,-2.8666519176132326,2
Histogram-based Gradient Boosting,-2.345229430009625,-1.6255161857324996,2
Histogram-based Gradient Boosting,-1.8175258287604161,-1.5070750815622078,2
Histogram-based Gradient Boosting,-3.6924119784161333,-2.7731940722155346,2
Histogram-based Gradient Boosting,-3.3980116731740355,-3.0993143672768935,2
Histogram-based Gradient Boosting,-2.033677685255944,-2.0223551315753228,2
Histogram-based Gradient Boosting,-3.290189204280069,-2.8851968710470026,2
Histogram-based Gradient Boosting,-2.1032881447661516,-2.0583747257184446,2
Histogram-based Gradient Boosting,-2.0864005407417032,-1.9648599817045689,2
Histogram-based Gradient Boosting,-1.7083201719567802,-1.5005817641991748,2
Histogram-based Gradient Boosting,-3.2402151004002007,-3.2098186702364595,2
Histogram-based Gradient Boosting,-1.4643518021071489,-1.6342663035237484,2
Histogram-based Gradient Boosting,-1.7246442506203672,-1.483826789439247,2
Histogram-based Gradient Boosting,-1.2662407394987067,-1.530081495734265,2
Histogram-based Gradient Boosting,-2.1633711620778806,-2.2916571685963207,2
Histogram-based Gradient Boosting,-4.056947918112584,-3.9225773430351385,2
Histogram-based Gradient Boosting,-2.5585788782984222,-2.0958163724179966,2
Histogram-based Gradient Boosting,-3.844232919056576,-3.2371668964866753,2
Histogram-based Gradient Boosting,-1.5650830494456354,-1.4921630798997674,2
Histogram-based Gradient Boosting,-1.6895586727819518,-1.8541383067107264,2
Histogram-based Gradient Boosting,-2.22015815118179,-1.9016295963783407,2
Histogram-based Gradient Boosting,-2.0742842332450646,-2.2220454730584103,2
Histogram-based Gradient Boosting,-2.833475754814589,-2.454346180072755,2
Histogram-based Gradient Boosting,-0.9490993255496558,-1.1429707240422566,2
Histogram-based Gradient Boosting,-3.184747097908846,-3.333925041457497,2
Histogram-based Gradient Boosting,-1.5363868405196788,-1.3683152737772697,2
Histogram-based Gradient Boosting,-1.2025079170212445,-1.560350428498195,2
Histogram-based Gradient Boosting,-1.2165796349138172,-1.3882335993657517,2
Histogram-based Gradient Boosting,-3.0397590359811644,-2.7669822446169228,2
Histogram-based Gradient Boosting,-2.314076075024747,-2.362361900489282,2
Histogram-based Gradient Boosting,-3.6368695830464484,-3.7726772914333404,2
Histogram-based Gradient Boosting,-2.122395441870392,-1.777591125396683,2
Histogram-based Gradient Boosting,-3.05329283374744,-2.81934096334253,2
Histogram-based Gradient Boosting,-1.4262388316017447,-1.2415575156606267,2
Histogram-based Gradient Boosting,-1.9499388302923257,-2.303219823051557,2
Histogram-based Gradient Boosting,-2.740096874062147,-2.5221011714422024,2
Histogram-based Gradient Boosting,-1.4541338573389984,-1.5198279154319185,2
Histogram-based Gradient Boosting,-3.3625502994733605,-3.1613382031107853,2
Histogram-based Gradient Boosting,-0.9486409221793155,-1.9220873281064572,2
Histogram-based Gradient Boosting,-0.39778171004309776,-0.21334191240110795,2
Histogram-based Gradient Boosting,0.11059120541434526,0.10450742072637356,2
Histogram-based Gradient Boosting,0.011790398005349874,0.0460532100826164,2
Histogram-based Gradient Boosting,-0.5442825169537446,-0.26817397180776176,2
Histogram-based Gradient Boosting,-3.6464665167152384,-3.505811603999142,2
Histogram-based Gradient Boosting,-1.181419364072578,-1.236867801995071,2
Histogram-based Gradient Boosting,-1.4739374796247893,-1.3950841494584678,2
Histogram-based Gradient Boosting,-3.1657421077804533,-3.1777517208132395,2
Histogram-based Gradient Boosting,-1.6314222073485498,-1.6823810365838334,2
Histogram-based Gradient Boosting,-2.642143447351316,-2.182366718646447,2
Histogram-based Gradient Boosting,-2.297622719595401,-2.0997711431709996,2
Histogram-based Gradient Boosting,-1.621304790891127,-1.8129492164342558,2
Histogram-based Gradient Boosting,-1.1820723340995358,-1.4184913327204445,2
Histogram-based Gradient Boosting,-3.4519129118061063,-2.963203053926103,2
Histogram-based Gradient Boosting,-1.816712585545078,-2.0985485143062035,2
Histogram-based Gradient Boosting,-2.2038635814094025,-1.7730100715673436,2
Histogram-based Gradient Boosting,-2.6216055516158603,-2.6787928712008844,2
Histogram-based Gradient Boosting,-1.1078591195735359,-1.2311055222822058,2
Histogram-based Gradient Boosting,-1.862548056774303,-2.052329107864574,2
Histogram-based Gradient Boosting,-1.1009937914140275,-1.2750255332067237,2
Histogram-based Gradient Boosting,-1.6695950343945678,-1.4892024213205977,2
Histogram-based Gradient Boosting,-1.455583530702784,-1.3243647797460643,2
Histogram-based Gradient Boosting,-1.852111989478871,-1.9253651642725271,2
Histogram-based Gradient Boosting,-2.103347370511212,-2.0427914920009678,2
Histogram-based Gradient Boosting,-1.7472661616036533,-1.8044855217387736,2
Histogram-based Gradient Boosting,-2.088287115891733,-2.4389070843538447,2
Histogram-based Gradient Boosting,-2.176623074126691,-2.3471978428025144,2
Histogram-based Gradient Boosting,-1.5290505627346085,-1.120290141173141,2
Histogram-based Gradient Boosting,-1.10868225389701,-1.0135102594008527,2
Histogram-based Gradient Boosting,-1.5674558687076858,-1.28559241842149,2
Histogram-based Gradient Boosting,-1.1998361610596366,-1.2312078905179675,2
Histogram-based Gradient Boosting,-1.28375174993668,-1.3488308688605277,2
Histogram-based Gradient Boosting,-1.3198484161479276,-1.2750609650187017,2
Histogram-based Gradient Boosting,-1.6322137070153477,-1.6932800778978725,2
Histogram-based Gradient Boosting,-1.3198484161479276,-1.4443904722970093,2
Histogram-based Gradient Boosting,-0.8769725367904692,-1.1455103141767438,2
Histogram-based Gradient Boosting,-1.629049819754814,-2.3918519890153553,2
Histogram-based Gradient Boosting,-3.151893437607053,-3.7575238011484116,2
Histogram-based Gradient Boosting,-2.14182332020342,-2.451833315398277,2
Histogram-based Gradient Boosting,-2.348164353297759,-2.134363949305521,2
Histogram-based Gradient Boosting,-1.8036577587890321,-1.3759997234794854,2
Histogram-based Gradient Boosting,-0.9172146296835499,-1.3722535765527324,2
Histogram-based Gradient Boosting,-1.483088664742514,-1.5056628946368407,2
Histogram-based Gradient Boosting,-2.723197328038221,-2.6097804774148794,2
Histogram-based Gradient Boosting,-3.1791288900792822,-2.2580730048214943,2
Histogram-based Gradient Boosting,-1.7998312883961207,-1.7745185469162486,2
Histogram-based Gradient Boosting,-1.0748372190236377,-0.820094333546592,2
Histogram-based Gradient Boosting,-0.4819145002205912,-0.8258545471179453,2
Histogram-based Gradient Boosting,-1.025762740954669,-1.019132864660949,2
Histogram-based Gradient Boosting,-0.6143935172969877,-0.9501764713878398,2
Histogram-based Gradient Boosting,-0.14567163968046612,-1.2154310461034876,2
Histogram-based Gradient Boosting,-1.530055677420101,-1.4897907796622405,2
Histogram-based Gradient Boosting,-1.9652557068613081,-2.2423633041898867,2
Histogram-based Gradient Boosting,-3.241946952668458,-2.6728728919970197,2
Histogram-based Gradient Boosting,-1.0775646199327256,-1.8052922264731555,2
Histogram-based Gradient Boosting,-0.988626069420939,-1.2027340121963737,2
Histogram-based Gradient Boosting,-1.4154063781902113,-1.5588721998366313,2
Histogram-based Gradient Boosting,-2.703826191329584,-1.614817847388103,3
Histogram-based Gradient Boosting,-3.431262194557772,-3.169192129500079,3
Histogram-based Gradient Boosting,-2.3969317709673565,-2.069037774485567,3
Histogram-based Gradient Boosting,-2.642729293000293,-2.375667170991735,3
Histogram-based Gradient Boosting,-2.158822044993741,-2.1062106991808975,3
Histogram-based Gradient Boosting,-2.7922905193547125,-2.256063392632187,3
Histogram-based Gradient Boosting,-3.120277513484956,-2.7200333473471345,3
Histogram-based Gradient Boosting,-1.5321588732385725,-1.4181170229367515,3
Histogram-based Gradient Boosting,-1.524080623031204,-1.5520187798833096,3
Histogram-based Gradient Boosting,-0.32212322804184973,-1.2080812537151842,3
Histogram-based Gradient Boosting,-1.5530374141251506,-1.0660154061705536,3
Histogram-based Gradient Boosting,-1.7566657394319904,-1.5542376812351977,3
Histogram-based Gradient Boosting,-1.9196885629650766,-1.6681325212821396,3
Histogram-based Gradient Boosting,-1.496009274431816,-1.5461023053587923,3
Histogram-based Gradient Boosting,-0.22901321309844905,-1.1909848230375621,3
Histogram-based Gradient Boosting,-1.4091232046942341,-1.3874306336133848,3
Histogram-based Gradient Boosting,-3.2180472636163895,-3.2962076567391154,3
Histogram-based Gradient Boosting,-2.3529321054630254,-1.9148743984891372,3
Histogram-based Gradient Boosting,-1.1345513868310089,-1.4229396722293213,3
Histogram-based Gradient Boosting,-1.0056334760903496,-1.340306807055606,3
Histogram-based Gradient Boosting,-2.808030042713029,-2.446571747903074,3
Histogram-based Gradient Boosting,-3.2834449518405893,-3.2031210060055337,3
Histogram-based Gradient Boosting,-2.9688776583453143,-2.5783696656311954,3
Histogram-based Gradient Boosting,-2.0569241023003397,-2.01949547917965,3
Histogram-based Gradient Boosting,-2.5901613502180045,-2.7496435847332887,3
Histogram-based Gradient Boosting,-0.2659675601094114,-0.5333033033404583,3
Histogram-based Gradient Boosting,-0.19201915469350456,-0.26859834182825176,3
Histogram-based Gradient Boosting,-0.7545795752718538,-1.0002192774900027,3
Histogram-based Gradient Boosting,-2.2882000233155653,-2.3247677607618193,3
Histogram-based Gradient Boosting,-1.9101052340727014,-2.514430967218788,3
Histogram-based Gradient Boosting,-1.1731208384522849,-1.858850790197468,3
Histogram-based Gradient Boosting,-1.9615865844075526,-2.3159552277981565,3
Histogram-based Gradient Boosting,-1.2279630916135922,-1.7053938603505407,3
Histogram-based Gradient Boosting,-2.209721593275448,-2.327469977074051,3
Histogram-based Gradient Boosting,-1.4735211762278637,-1.756878585234689,3
Histogram-based Gradient Boosting,-2.0468682910310587,-2.4234060265020068,3
Histogram-based Gradient Boosting,-3.447382880362,-3.3532462463739328,3
Histogram-based Gradient Boosting,-2.9119908501955227,-2.9144381128474612,3
Histogram-based Gradient Boosting,-3.2474583508182433,-3.1110925877594524,3
Histogram-based Gradient Boosting,-3.9019276346378216,-3.50127792207076,3
Histogram-based Gradient Boosting,-2.6788398129059168,-2.359096184964559,3
Histogram-based Gradient Boosting,-1.3158802108242549,-1.3708649254411922,3
Histogram-based Gradient Boosting,-2.048440290036772,-1.8664547424915443,3
Histogram-based Gradient Boosting,-1.4542413778154994,-1.7223362964723432,3
Histogram-based Gradient Boosting,-3.873453012328298,-3.8077803848143055,3
Histogram-based Gradient Boosting,-1.3870823799964922,-1.4202990898478447,3
Histogram-based Gradient Boosting,-1.7028254486283225,-1.747011447441037,3
Histogram-based Gradient Boosting,-1.1251042517136252,-1.3451073298536365,3
Histogram-based Gradient Boosting,-1.392520817816124,-1.5080954058653657,3
Histogram-based Gradient Boosting,-2.6799272800459657,-2.267857685355162,3
Histogram-based Gradient Boosting,-3.302921552819786,-2.9813461824812886,3
Histogram-based Gradient Boosting,-3.7342838339347466,-3.538523860945993,3
Histogram-based Gradient Boosting,-3.7342838339347466,-3.6745404531091075,3
Histogram-based Gradient Boosting,-3.52120992195253,-2.808575631754081,3
Histogram-based Gradient Boosting,-2.2476183878149794,-2.692171984564359,3
Histogram-based Gradient Boosting,-3.6203410251864447,-3.314364374242056,3
Histogram-based Gradient Boosting,-3.007286136495451,-2.578068071088604,3
Histogram-based Gradient Boosting,-3.5222913974306227,-3.0841008665292997,3
Histogram-based Gradient Boosting,-2.5342163548062593,-2.417390464955412,3
Histogram-based Gradient Boosting,-3.6472310978345055,-2.892836483608346,3
Histogram-based Gradient Boosting,-3.9730828630218453,-3.7532473701785807,3
Histogram-based Gradient Boosting,-1.6536721058017216,-1.778702143372176,3
Histogram-based Gradient Boosting,-1.5623567401916558,-1.6831674579479672,3
Histogram-based Gradient Boosting,-1.2543892714743548,-1.5296148411553534,3
Histogram-based Gradient Boosting,-1.5942049925158137,-1.7607048033939878,3
Histogram-based Gradient Boosting,-1.706119540338668,-2.0239852246788246,3
Histogram-based Gradient Boosting,-1.6698969598127007,-1.9889565170894525,3
Histogram-based Gradient Boosting,-3.7105715966505453,-3.7160932133767353,3
Histogram-based Gradient Boosting,-2.236090057320799,-2.1127033103163066,3
Histogram-based Gradient Boosting,-3.2996658499018485,-2.6546838036798293,3
Histogram-based Gradient Boosting,-2.5339607001524365,-2.0395685891351802,3
Histogram-based Gradient Boosting,-3.688222835963096,-2.7918880504998898,3
Histogram-based Gradient Boosting,-3.159004262647741,-2.8201556090062176,3
Histogram-based Gradient Boosting,-3.339134521996131,-2.241952202613522,3
Histogram-based Gradient Boosting,-1.5371060964041248,-2.2016647055583256,3
Histogram-based Gradient Boosting,-4.043611115346274,-3.699931781524818,3
Histogram-based Gradient Boosting,-1.7478447295977892,-2.4066677543732538,3
Histogram-based Gradient Boosting,-2.848471723996311,-2.444987713720951,3
Histogram-based Gradient Boosting,-1.2684519185896421,-1.4809270405402144,3
Histogram-based Gradient Boosting,-3.190894343543139,-2.4932764262320726,3
Histogram-based Gradient Boosting,-1.5518607813097591,-1.7514063737188819,3
Histogram-based Gradient Boosting,-2.8197963948012763,-2.876389419565395,3
Histogram-based Gradient Boosting,-1.6846961468463335,-2.088982650431489,3
Histogram-based Gradient Boosting,-1.6379527351562522,-1.8955522515258036,3
Histogram-based Gradient Boosting,-1.4722472768836088,-1.7525473448357596,3
Histogram-based Gradient Boosting,-1.7883466398341077,-2.110467294020048,3
Histogram-based Gradient Boosting,-1.3580712288885752,-1.4102909105385568,3
Histogram-based Gradient Boosting,-1.7983538696326367,-1.832213585126488,3
Histogram-based Gradient Boosting,-2.0615953180564492,-2.2614565610585715,3
Histogram-based Gradient Boosting,-1.512256636766295,-1.5372644456529532,3
Histogram-based Gradient Boosting,-2.2414236426625673,-2.043343414132567,3
Histogram-based Gradient Boosting,-2.9187956800017982,-2.7754831988518442,3
Histogram-based Gradient Boosting,-2.728175115284189,-2.180379841676953,3
Histogram-based Gradient Boosting,-1.556016572040716,-1.3329597251628904,3
Histogram-based Gradient Boosting,-2.5430732387631334,-2.470852984526022,3
Histogram-based Gradient Boosting,-1.1134303475678107,-1.1640812516693708,3
Histogram-based Gradient Boosting,-1.945720453842236,-1.9872513481308511,3
Histogram-based Gradient Boosting,-3.5459650539173615,-3.570576542837339,3
Histogram-based Gradient Boosting,-3.739785461604827,-3.908906667680491,3
Histogram-based Gradient Boosting,-3.739785461604827,-3.442833292120068,3
Histogram-based Gradient Boosting,-2.8343485837796827,-2.2463208092371505,3
Histogram-based Gradient Boosting,-1.2834663142150111,-1.8490211353035613,3
Histogram-based Gradient Boosting,-2.2151453721747094,-1.7924444518726077,3
Histogram-based Gradient Boosting,-1.2175444827866113,-1.36000289799433,3
Histogram-based Gradient Boosting,-1.8555915719713854,-1.5832521190830222,3
Histogram-based Gradient Boosting,-1.3434220574020639,-1.540800524887848,3
Histogram-based Gradient Boosting,-1.2303723324828062,-1.751809988940827,3
Histogram-based Gradient Boosting,-1.0807113206322263,-1.458306783457936,3
Histogram-based Gradient Boosting,-3.4629936067206395,-3.267086107546914,3
Histogram-based Gradient Boosting,-3.0153277959856664,-2.313335047894502,3
Histogram-based Gradient Boosting,-1.790442094293253,-1.7248775070609432,3
Histogram-based Gradient Boosting,-2.484467237840419,-2.088002620250269,3
Histogram-based Gradient Boosting,-1.7892523214132656,-1.7775600589947922,3
Histogram-based Gradient Boosting,-2.0630158256502544,-1.7977048199185148,3
Histogram-based Gradient Boosting,-1.9011407722544549,-2.5107889586344845,3
Histogram-based Gradient Boosting,-1.015474675864504,-1.3237196601653476,3
Histogram-based Gradient Boosting,-2.9171991963522217,-3.0236052878661575,3
Histogram-based Gradient Boosting,-1.737359048801603,-1.9956458827942547,3
Histogram-based Gradient Boosting,-1.4285635434183963,-2.111099757818337,3
Histogram-based Gradient Boosting,-1.3467292946628289,-2.00024406038284,3
Histogram-based Gradient Boosting,-0.7705521408719755,-1.1534279347714722,3
Histogram-based Gradient Boosting,-0.6538319472043919,-1.0279999830425277,3
Histogram-based Gradient Boosting,-3.054246410327101,-3.0281781740005775,3
Histogram-based Gradient Boosting,-3.352587686654944,-2.728437556376716,3
Histogram-based Gradient Boosting,-2.8641555620169683,-2.665211284842064,3
Histogram-based Gradient Boosting,-2.2151887800651093,-2.1827391385264963,3
Histogram-based Gradient Boosting,-1.3544637580442256,-1.5533995998717396,3
Histogram-based Gradient Boosting,-1.9945993491296803,-2.4116244668289015,3
Histogram-based Gradient Boosting,-1.7139014654061842,-1.9537011691581194,3
Histogram-based Gradient Boosting,-1.9090244195663402,-1.9637242907294432,3
Histogram-based Gradient Boosting,-3.0607359079332865,-3.6116520150198648,3
Histogram-based Gradient Boosting,-2.647947017470284,-1.7483560221939138,3
Histogram-based Gradient Boosting,-1.6292558354409146,-1.6891883307599254,3
Histogram-based Gradient Boosting,-2.4951902617888977,-2.054355025843207,3
Histogram-based Gradient Boosting,-2.0893959764848726,-1.93552955610765,3
Histogram-based Gradient Boosting,-1.366206440166372,-1.492731070939591,3
Histogram-based Gradient Boosting,-4.0490653862997,-3.7901205586823163,3
Histogram-based Gradient Boosting,-1.302742708063045,-1.5421587155859733,3
Histogram-based Gradient Boosting,-0.7420831923821466,-1.394879410174887,3
Histogram-based Gradient Boosting,-1.318606216338379,-1.3830345212849806,3
Histogram-based Gradient Boosting,-1.270721247267063,-1.4061435499289192,3
Histogram-based Gradient Boosting,-0.975127284906683,-1.2060107247744596,3
Histogram-based Gradient Boosting,-1.0144370432648293,-1.9830925606786796,3
Histogram-based Gradient Boosting,-3.6419813498697473,-3.5023974568489464,3
Histogram-based Gradient Boosting,-1.4399552960568784,-1.949255866506,3
Histogram-based Gradient Boosting,-1.351662241081682,-1.688617542356491,3
Histogram-based Gradient Boosting,-1.0624918421054752,-1.4160812533040872,3
Histogram-based Gradient Boosting,-1.1177693107076099,-1.2086475723741068,3
Histogram-based Gradient Boosting,-1.917076538816309,-2.221793066788671,3
Histogram-based Gradient Boosting,-2.04835547456192,-2.5300878133414377,3
Histogram-based Gradient Boosting,-2.0995080091454192,-2.263733170820333,3
Histogram-based Gradient Boosting,-1.8171279243372191,-2.5519758142025015,3
Histogram-based Gradient Boosting,-2.5884932589587586,-2.6517726803893495,3
Histogram-based Gradient Boosting,-2.258173837778395,-2.8055378180679402,3
Histogram-based Gradient Boosting,-2.436631774638256,-2.2191426559113427,3
Histogram-based Gradient Boosting,-2.568749167088006,-2.0358178154375195,3
Histogram-based Gradient Boosting,-2.443810430479706,-2.2855352420291997,3
Histogram-based Gradient Boosting,-3.233202110369878,-2.870969600377513,3
Histogram-based Gradient Boosting,-2.5444075781780136,-2.8447640925816136,3
Histogram-based Gradient Boosting,-1.945164608357066,-2.1971411006743864,3
Histogram-based Gradient Boosting,-2.2313771400186773,-2.3649034349508735,3
Histogram-based Gradient Boosting,-2.9710072633433735,-2.4903357408333266,3
Histogram-based Gradient Boosting,-3.290189204280069,-3.0269057950272433,3
Histogram-based Gradient Boosting,-2.3582852103076553,-2.306070074017301,3
Histogram-based Gradient Boosting,-3.4116117497612004,-2.6720120180134206,3
Histogram-based Gradient Boosting,-3.7268829315132583,-3.413772235267295,3
Histogram-based Gradient Boosting,-3.4116117497612004,-3.49232246343292,3
Histogram-based Gradient Boosting,-1.3308187576670196,-1.6754786675673126,3
Histogram-based Gradient Boosting,-1.95795837174818,-1.9361072939355837,3
Histogram-based Gradient Boosting,-2.0645418092014314,-2.091145632611368,3
Histogram-based Gradient Boosting,-1.753896033344213,-1.67088623175897,3
Histogram-based Gradient Boosting,-1.1848306140119889,-1.5578140766894233,3
Histogram-based Gradient Boosting,-1.5951494590693263,-2.242788503757483,3
Histogram-based Gradient Boosting,-1.6404184550270633,-1.8285937009079583,3
Histogram-based Gradient Boosting,-2.7766733448672327,-2.4492492789770237,3
Histogram-based Gradient Boosting,-4.059833781301273,-3.73155193827591,3
Histogram-based Gradient Boosting,-2.5783960731301687,-2.5437749940196377,3
Histogram-based Gradient Boosting,-2.1956618739690814,-2.0778064916274754,3
Histogram-based Gradient Boosting,-3.1090516644066044,-2.5236653091292363,3
Histogram-based Gradient Boosting,-1.9644153443855357,-2.08689044939459,3
Histogram-based Gradient Boosting,-3.393048191942752,-2.894259766912174,3
Histogram-based Gradient Boosting,-2.292547184423849,-2.6405127206030894,3
Histogram-based Gradient Boosting,-1.717711472714874,-1.5396846843021723,3
Histogram-based Gradient Boosting,-1.9603652993893874,-1.9682433150715626,3
Histogram-based Gradient Boosting,-1.8196475705694013,-2.0858256462274403,3
Histogram-based Gradient Boosting,-1.1149880354485275,-1.2873338063185469,3
Histogram-based Gradient Boosting,-1.8074474879886533,-1.9951706206359423,3
Histogram-based Gradient Boosting,-1.2067214626499687,-1.399571097578252,3
Histogram-based Gradient Boosting,-1.5281785967617054,-1.4442355967041818,3
Histogram-based Gradient Boosting,-1.1026053129321816,-1.1958433900475873,3
Histogram-based Gradient Boosting,-3.312017362295172,-3.468745620476455,3
Histogram-based Gradient Boosting,-1.7997913808340749,-1.681494839044694,3
Histogram-based Gradient Boosting,-0.7797693247910334,-1.0043037292847419,3
Histogram-based Gradient Boosting,-1.2800471306587051,-1.4856362919364376,3
Histogram-based Gradient Boosting,-2.2355646390433175,-1.305973329698371,3
Histogram-based Gradient Boosting,-2.0008832971741093,-1.8416782490590602,3
Histogram-based Gradient Boosting,-3.05329283374744,-3.2081874110129185,3
Histogram-based Gradient Boosting,-2.4796814387852613,-2.3683749889551557,3
Histogram-based Gradient Boosting,-3.7618083196547483,-3.2855488057272684,3
Histogram-based Gradient Boosting,-2.190142441306164,-1.962424353453395,3
Histogram-based Gradient Boosting,-2.006498035079166,-1.7402325405856187,3
Histogram-based Gradient Boosting,-2.2355646390433175,-2.0557967235978394,3
Histogram-based Gradient Boosting,-1.391500388590343,-1.497761038382986,3
Histogram-based Gradient Boosting,-2.3371392715991264,-2.341150743375915,3
Histogram-based Gradient Boosting,-1.1895507451644802,-1.2892166141059986,3
Histogram-based Gradient Boosting,-1.5736750209710204,-1.8965515656851855,3
Histogram-based Gradient Boosting,-2.464359595395084,-2.111317600329978,3
Histogram-based Gradient Boosting,0.23583851209189552,-0.01181346237095565,3
Histogram-based Gradient Boosting,-0.202317609683526,-0.43984042307909854,3
Histogram-based Gradient Boosting,-0.004427072779599359,-0.35834608747675933,3
Histogram-based Gradient Boosting,-0.8579133376664105,-1.210579995205914,3
Histogram-based Gradient Boosting,-0.3118025518663407,-0.24031823610209543,3
Histogram-based Gradient Boosting,0.004405968258246192,0.05418265436248257,3
Histogram-based Gradient Boosting,0.3323074801803344,0.20681208565213688,3
Histogram-based Gradient Boosting,0.27486911420534327,0.09015488790782708,3
Histogram-based Gradient Boosting,-2.2749377863952085,-1.4920868606844688,3
Histogram-based Gradient Boosting,-2.327144451312569,-2.397012349713804,3
Histogram-based Gradient Boosting,-2.405003945642156,-2.565153531631522,3
Histogram-based Gradient Boosting,-1.9190397324043553,-1.33649709702181,3
Histogram-based Gradient Boosting,-3.4519129118061063,-3.282136067971387,3
Histogram-based Gradient Boosting,-1.6115607525200502,-1.7588179092060607,3
Histogram-based Gradient Boosting,-1.2328253445920763,-1.6367554648220957,3
Histogram-based Gradient Boosting,-1.1814755688597112,-1.570894543050494,3
Histogram-based Gradient Boosting,-1.2812660713628026,-1.2385979750892548,3
Histogram-based Gradient Boosting,-1.573747505577719,-1.6237964054184635,3
Histogram-based Gradient Boosting,-1.2818579528648468,-1.5878361613885121,3
Histogram-based Gradient Boosting,-1.7854705731329945,-1.6089113455540696,3
Histogram-based Gradient Boosting,-1.1431217053996168,-1.73430947658553,3
Histogram-based Gradient Boosting,-1.2491101104442828,-1.3843928195794768,3
Histogram-based Gradient Boosting,-0.952771189748095,-1.652876217048639,3
Histogram-based Gradient Boosting,-1.5966625231096632,-1.5999181772785738,3
Histogram-based Gradient Boosting,-1.4583509625515516,-1.6572405784946047,3
Histogram-based Gradient Boosting,-0.7476890179412806,-1.4322523687120552,3
Histogram-based Gradient Boosting,-1.2755333695267534,-1.0512372698610433,3
Histogram-based Gradient Boosting,-1.3551617678005954,-1.876678932220829,3
Histogram-based Gradient Boosting,-1.1543394167845993,-1.5421498066893016,3
Histogram-based Gradient Boosting,-1.3991403077454354,-1.6398418534979755,3
Histogram-based Gradient Boosting,-0.8609839615611586,-1.0208901379225657,3
Histogram-based Gradient Boosting,-0.8837798009584171,-0.8393429025364448,3
Histogram-based Gradient Boosting,-0.9568598388437015,-1.3115823484021503,3
Histogram-based Gradient Boosting,-2.6212424559235727,-2.8317821058133177,3
Histogram-based Gradient Boosting,-3.4341521813264824,-3.5137959794512357,3
Histogram-based Gradient Boosting,-1.5600709478109722,-1.9099331283351468,3
Histogram-based Gradient Boosting,-2.761915740881935,-1.4797129968664817,3
Histogram-based Gradient Boosting,-1.7283368624549476,-1.7950493376537386,3
Histogram-based Gradient Boosting,-0.5935262904426333,-1.6474072000489217,3
Histogram-based Gradient Boosting,-0.6591799251191045,-0.7979541597595541,3
Histogram-based Gradient Boosting,-1.1827941397057182,-1.351117527024465,3
Histogram-based Gradient Boosting,-3.2503548803911073,-2.9749955099535432,3
Histogram-based Gradient Boosting,-1.2028902052841348,-0.7748799745841066,3
Histogram-based Gradient Boosting,-1.048516497297764,-1.1779784324312004,3
Histogram-based Gradient Boosting,-0.9402445883836209,-1.406465348208143,3
Histogram-based Gradient Boosting,-1.4806961523875994,-1.6886254726814567,3
Histogram-based Gradient Boosting,-2.192341601117107,-2.1433304610269373,3
Histogram-based Gradient Boosting,-1.031601943299423,-1.0899340180920005,3
Histogram-based Gradient Boosting,-1.0945491836072103,-1.4541254391974932,3
Histogram-based Gradient Boosting,-1.137767503887176,-1.4368258880045504,3
Histogram-based Gradient Boosting,-3.3694633107167937,-3.3141539622115608,3
Histogram-based Gradient Boosting,-3.8301933583825565,-3.6662840130673513,3
Histogram-based Gradient Boosting,-3.5076503600642033,-2.5910355142727606,4
Histogram-based Gradient Boosting,-1.7636611133035243,-2.4158579256279413,4
Histogram-based Gradient Boosting,-2.3146334389286793,-2.3348346280321732,4
Histogram-based Gradient Boosting,-1.9492654506102318,-2.2644159584905883,4
Histogram-based Gradient Boosting,-2.218903098366632,-2.080368277036035,4
Histogram-based Gradient Boosting,-2.423624898245491,-1.9398968815651843,4
Histogram-based Gradient Boosting,-3.6845481800874196,-3.6371554456604764,4
Histogram-based Gradient Boosting,-1.641711232958164,-1.5709628215524432,4
Histogram-based Gradient Boosting,-1.520097156387571,-1.395681934043917,4
Histogram-based Gradient Boosting,-1.7190338740193807,-1.8945833347956196,4
Histogram-based Gradient Boosting,-1.414958380703708,-1.3074144468855273,4
Histogram-based Gradient Boosting,-1.820599175381769,-1.6925535049378215,4
Histogram-based Gradient Boosting,-2.885418369996712,-1.8718361525311653,4
Histogram-based Gradient Boosting,-1.4985127097581414,-1.565692005671496,4
Histogram-based Gradient Boosting,-1.0225392132375182,-1.1853443194416489,4
Histogram-based Gradient Boosting,-1.221874373746708,-1.614318801649558,4
Histogram-based Gradient Boosting,-1.5041031112940382,-1.4893494576154094,4
Histogram-based Gradient Boosting,-3.8326531224143645,-3.4611154904338255,4
Histogram-based Gradient Boosting,-3.694349887124185,-3.527613987653851,4
Histogram-based Gradient Boosting,-2.7929079641438137,-3.0558981326992503,4
Histogram-based Gradient Boosting,-1.3607499667563296,-2.0225272131698953,4
Histogram-based Gradient Boosting,-2.2025638997362065,-2.526831159843339,4
Histogram-based Gradient Boosting,-1.8194641482091292,-2.1995055234852248,4
Histogram-based Gradient Boosting,-1.7873296113427601,-2.389997721513705,4
Histogram-based Gradient Boosting,-3.2036005297986074,-2.862487063275651,4
Histogram-based Gradient Boosting,-2.272602230242758,-2.436257661337648,4
Histogram-based Gradient Boosting,-2.736709137429952,-2.5266827494752566,4
Histogram-based Gradient Boosting,-1.694125814017541,-2.4443283542775407,4
Histogram-based Gradient Boosting,0.14443509497441417,-0.11337436024795966,4
Histogram-based Gradient Boosting,0.05304456027413388,-0.9031056168402029,4
Histogram-based Gradient Boosting,-0.3696586894071177,-0.29033418868916194,4
Histogram-based Gradient Boosting,-1.0877694915519545,-1.013252836328337,4
Histogram-based Gradient Boosting,-0.16542042319834802,-0.1361690266458003,4
Histogram-based Gradient Boosting,-0.9300930772084189,-2.3567214747320713,4
Histogram-based Gradient Boosting,-0.08363954432116573,-0.8894487487581225,4
Histogram-based Gradient Boosting,-0.012750569114115418,-0.4939916039104466,4
Histogram-based Gradient Boosting,-0.3135898872515433,-0.5043793684272121,4
Histogram-based Gradient Boosting,-2.004293876429448,-2.3542736070226393,4
Histogram-based Gradient Boosting,-3.2691119889214533,-3.138742463207541,4
Histogram-based Gradient Boosting,-2.541474704475919,-3.0729451783832293,4
Histogram-based Gradient Boosting,-1.7426626842914594,-2.1792800475057255,4
Histogram-based Gradient Boosting,-1.1005815755977664,-1.6780068638886365,4
Histogram-based Gradient Boosting,-2.1223515198479075,-2.322855234707105,4
Histogram-based Gradient Boosting,-2.2415951055389973,-2.0813079109369323,4
Histogram-based Gradient Boosting,-2.6991941581253336,-2.688699565090402,4
Histogram-based Gradient Boosting,-2.7237372356215404,-2.5784336282812976,4
Histogram-based Gradient Boosting,-3.310333372786738,-2.4621634450839602,4
Histogram-based Gradient Boosting,-3.310333372786738,-3.0491208904268197,4
Histogram-based Gradient Boosting,-1.415304935020491,-1.8607410196591658,4
Histogram-based Gradient Boosting,-2.7233828886420643,-2.9177797056849655,4
Histogram-based Gradient Boosting,-1.8336101498155517,-2.2785308921615526,4
Histogram-based Gradient Boosting,-1.4093732376842594,-1.4818333973195414,4
Histogram-based Gradient Boosting,-1.6037557432468053,-1.6088328872432884,4
Histogram-based Gradient Boosting,-2.6852623228853463,-2.5298451615288444,4
Histogram-based Gradient Boosting,-2.9864932974615632,-1.9029782374901711,4
Histogram-based Gradient Boosting,-1.4861381638460753,-2.206817721581338,4
Histogram-based Gradient Boosting,-3.434121498561107,-3.410083826569546,4
Histogram-based Gradient Boosting,-1.7089770353918146,-1.3054328763644383,4
Histogram-based Gradient Boosting,-1.5372443207314632,-1.3847990535411998,4
Histogram-based Gradient Boosting,-2.635616939296958,-1.9819423393728315,4
Histogram-based Gradient Boosting,-3.008152176256889,-2.270228291892458,4
Histogram-based Gradient Boosting,-1.1202858432048246,-1.3857721539741001,4
Histogram-based Gradient Boosting,-1.0556956867709293,-1.2692739449856907,4
Histogram-based Gradient Boosting,-1.6217142305536996,-1.8757928996692066,4
Histogram-based Gradient Boosting,-1.1286208649028604,-1.3537527264172873,4
Histogram-based Gradient Boosting,-1.794765718416369,-2.452800404212676,4
Histogram-based Gradient Boosting,-2.8871236492020507,-2.2184198114285776,4
Histogram-based Gradient Boosting,-1.5554661639976504,-2.1964361728300905,4
Histogram-based Gradient Boosting,-3.384203503318252,-3.704356317416635,4
Histogram-based Gradient Boosting,-1.547722797531173,-1.9117237737615633,4
Histogram-based Gradient Boosting,-1.622950411914381,-1.7879933887728723,4
Histogram-based Gradient Boosting,-1.7568408124580226,-1.6313294021818048,4
Histogram-based Gradient Boosting,-1.7113615374852664,-1.9403493397006284,4
Histogram-based Gradient Boosting,-1.1808764741089726,-1.346888235114542,4
Histogram-based Gradient Boosting,-2.7592630971786845,-2.4634823442556497,4
Histogram-based Gradient Boosting,-2.470173263354167,-2.5948208671722703,4
Histogram-based Gradient Boosting,-2.1210586466718686,-2.0404037802057906,4
Histogram-based Gradient Boosting,-3.688222835963096,-3.2882876064265334,4
Histogram-based Gradient Boosting,-3.246574755779347,-2.8276723752189232,4
Histogram-based Gradient Boosting,-3.09259777670544,-2.1867400632868463,4
Histogram-based Gradient Boosting,-2.848471723996311,-2.652299809167961,4
Histogram-based Gradient Boosting,-2.999290941959355,-2.5322863266746287,4
Histogram-based Gradient Boosting,-1.9555954093204297,-2.103631077149043,4
Histogram-based Gradient Boosting,-1.4886987965534475,-1.484690593972561,4
Histogram-based Gradient Boosting,-1.7176063992666837,-2.061032305100898,4
Histogram-based Gradient Boosting,-2.550141932709222,-2.498614073498104,4
Histogram-based Gradient Boosting,-2.258697330779929,-2.3228047088591097,4
Histogram-based Gradient Boosting,-3.231239100298885,-3.686802812463938,4
Histogram-based Gradient Boosting,-1.6253102968663857,-2.796239473063253,4
Histogram-based Gradient Boosting,-2.2625101343415968,-2.1473035756102807,4
Histogram-based Gradient Boosting,-3.3960495196322524,-3.3816557676803294,4
Histogram-based Gradient Boosting,-1.7818010064165613,-1.806391790905732,4
Histogram-based Gradient Boosting,-3.3960495196322524,-3.3108933196542596,4
Histogram-based Gradient Boosting,-1.6668842660690988,-2.011153576902182,4
Histogram-based Gradient Boosting,-2.020315121682196,-1.8665666357216852,4
Histogram-based Gradient Boosting,-3.333901540815397,-2.8399008982254994,4
Histogram-based Gradient Boosting,-2.8606575042266775,-2.2264112901277087,4
Histogram-based Gradient Boosting,-1.3752808174958797,-1.6799663734752208,4
Histogram-based Gradient Boosting,-3.9030899869919438,-3.7927188420021607,4
Histogram-based Gradient Boosting,-1.4975728800155672,-1.8078451185101705,4
Histogram-based Gradient Boosting,-1.012145447578458,-1.294828405338496,4
Histogram-based Gradient Boosting,-2.0731453982830836,-2.3420315048317994,4
Histogram-based Gradient Boosting,-2.3458067992518874,-1.8080165741694847,4
Histogram-based Gradient Boosting,-1.2174698965346429,-1.2105307073565112,4
Histogram-based Gradient Boosting,-3.2861198587119835,-2.9725842169127406,4
Histogram-based Gradient Boosting,-1.6384460109776287,-1.5276551759083312,4
Histogram-based Gradient Boosting,-1.3173301868582306,-1.438328502944857,4
Histogram-based Gradient Boosting,-1.8887177216857802,-1.7903739121868005,4
Histogram-based Gradient Boosting,-1.6993207301372903,-1.5869595857110501,4
Histogram-based Gradient Boosting,-3.4629936067206395,-3.3707265719053017,4
Histogram-based Gradient Boosting,-3.6572596108178765,-3.5513700406342026,4
Histogram-based Gradient Boosting,-3.172776808882327,-3.1505344798279693,4
Histogram-based Gradient Boosting,-2.176441984856953,-2.137795924049888,4
Histogram-based Gradient Boosting,-2.6148556108775285,-2.17148798618135,4
Histogram-based Gradient Boosting,-3.289282825523282,-2.290844496474245,4
Histogram-based Gradient Boosting,-1.6517269019834395,-1.6327716058833273,4
Histogram-based Gradient Boosting,-1.98115226552214,-1.8927596595523664,4
Histogram-based Gradient Boosting,-1.0209515518818744,-1.2389484807846916,4
Histogram-based Gradient Boosting,-2.049666891178964,-1.50896661400855,4
Histogram-based Gradient Boosting,-2.648503823177817,-2.1170450409191264,4
Histogram-based Gradient Boosting,-1.4257747559860434,-1.7011181537102402,4
Histogram-based Gradient Boosting,-0.9637364568210032,-1.813908463872586,4
Histogram-based Gradient Boosting,-1.2563082695173393,-1.231750514366526,4
Histogram-based Gradient Boosting,-0.6074545522659878,-1.2994257663384623,4
Histogram-based Gradient Boosting,-2.1469087646472067,-1.9461263192647698,4
Histogram-based Gradient Boosting,-1.4330573818946528,-1.5705571931046145,4
Histogram-based Gradient Boosting,-1.982318834323383,-1.966657680369691,4
Histogram-based Gradient Boosting,-2.244039132061237,-2.3580256545854623,4
Histogram-based Gradient Boosting,-2.8108233787082515,-2.3411857742485735,4
Histogram-based Gradient Boosting,-3.9600428565808334,-3.453574314567498,4
Histogram-based Gradient Boosting,-2.1225210730141013,-2.4462665518886686,4
Histogram-based Gradient Boosting,-2.7906820711849507,-2.529845742068118,4
Histogram-based Gradient Boosting,-2.7597061620105943,-2.244386125313705,4
Histogram-based Gradient Boosting,-2.2062980891288984,-1.8049857328016405,4
Histogram-based Gradient Boosting,-2.612904311968554,-1.9324781987456583,4
Histogram-based Gradient Boosting,-3.5378566631708024,-2.1448179441645325,4
Histogram-based Gradient Boosting,-2.9753058553179503,-2.928421428671647,4
Histogram-based Gradient Boosting,-3.7938003909509543,-3.719291401438436,4
Histogram-based Gradient Boosting,-1.167232267440179,-1.2930486261994325,4
Histogram-based Gradient Boosting,-1.881362165893176,-1.7564976033299389,4
Histogram-based Gradient Boosting,-2.0990330852672687,-1.649408792181594,4
Histogram-based Gradient Boosting,-1.4436245197644126,-1.4554191920148871,4
Histogram-based Gradient Boosting,-1.2327435377262763,-1.9202170801890095,4
Histogram-based Gradient Boosting,-1.8793987946410835,-2.1237593068867175,4
Histogram-based Gradient Boosting,-3.6688623296866587,-3.19204657508442,4
Histogram-based Gradient Boosting,-1.453797527240351,-1.3843516998968568,4
Histogram-based Gradient Boosting,-1.8347593251696876,-1.9015837292491227,4
Histogram-based Gradient Boosting,-1.2189474946453842,-1.3931211587283716,4
Histogram-based Gradient Boosting,-1.2297848289673887,-1.2931793267158485,4
Histogram-based Gradient Boosting,-1.0193030390019762,-1.4907112893164196,4
Histogram-based Gradient Boosting,-1.0225594503600544,-1.6236491194745042,4
Histogram-based Gradient Boosting,-1.8626742516440307,-1.7009560581120404,4
Histogram-based Gradient Boosting,-1.3284164293502903,-1.5974193410049222,4
Histogram-based Gradient Boosting,-0.7242679085347501,-1.0045871855213517,4
Histogram-based Gradient Boosting,-2.1834863402339466,-2.7028245454029536,4
Histogram-based Gradient Boosting,-1.2640972244503184,-2.3317037021293223,4
Histogram-based Gradient Boosting,-3.542851120580754,-3.158251868956608,4
Histogram-based Gradient Boosting,-3.119103556806872,-2.6128153841837833,4
Histogram-based Gradient Boosting,-2.090032121190501,-1.9585863269066615,4
Histogram-based Gradient Boosting,-2.3087676366549488,-1.9595778171162148,4
Histogram-based Gradient Boosting,-2.17663866294089,-2.1273229636436612,4
Histogram-based Gradient Boosting,-2.7292012545882884,-2.1425425667615734,4
Histogram-based Gradient Boosting,-1.7448404020099417,-2.2387263807529267,4
Histogram-based Gradient Boosting,-2.540720473654946,-2.613377480334819,4
Histogram-based Gradient Boosting,-1.5811083204741387,-2.085553772332231,4
Histogram-based Gradient Boosting,-2.3758693662733776,-1.7818072609073503,4
Histogram-based Gradient Boosting,-1.2111861770342556,-1.6075490124964553,4
Histogram-based Gradient Boosting,-1.7709615792854492,-2.2011323048753835,4
Histogram-based Gradient Boosting,-3.6924119784161333,-3.3956599110006964,4
Histogram-based Gradient Boosting,-3.233202110369878,-3.040542864504772,4
Histogram-based Gradient Boosting,-4.034834060338741,-3.517730539986432,4
Histogram-based Gradient Boosting,-2.993441546294603,-2.3181936863474024,4
Histogram-based Gradient Boosting,-2.804329449939637,-2.58551290929458,4
Histogram-based Gradient Boosting,-2.1317533670782356,-2.3131778694570815,4
Histogram-based Gradient Boosting,-1.6524312761675333,-2.0674256156180157,4
Histogram-based Gradient Boosting,-1.6345122959030371,-1.9894928285004039,4
Histogram-based Gradient Boosting,-2.43241576499949,-1.8927277729198393,4
Histogram-based Gradient Boosting,-1.593236649552128,-1.678482779177185,4
Histogram-based Gradient Boosting,-1.5372075124674875,-1.9882574856610669,4
Histogram-based Gradient Boosting,-3.0455186942585932,-3.1765027203083274,4
Histogram-based Gradient Boosting,-1.6819366650372385,-1.7071666032521198,4
Histogram-based Gradient Boosting,-3.3036200184447138,-2.7406966310556435,4
Histogram-based Gradient Boosting,-3.3309007861959947,-3.325474286060283,4
Histogram-based Gradient Boosting,-1.5279900670983446,-1.3974951968301648,4
Histogram-based Gradient Boosting,-2.084073842416984,-2.4378541266224065,4
Histogram-based Gradient Boosting,-1.5049121890283346,-1.448946239990079,4
Histogram-based Gradient Boosting,-1.5572116152486462,-1.7678238791263254,4
Histogram-based Gradient Boosting,-1.586700235918748,-1.7186249435596062,4
Histogram-based Gradient Boosting,-3.6546223480637448,-3.397658246826528,4
Histogram-based Gradient Boosting,-2.9620793251113042,-2.7679899782186626,4
Histogram-based Gradient Boosting,-0.8521750241183932,-1.5247769979307886,4
Histogram-based Gradient Boosting,-0.9751054096242024,-1.2683908650904778,4
Histogram-based Gradient Boosting,-3.7727484977747765,-3.432048832437753,4
Histogram-based Gradient Boosting,-1.2672463833090828,-1.2850826787565788,4
Histogram-based Gradient Boosting,-1.5350740375460707,-1.4613742919774515,4
Histogram-based Gradient Boosting,-1.5097699255058308,-1.8008137323296383,4
Histogram-based Gradient Boosting,-1.951987303305516,-1.3236502707348752,4
Histogram-based Gradient Boosting,-1.309961996475505,-1.7392118905419793,4
Histogram-based Gradient Boosting,-2.3822676402388554,-1.3435816974573143,4
Histogram-based Gradient Boosting,-2.8165949053280404,-2.6865018242024026,4
Histogram-based Gradient Boosting,-3.360662949678316,-2.5836756958185965,4
Histogram-based Gradient Boosting,-2.035715142789073,-2.341536872367535,4
Histogram-based Gradient Boosting,-3.3625502994733605,-2.585793510231565,4
Histogram-based Gradient Boosting,-2.017352405817494,-1.4851601414756843,4
Histogram-based Gradient Boosting,-3.8396725549649426,-3.6345742900958213,4
Histogram-based Gradient Boosting,0.016216578776438208,0.22995803837053425,4
Histogram-based Gradient Boosting,0.3580642293861346,0.06866798853468169,4
Histogram-based Gradient Boosting,-0.40966424145785746,-0.2672080257736142,4
Histogram-based Gradient Boosting,-0.31923658554998896,-0.4592295778377048,4
Histogram-based Gradient Boosting,-0.2703526265197312,0.13910217890734314,4
Histogram-based Gradient Boosting,0.2461448119736277,0.07189568480497104,4
Histogram-based Gradient Boosting,0.25792460161657743,0.1002259552822515,4
Histogram-based Gradient Boosting,-0.43783118657286935,-0.43312650701721994,4
Histogram-based Gradient Boosting,-0.9893876757536758,-2.1909735281094997,4
Histogram-based Gradient Boosting,-1.7405367157549274,-2.4653447154050085,4
Histogram-based Gradient Boosting,-3.3347136412278577,-3.247053255628001,4
Histogram-based Gradient Boosting,-1.1181615001713328,-1.623304741008512,4
Histogram-based Gradient Boosting,-1.6790364719823858,-1.7179497584432264,4
Histogram-based Gradient Boosting,-1.1505417041520314,-1.2154221730579868,4
Histogram-based Gradient Boosting,-1.5923333763280876,-1.913858528441853,4
Histogram-based Gradient Boosting,-0.8847086972378616,-1.1320526696134496,4
Histogram-based Gradient Boosting,-2.703220329010491,-2.67803493839464,4
Histogram-based Gradient Boosting,-1.315440666986884,-1.3070582350820559,4
Histogram-based Gradient Boosting,-3.915670428497184,-3.7490202139093594,4
Histogram-based Gradient Boosting,-2.7488910409678486,-2.146058503946796,4
Histogram-based Gradient Boosting,-2.3812985463366814,-2.141828068208213,4
Histogram-based Gradient Boosting,-1.7868132829404095,-1.9184457888177242,4
Histogram-based Gradient Boosting,-1.7236216619186897,-1.8367572182934608,4
Histogram-based Gradient Boosting,-3.2294115893983317,-2.9680679844589988,4
Histogram-based Gradient Boosting,-1.7300615156440644,-1.539016917259659,4
Histogram-based Gradient Boosting,-1.3469740509457453,-1.5889302528621323,4
Histogram-based Gradient Boosting,-1.3041517533417322,-1.5363186730703087,4
Histogram-based Gradient Boosting,-1.540907293954747,-1.7474628764982176,4
Histogram-based Gradient Boosting,-1.793068638288037,-1.6163711705234816,4
Histogram-based Gradient Boosting,-1.8070894000718147,-2.5116564710539384,4
Histogram-based Gradient Boosting,-0.9422704336465716,-1.3954100086958547,4
Histogram-based Gradient Boosting,-1.5398588190217488,-1.6443716651355245,4
Histogram-based Gradient Boosting,-0.6082262842300837,-0.9393485156899289,4
Histogram-based Gradient Boosting,-0.5052921847488494,-1.5678453142893474,4
Histogram-based Gradient Boosting,-1.0181181552809078,-1.4851828773019466,4
Histogram-based Gradient Boosting,-1.6181431713572578,-1.8298556802692794,4
Histogram-based Gradient Boosting,-1.042642722079717,-1.4709540389495233,4
Histogram-based Gradient Boosting,-0.9679951762893184,-1.312585961609962,4
Histogram-based Gradient Boosting,-3.2172494016790187,-3.2238869374465335,4
Histogram-based Gradient Boosting,-3.295634963777275,-2.9870963988457073,4
Histogram-based Gradient Boosting,-0.428471724353625,-1.3586784351798635,4
Histogram-based Gradient Boosting,-1.450536715424269,-2.2291494226101816,4
Histogram-based Gradient Boosting,-2.0560190796534115,-1.7863969896260796,4
Histogram-based Gradient Boosting,-0.2468343715025799,-0.7731784381083154,4
Histogram-based Gradient Boosting,-3.20055468102406,-3.105778588869707,4
Histogram-based Gradient Boosting,-2.428366273865067,-1.6315692928526793,4
Histogram-based Gradient Boosting,-3.7648251925435416,-3.575182620396585,4
Histogram-based Gradient Boosting,-1.0026227122886122,-1.1826619031923005,4
Histogram-based Gradient Boosting,-1.7462641625323523,-1.4744747446079167,4
Histogram-based Gradient Boosting,-1.7793995024399858,-2.022975222175072,4
Histogram-based Gradient Boosting,-1.475460019768368,-1.3890251534931168,4
Histogram-based Gradient Boosting,-1.4158076024067474,-1.6132837972478122,4
Histogram-based Gradient Boosting,-1.9812071611751474,-2.1053746966693225,4
Histogram-based Gradient Boosting,-1.3147618244158232,-1.650876430425585,4
Histogram-based Gradient Boosting,-2.064990291304019,-1.9806835006910732,5
Histogram-based Gradient Boosting,-3.7465335671940925,-3.281222108446326,5
Histogram-based Gradient Boosting,-1.8035334240706482,-1.9542650650762396,5
Histogram-based Gradient Boosting,-3.5076503600642033,-3.234602813075613,5
Histogram-based Gradient Boosting,-1.7253486984128064,-2.046535655008206,5
Histogram-based Gradient Boosting,-1.5424726897801078,-1.3888959469380584,5
Histogram-based Gradient Boosting,-0.3239443747054647,-0.9706629845793834,5
Histogram-based Gradient Boosting,-1.5393527377902698,-1.4025535510533034,5
Histogram-based Gradient Boosting,-1.5083613986405884,-1.0493061265191874,5
Histogram-based Gradient Boosting,-1.3629507222657735,-1.5225901495017586,5
Histogram-based Gradient Boosting,-1.6390957814475864,-1.209638199249769,5
Histogram-based Gradient Boosting,-1.2391607486734533,-1.346238243242623,5
Histogram-based Gradient Boosting,-1.103883331173482,-1.2100958612594566,5
Histogram-based Gradient Boosting,-1.5498899805881399,-1.4967202789284926,5
Histogram-based Gradient Boosting,-1.339883282003717,-1.8605244868432222,5
Histogram-based Gradient Boosting,-2.123767317417046,-2.352299256773816,5
Histogram-based Gradient Boosting,-1.4610955316441951,-1.37832880727055,5
Histogram-based Gradient Boosting,-1.3355656611938254,-1.5002170427268198,5
Histogram-based Gradient Boosting,-1.4187942485435616,-1.3449110968828655,5
Histogram-based Gradient Boosting,-1.9996117840097518,-1.8383819082851416,5
Histogram-based Gradient Boosting,-1.8730671060734179,-1.7957151927115285,5
Histogram-based Gradient Boosting,-3.057527624268253,-2.896241028785689,5
Histogram-based Gradient Boosting,-1.8960550708053778,-1.760530327065277,5
Histogram-based Gradient Boosting,-2.4318269168378195,-2.2528925087007847,5
Histogram-based Gradient Boosting,-2.66118307205398,-2.389167508149873,5
Histogram-based Gradient Boosting,-1.1061070209631036,-1.8286553132982537,5
Histogram-based Gradient Boosting,-2.461494632742434,-2.547736441694771,5
Histogram-based Gradient Boosting,-0.7406200937095554,-1.3495231636860505,5
Histogram-based Gradient Boosting,-0.40674416735366103,-0.7178799878379366,5
Histogram-based Gradient Boosting,-1.5018248431082857,-1.6209415011116637,5
Histogram-based Gradient Boosting,-0.6704627883686575,-0.951009831661685,5
Histogram-based Gradient Boosting,-0.5732799306060785,-0.43275385678797995,5
Histogram-based Gradient Boosting,-0.5196118275771817,-0.6658027136573549,5
Histogram-based Gradient Boosting,-0.4049916766527308,-0.13974256847376687,5
Histogram-based Gradient Boosting,-3.0110100837480736,-0.5745801811604768,5
Histogram-based Gradient Boosting,-0.28184511787174465,-0.43909397630750335,5
Histogram-based Gradient Boosting,0.20849296776590773,-0.4306347518390878,5
Histogram-based Gradient Boosting,-3.6800158253354924,-2.847169072855541,5
Histogram-based Gradient Boosting,-1.5397653155309607,-2.141075632727243,5
Histogram-based Gradient Boosting,-2.1460708341762897,-1.9410887989303385,5
Histogram-based Gradient Boosting,-3.0775844181294625,-3.391410061254244,5
Histogram-based Gradient Boosting,-2.3140538776829995,-2.5226700115287133,5
Histogram-based Gradient Boosting,-1.8094490244732577,-2.217557217923034,5
Histogram-based Gradient Boosting,-1.894217061776159,-2.1302731601815976,5
Histogram-based Gradient Boosting,-3.0166281405425486,-2.6316776094941203,5
Histogram-based Gradient Boosting,-2.0174042079019414,-2.061093214285117,5
Histogram-based Gradient Boosting,-1.4817410394981543,-1.5281458023807368,5
Histogram-based Gradient Boosting,-2.2432421390383843,-1.505696348274281,5
Histogram-based Gradient Boosting,-2.7515330963273232,-2.802101965580563,5
Histogram-based Gradient Boosting,-2.8170555006405635,-2.5776250270707517,5
Histogram-based Gradient Boosting,-3.4785088685395653,-2.686471413108648,5
Histogram-based Gradient Boosting,-3.349843097267282,-2.4815569170432266,5
Histogram-based Gradient Boosting,-2.67596440114224,-2.5494290549126237,5
Histogram-based Gradient Boosting,-2.5090165872531767,-2.570790645803921,5
Histogram-based Gradient Boosting,-2.97249382976246,-1.8322582182621439,5
Histogram-based Gradient Boosting,-3.3308765956121587,-3.1844331019383443,5
Histogram-based Gradient Boosting,-1.9112124620769755,-2.7440177390524934,5
Histogram-based Gradient Boosting,-2.4909497090997137,-2.2278315427670767,5
Histogram-based Gradient Boosting,-2.991150818979587,-2.8961186631606735,5
Histogram-based Gradient Boosting,-3.1413617595139014,-2.9686094080329797,5
Histogram-based Gradient Boosting,-2.4751841978240816,-2.3956861877932414,5
Histogram-based Gradient Boosting,-3.366814432940472,-3.146301305414068,5
Histogram-based Gradient Boosting,-3.4317548486561424,-3.10348529299568,5
Histogram-based Gradient Boosting,-3.3458359767686834,-3.5499521566211176,5
Histogram-based Gradient Boosting,-1.3360910210889294,-2.3123256531935983,5
Histogram-based Gradient Boosting,-2.325708590111872,-2.2954187193899656,5
Histogram-based Gradient Boosting,-0.9910136950037374,-1.2518047191623523,5
Histogram-based Gradient Boosting,-2.861353792341514,-3.0061443868390407,5
Histogram-based Gradient Boosting,-2.174597252967641,-2.0350017744890763,5
Histogram-based Gradient Boosting,-2.6732644443606475,-2.03974394752455,5
Histogram-based Gradient Boosting,-2.617794503701521,-2.2023171313851444,5
Histogram-based Gradient Boosting,-1.3859030337523468,-1.6463295935054452,5
Histogram-based Gradient Boosting,-1.183812038624167,-1.5266277856904371,5
Histogram-based Gradient Boosting,-2.715845949095462,-3.0241193971734597,5
Histogram-based Gradient Boosting,-1.3104931690369908,-1.3704540983471447,5
Histogram-based Gradient Boosting,-1.4100025284401918,-1.651592807586507,5
Histogram-based Gradient Boosting,-2.3083760229550343,-2.767438836083479,5
Histogram-based Gradient Boosting,-2.487130374543647,-2.4254841080550773,5
Histogram-based Gradient Boosting,-1.2227575127427186,-2.372009754968193,5
Histogram-based Gradient Boosting,-3.3114386993585976,-2.6194845874288126,5
Histogram-based Gradient Boosting,-3.221262124613128,-2.4882629664747284,5
Histogram-based Gradient Boosting,-3.4401053391639986,-2.851633185170095,5
Histogram-based Gradient Boosting,-2.810836301965318,-2.830071578498521,5
Histogram-based Gradient Boosting,-3.1353471437504044,-2.9121784343371244,5
Histogram-based Gradient Boosting,-3.9730828630218453,-3.624555583807,5
Histogram-based Gradient Boosting,-1.4113517913995703,-1.6689772199927704,5
Histogram-based Gradient Boosting,-2.663203768289533,-2.4237179210268303,5
Histogram-based Gradient Boosting,-3.6472310978345055,-3.527822456743993,5
Histogram-based Gradient Boosting,-1.1630496225248408,-1.3435329029473497,5
Histogram-based Gradient Boosting,-2.2317936703338876,-2.098731885689488,5
Histogram-based Gradient Boosting,-3.135663383730844,-2.138761011477227,5
Histogram-based Gradient Boosting,-2.4934863088506534,-2.120165652607841,5
Histogram-based Gradient Boosting,-1.1883246153441216,-1.360386864938195,5
Histogram-based Gradient Boosting,-2.2826863141215226,-1.8692280964531691,5
Histogram-based Gradient Boosting,-3.285204336328503,-3.293862110321707,5
Histogram-based Gradient Boosting,-1.5650446341096866,-1.7842027179550768,5
Histogram-based Gradient Boosting,-2.4995431395917818,-2.5816290532972666,5
Histogram-based Gradient Boosting,-1.2376574055894478,-2.137907988910668,5
Histogram-based Gradient Boosting,-3.20266873961377,-2.4383705424984763,5
Histogram-based Gradient Boosting,-3.40015839520823,-2.8911661390555765,5
Histogram-based Gradient Boosting,-3.7551664480113374,-3.6814019179996817,5
Histogram-based Gradient Boosting,-1.4855749296151965,-1.6772450604228057,5
Histogram-based Gradient Boosting,-2.4462457037304657,-2.1966930398763678,5
Histogram-based Gradient Boosting,-3.690448608815449,-3.437549049881707,5
Histogram-based Gradient Boosting,-1.9070646816834933,-1.7707018947452766,5
Histogram-based Gradient Boosting,-1.7340876483093817,-1.7684386356888393,5
Histogram-based Gradient Boosting,-1.936797812533807,-1.9993155604826425,5
Histogram-based Gradient Boosting,-3.48241354468584,-3.1350958762503334,5
Histogram-based Gradient Boosting,-4.026482380351305,-3.519170529590611,5
Histogram-based Gradient Boosting,-1.8211763195496429,-2.3498681173323317,5
Histogram-based Gradient Boosting,-3.7834435403498214,-3.170626122641464,5
Histogram-based Gradient Boosting,-2.000920332458684,-2.215118576797404,5
Histogram-based Gradient Boosting,-1.272659841843383,-1.692746960765454,5
Histogram-based Gradient Boosting,-1.4273499677206534,-1.413043857133209,5
Histogram-based Gradient Boosting,-1.006612713059657,-1.3843732145649819,5
Histogram-based Gradient Boosting,-1.3450596755542978,-1.539935451633545,5
Histogram-based Gradient Boosting,-1.9705460914481276,-1.6344031538229922,5
Histogram-based Gradient Boosting,-2.0116848782875407,-2.1178179904650283,5
Histogram-based Gradient Boosting,-1.479191830676853,-1.6323805430536875,5
Histogram-based Gradient Boosting,-1.9429726110972225,-2.106931808431111,5
Histogram-based Gradient Boosting,-1.9930514957526793,-1.8194188936125926,5
Histogram-based Gradient Boosting,-2.1469087646472067,-2.4858982670593193,5
Histogram-based Gradient Boosting,-3.7469892929465796,-3.712435662943881,5
Histogram-based Gradient Boosting,-1.064270917741021,-1.4250826751845127,5
Histogram-based Gradient Boosting,-3.1720823887102565,-3.2050845272123527,5
Histogram-based Gradient Boosting,-2.809138225804324,-2.5180682191679633,5
Histogram-based Gradient Boosting,-2.1372208240925845,-2.916649181550629,5
Histogram-based Gradient Boosting,-0.664255515397868,-1.2376693041654037,5
Histogram-based Gradient Boosting,-1.0111406945890653,-1.6603403318091676,5
Histogram-based Gradient Boosting,-3.030623697854625,-2.680527360353463,5
Histogram-based Gradient Boosting,-2.5312982881059978,-2.2245653444677838,5
Histogram-based Gradient Boosting,-3.437187483030755,-3.4355397158553354,5
Histogram-based Gradient Boosting,-1.5438464586997465,-1.794088949906046,5
Histogram-based Gradient Boosting,-2.806163575333855,-2.716001822756906,5
Histogram-based Gradient Boosting,-3.644312909802797,-4.048213418933733,5
Histogram-based Gradient Boosting,-3.9453409907865007,-3.5106686198222894,5
Histogram-based Gradient Boosting,-2.0978386037648766,-1.6720289064271625,5
Histogram-based Gradient Boosting,-2.177111289133642,-2.489171212201078,5
Histogram-based Gradient Boosting,-3.6688623296866587,-3.5054104149951435,5
Histogram-based Gradient Boosting,-1.297434930657182,-1.3360081833418174,5
Histogram-based Gradient Boosting,-1.4486812373435975,-1.5152289452838255,5
Histogram-based Gradient Boosting,-1.4386260150993235,-1.3768286399890948,5
Histogram-based Gradient Boosting,-2.2675571837562845,-2.3487171148358064,5
Histogram-based Gradient Boosting,-1.4609239012072235,-1.4279800313106914,5
Histogram-based Gradient Boosting,-3.5624063821538914,-3.1888209370354867,5
Histogram-based Gradient Boosting,-2.2689882869552584,-3.049324434387199,5
Histogram-based Gradient Boosting,-1.1843962080688974,-1.2421094217803081,5
Histogram-based Gradient Boosting,-1.763658215013675,-1.944594756976693,5
Histogram-based Gradient Boosting,-2.1481523894209715,-2.8381569279501013,5
Histogram-based Gradient Boosting,-1.1598011320770079,-1.0759629613702393,5
Histogram-based Gradient Boosting,-0.9279654459479447,-0.9349432159831277,5
Histogram-based Gradient Boosting,-1.8162387276731846,-1.5517310952393888,5
Histogram-based Gradient Boosting,-1.409977601837042,-1.3610957629797105,5
Histogram-based Gradient Boosting,-2.0129990008635867,-1.3712758241222456,5
Histogram-based Gradient Boosting,-1.9341938240909706,-1.761298546113652,5
Histogram-based Gradient Boosting,-2.3465562136207656,-1.7753205859684904,5
Histogram-based Gradient Boosting,-2.119103556806872,-2.0273242658120743,5
Histogram-based Gradient Boosting,-1.215596170273078,-1.79043044854884,5
Histogram-based Gradient Boosting,-3.2740051086991615,-3.212838619571341,5
Histogram-based Gradient Boosting,-2.0598606483703086,-1.8806654974975414,5
Histogram-based Gradient Boosting,-2.329956957829961,-1.9848394145168868,5
Histogram-based Gradient Boosting,-1.396090167895999,-1.7650634080338088,5
Histogram-based Gradient Boosting,-2.7874427365568386,-2.8798953558209615,5
Histogram-based Gradient Boosting,-2.0948568608862326,-2.0761228592869774,5
Histogram-based Gradient Boosting,-2.2176402640700728,-2.387459091389923,5
Histogram-based Gradient Boosting,-1.4467153895386817,-1.7422946329563762,5
Histogram-based Gradient Boosting,-1.785391290725075,-1.5665429094391503,5
Histogram-based Gradient Boosting,-1.4790145740873064,-1.684954868028986,5
Histogram-based Gradient Boosting,-4.034798298974088,-3.9965830620157625,5
Histogram-based Gradient Boosting,-2.8398575372186334,-2.27105667669588,5
Histogram-based Gradient Boosting,-3.3358640560027224,-3.6590471748642845,5
Histogram-based Gradient Boosting,-2.483384252706259,-2.7019224514106135,5
Histogram-based Gradient Boosting,-2.5041654897477077,-2.5725400565442498,5
Histogram-based Gradient Boosting,-1.7613667161535187,-1.9472577356787695,5
Histogram-based Gradient Boosting,-2.7386203038591304,-2.605403169904943,5
Histogram-based Gradient Boosting,-2.025135764586199,-1.9752805912083007,5
Histogram-based Gradient Boosting,-1.0471006958966393,-1.1885057198001423,5
Histogram-based Gradient Boosting,-3.015555503033429,-3.0570662686687897,5
Histogram-based Gradient Boosting,-1.7139992395270756,-1.646679542469252,5
Histogram-based Gradient Boosting,-2.1980100109869287,-2.06384342063569,5
Histogram-based Gradient Boosting,-3.600326278518962,-3.9598607401770907,5
Histogram-based Gradient Boosting,-1.694880975742639,-2.5202428055370802,5
Histogram-based Gradient Boosting,-2.695416849848479,-2.1096627640854004,5
Histogram-based Gradient Boosting,-1.5895913565043294,-1.8655401778546588,5
Histogram-based Gradient Boosting,-2.432175336754664,-2.3365693136315193,5
Histogram-based Gradient Boosting,-1.6613977234664838,-1.557114991890088,5
Histogram-based Gradient Boosting,-3.5527489155241385,-3.169096613465557,5
Histogram-based Gradient Boosting,-3.276542686022807,-2.8369928078542626,5
Histogram-based Gradient Boosting,-1.6663570851479517,-1.416661555439104,5
Histogram-based Gradient Boosting,-1.6159918285387698,-1.5320969779544964,5
Histogram-based Gradient Boosting,-3.184747097908846,-3.284449672020818,5
Histogram-based Gradient Boosting,-2.8559441417598115,-2.5494409990300855,5
Histogram-based Gradient Boosting,-1.8161267212970162,-1.7882711473124384,5
Histogram-based Gradient Boosting,-1.170757605358798,-1.1943163476718617,5
Histogram-based Gradient Boosting,-0.7856945313640958,-1.0259060260168282,5
Histogram-based Gradient Boosting,-3.0397590359811644,-3.100353804569646,5
Histogram-based Gradient Boosting,-2.5945173784671853,-2.5092081731957263,5
Histogram-based Gradient Boosting,-1.2862388841839494,-1.4989284987843272,5
Histogram-based Gradient Boosting,-1.4655690967005093,-1.802433545182492,5
Histogram-based Gradient Boosting,-2.809660176396059,-2.523301360413293,5
Histogram-based Gradient Boosting,-1.740666799910411,-1.8010922776360603,5
Histogram-based Gradient Boosting,-0.9737395646276028,-1.190299098860767,5
Histogram-based Gradient Boosting,-1.9643120034496402,-1.4741012133354883,5
Histogram-based Gradient Boosting,-1.3132997440363454,-1.4301211917448815,5
Histogram-based Gradient Boosting,-1.6183307304435026,-2.080050198405247,5
Histogram-based Gradient Boosting,-1.405215799824956,-1.3835679069080877,5
Histogram-based Gradient Boosting,-1.9362137770978871,-1.8493682759867722,5
Histogram-based Gradient Boosting,-3.3010769020010144,-3.169887048792277,5
Histogram-based Gradient Boosting,-2.4881639462888585,-2.025073748850927,5
Histogram-based Gradient Boosting,-2.0703010191144675,-2.0997902861553412,5
Histogram-based Gradient Boosting,-1.0460152967125962,-1.3596342755591735,5
Histogram-based Gradient Boosting,-1.9765773961271407,-1.8165682818559667,5
Histogram-based Gradient Boosting,-1.34349300583641,-2.7353906849249072,5
Histogram-based Gradient Boosting,0.26528954569788904,0.18639087746812483,5
Histogram-based Gradient Boosting,0.10764671163334447,0.09480061602792962,5
Histogram-based Gradient Boosting,-0.8579133376664105,-0.46633358924719603,5
Histogram-based Gradient Boosting,0.2034251096067644,0.06880769164768193,5
Histogram-based Gradient Boosting,-0.002962342870760633,0.13545788751717924,5
Histogram-based Gradient Boosting,-1.9219867657940077,-2.785396089317396,5
Histogram-based Gradient Boosting,-1.7473311829109102,-1.84318972658823,5
Histogram-based Gradient Boosting,-2.7286993920768685,-2.3884935707312054,5
Histogram-based Gradient Boosting,-1.2407370006641907,-1.3559184507992947,5
Histogram-based Gradient Boosting,-2.1512701073865577,-1.553295709353885,5
Histogram-based Gradient Boosting,-1.5941100276318725,-1.7853540959869556,5
Histogram-based Gradient Boosting,-1.6163219968838958,-1.6843330790638278,5
Histogram-based Gradient Boosting,-3.915670428497184,-3.7833233181945185,5
Histogram-based Gradient Boosting,-2.1235976234646596,-1.8081668513353095,5
Histogram-based Gradient Boosting,-1.0801819981618899,-1.5894513756684518,5
Histogram-based Gradient Boosting,-1.621304790891127,-1.9572238623388094,5
Histogram-based Gradient Boosting,-2.3872497229566574,-2.5476382089432468,5
Histogram-based Gradient Boosting,-1.42625067509891,-1.2545957309703144,5
Histogram-based Gradient Boosting,-1.4753372030036505,-1.5034218809583073,5
Histogram-based Gradient Boosting,-1.4753372030036505,-1.9589984973973373,5
Histogram-based Gradient Boosting,-1.5323301209746991,-1.6529993084343446,5
Histogram-based Gradient Boosting,-1.6539166652584223,-1.972327498053492,5
Histogram-based Gradient Boosting,-1.111999901692932,-1.2751066880207913,5
Histogram-based Gradient Boosting,-1.649488441015367,-1.4298063875182914,5
Histogram-based Gradient Boosting,-0.9134224928394735,-0.9645642074191207,5
Histogram-based Gradient Boosting,-1.4597718515481843,-1.4890341043879172,5
Histogram-based Gradient Boosting,-1.7563417007657087,-1.6729820788392282,5
Histogram-based Gradient Boosting,-1.4094344835568617,-1.4020304378663984,5
Histogram-based Gradient Boosting,-2.451728539243243,-2.3755772697547965,5
Histogram-based Gradient Boosting,-2.0401269907408133,-1.7091711226976405,5
Histogram-based Gradient Boosting,-0.8317581654646831,-1.2295428597175448,5
Histogram-based Gradient Boosting,-3.1791288900792822,-2.6385394314345936,5
Histogram-based Gradient Boosting,-0.9800565288767592,-0.704518374221095,5
Histogram-based Gradient Boosting,-2.385444450882969,-1.9067280256624994,5
Histogram-based Gradient Boosting,-3.121373090381552,-2.6271997627561965,5
Histogram-based Gradient Boosting,-3.4495551653497865,-3.4608079825103077,5
Histogram-based Gradient Boosting,-1.6643405451853508,-2.1652174509488367,5
Histogram-based Gradient Boosting,-2.114518460874232,-1.7368166459054624,5
Histogram-based Gradient Boosting,-1.63438498383371,-1.9877186812704748,5
Histogram-based Gradient Boosting,-1.3068936298450675,-1.2735148755745258,5
Histogram-based Gradient Boosting,-1.5167709261725162,-1.4215689313249327,5
Histogram-based Gradient Boosting,-2.390077592912712,-2.5791087563492097,5
Histogram-based Gradient Boosting,-1.011455146773862,-1.2720042096642985,5
Histogram-based Gradient Boosting,-1.5672159407631352,-1.6554993401555798,5
Histogram-based Gradient Boosting,-1.2413209034031176,-1.348264780841409,5
Histogram-based Gradient Boosting,-2.5315835424986517,-2.692718041151538,5
