model,experiment,prediction,split #
Kernel Ridge Regression,-2.3969317709673565,1.2445600106048005e-13,1
Kernel Ridge Regression,-3.1408689109724577,-9.399418736562564e-19,1
Kernel Ridge Regression,-1.9138112509675613,4.614635496641428e-18,1
Kernel Ridge Regression,-2.559953281626918,8.368306048112117e-15,1
Kernel Ridge Regression,-1.169002914533462,1.5500702934753696e-19,1
Kernel Ridge Regression,-2.403452823620798,7.773729576721067e-17,1
Kernel Ridge Regression,-0.737425984358659,-1.2443236595604568e-19,1
Kernel Ridge Regression,-0.28950830319552845,0.00017976760864257812,1
Kernel Ridge Regression,-1.0745636623476162,-3.027446145261989e-20,1
Kernel Ridge Regression,-1.5321588732385725,-3.100456385767801e-20,1
Kernel Ridge Regression,-1.641711232958164,-3.865918427489155e-19,1
Kernel Ridge Regression,-1.5393527377902698,-3.206476464152021e-20,1
Kernel Ridge Regression,-1.2059345608151744,-5.043353798948195e-20,1
Kernel Ridge Regression,-1.4103143043656896,-1.0951871310202086e-19,1
Kernel Ridge Regression,-1.374139089297611,-2.8835309358445406e-20,1
Kernel Ridge Regression,-1.414958380703708,-1.1653889156318184e-20,1
Kernel Ridge Regression,-0.9407520429016281,-1.0234128954511812e-20,1
Kernel Ridge Regression,-0.22901321309844905,-8.394115118853899e-20,1
Kernel Ridge Regression,-1.4091232046942341,0.00665283203125,1
Kernel Ridge Regression,-1.833927238128002,1.277325684459485e-18,1
Kernel Ridge Regression,-2.8184713897478226,1.1841520602615119e-18,1
Kernel Ridge Regression,-1.0225392132375182,2.921274333544943e-15,1
Kernel Ridge Regression,-1.3355656611938254,-1.1159659080075407e-19,1
Kernel Ridge Regression,-2.341290856803062,1.0679391398982219e-17,1
Kernel Ridge Regression,-1.5041031112940382,2.5804011705155006e-17,1
Kernel Ridge Regression,-0.9582190949069228,8.540723683836404e-12,1
Kernel Ridge Regression,-3.694349887124185,-7.920532882319703e-20,1
Kernel Ridge Regression,-2.3531252756425936,5.6107462426124854e-18,1
Kernel Ridge Regression,-3.399950007606853,-4.735542832417079e-19,1
Kernel Ridge Regression,-1.3607499667563296,8.049028110690415e-11,1
Kernel Ridge Regression,-1.7873296113427601,2.9544509200229996e-18,1
Kernel Ridge Regression,-1.1061070209631036,-2.590332631822057e-19,1
Kernel Ridge Regression,-2.9142603715445343,1.7533582008164017e-19,1
Kernel Ridge Regression,-3.876468483448327,-4.012322299444555e-20,1
Kernel Ridge Regression,-0.2659675601094114,1.457167719820518e-16,1
Kernel Ridge Regression,-0.40674416735366103,-1.1722406594407483e-18,1
Kernel Ridge Regression,-1.5018248431082857,-5.044081200899359e-19,1
Kernel Ridge Regression,-3.0110100837480736,-6.636503141737443e-19,1
Kernel Ridge Regression,-0.9300930772084189,-1.2854585242421063e-18,1
Kernel Ridge Regression,-0.14570591755806434,-5.572418001749228e-19,1
Kernel Ridge Regression,-0.6945493884044287,-2.8672065264558066e-19,1
Kernel Ridge Regression,-0.012750569114115418,-1.15619997300212e-18,1
Kernel Ridge Regression,-2.3140538776829995,-1.1330124460710335e-18,1
Kernel Ridge Regression,-1.4817410394981543,8.626432901337466e-14,1
Kernel Ridge Regression,-2.9238738790387533,4.981908982570893e-17,1
Kernel Ridge Regression,-3.579179826019102,-3.5462957467101984e-18,1
Kernel Ridge Regression,-3.349843097267282,-3.0438658355175317e-18,1
Kernel Ridge Regression,-3.447382880362,-9.546731590346074e-19,1
Kernel Ridge Regression,-2.2415951055389973,2.6971101760864258e-06,1
Kernel Ridge Regression,-1.1468871297310963,-6.129391795405684e-19,1
Kernel Ridge Regression,-3.2474583508182433,-1.3323828260310144e-18,1
Kernel Ridge Regression,-3.9019276346378216,-1.0382396597067387e-18,1
Kernel Ridge Regression,-2.325708590111872,-1.9561167125653998e-19,1
Kernel Ridge Regression,-1.415304935020491,5.421010862427522e-20,1
Kernel Ridge Regression,-1.0599038235929437,7.343775652694784e-19,1
Kernel Ridge Regression,-2.048440290036772,2.6281060661048627e-16,1
Kernel Ridge Regression,-1.4542413778154994,4.191091917959966e-15,1
Kernel Ridge Regression,-2.6852623228853463,-1.0536792078822977e-19,1
Kernel Ridge Regression,-1.4616237416558537,28.125,1
Kernel Ridge Regression,-1.8026465968079968,3.9979955110402976e-19,1
Kernel Ridge Regression,-2.6799272800459657,-1.6530708233504726e-19,1
Kernel Ridge Regression,-2.691578169406441,-2.131981928239074e-18,1
Kernel Ridge Regression,-3.007286136495451,4.212125440106185e-17,1
Kernel Ridge Regression,-2.5986223809209954,0.0321044921875,1
Kernel Ridge Regression,-3.52120992195253,4.141652298894627e-16,1
Kernel Ridge Regression,-2.4555313487080666,-1.7286982923949708e-18,1
Kernel Ridge Regression,-3.1782271514224525,8.904010341537205e-18,1
Kernel Ridge Regression,-2.498525274280529,2.667137344314341e-17,1
Kernel Ridge Regression,-3.1353471437504044,-1.0999781611281158e-18,1
Kernel Ridge Regression,-1.6536721058017216,5.924080670460796e-16,1
Kernel Ridge Regression,-1.7568408124580226,6.782768791069316e-16,1
Kernel Ridge Regression,-1.3160847906164357,0.001140594482421875,1
Kernel Ridge Regression,-1.1465151741161497,4.285460875053104e-14,1
Kernel Ridge Regression,-2.236090057320799,1.601149768326593e-15,1
Kernel Ridge Regression,-2.644753893986956,3.1035287187397564e-17,1
Kernel Ridge Regression,-2.470173263354167,1.220811646218678e-16,1
Kernel Ridge Regression,-2.1210586466718686,2.903927098785175e-15,1
Kernel Ridge Regression,-3.20266873961377,2.3425705819590803e-14,1
Kernel Ridge Regression,-3.1495014132834878,-2.20742080010391e-18,1
Kernel Ridge Regression,-2.7669040895368373,1.1248597539537109e-18,1
Kernel Ridge Regression,-1.9555954093204297,3.122502256758253e-16,1
Kernel Ridge Regression,-1.883787384700319,-2.7672566386797992e-18,1
Kernel Ridge Regression,-1.4886987965534475,4.975186929101483e-15,1
Kernel Ridge Regression,-2.082759927050954,6.01732205729455e-17,1
Kernel Ridge Regression,-2.258697330779929,-2.363221922839498e-18,1
Kernel Ridge Regression,-3.690448608815449,-1.6018599989258937e-19,1
Kernel Ridge Regression,-1.6379527351562522,1.7726705520137997e-17,1
Kernel Ridge Regression,-1.955139967558483,2.947674656444965e-19,1
Kernel Ridge Regression,-2.9211605333956863,-6.291337215731316e-19,1
Kernel Ridge Regression,-2.3552642027188186,-5.399835038746165e-19,1
Kernel Ridge Regression,-1.6668842660690988,1.9888333601530972e-18,1
Kernel Ridge Regression,-2.0615953180564492,-4.0477586966914877e-19,1
Kernel Ridge Regression,-1.3752808174958797,8.500145032286355e-16,1
Kernel Ridge Regression,-3.9030899869919438,-4.2065990681027804e-20,1
Kernel Ridge Regression,-3.48241354468584,-1.0908924092798333e-18,1
Kernel Ridge Regression,-2.728175115284189,-1.5699755677358457e-18,1
Kernel Ridge Regression,-3.3980931244651527,-1.2673201077700435e-18,1
Kernel Ridge Regression,-1.012145447578458,7.160007953643799e-06,1
Kernel Ridge Regression,-3.7834435403498214,-1.4060746924421386e-19,1
Kernel Ridge Regression,-2.5430732387631334,-6.589916329638457e-19,1
Kernel Ridge Regression,-1.1134303475678107,3.3573144264664734e-12,1
Kernel Ridge Regression,-1.5213971031085405,-9.875345373801074e-19,1
Kernel Ridge Regression,-1.9705460914481276,1.4868106745780096e-12,1
Kernel Ridge Regression,-2.0116848782875407,-5.437951521372608e-19,1
Kernel Ridge Regression,-3.5459650539173615,-4.3505729753349e-19,1
Kernel Ridge Regression,-2.8343485837796827,-6.5401531439872665e-19,1
Kernel Ridge Regression,-1.2175444827866113,0.01666259765625,1
Kernel Ridge Regression,-1.479191830676853,8.651933336434325e-17,1
Kernel Ridge Regression,-1.2662523005170878,8.097634975751111e-18,1
Kernel Ridge Regression,-1.0807113206322263,1.1862721294164658e-07,1
Kernel Ridge Regression,-1.5625822596100025,4.96564594998361e-16,1
Kernel Ridge Regression,-1.9718622007532294,2.7200464103316335e-14,1
Kernel Ridge Regression,-2.176441984856953,1.1394964832822652e-16,1
Kernel Ridge Regression,-1.2185345221225936,5.799805080641818e-13,1
Kernel Ridge Regression,-1.840084037547579,-2.0568077541702548e-18,1
Kernel Ridge Regression,-1.0209515518818744,-1.0831433813014366e-18,1
Kernel Ridge Regression,-3.1720823887102565,-2.5482986218145626e-18,1
Kernel Ridge Regression,-3.390442939572028,-3.927405464489703e-20,1
Kernel Ridge Regression,-1.7625310634593319,1.7997756063259374e-17,1
Kernel Ridge Regression,-1.4257747559860434,1.2646134139870924e-15,1
Kernel Ridge Regression,-3.1720823887102565,-1.5556085261703536e-19,1
Kernel Ridge Regression,-2.809138225804324,-3.954121851350485e-19,1
Kernel Ridge Regression,-2.9171991963522217,1.9905274260476058e-19,1
Kernel Ridge Regression,-0.5687544073603336,0.26513671875,1
Kernel Ridge Regression,-0.9349414936187838,4.2577052994374753e-14,1
Kernel Ridge Regression,-0.6538319472043919,9.894307595459395e-13,1
Kernel Ridge Regression,-0.664255515397868,4.791722574282176e-13,1
Kernel Ridge Regression,-2.001001072492525,6.228351168147128e-14,1
Kernel Ridge Regression,-1.5708763680120374,1.4268100589909238e-16,1
Kernel Ridge Regression,-2.244039132061237,2.835188681049594e-17,1
Kernel Ridge Regression,-3.030623697854625,1.9989977555201488e-18,1
Kernel Ridge Regression,-2.2151887800651093,3.3046482217358175e-16,1
Kernel Ridge Regression,-3.437187483030755,-1.61465655570351e-18,1
Kernel Ridge Regression,-2.612904311968554,1.4554329963445412e-15,1
Kernel Ridge Regression,-1.7139014654061842,3.2612801348363973e-15,1
Kernel Ridge Regression,-1.9090244195663402,-1.3792872754852213e-18,1
Kernel Ridge Regression,-3.0607359079332865,-2.8836152048694445e-19,1
Kernel Ridge Regression,-2.0978386037648766,8.76902717106276e-16,1
Kernel Ridge Regression,-1.167232267440179,2.547295707699959e-12,1
Kernel Ridge Regression,-1.4486812373435975,1.0578204978628492e-12,1
Kernel Ridge Regression,-3.6688623296866587,-2.7515865291555947e-18,1
Kernel Ridge Regression,-1.4609239012072235,3.5216274341109965e-13,1
Kernel Ridge Regression,-4.0490653862997,-1.138398242844033e-19,1
Kernel Ridge Regression,-1.763658215013675,-4.629035056744751e-19,1
Kernel Ridge Regression,-1.2297848289673887,1.408107571515549e-17,1
Kernel Ridge Regression,-1.8162387276731846,-4.929897189142539e-19,1
Kernel Ridge Regression,-2.174390400742264,-1.0291185611343732e-18,1
Kernel Ridge Regression,-1.0225594503600544,5.378659215064807e-19,1
Kernel Ridge Regression,-1.0144370432648293,1.8783802638311364e-17,1
Kernel Ridge Regression,-1.2640972244503184,1.1011428314305904e-18,1
Kernel Ridge Regression,-2.3465562136207656,-6.013933925505532e-20,1
Kernel Ridge Regression,-2.119103556806872,1.2333883914195098e-15,1
Kernel Ridge Regression,-2.0995080091454192,-1.4208977690190888e-19,1
Kernel Ridge Regression,-1.8171279243372191,-9.560553519887894e-20,1
Kernel Ridge Regression,-1.2530119718858257,1.1535911115245767e-15,1
Kernel Ridge Regression,-1.7550940407409845,1.1380052455933765e-10,1
Kernel Ridge Regression,-2.17663866294089,6.739400704169896e-16,1
Kernel Ridge Regression,-2.436631774638256,2.216109240560371e-16,1
Kernel Ridge Regression,-1.936404341844701,2.7995383788947947e-12,1
Kernel Ridge Regression,-2.443810430479706,1.3877787807814457e-17,1
Kernel Ridge Regression,-1.5811083204741387,9.356664748549903e-17,1
Kernel Ridge Regression,-4.034798298974088,-6.741847085041661e-20,1
Kernel Ridge Regression,-3.233202110369878,-1.4000395826929517e-18,1
Kernel Ridge Regression,-3.3358640560027224,-2.957124367762771e-18,1
Kernel Ridge Regression,-2.5444075781780136,3.333921680392926e-18,1
Kernel Ridge Regression,-2.993441546294603,-3.808802761337169e-18,1
Kernel Ridge Regression,-2.9710072633433735,-1.643905662163385e-18,1
Kernel Ridge Regression,-2.019028072917717,4.440892098500626e-16,1
Kernel Ridge Regression,-3.3466707249611667,-2.1127119286890386e-18,1
Kernel Ridge Regression,-3.4116117497612004,-9.77264262894649e-19,1
Kernel Ridge Regression,-1.7083201719567802,5.509481759702339e-15,1
Kernel Ridge Regression,-1.4643518021071489,4.6004866582904924e-15,1
Kernel Ridge Regression,-2.26736728311359,2.608861477543245e-19,1
Kernel Ridge Regression,-2.7766733448672327,4.119968255444917e-18,1
Kernel Ridge Regression,-3.3036200184447138,4.103705222857634e-17,1
Kernel Ridge Regression,-4.059833781301273,-5.790306141927817e-19,1
Kernel Ridge Regression,-3.3309007861959947,-1.3778012455147698e-18,1
Kernel Ridge Regression,-2.1956618739690814,2.5560066216345767e-17,1
Kernel Ridge Regression,-2.5585788782984222,-6.671575599709692e-19,1
Kernel Ridge Regression,-1.4333467694862632,2.8244073746463982e-12,1
Kernel Ridge Regression,-3.844232919056576,-1.735034289091974e-18,1
Kernel Ridge Regression,-1.5650830494456354,2.682298827494378e-12,1
Kernel Ridge Regression,-3.393048191942752,-2.567992137838225e-18,1
Kernel Ridge Regression,-2.432175336754664,4.060337135958214e-17,1
Kernel Ridge Regression,-1.586700235918748,4.75353090223507e-12,1
Kernel Ridge Regression,-3.5527489155241385,1.7618285302889447e-19,1
Kernel Ridge Regression,-4.059833781301273,-4.428225456280578e-20,1
Kernel Ridge Regression,-1.2054304558342028,5.46229728115577e-13,1
Kernel Ridge Regression,-2.0742842332450646,-2.177404070035586e-18,1
Kernel Ridge Regression,-1.9412408278950934,-1.6635197688482425e-18,1
Kernel Ridge Regression,-0.8521750241183932,2.002385887309166e-18,1
Kernel Ridge Regression,-0.9751054096242024,6.581402089977928e-13,1
Kernel Ridge Regression,-1.47951268111869,3.032377951170395e-19,1
Kernel Ridge Regression,-1.8161267212970162,1.9971004017182992e-16,1
Kernel Ridge Regression,-1.6189896501583372,-1.2039845426280833e-18,1
Kernel Ridge Regression,-3.0397590359811644,-1.694587018294509e-19,1
Kernel Ridge Regression,-1.2165796349138172,3.339550858072471e-13,1
Kernel Ridge Regression,-1.740666799910411,1.1655173354219173e-17,1
Kernel Ridge Regression,-0.9737395646276028,2.1600499167107046e-11,1
Kernel Ridge Regression,-2.314076075024747,-5.667179812723303e-20,1
Kernel Ridge Regression,-1.405215799824956,3.7838655819744105e-17,1
Kernel Ridge Regression,-2.4796814387852613,-7.062137197732729e-19,1
Kernel Ridge Regression,-1.514016684929528,9.825473767932635e-15,1
Kernel Ridge Regression,-1.8486158063184404,-1.537364799266555e-19,1
Kernel Ridge Regression,-1.3627172000570675,4.9873299934333204e-18,1
Kernel Ridge Regression,-1.9765773961271407,1.4216600986716177e-17,1
Kernel Ridge Regression,-2.740096874062147,-1.1447848805488882e-19,1
Kernel Ridge Regression,0.3580642293861346,5.5091022889419694e-18,1
Kernel Ridge Regression,0.013270809352243309,8.212831456577696e-18,1
Kernel Ridge Regression,-0.31923658554998896,-7.623296525288703e-20,1
Kernel Ridge Regression,0.011790398005349874,2.8494188345634663e-18,1
Kernel Ridge Regression,-0.43783118657286935,0.025146484375,1
Kernel Ridge Regression,0.3323074801803344,2.3266978621538925e-16,1
Kernel Ridge Regression,-1.5200924815934278,4.565792188770956e-15,1
Kernel Ridge Regression,-1.7473311829109102,-8.724439356719293e-20,1
Kernel Ridge Regression,-1.6790364719823858,3.069766663088558e-14,1
Kernel Ridge Regression,-2.642143447351316,-2.752857078576476e-20,1
Kernel Ridge Regression,-1.6163219968838958,2.8949065367100957e-14,1
Kernel Ridge Regression,-1.1820723340995358,0.008544921875,1
Kernel Ridge Regression,-3.915670428497184,-1.210387012733441e-20,1
Kernel Ridge Regression,-2.5395917281791975,-5.488773498207866e-19,1
Kernel Ridge Regression,-2.1235976234646596,2.3696322681843185e-15,1
Kernel Ridge Regression,-1.0801819981618899,5.9259264162392356e-12,1
Kernel Ridge Regression,-2.789746241172472,-1.4475793068575993e-18,1
Kernel Ridge Regression,-3.4519129118061063,2.303929616531697e-19,1
Kernel Ridge Regression,-2.3812985463366814,-6.878833973990978e-19,1
Kernel Ridge Regression,-1.6115607525200502,3.378373969464832e-16,1
Kernel Ridge Regression,-1.852111989478871,4.4825254619240695e-15,1
Kernel Ridge Regression,-1.7472661616036533,2.4157379655692646e-18,1
Kernel Ridge Regression,-1.5290505627346085,-3.2932598576045965e-19,1
Kernel Ridge Regression,-1.4753372030036505,-8.946861177960286e-20,1
Kernel Ridge Regression,-1.3041517533417322,-2.972368095216157e-20,1
Kernel Ridge Regression,-0.9134224928394735,-6.6445847447897e-20,1
Kernel Ridge Regression,-1.3198484161479276,-2.932122154898837e-20,1
Kernel Ridge Regression,-1.7563417007657087,-3.614635494650524e-20,1
Kernel Ridge Regression,-1.629049819754814,-6.404389801526012e-21,1
Kernel Ridge Regression,-1.5966625231096632,5.692061405548898e-18,1
Kernel Ridge Regression,-2.14182332020342,2.939204326972422e-19,1
Kernel Ridge Regression,-0.7266296487986936,1.30385160446167e-08,1
Kernel Ridge Regression,-1.8036577587890321,-1.1254420891049482e-18,1
Kernel Ridge Regression,-1.3551617678005954,1.6940658945086007e-20,1
Kernel Ridge Regression,-1.9406256000139548,-5.431698035941707e-19,1
Kernel Ridge Regression,-0.7463040504271798,5.2235993308613615e-14,1
Kernel Ridge Regression,-3.295634963777275,-1.5144036677917153e-18,1
Kernel Ridge Regression,-0.8317581654646831,1.9971004017182992e-16,1
Kernel Ridge Regression,-1.450536715424269,-2.6703640104477878e-18,1
Kernel Ridge Regression,-2.0560190796534115,-5.21772295508649e-19,1
Kernel Ridge Regression,-1.0748372190236377,6.987466161234579e-15,1
Kernel Ridge Regression,-0.5935262904426333,-1.3207361230062678e-18,1
Kernel Ridge Regression,-1.025762740954669,5.215383680479135e-12,1
Kernel Ridge Regression,-0.6143935172969877,9.486769009248164e-18,1
Kernel Ridge Regression,-0.37949908787793823,7.598088824778415e-15,1
Kernel Ridge Regression,-0.6158874808696795,2.8484159475539172e-15,1
Kernel Ridge Regression,-1.6643405451853508,9.605353621863766e-19,1
Kernel Ridge Regression,-3.241946952668458,3.923456611681919e-18,1
Kernel Ridge Regression,-1.011455146773862,6.687983500341943e-13,1
Kernel Ridge Regression,-1.9812071611751474,3.8469227803261674e-14,1
Kernel Ridge Regression,-1.5672159407631352,3.8413716652030416e-13,1
Kernel Ridge Regression,-3.3694633107167937,-7.970193455973568e-20,1
Kernel Ridge Regression,-2.5315835424986517,-4.622682309640344e-19,1
Kernel Ridge Regression,-3.7465335671940925,5.340565241858542e-20,2
Kernel Ridge Regression,-2.881231480327938,-1.1915381875615694e-16,2
Kernel Ridge Regression,-1.9492654506102318,1.407530530320232e-19,2
Kernel Ridge Regression,-2.2593946471787434,4.797594613248357e-16,2
Kernel Ridge Regression,-1.7253486984128064,1.2660011927678738e-14,2
Kernel Ridge Regression,-1.3240188516817268,3.0884938839259926e-19,2
Kernel Ridge Regression,-3.3692782873859213,6.478478557515313e-21,2
Kernel Ridge Regression,-1.6443425309821194,3.6360791776299714e-21,2
Kernel Ridge Regression,-1.6021765542362365,1.5515684524157417e-22,2
Kernel Ridge Regression,-1.5498899805881399,1.9845981954168257e-18,2
Kernel Ridge Regression,-1.1938637358837367,1.5740880821013548e-14,2
Kernel Ridge Regression,-1.4985127097581414,1.4782131074753124e-10,2
Kernel Ridge Regression,-1.1345513868310089,1.7564075194265172e-15,2
Kernel Ridge Regression,-1.0056334760903496,1.9768908732231694e-14,2
Kernel Ridge Regression,-1.4610955316441951,2.3255702918945076e-14,2
Kernel Ridge Regression,-1.4187942485435616,3.7921055184853e-14,2
Kernel Ridge Regression,-1.9996117840097518,1.0058516248644817e-18,2
Kernel Ridge Regression,-0.9172087828988489,1.3786308249510992e-17,2
Kernel Ridge Regression,-1.2696661993818519,3.1563293645398005e-15,2
Kernel Ridge Regression,-1.5041031112940382,4.2934406030425976e-17,2
Kernel Ridge Regression,-2.808030042713029,5.275468433648817e-20,2
Kernel Ridge Regression,-2.6092962251353855,1.1949940819863669e-17,2
Kernel Ridge Regression,-2.66118307205398,1.6834883224255788e-20,2
Kernel Ridge Regression,-2.151509814945314,3.3706617344800814e-19,2
Kernel Ridge Regression,-0.7406200937095554,1.9915862172316737e-19,2
Kernel Ridge Regression,-0.6389033445220246,3.070325027207388e-17,2
Kernel Ridge Regression,-0.19201915469350456,5.586182287142111e-19,2
Kernel Ridge Regression,0.20995355888867073,2.0407395391608407e-16,2
Kernel Ridge Regression,-0.3417701012907816,1.560166926206641e-16,2
Kernel Ridge Regression,0.20849296776590773,1.6707417671568692e-09,2
Kernel Ridge Regression,-2.2882000233155653,4.00673779279996e-21,2
Kernel Ridge Regression,-2.931358924489361,9.40714791220626e-18,2
Kernel Ridge Regression,-3.2691119889214533,5.736001239687715e-19,2
Kernel Ridge Regression,-2.541474704475919,2.284341979626441e-19,2
Kernel Ridge Regression,-1.9304209166838449,2.2317624094256305e-17,2
Kernel Ridge Regression,-2.465962973225779,1.3940468245911275e-17,2
Kernel Ridge Regression,-1.1731208384522849,7.61868866605564e-16,2
Kernel Ridge Regression,-1.2279630916135922,-6.938893903907228e-16,2
Kernel Ridge Regression,-2.1223515198479075,6.576582178164102e-20,2
Kernel Ridge Regression,-2.0468682910310587,2.574556643179446e-18,2
Kernel Ridge Regression,-3.1381335734004905,3.123642827832127e-20,2
Kernel Ridge Regression,-2.557865138098485,1.0037159479204463e-19,2
Kernel Ridge Regression,-3.447382880362,9.701174224021909e-20,2
Kernel Ridge Regression,-3.1668739337041876,6.476171660646827e-20,2
Kernel Ridge Regression,-2.9119908501955227,2.3492072451697982e-20,2
Kernel Ridge Regression,-2.4909497090997137,3.8828636666237655e-20,2
Kernel Ridge Regression,-3.310333372786738,1.8475906161984426e-19,2
Kernel Ridge Regression,-3.310333372786738,2.226931810620173e-20,2
Kernel Ridge Regression,-3.3458359767686834,7.955518593360281e-21,2
Kernel Ridge Regression,-1.3360910210889294,2.0500844301514238e-19,2
Kernel Ridge Regression,-2.861353792341514,2.162870506673029e-20,2
Kernel Ridge Regression,-2.845233778250056,3.615027431040497e-20,2
Kernel Ridge Regression,-2.174597252967641,7.864700915256179e-19,2
Kernel Ridge Regression,-1.8319016673890882,7.583591855886158e-20,2
Kernel Ridge Regression,-2.6732644443606475,1.4932794330387172e-20,2
Kernel Ridge Regression,-1.3158802108242549,2.379823768605682e-16,2
Kernel Ridge Regression,-1.4093732376842594,1.4013313079375145e-16,2
Kernel Ridge Regression,-2.617794503701521,1.0661686011560827e-20,2
Kernel Ridge Regression,-1.4370923600242806,6.835762178525329e-09,2
Kernel Ridge Regression,-1.392520817816124,1.164866814118426e-15,2
Kernel Ridge Regression,-3.302921552819786,3.1999159384058076e-21,2
Kernel Ridge Regression,-2.3918623308235594,5.681219383824043e-16,2
Kernel Ridge Regression,-2.2476183878149794,1.4712623480628295e-16,2
Kernel Ridge Regression,-2.5038360209902844,1.4859331644704514e-19,2
Kernel Ridge Regression,-3.6203410251864447,9.068450848783027e-20,2
Kernel Ridge Regression,-3.3114386993585976,1.0577985673328118e-19,2
Kernel Ridge Regression,-3.5222913974306227,7.231967303657216e-18,2
Kernel Ridge Regression,-2.270552443792131,5.187018010748522e-19,2
Kernel Ridge Regression,-3.9730828630218453,6.480177347386601e-21,2
Kernel Ridge Regression,-2.663203768289533,-3.866705404215881e-19,2
Kernel Ridge Regression,-1.622950411914381,5.552300969251939e-19,2
Kernel Ridge Regression,-1.1630496225248408,4.3158365770068485e-11,2
Kernel Ridge Regression,-1.2543892714743548,1.8479141827842938e-15,2
Kernel Ridge Regression,-1.7751555586449395,3.527362829722127e-19,2
Kernel Ridge Regression,-1.41390601215094,1.0390993621101074e-14,2
Kernel Ridge Regression,-1.1883246153441216,6.582234757246397e-14,2
Kernel Ridge Regression,-1.6698969598127007,1.709312487559178e-18,2
Kernel Ridge Regression,-3.0415646563875622,6.170105625155544e-20,2
Kernel Ridge Regression,-2.5339607001524365,1.611905053877649e-14,2
Kernel Ridge Regression,-1.987977989665314,4.9528880280335964e-20,2
Kernel Ridge Regression,-1.5650446341096866,6.279776698647765e-11,2
Kernel Ridge Regression,-3.40015839520823,2.364206267768436e-20,2
Kernel Ridge Regression,-3.339134521996131,1.9997918489081997e-19,2
Kernel Ridge Regression,-4.441291429466834,1.9039611136266256e-21,2
Kernel Ridge Regression,-1.4855749296151965,5.136863157062521e-14,2
Kernel Ridge Regression,-1.7310907007998717,8.385626177817573e-19,2
Kernel Ridge Regression,-1.7176063992666837,3.463517721322834e-18,2
Kernel Ridge Regression,-1.262358754468822,1.1818529117489207e-19,2
Kernel Ridge Regression,-2.550141932709222,1.0227591965850655e-19,2
Kernel Ridge Regression,-2.618445069067542,2.8015614730435984e-18,2
Kernel Ridge Regression,-3.190894343543139,8.632324523705388e-19,2
Kernel Ridge Regression,-2.362468744313884,2.30943533068885e-18,2
Kernel Ridge Regression,-1.5518607813097591,2.2625130935427507e-15,2
Kernel Ridge Regression,-1.6253102968663857,9.340327021553307e-20,2
Kernel Ridge Regression,-1.3149788474841408,4.946672411965114e-18,2
Kernel Ridge Regression,-3.3960495196322524,3.6491072722776816e-20,2
Kernel Ridge Regression,-1.7883466398341077,3.8995775617587384e-20,2
Kernel Ridge Regression,-1.7983538696326367,9.648044082405383e-17,2
Kernel Ridge Regression,-1.512256636766295,1.5187504032176946e-15,2
Kernel Ridge Regression,-2.8606575042266775,2.526044154614436e-20,2
Kernel Ridge Regression,-1.7015723913432346,3.781155076543197e-18,2
Kernel Ridge Regression,-4.026482380351305,3.6239932438582826e-20,2
Kernel Ridge Regression,-1.8211763195496429,1.1958411149336212e-17,2
Kernel Ridge Regression,-1.6384460109776287,1.4972154375667013e-17,2
Kernel Ridge Regression,-1.006612713059657,6.885159109515371e-12,2
Kernel Ridge Regression,-3.5459650539173615,8.891008975163038e-21,2
Kernel Ridge Regression,-3.739785461604827,3.017771960437092e-21,2
Kernel Ridge Regression,-1.3434220574020639,1.0287604101932857e-13,2
Kernel Ridge Regression,-1.5213971031085405,2.4076911525703487e-18,2
Kernel Ridge Regression,-1.42943857964666,1.1067535776732029e-13,2
Kernel Ridge Regression,-1.6993207301372903,2.185609701712112e-19,2
Kernel Ridge Regression,-3.6572596108178765,1.1046777764692259e-20,2
Kernel Ridge Regression,-3.172776808882327,1.3418027588467683e-19,2
Kernel Ridge Regression,-3.4629936067206395,7.315952398815797e-20,2
Kernel Ridge Regression,-2.6148556108775285,2.2035562122820623e-18,2
Kernel Ridge Regression,-1.8350242298439021,-0.000334322452545166,2
Kernel Ridge Regression,-1.790442094293253,1.9947625907838773e-19,2
Kernel Ridge Regression,-2.099963060637607,3.708144902248023e-14,2
Kernel Ridge Regression,-2.648503823177817,2.190088388420719e-16,2
Kernel Ridge Regression,-2.7671936491741276,3.954107504936736e-20,2
Kernel Ridge Regression,-2.0630158256502544,4.1313523782560146e-16,2
Kernel Ridge Regression,-1.9745795534681516,2.627021863932377e-16,2
Kernel Ridge Regression,-1.064270917741021,2.6296137847509754e-18,2
Kernel Ridge Regression,-0.9637364568210032,3.924938919339614e-19,2
Kernel Ridge Regression,-1.1441412885613946,1.1271890945586602e-18,2
Kernel Ridge Regression,-0.6074545522659878,3.9042120231203015e-16,2
Kernel Ridge Regression,-1.0937551186817627,1.4436617794765481e-19,2
Kernel Ridge Regression,-0.7705521408719755,3.118775311790334e-18,2
Kernel Ridge Regression,-1.982318834323383,3.7084161221977337e-19,2
Kernel Ridge Regression,-3.352587686654944,1.0583676675942483e-18,2
Kernel Ridge Regression,-3.9600428565808334,3.319545591539484e-20,2
Kernel Ridge Regression,-1.386590637896301,1.648004399612546e-08,2
Kernel Ridge Regression,-2.7906820711849507,1.1993986533120893e-18,2
Kernel Ridge Regression,-2.7597061620105943,3.4249946628817085e-16,2
Kernel Ridge Regression,-1.421235229471209,-0.00027364492416381836,2
Kernel Ridge Regression,-1.3544637580442256,6.706366816273672e-20,2
Kernel Ridge Regression,-1.9945993491296803,3.3786026683605905e-19,2
Kernel Ridge Regression,-1.6292558354409146,3.1805669209461485e-12,2
Kernel Ridge Regression,-3.7938003909509543,8.500444730480109e-20,2
Kernel Ridge Regression,-2.177111289133642,6.86731961986424e-19,2
Kernel Ridge Regression,-2.4951902617888977,3.387284756069947e-18,2
Kernel Ridge Regression,-2.672496188704653,9.690056916589196e-19,2
Kernel Ridge Regression,-1.297434930657182,2.0777823905859805e-13,2
Kernel Ridge Regression,-1.8793987946410835,3.466058820164597e-17,2
Kernel Ridge Regression,-1.366206440166372,2.2632720350634905e-17,2
Kernel Ridge Regression,-1.4386260150993235,9.43689570931383e-13,2
Kernel Ridge Regression,-1.2503305415619155,2.1099566538396175e-11,2
Kernel Ridge Regression,-1.3168403571338247,3.137073933956458e-14,2
Kernel Ridge Regression,-1.9811271489159006,6.009698760769261e-19,2
Kernel Ridge Regression,-1.3693953613978682,1.5741577929129138e-19,2
Kernel Ridge Regression,-1.5310782741493767,1.4797191250082165e-14,2
Kernel Ridge Regression,-1.409977601837042,1.6891954550618885e-18,2
Kernel Ridge Regression,-1.543738042979891,2.487159783681747e-16,2
Kernel Ridge Regression,-1.0624918421054752,3.0678584672649833e-15,2
Kernel Ridge Regression,-1.396090167895999,3.4114251950666946e-19,2
Kernel Ridge Regression,-3.8997432135729384,1.1486649230772587e-20,2
Kernel Ridge Regression,-2.6904826786431757,2.1146706923795642e-19,2
Kernel Ridge Regression,-1.7701752248722789,5.7506083228631155e-15,2
Kernel Ridge Regression,-2.568749167088006,5.817422281742535e-18,2
Kernel Ridge Regression,-3.744840908818875,1.5764408114035601e-19,2
Kernel Ridge Regression,-1.4790145740873064,9.701128789174618e-13,2
Kernel Ridge Regression,-2.3758693662733776,4.636291350834654e-13,2
Kernel Ridge Regression,-1.2111861770342556,2.3566826712340117e-08,2
Kernel Ridge Regression,-3.6924119784161333,2.1294524099258868e-20,2
Kernel Ridge Regression,-3.233202110369878,3.823626096408061e-19,2
Kernel Ridge Regression,-2.300301079838426,1.2305271141236848e-18,2
Kernel Ridge Regression,-2.483384252706259,1.8706854989009231e-19,2
Kernel Ridge Regression,-3.3980116731740355,2.4652629232040394e-19,2
Kernel Ridge Regression,-2.033677685255944,1.451475658414969e-17,2
Kernel Ridge Regression,-2.804329449939637,1.4286732667770873e-19,2
Kernel Ridge Regression,-3.290189204280069,1.4347778596977286e-19,2
Kernel Ridge Regression,-2.1622159208236154,4.234105945087434e-19,2
Kernel Ridge Regression,-2.0864005407417032,1.381341330382313e-17,2
Kernel Ridge Regression,-1.5226715493865826,6.908536243077634e-16,2
Kernel Ridge Regression,-2.7386203038591304,1.100481086940548e-19,2
Kernel Ridge Regression,-3.2402151004002007,4.20629274016042e-20,2
Kernel Ridge Regression,-1.356590498479473,1.8200552176494966e-11,2
Kernel Ridge Regression,-1.5951494590693263,3.9320857598320724e-20,2
Kernel Ridge Regression,-2.2270013364351495,3.7798845271223153e-19,2
Kernel Ridge Regression,-3.0455186942585932,5.396216123566245e-21,2
Kernel Ridge Regression,-3.600326278518962,4.340353118603347e-21,2
Kernel Ridge Regression,-1.694880975742639,5.03349328905868e-19,2
Kernel Ridge Regression,-1.0942289641451028,4.344614945583913e-15,2
Kernel Ridge Regression,-1.6895586727819518,2.2991650562033915e-19,2
Kernel Ridge Regression,-1.8057322630823986,1.5214167570565327e-19,2
Kernel Ridge Regression,-3.31795786632659,6.677400146125455e-20,2
Kernel Ridge Regression,-2.292547184423849,1.5014982479062558e-19,2
Kernel Ridge Regression,-3.184747097908846,7.597571208238304e-20,2
Kernel Ridge Regression,-1.9603652993893874,1.2891609846638936e-19,2
Kernel Ridge Regression,-1.1149880354485275,3.5331861812345003e-19,2
Kernel Ridge Regression,-1.5281785967617054,-0.34027099609375,2
Kernel Ridge Regression,-1.1026053129321816,2.8297676701871666e-16,2
Kernel Ridge Regression,-2.5945173784671853,8.432281749304978e-20,2
Kernel Ridge Regression,-2.1639051839291805,2.4956978757900705e-17,2
Kernel Ridge Regression,-1.2862388841839494,4.7357950894166834e-14,2
Kernel Ridge Regression,-1.2025079170212445,1.4395324938586834e-18,2
Kernel Ridge Regression,-1.4655690967005093,1.1320595340053724e-18,2
Kernel Ridge Regression,-2.809660176396059,2.767911765724941e-20,2
Kernel Ridge Regression,-1.2183710988289476,1.4152568006409183e-13,2
Kernel Ridge Regression,-2.850003549488979,9.355743600219764e-20,2
Kernel Ridge Regression,-1.5097699255058308,6.800116025829084e-16,2
Kernel Ridge Regression,-1.6374387034297335,8.705381115406072e-19,2
Kernel Ridge Regression,-1.309961996475505,2.0305073811580088e-17,2
Kernel Ridge Regression,-1.4562179644760493,7.94178091345632e-16,2
Kernel Ridge Regression,-2.2355646390433175,0.03857421875,2
Kernel Ridge Regression,-1.9362137770978871,6.926967680009888e-16,2
Kernel Ridge Regression,-2.122395441870392,2.6229018956769323e-15,2
Kernel Ridge Regression,-3.3010769020010144,1.6744823935064077e-20,2
Kernel Ridge Regression,-1.4262388316017447,3.2873009869760494e-16,2
Kernel Ridge Regression,-2.035715142789073,3.28517882202732e-20,2
Kernel Ridge Regression,-2.0703010191144675,-2.4087499437544166e-21,2
Kernel Ridge Regression,-1.1090605687339063,9.487202690117158e-15,2
Kernel Ridge Regression,-2.2355646390433175,1.0786435187691481e-20,2
Kernel Ridge Regression,-2.017352405817494,-0.0396728515625,2
Kernel Ridge Regression,-1.4541338573389984,2.253514215511121e-16,2
Kernel Ridge Regression,-0.39778171004309776,5.902760851178405e-20,2
Kernel Ridge Regression,0.23141740977050707,7.284103875626613e-15,2
Kernel Ridge Regression,0.2733961152011059,2.9620750296999176e-13,2
Kernel Ridge Regression,-3.6464665167152384,4.8763167507569366e-21,2
Kernel Ridge Regression,-3.3347136412278577,1.0313044327550715e-20,2
Kernel Ridge Regression,-0.9771273167949791,5.067560954197248e-16,2
Kernel Ridge Regression,-3.1657421077804533,1.411633346158495e-19,2
Kernel Ridge Regression,-1.098047311203653,3.372302437298913e-14,2
Kernel Ridge Regression,-1.6314222073485498,6.474719848811872e-18,2
Kernel Ridge Regression,-1.5941100276318725,2.4879938464369966e-20,2
Kernel Ridge Regression,-2.327144451312569,1.1316657960337972e-20,2
Kernel Ridge Regression,-3.4519129118061063,2.693379238242219e-21,2
Kernel Ridge Regression,-1.816712585545078,4.786794943170865e-19,2
Kernel Ridge Regression,-3.915670428497184,1.6578254023795165e-20,2
Kernel Ridge Regression,-2.7488910409678486,1.513045689257496e-19,2
Kernel Ridge Regression,-2.0424559224697187,7.274996577377735e-16,2
Kernel Ridge Regression,-2.2038635814094025,-2.530094189712173e-15,2
Kernel Ridge Regression,-2.405003945642156,2.252578244104405e-19,2
Kernel Ridge Regression,-2.5479760718766045,1.0662891239562711e-19,2
Kernel Ridge Regression,-1.1078591195735359,6.940628627383205e-15,2
Kernel Ridge Regression,-1.7868132829404095,9.547649502332067e-20,2
Kernel Ridge Regression,-1.5323301209746991,1.0013772739676503e-20,2
Kernel Ridge Regression,-1.28375174993668,6.716235936359086e-21,2
Kernel Ridge Regression,-1.540907293954747,4.304325250993946e-21,2
Kernel Ridge Regression,-1.8070894000718147,1.380266657330484e-19,2
Kernel Ridge Regression,-1.2755333695267534,6.158962229108056e-14,2
Kernel Ridge Regression,-0.6082262842300837,2.0754340086803769e-16,2
Kernel Ridge Regression,-1.0181181552809078,3.1323278389464027e-18,2
Kernel Ridge Regression,-2.6212424559235727,6.392002640586576e-21,2
Kernel Ridge Regression,-1.148825472087486,9.036174586363188e-15,2
Kernel Ridge Regression,-2.723197328038221,1.556191430008262e-19,2
Kernel Ridge Regression,-1.7998312883961207,7.555533889508359e-18,2
Kernel Ridge Regression,-3.1791288900792822,1.232544672261187e-19,2
Kernel Ridge Regression,-3.2503548803911073,1.805807138518975e-19,2
Kernel Ridge Regression,-2.385444450882969,5.03084631109851e-19,2
Kernel Ridge Regression,-1.048516497297764,1.0825081065909958e-17,2
Kernel Ridge Regression,-1.530055677420101,1.2692624729027102e-13,2
Kernel Ridge Regression,-3.4495551653497865,1.722775847230153e-20,2
Kernel Ridge Regression,-1.031601943299423,2.032265911111608e-09,2
Kernel Ridge Regression,-1.7793995024399858,6.258117642331186e-20,2
Kernel Ridge Regression,-1.4158076024067474,-4.911435841359335e-16,2
Kernel Ridge Regression,-1.3147618244158232,9.529120656610879e-19,2
Kernel Ridge Regression,-1.2413209034031176,-0.65814208984375,2
Kernel Ridge Regression,-3.8301933583825565,1.2226096928609228e-21,2
Kernel Ridge Regression,-3.431262194557772,-2.1043474783349024e-21,3
Kernel Ridge Regression,-3.431262194557772,-8.481082820506193e-21,3
Kernel Ridge Regression,-2.158822044993741,2.123935115240158e-19,3
Kernel Ridge Regression,-2.3969317709673565,7.538858426414663e-12,3
Kernel Ridge Regression,-3.5076503600642033,-2.0942532899223412e-20,3
Kernel Ridge Regression,-2.858166273095228,2.3140940118987485e-18,3
Kernel Ridge Regression,-1.5424726897801078,-3.592445400317799e-21,3
Kernel Ridge Regression,-0.32212322804184973,-3.1327171566715796e-21,3
Kernel Ridge Regression,-0.9452141888163385,-4.059154595969569e-22,3
Kernel Ridge Regression,-1.7566657394319904,-1.3125029875743744e-21,3
Kernel Ridge Regression,-1.103883331173482,-1.4305442459251057e-21,3
Kernel Ridge Regression,-1.496009274431816,-3.580141088706073e-22,3
Kernel Ridge Regression,-1.339883282003717,3.4254012386963906e-18,3
Kernel Ridge Regression,-2.123767317417046,-6.792807190285463e-21,3
Kernel Ridge Regression,-3.2180472636163895,-5.437368359040758e-21,3
Kernel Ridge Regression,-1.778416668028348,5.285485590866834e-19,3
Kernel Ridge Regression,-1.3897810295006061,4.690444945420688e-20,3
Kernel Ridge Regression,-3.2351404478705748,-5.100004684915567e-22,3
Kernel Ridge Regression,-2.617367632441655,3.043897599253054e-17,3
Kernel Ridge Regression,-2.7929079641438137,2.244637310223896e-19,3
Kernel Ridge Regression,-2.808030042713029,2.6613775202730117e-18,3
Kernel Ridge Regression,-2.4318269168378195,1.2680083220396876e-18,3
Kernel Ridge Regression,-3.1597853454922076,5.854691731421724e-18,3
Kernel Ridge Regression,-2.9688776583453143,6.548581121812447e-17,3
Kernel Ridge Regression,-2.0569241023003397,6.026639419714347e-19,3
Kernel Ridge Regression,-2.772379350111858,7.199780051661553e-20,3
Kernel Ridge Regression,-3.2036005297986074,7.157428404298838e-19,3
Kernel Ridge Regression,-2.6396789104480054,-9.910285482875314e-20,3
Kernel Ridge Regression,-2.272602230242758,6.961552035246281e-20,3
Kernel Ridge Regression,-2.736709137429952,2.0921713797181218e-19,3
Kernel Ridge Regression,-2.1155432005946873,2.2746561578745883e-16,3
Kernel Ridge Regression,0.14443509497441417,5.425347671117464e-16,3
Kernel Ridge Regression,-0.5987130334578719,-7.110444545505826e-21,3
Kernel Ridge Regression,-1.1235679872330004,-5.6049758306593155e-21,3
Kernel Ridge Regression,-2.004293876429448,2.2344729148568443e-18,3
Kernel Ridge Regression,-1.8033790498935367,-0.0006418228149414062,3
Kernel Ridge Regression,-1.5397653155309607,2.0365653607967715e-15,3
Kernel Ridge Regression,-2.1460708341762897,2.200930410145574e-17,3
Kernel Ridge Regression,-3.0775844181294625,1.164670302474663e-21,3
Kernel Ridge Regression,-1.9101052340727014,-6.947033723026268e-20,3
Kernel Ridge Regression,-1.1005815755977664,4.366624249685369e-17,3
Kernel Ridge Regression,-2.0174042079019414,3.5998900258307764e-21,3
Kernel Ridge Regression,-2.2017306515457955,3.625572064791527e-15,3
Kernel Ridge Regression,-3.810574259769909,-4.357518880206806e-21,3
Kernel Ridge Regression,-2.5493325073158326,4.086933970501999e-19,3
Kernel Ridge Regression,-3.1413617595139014,-9.002398810796435e-21,3
Kernel Ridge Regression,-3.366814432940472,-8.166631403113866e-21,3
Kernel Ridge Regression,-2.704319008875443,-4.5748065498141954e-20,3
Kernel Ridge Regression,-2.778538031513268,6.815968247436948e-21,3
Kernel Ridge Regression,-1.800655814770182,6.124048208648591e-19,3
Kernel Ridge Regression,-3.130720745231321,-6.664348626095392e-21,3
Kernel Ridge Regression,-2.7233828886420643,2.4696304368383194e-20,3
Kernel Ridge Regression,-1.1386989940333996,3.9985376121265404e-16,3
Kernel Ridge Regression,-2.7103007043055714,3.712386589137988e-21,3
Kernel Ridge Regression,-1.5372443207314632,2.6046263128069735e-19,3
Kernel Ridge Regression,-1.5372443207314632,1.2647660696529783e-12,3
Kernel Ridge Regression,-2.635616939296958,-1.2472229276074551e-20,3
Kernel Ridge Regression,-1.6435374468814823,3.301178774783864e-15,3
Kernel Ridge Regression,-2.8807530211105905,1.3162214373974024e-16,3
Kernel Ridge Regression,-1.4729877775908402,1.543632843076237e-17,3
Kernel Ridge Regression,-1.0556956867709293,7.99387343971246e-21,3
Kernel Ridge Regression,-1.6217142305536996,1.214433488125853e-19,3
Kernel Ridge Regression,-1.4100025284401918,1.3801893655740471e-16,3
Kernel Ridge Regression,-2.01828162271433,8.490658263277107e-18,3
Kernel Ridge Regression,-3.7342838339347466,-5.0891891368477224e-21,3
Kernel Ridge Regression,-3.52120992195253,1.6008922703106276e-18,3
Kernel Ridge Regression,-2.9303729669440868,-1.3565762045869654e-21,3
Kernel Ridge Regression,-2.487130374543647,5.120314166152246e-19,3
Kernel Ridge Regression,-2.5342163548062593,1.7867101231145398e-21,3
Kernel Ridge Regression,-3.2590502255091702,1.221421509940701e-18,3
Kernel Ridge Regression,-3.4401053391639986,-4.3807485240808346e-21,3
Kernel Ridge Regression,-1.4113517913995703,5.290906601729262e-16,3
Kernel Ridge Regression,-1.547722797531173,8.724439356719293e-19,3
Kernel Ridge Regression,-3.5222913974306227,-5.896970586890534e-21,3
Kernel Ridge Regression,-2.2317936703338876,-1.3184535181059277e-20,3
Kernel Ridge Regression,-3.135663383730844,3.575156663770951e-17,3
Kernel Ridge Regression,-2.2875737313332407,1.520688838117486e-20,3
Kernel Ridge Regression,-3.216247878762871,5.5938055836673994e-18,3
Kernel Ridge Regression,-1.1808764741089726,4.493627692170321e-14,3
Kernel Ridge Regression,-1.5942049925158137,7.22078646875346e-17,3
Kernel Ridge Regression,-1.9381605982067327,1.4763784270642455e-18,3
Kernel Ridge Regression,-1.5862250860093259,1.1031175972675555e-12,3
Kernel Ridge Regression,-3.4161712191583424,-4.714929491552258e-22,3
Kernel Ridge Regression,-2.7592630971786845,2.534746094658494e-19,3
Kernel Ridge Regression,-2.988535711454289,9.596883292391223e-19,3
Kernel Ridge Regression,-3.688222835963096,3.517304313473482e-19,3
Kernel Ridge Regression,-3.285204336328503,1.3954867806014598e-19,3
Kernel Ridge Regression,-2.4995431395917818,4.667151539371195e-19,3
Kernel Ridge Regression,-3.09259777670544,1.8257964584655895e-16,3
Kernel Ridge Regression,-2.848471723996311,1.6728900708272432e-19,3
Kernel Ridge Regression,-2.999290941959355,-5.889329505982076e-20,3
Kernel Ridge Regression,-3.7551664480113374,-2.749052047758732e-20,3
Kernel Ridge Regression,-2.8667990786740405,-2.6128981189325038e-20,3
Kernel Ridge Regression,-3.4398948173744337,-1.779100061479052e-20,3
Kernel Ridge Regression,-3.231239100298885,-6.601301953782366e-21,3
Kernel Ridge Regression,-2.110664900131247,2.6546012566949773e-18,3
Kernel Ridge Regression,-1.7565625592771141,2.8758462625178005e-17,3
Kernel Ridge Regression,-1.3580712288885752,3.163138662402778e-21,3
Kernel Ridge Regression,-3.333901540815397,1.020674701441432e-18,3
Kernel Ridge Regression,-2.1620771953880977,-8.245749936234856e-21,3
Kernel Ridge Regression,-2.2414236426625673,1.2087160157318866e-18,3
Kernel Ridge Regression,-1.2400249421136365,-2.747563122656137e-20,3
Kernel Ridge Regression,-1.936797812533807,1.9895109865109006e-17,3
Kernel Ridge Regression,-1.4975728800155672,-0.8857421875,3
Kernel Ridge Regression,-2.258862588858495,1.4992483166401116e-19,3
Kernel Ridge Regression,-2.0731453982830836,-2.2821913100338034e-20,3
Kernel Ridge Regression,-1.556016572040716,1.6757439880166203e-10,3
Kernel Ridge Regression,-2.000920332458684,1.3076071123238261e-19,3
Kernel Ridge Regression,-1.272659841843383,-4.980553729855286e-19,3
Kernel Ridge Regression,-1.0474177734305667,3.5915714846623814e-14,3
Kernel Ridge Regression,-1.1893279510795818,2.898970261977843e-19,3
Kernel Ridge Regression,-1.4273499677206534,2.2453150450019166e-12,3
Kernel Ridge Regression,-3.2861198587119835,-2.71844636509427e-20,3
Kernel Ridge Regression,-2.1142795046940637,2.9942614685439517e-19,3
Kernel Ridge Regression,-1.385136327132139,0.0004668235778808594,3
Kernel Ridge Regression,-3.466783553422354,1.1319070680748666e-16,3
Kernel Ridge Regression,-1.9458635904251336,1.4475793068575993e-18,3
Kernel Ridge Regression,-1.9429726110972225,1.9071476203022606e-20,3
Kernel Ridge Regression,-2.484467237840419,-1.5352472168984194e-20,3
Kernel Ridge Regression,-1.3267843126055872,1.0486267887008238e-18,3
Kernel Ridge Regression,-1.4115626764192806,-6.678685382510707e-17,3
Kernel Ridge Regression,-2.4368442826786825,4.6918849014310204e-17,3
Kernel Ridge Regression,-1.9011407722544549,-5.763794508269497e-21,3
Kernel Ridge Regression,-1.2563082695173393,8.370040771588094e-16,3
Kernel Ridge Regression,-1.737359048801603,-1.4756902127946014e-21,3
Kernel Ridge Regression,-2.1372208240925845,2.1811098391798234e-20,3
Kernel Ridge Regression,-1.0111406945890653,3.0726289568239196e-16,3
Kernel Ridge Regression,-2.536796608945731,1.0058516248644817e-21,3
Kernel Ridge Regression,-2.1782870563447125,4.346523141407488e-14,3
Kernel Ridge Regression,-2.1225210730141013,3.859759734048396e-16,3
Kernel Ridge Regression,-1.6958725916338202,6.689527404235562e-17,3
Kernel Ridge Regression,-3.7692522846397316,9.005654295207721e-18,3
Kernel Ridge Regression,-2.5910208366914373,3.984442983884229e-18,3
Kernel Ridge Regression,-1.5438464586997465,1.2804427657053807e-16,3
Kernel Ridge Regression,-2.806163575333855,1.3036366453835716e-21,3
Kernel Ridge Regression,-2.4706410072083687,3.4135427774348304e-19,3
Kernel Ridge Regression,-3.6688623296866587,9.423241538204091e-20,3
Kernel Ridge Regression,-2.0990330852672687,9.089951014118469e-15,3
Kernel Ridge Regression,-1.4436245197644126,4.34114549863196e-16,3
Kernel Ridge Regression,-1.2394237537905008,-0.0001735687255859375,3
Kernel Ridge Regression,-3.5624063821538914,-3.63628597278311e-21,3
Kernel Ridge Regression,-2.2689882869552584,-2.5574923053847054e-21,3
Kernel Ridge Regression,-1.1843962080688974,1.0293144375034258e-17,3
Kernel Ridge Regression,-1.2189474946453842,4.411347589300396e-18,3
Kernel Ridge Regression,-2.1481523894209715,-9.839562186736884e-21,3
Kernel Ridge Regression,-1.1598011320770079,1.2004286453759505e-15,3
Kernel Ridge Regression,-0.9642747859315978,2.8782531913407183e-14,3
Kernel Ridge Regression,-1.318606216338379,3.2161773244610004e-15,3
Kernel Ridge Regression,-1.8626742516440307,6.088049308390284e-22,3
Kernel Ridge Regression,-2.0129990008635867,6.218983661376853e-16,3
Kernel Ridge Regression,-1.3284164293502903,9.12356128146552e-17,3
Kernel Ridge Regression,-2.1834863402339466,-6.054962083888163e-22,3
Kernel Ridge Regression,-3.312493333735544,-9.486861441027062e-22,3
Kernel Ridge Regression,-1.4399552960568784,1.2802259252708836e-15,3
Kernel Ridge Regression,-1.215596170273078,9.08162434143378e-14,3
Kernel Ridge Regression,-2.0598606483703086,-3.0638769888964145e-21,3
Kernel Ridge Regression,-2.3087676366549488,-5.2774123080883166e-21,3
Kernel Ridge Regression,-1.917076538816309,-3.3294019655259364e-21,3
Kernel Ridge Regression,-2.7874427365568386,2.2598839032744733e-18,3
Kernel Ridge Regression,-1.709300425196423,-8.804068585277491e-14,3
Kernel Ridge Regression,-2.2488337964546146,5.724587470723463e-16,3
Kernel Ridge Regression,-1.525605260081181,-9.117684385273606e-11,3
Kernel Ridge Regression,-2.7292012545882884,2.1047074673374855e-17,3
Kernel Ridge Regression,-1.6434286328720604,9.905271047827569e-16,3
Kernel Ridge Regression,-2.8217593886833527,6.27831120425526e-14,3
Kernel Ridge Regression,-2.626594359719023,-9.899697571034635e-21,3
Kernel Ridge Regression,-2.2313771400186773,1.7862230791698686e-17,3
Kernel Ridge Regression,-1.2545644486474818,3.3271454168148917e-18,3
Kernel Ridge Regression,-1.6524312761675333,3.0222135558033436e-17,3
Kernel Ridge Regression,-2.8201877676993385,-3.7513395167998453e-17,3
Kernel Ridge Regression,-3.7268829315132583,-9.450848691148049e-21,3
Kernel Ridge Regression,-2.5041654897477077,2.378044999416448e-19,3
Kernel Ridge Regression,-1.6345122959030371,2.634272465960874e-19,3
Kernel Ridge Regression,-1.593236649552128,2.2967738821932926e-15,3
Kernel Ridge Regression,-1.3308187576670196,3.837208328860697e-15,3
Kernel Ridge Regression,-1.8668031693530753,1.657008203066225e-20,3
Kernel Ridge Regression,-3.015555503033429,4.2775163836342167e-19,3
Kernel Ridge Regression,-1.7139992395270756,1.009663273127126e-17,3
Kernel Ridge Regression,-1.5372075124674875,1.2824078821430107e-18,3
Kernel Ridge Regression,-1.8762488134939106,4.014150123410332e-15,3
Kernel Ridge Regression,-2.1980100109869287,3.8884106234892725e-20,3
Kernel Ridge Regression,-1.6404184550270633,7.589415207398531e-19,3
Kernel Ridge Regression,-2.1633711620778806,1.8168856718604742e-19,3
Kernel Ridge Regression,-2.0118859545996086,1.389999226830696e-13,3
Kernel Ridge Regression,-4.056947918112584,-2.208872734723488e-21,3
Kernel Ridge Regression,-2.4520022992105748,-2.1228763240560902e-20,3
Kernel Ridge Regression,-1.5279900670983446,3.552713678800501e-13,3
Kernel Ridge Regression,-4.059833781301273,3.067847455836669e-20,3
Kernel Ridge Regression,-1.7581838126622393,4.255493527005605e-17,3
Kernel Ridge Regression,-1.4566894173821427,9.076073226310655e-14,3
Kernel Ridge Regression,-2.22015815118179,1.0905549195899117e-19,3
Kernel Ridge Regression,-1.5363868405196788,4.2825985813177425e-16,3
Kernel Ridge Regression,-1.8196475705694013,1.2996661784433171e-20,3
Kernel Ridge Regression,-0.6894774956008592,1.7277845820728999e-15,3
Kernel Ridge Regression,-3.184747097908846,-3.591072474371417e-20,3
Kernel Ridge Regression,-1.2067214626499687,7.965850201685498e-15,3
Kernel Ridge Regression,-3.7727484977747765,-2.1398473802731004e-21,3
Kernel Ridge Regression,-1.2672463833090828,3.300137940698278e-14,3
Kernel Ridge Regression,-1.7997913808340749,4.9981720151581754e-17,3
Kernel Ridge Regression,-1.5350740375460707,4.035660694512444e-14,3
Kernel Ridge Regression,-1.6362623936895822,-2.157287037538296e-21,3
Kernel Ridge Regression,-3.0397590359811644,8.165397611531455e-18,3
Kernel Ridge Regression,-1.3132997440363454,2.9629076969683865e-15,3
Kernel Ridge Regression,-1.2800471306587051,2.293087594806842e-17,3
Kernel Ridge Regression,-3.6368695830464484,-1.4314511582870712e-22,3
Kernel Ridge Regression,-3.7618083196547483,-1.0158840170691714e-21,3
Kernel Ridge Regression,-3.05329283374744,1.5479527111072339e-19,3
Kernel Ridge Regression,-2.3371392715991264,1.2427561522996688e-20,3
Kernel Ridge Regression,-1.1895507451644802,2.6334490144108713e-13,3
Kernel Ridge Regression,-1.34349300583641,-1.187798240089903e-21,3
Kernel Ridge Regression,-0.40966424145785746,-1.4677492789140923e-20,3
Kernel Ridge Regression,0.23583851209189552,6.38378239159465e-16,3
Kernel Ridge Regression,0.25792460161657743,7.013432803265607e-18,3
Kernel Ridge Regression,-0.8579133376664105,2.4511015911171316e-20,3
Kernel Ridge Regression,-0.002962342870760633,2.1158883022412422e-18,3
Kernel Ridge Regression,-0.03690399983927772,2.482822974991805e-17,3
Kernel Ridge Regression,0.27486911420534327,5.868244258577793e-18,3
Kernel Ridge Regression,-1.9219867657940077,-4.279580192699214e-22,3
Kernel Ridge Regression,-1.7405367157549274,4.028700455378266e-20,3
Kernel Ridge Regression,-1.1505417041520314,2.2483642551918148e-17,3
Kernel Ridge Regression,-1.5923333763280876,2.5707449949168015e-19,3
Kernel Ridge Regression,-2.703220329010491,1.2949439697623744e-17,3
Kernel Ridge Regression,-1.315440666986884,3.2526065174565133e-16,3
Kernel Ridge Regression,-1.621304790891127,5.53370682609966e-11,3
Kernel Ridge Regression,-1.492201494031574,5.506012312750386e-15,3
Kernel Ridge Regression,-1.621304790891127,7.892991815694472e-17,3
Kernel Ridge Regression,-1.1009937914140275,5.546778314435841e-16,3
Kernel Ridge Regression,-1.1814755688597112,1.4133139103478243e-13,3
Kernel Ridge Regression,-1.6695950343945678,3.3436794999452957e-16,3
Kernel Ridge Regression,-1.455583530702784,3.583409124985337e-10,3
Kernel Ridge Regression,-2.3872497229566574,2.498747194400186e-20,3
Kernel Ridge Regression,-1.947863458882499,2.1446874224478885e-18,3
Kernel Ridge Regression,-2.176623074126691,4.262269790583639e-18,3
Kernel Ridge Regression,-1.10868225389701,-1.944412732937789e-21,3
Kernel Ridge Regression,-1.4753372030036505,-2.2477846961039497e-20,3
Kernel Ridge Regression,-1.2818579528648468,-1.3817228814348766e-21,3
Kernel Ridge Regression,-1.4597718515481843,-1.7500750187792925e-21,3
Kernel Ridge Regression,-0.9468333037780922,-1.3407481459749255e-21,3
Kernel Ridge Regression,-1.7854705731329945,-6.000584576404957e-22,3
Kernel Ridge Regression,-0.952771189748095,1.1702607199265413e-17,3
Kernel Ridge Regression,-0.9422704336465716,1.8110513089197866e-15,3
Kernel Ridge Regression,-1.4583509625515516,-3.916680348103885e-18,3
Kernel Ridge Regression,-0.7476890179412806,6.776263578034403e-18,3
Kernel Ridge Regression,-2.348164353297759,-2.0516974323459022e-20,3
Kernel Ridge Regression,-2.451728539243243,8.131516293641283e-17,3
Kernel Ridge Regression,-1.1543394167845993,6.4035690812425106e-18,3
Kernel Ridge Regression,-0.8609839615611586,8.42425088021237e-17,3
Kernel Ridge Regression,-0.8837798009584171,6.986598799496591e-16,3
Kernel Ridge Regression,-2.0401269907408133,-8.712667542626898e-21,3
Kernel Ridge Regression,-1.5600709478109722,9.423241538204091e-20,3
Kernel Ridge Regression,-2.761915740881935,4.239399901007773e-19,3
Kernel Ridge Regression,-0.428471724353625,1.7329887525008303e-15,3
Kernel Ridge Regression,-1.1827941397057182,6.543160110950019e-17,3
Kernel Ridge Regression,-0.9402445883836209,9.478529072737274e-15,3
Kernel Ridge Regression,-3.7648251925435416,-1.240749916196801e-21,3
Kernel Ridge Regression,-1.7462641625323523,3.2938062000109625e-16,3
Kernel Ridge Regression,-1.0775646199327256,1.826414792517085e-20,3
Kernel Ridge Regression,-1.137767503887176,6.511458039426543e-14,3
Kernel Ridge Regression,-1.3089106800327817,1.2505552149377763e-09,3
Kernel Ridge Regression,-2.703826191329584,-0.1806640625,4
Kernel Ridge Regression,-2.0772161211350064,-3.4543062380214436e-21,4
Kernel Ridge Regression,-1.7636611133035243,6.488272375967941e-19,4
Kernel Ridge Regression,-2.3146334389286793,4.0793106739767104e-18,4
Kernel Ridge Regression,-1.8035334240706482,8.777700788442644e-16,4
Kernel Ridge Regression,-1.6844526576962697,1.3877787807814457e-16,4
Kernel Ridge Regression,-2.423624898245491,1.360673726469308e-17,4
Kernel Ridge Regression,-2.1263969370231783,9.8879238130678e-17,4
Kernel Ridge Regression,-1.9492654506102318,4.296563105299356e-14,4
Kernel Ridge Regression,-3.6845481800874196,-6.007235620469057e-22,4
Kernel Ridge Regression,-1.4118568185099727,-5.037134111600135e-22,4
Kernel Ridge Regression,-1.7190338740193807,-2.920529173680389e-22,4
Kernel Ridge Regression,-1.5530374141251506,-7.477098814368491e-23,4
Kernel Ridge Regression,-1.2391607486734533,2.663521572420749e-22,4
Kernel Ridge Regression,-1.9196885629650766,-3.7547214343945107e-22,4
Kernel Ridge Regression,-2.885418369996712,-9.340937067255065e-22,4
Kernel Ridge Regression,-1.680228158144333,-2.6081392454709097e-22,4
Kernel Ridge Regression,-3.4108437941069076,-9.503594379895375e-22,4
Kernel Ridge Regression,-2.3529321054630254,4.9060148304969076e-18,4
Kernel Ridge Regression,-1.6571034663893656,1.3234889800848443e-20,4
Kernel Ridge Regression,-1.8730671060734179,5.982170189983496e-21,4
Kernel Ridge Regression,-3.8326531224143645,-1.6276722305251284e-22,4
Kernel Ridge Regression,-3.057527624268253,1.6940658945086007e-21,4
Kernel Ridge Regression,-1.8960550708053778,-0.484375,4
Kernel Ridge Regression,-2.2025638997362065,7.546047120499111e-17,4
Kernel Ridge Regression,-3.2834449518405893,1.1763593571467723e-17,4
Kernel Ridge Regression,-2.461494632742434,9.147955830346444e-19,4
Kernel Ridge Regression,-2.198253243671017,3.0531133177191805e-16,4
Kernel Ridge Regression,-3.3816182003459216,-2.7804900809145757e-22,4
Kernel Ridge Regression,-1.694125814017541,-1.044208490700577e-21,4
Kernel Ridge Regression,-1.7661589553081318,-3.794846156451868e-21,4
Kernel Ridge Regression,-0.3696586894071177,1.1901590823981678e-13,4
Kernel Ridge Regression,-1.0877694915519545,1.223962608782464e-19,4
Kernel Ridge Regression,-0.6704627883686575,1.1540823906339842e-20,4
Kernel Ridge Regression,-0.5732799306060785,8.782037597132586e-17,4
Kernel Ridge Regression,-0.4049916766527308,3.881443777498106e-17,4
Kernel Ridge Regression,-0.3135898872515433,7.371880883511039e-13,4
Kernel Ridge Regression,-2.9107287853445634,5.908901840045999e-18,4
Kernel Ridge Regression,-2.7785748071197123,3.028142786434124e-20,4
Kernel Ridge Regression,-2.8170555006405635,3.469446951953614e-17,4
Kernel Ridge Regression,-1.7426626842914594,3.2610768469290563e-20,4
Kernel Ridge Regression,-1.8094490244732577,1.3857459017080354e-18,4
Kernel Ridge Regression,-1.894217061776159,2.303929616531697e-18,4
Kernel Ridge Regression,-1.9615865844075526,7.182839392716467e-19,4
Kernel Ridge Regression,-2.7515330963273232,1.5543054582116411e-19,4
Kernel Ridge Regression,-3.4785088685395653,-1.3237145968280924e-20,4
Kernel Ridge Regression,-2.67596440114224,-1.2231002729938775e-20,4
Kernel Ridge Regression,-2.97249382976246,7.724940478959219e-18,4
Kernel Ridge Regression,-3.20721692140729,-1.424487732877569e-20,4
Kernel Ridge Regression,-3.3308765956121587,-8.843271606530779e-21,4
Kernel Ridge Regression,-2.7237372356215404,-1.8462671272183578e-21,4
Kernel Ridge Regression,-1.9112124620769755,-4.413835748582956e-21,4
Kernel Ridge Regression,-2.3339531661956356,-2.28124780714761e-21,4
Kernel Ridge Regression,-2.991150818979587,-1.91299047195134e-21,4
Kernel Ridge Regression,-2.4751841978240816,-5.0673084324998475e-21,4
Kernel Ridge Regression,-2.6788398129059168,6.844026213814747e-19,4
Kernel Ridge Regression,-2.7923263244120906,2.6999175193730823e-21,4
Kernel Ridge Regression,-0.9910136950037374,3.1308289294429414e-14,4
Kernel Ridge Regression,-2.186006727498246,2.981555974335137e-19,4
Kernel Ridge Regression,-2.9864932974615632,1.0137290312739466e-17,4
Kernel Ridge Regression,-3.0605406542001403,-1.5778147067022224e-22,4
Kernel Ridge Regression,-3.873453012328298,-2.2779686448932384e-22,4
Kernel Ridge Regression,-1.4861381638460753,5.664956351236761e-18,4
Kernel Ridge Regression,-1.7089770353918146,6.47051856539349e-16,4
Kernel Ridge Regression,-3.434121498561107,-1.5761926572197942e-21,4
Kernel Ridge Regression,-1.777268237794943,1.9820570965750628e-19,4
Kernel Ridge Regression,-1.1202858432048246,6.114900252818245e-17,4
Kernel Ridge Regression,-1.183812038624167,9.253834948753231e-20,4
Kernel Ridge Regression,-1.3104931690369908,8.413408858487514e-17,4
Kernel Ridge Regression,-1.4197155850010228,2.6469779601696886e-22,4
Kernel Ridge Regression,-3.7342838339347466,-1.350111773458605e-22,4
Kernel Ridge Regression,-3.6203410251864447,-6.630059404765655e-21,4
Kernel Ridge Regression,-1.794765718416369,9.506284648352903e-16,4
Kernel Ridge Regression,-2.3083760229550343,1.0852609636695723e-20,4
Kernel Ridge Regression,-2.2669235674490644,2.0166160408230382e-17,4
Kernel Ridge Regression,-2.8871236492020507,4.524158825347513e-15,4
Kernel Ridge Regression,-3.221262124613128,1.6805133673525319e-18,4
Kernel Ridge Regression,-3.9730828630218453,-8.558616260700442e-22,4
Kernel Ridge Regression,-2.457678098889193,1.1145598333150986e-16,4
Kernel Ridge Regression,-1.5623567401916558,2.097931203759451e-17,4
Kernel Ridge Regression,-3.2590502255091702,9.132073962585426e-22,4
Kernel Ridge Regression,-1.9704478542261563,7.962109704190423e-20,4
Kernel Ridge Regression,-2.182199963303041,2.2595258997171186e-12,4
Kernel Ridge Regression,-1.2376574055894478,1.5043305143236374e-18,4
Kernel Ridge Regression,-2.248890796910272,1.0408340855860843e-16,4
Kernel Ridge Regression,-3.159004262647741,4.785736151986797e-20,4
Kernel Ridge Regression,-2.0061846218108834,1.2073675392798577e-15,4
Kernel Ridge Regression,-3.3388889969343114,1.5881867761018131e-22,4
Kernel Ridge Regression,-3.246574755779347,1.7536228986124187e-22,4
Kernel Ridge Regression,-3.688222835963096,-3.7944325661455916e-22,4
Kernel Ridge Regression,-2.1081088952398566,1.794120407794253e-13,4
Kernel Ridge Regression,-2.4911353637922846,6.335806445462167e-19,4
Kernel Ridge Regression,-2.3566470252815495,9.75781955236954e-19,4
Kernel Ridge Regression,-1.7478447295977892,4.025100565352435e-18,4
Kernel Ridge Regression,-2.8326132427713318,3.577867169202165e-18,4
Kernel Ridge Regression,-1.2684519185896421,2.6201263381153694e-13,4
Kernel Ridge Regression,-2.4462457037304657,5.992758101824175e-20,4
Kernel Ridge Regression,-1.6846961468463335,7.697835424647081e-17,4
Kernel Ridge Regression,-1.7818010064165613,5.637851296924623e-17,4
Kernel Ridge Regression,-1.9070646816834933,-6.601214408874512e-06,4
Kernel Ridge Regression,-1.7883466398341077,7.115076756936123e-20,4
Kernel Ridge Regression,-3.508144052188851,-5.360841227682532e-22,4
Kernel Ridge Regression,-2.772360579555891,1.4928955695357043e-20,4
Kernel Ridge Regression,-3.7834435403498214,-8.658125320986683e-22,4
Kernel Ridge Regression,-1.7340876483093817,4.198030811863873e-16,4
Kernel Ridge Regression,-2.728175115284189,1.2864312886424686e-20,4
Kernel Ridge Regression,-3.7834435403498214,-7.836347231809392e-21,4
Kernel Ridge Regression,-1.1738116279378035,4.7271214720367993e-17,4
Kernel Ridge Regression,-1.2174698965346429,1.4726538211107254e-08,4
Kernel Ridge Regression,-1.3450596755542978,5.707240235963695e-16,4
Kernel Ridge Regression,-2.5037832349706837,1.566672139241554e-17,4
Kernel Ridge Regression,-1.8887177216857802,8.088148206741863e-17,4
Kernel Ridge Regression,-1.8555915719713854,5.616167253474913e-17,4
Kernel Ridge Regression,-2.9206523063014074,2.405573570202213e-19,4
Kernel Ridge Regression,-1.069394064585742,7.806255641895632e-17,4
Kernel Ridge Regression,-1.8441291379223155,2.3093506273941244e-17,4
Kernel Ridge Regression,-2.7555635433899788,4.1081097941833566e-20,4
Kernel Ridge Regression,-1.8011659603551675,6.266688556966216e-17,4
Kernel Ridge Regression,-3.289282825523282,5.995204332975845e-15,4
Kernel Ridge Regression,-2.049666891178964,2.1649348980190553e-14,4
Kernel Ridge Regression,-1.015474675864504,4.96269692007445e-14,4
Kernel Ridge Regression,-2.1469087646472067,2.1819568721270777e-18,4
Kernel Ridge Regression,-1.4285635434183963,1.7152417181899582e-20,4
Kernel Ridge Regression,-1.4215944093236903,8.063753657860939e-19,4
Kernel Ridge Regression,-1.1521693207507044,6.002143226879753e-16,4
Kernel Ridge Regression,-3.7986028756795487,-6.290245591777719e-23,4
Kernel Ridge Regression,-4.219679806977318,-4.7456105009668375e-22,4
Kernel Ridge Regression,-2.5312982881059978,5.505714157152952e-20,4
Kernel Ridge Regression,-2.560133846538238,9.432558900623889e-18,4
Kernel Ridge Regression,-2.2062980891288984,4.954803928258755e-17,4
Kernel Ridge Regression,-3.5378566631708024,1.7430501486614958e-14,4
Kernel Ridge Regression,-3.644312909802797,-1.6505639642526835e-22,4
Kernel Ridge Regression,-3.9453409907865007,-2.6223596434234326e-21,4
Kernel Ridge Regression,-3.392655441034186,1.0058516248644817e-21,4
Kernel Ridge Regression,-1.5110863339963716,-1.5306150054681224e-20,4
Kernel Ridge Regression,-1.881362165893176,3.452099717193846e-16,4
Kernel Ridge Regression,-2.0893959764848726,1.6390087529370712e-19,4
Kernel Ridge Regression,-1.8347593251696876,3.1035287187397564e-18,4
Kernel Ridge Regression,-2.8947429719805546,3.8285889215894375e-19,4
Kernel Ridge Regression,-0.9279654459479447,7.91033905045424e-16,4
Kernel Ridge Regression,-1.493245786531943,6.437450399132683e-20,4
Kernel Ridge Regression,-1.0193030390019762,5.0306980803327406e-17,4
Kernel Ridge Regression,-1.270721247267063,9.974659986866641e-17,4
Kernel Ridge Regression,-0.975127284906683,2.1304572689340162e-17,4
Kernel Ridge Regression,-3.6419813498697473,-2.903403950061127e-22,4
Kernel Ridge Regression,-3.2740051086991615,2.1969917069408415e-20,4
Kernel Ridge Regression,-2.329956957829961,5.2692225582795515e-17,4
Kernel Ridge Regression,-1.0639605458204757,3.40168431617327e-18,4
Kernel Ridge Regression,-1.1984184440476704,1.0125233984581428e-13,4
Kernel Ridge Regression,-2.04835547456192,-5.145063410079832e-22,4
Kernel Ridge Regression,-1.3448674070651871,3.608224830031759e-15,4
Kernel Ridge Regression,-3.744840908818875,-1.3354390237303667e-22,4
Kernel Ridge Regression,-2.2176402640700728,3.70536934468646e-15,4
Kernel Ridge Regression,-2.653759917660552,-1.1487884347136448e-20,4
Kernel Ridge Regression,-2.5884932589587586,-1.1527589016538994e-20,4
Kernel Ridge Regression,-2.540720473654946,5.878408653944844e-19,4
Kernel Ridge Regression,-3.6308973708676717,2.3611043404713622e-20,4
Kernel Ridge Regression,-1.4467153895386817,3.774758283725532e-14,4
Kernel Ridge Regression,-2.0916278587378,3.3881317890172014e-21,4
Kernel Ridge Regression,-2.540720473654946,1.7618285302889447e-17,4
Kernel Ridge Regression,-1.785391290725075,-4.147295840084553e-10,4
Kernel Ridge Regression,-1.7709615792854492,2.970713952610282e-17,4
Kernel Ridge Regression,-4.034834060338741,-2.1443526469443518e-21,4
Kernel Ridge Regression,-2.8398575372186334,4.892462303340839e-18,4
Kernel Ridge Regression,-2.345229430009625,2.7000623958883807e-13,4
Kernel Ridge Regression,-2.2405786779424,1.3383120566617945e-19,4
Kernel Ridge Regression,-3.6924119784161333,2.531612072753653e-17,4
Kernel Ridge Regression,-3.290189204280069,3.5893021139900977e-20,4
Kernel Ridge Regression,-2.3582852103076553,7.28583859910259e-17,4
Kernel Ridge Regression,-3.8817848914990014,-8.873789037748052e-22,4
Kernel Ridge Regression,-1.7613667161535187,4.7027269231558755e-18,4
Kernel Ridge Regression,-3.4116117497612004,-9.742378158284706e-22,4
Kernel Ridge Regression,-2.3460680222446215,-1.1796119636642288e-16,4
Kernel Ridge Regression,-2.579721210352638,6.6174449004242214e-21,4
Kernel Ridge Regression,-1.95795837174818,-6.071505696139223e-21,4
Kernel Ridge Regression,-2.0645418092014314,4.5528020914918643e-20,4
Kernel Ridge Regression,-1.1848306140119889,7.577272143066693e-15,4
Kernel Ridge Regression,-1.928979817650206,7.216720710606639e-19,4
Kernel Ridge Regression,-2.5783960731301687,3.5236570605778894e-19,4
Kernel Ridge Regression,-2.084073842416984,-6.852364194389281e-21,4
Kernel Ridge Regression,-1.9644153443855357,6.039613253960852e-14,4
Kernel Ridge Regression,-1.5049121890283346,3.219646771412954e-14,4
Kernel Ridge Regression,-2.695416849848479,1.7618285302889447e-17,4
Kernel Ridge Regression,-1.5145266747759671,1.3795215636491776e-08,4
Kernel Ridge Regression,-1.5895913565043294,4.851804721872632e-18,4
Kernel Ridge Regression,-1.5572116152486462,-0.2509765625,4
Kernel Ridge Regression,-1.6613977234664838,1.2823075934420558e-14,4
Kernel Ridge Regression,-3.6546223480637448,-1.7141250243630116e-21,4
Kernel Ridge Regression,-2.9620793251113042,-3.864587821847745e-21,4
Kernel Ridge Regression,-1.717711472714874,6.678685382510707e-16,4
Kernel Ridge Regression,-1.6159918285387698,3.3792413312028202e-15,4
Kernel Ridge Regression,-0.7856945313640958,1.865174681370263e-13,4
Kernel Ridge Regression,-3.312017362295172,-1.9846357028877261e-22,4
Kernel Ridge Regression,-1.9643120034496402,2.6291902682773483e-18,4
Kernel Ridge Regression,-0.7797693247910334,3.889575293791747e-18,4
Kernel Ridge Regression,-1.951987303305516,3.097522238704187e-14,4
Kernel Ridge Regression,-2.0008832971741093,1.5005358067199381e-16,4
Kernel Ridge Regression,-3.05329283374744,2.7925617479790214e-21,4
Kernel Ridge Regression,-1.8884660362981867,7.318364664277155e-19,4
Kernel Ridge Regression,-2.006498035079166,1.4474099002681484e-17,4
Kernel Ridge Regression,-2.152965298392503,1.870248747537495e-17,4
Kernel Ridge Regression,-1.0460152967125962,3.198396408832238e-17,4
Kernel Ridge Regression,-3.3625502994733605,6.115577879176048e-19,4
Kernel Ridge Regression,-1.9499388302923257,2.82061971435682e-19,4
Kernel Ridge Regression,-1.5736750209710204,4.3259666682171627e-17,4
Kernel Ridge Regression,-2.464359595395084,2.1006417091906648e-19,4
Kernel Ridge Regression,0.016216578776438208,1.1553529400548657e-18,4
Kernel Ridge Regression,-0.9486409221793155,-1.6062183441031888e-21,4
Kernel Ridge Regression,0.26528954569788904,7.487771253728015e-19,4
Kernel Ridge Regression,-0.202317609683526,6.924494343803905e-20,4
Kernel Ridge Regression,-0.2703526265197312,2.1091120386632078e-19,4
Kernel Ridge Regression,0.004405968258246192,8.569533971325427e-16,4
Kernel Ridge Regression,-0.9893876757536758,-5.032877039502328e-22,4
Kernel Ridge Regression,-1.1181615001713328,9.367506770274758e-17,4
Kernel Ridge Regression,-1.4739374796247893,4.936009645462036e-07,4
Kernel Ridge Regression,-1.7181996551162337,7.014491594449675e-21,4
Kernel Ridge Regression,-0.8847086972378616,1.7110065534536867e-19,4
Kernel Ridge Regression,-1.5073537295089607,1.695692197767329e-16,4
Kernel Ridge Regression,-1.862548056774303,4.133520782600986e-18,4
Kernel Ridge Regression,-1.7236216619186897,1.043544591017298e-17,4
Kernel Ridge Regression,-3.2294115893983317,2.973085644862594e-19,4
Kernel Ridge Regression,-2.103347370511212,2.0556473190325164e-16,4
Kernel Ridge Regression,-1.7300615156440644,4.579669976578771e-15,4
Kernel Ridge Regression,-1.1286832686838821,-1.7048081353102445e-21,4
Kernel Ridge Regression,-1.5674558687076858,-1.3281271287978583e-21,4
Kernel Ridge Regression,-1.3469740509457453,-4.577824204047398e-22,4
Kernel Ridge Regression,-1.6539166652584223,-7.716870120393414e-22,4
Kernel Ridge Regression,-1.3198484161479276,-2.9607896050569934e-22,4
Kernel Ridge Regression,-1.4094344835568617,-1.2126749498033858e-21,4
Kernel Ridge Regression,-0.8769725367904692,-5.3355855618119555e-22,4
Kernel Ridge Regression,-1.1431217053996168,-6.902217864990234e-05,4
Kernel Ridge Regression,-1.5398588190217488,8.787966827763366e-20,4
Kernel Ridge Regression,-0.8959678728621829,7.91033905045424e-16,4
Kernel Ridge Regression,-0.5052921847488494,1.122318655111948e-20,4
Kernel Ridge Regression,-1.3991403077454354,1.5881867761018131e-21,4
Kernel Ridge Regression,-1.8459806844208395,3.758708703440958e-21,4
Kernel Ridge Regression,-1.1291381497161614,1.6306400674181987e-15,4
Kernel Ridge Regression,-2.2646029664100515,-1.3538620182020258e-21,4
Kernel Ridge Regression,-0.9172146296835499,-0.0002918243408203125,4
Kernel Ridge Regression,-0.9679951762893184,8.304988641238964e-17,4
Kernel Ridge Regression,-3.2172494016790187,-3.284430482066901e-21,4
Kernel Ridge Regression,-1.483088664742514,2.3784685158900754e-18,4
Kernel Ridge Regression,-1.466507781947675,-7.914464100907369e-21,4
Kernel Ridge Regression,-1.7283368624549476,2.0735366548785272e-18,4
Kernel Ridge Regression,-0.4819145002205912,-1.554312234475219e-14,4
Kernel Ridge Regression,-0.6591799251191045,3.7214675785435247e-13,4
Kernel Ridge Regression,-0.14567163968046612,2.3135271476348862e-11,4
Kernel Ridge Regression,-1.2028902052841348,-1.1265277862548828e-05,4
Kernel Ridge Regression,-3.121373090381552,-1.9090811549841033e-21,4
Kernel Ridge Regression,-3.20055468102406,-8.548793743361865e-22,4
Kernel Ridge Regression,-1.4806961523875994,1.1579279202145187e-16,4
Kernel Ridge Regression,-1.9652557068613081,8.004461351553138e-20,4
Kernel Ridge Regression,-2.192341601117107,1.9269999550035333e-19,4
Kernel Ridge Regression,-2.114518460874232,-4.30970363562988e-18,4
Kernel Ridge Regression,-1.63438498383371,2.2158381900172497e-18,4
Kernel Ridge Regression,-1.3068936298450675,4.147295840084553e-10,4
Kernel Ridge Regression,-1.5167709261725162,9.414691248821327e-14,4
Kernel Ridge Regression,-1.0945491836072103,2.290377089375628e-18,4
Kernel Ridge Regression,-1.0940337585544895,3.496552006265752e-18,4
Kernel Ridge Regression,-2.064990291304019,1.4758159971872686e-15,5
Kernel Ridge Regression,-3.5076503600642033,2.1996386849010112e-20,5
Kernel Ridge Regression,-2.642729293000293,6.180693536996223e-20,5
Kernel Ridge Regression,-2.218903098366632,6.754579534584693e-17,5
Kernel Ridge Regression,-2.7922905193547125,4.671651401903483e-19,5
Kernel Ridge Regression,-3.366321517882654,2.8323987662795752e-19,5
Kernel Ridge Regression,-3.120277513484956,2.4117484734749213e-20,5
Kernel Ridge Regression,-0.3239443747054647,1.8207000064406255e-21,5
Kernel Ridge Regression,-1.524080623031204,5.727708754046871e-21,5
Kernel Ridge Regression,-1.5083613986405884,1.4156372234406783e-21,5
Kernel Ridge Regression,-1.520097156387571,1.311456087111612e-21,5
Kernel Ridge Regression,-1.3629507222657735,1.9658052270486406e-21,5
Kernel Ridge Regression,-1.1383767799226443,1.0852997377607857e-21,5
Kernel Ridge Regression,-1.6390957814475864,1.0350313499348917e-21,5
Kernel Ridge Regression,-1.820599175381769,4.982480313473485e-22,5
Kernel Ridge Regression,-1.2247774230710238,6.0686105639952875e-21,5
Kernel Ridge Regression,-1.0225392132375182,6.027955912202287e-13,5
Kernel Ridge Regression,-1.221874373746708,8.648338740364415e-20,5
Kernel Ridge Regression,-1.1131158581897997,8.203977315300928e-20,5
Kernel Ridge Regression,-1.8229892712376083,5.302951509500891e-21,5
Kernel Ridge Regression,-1.1631032781134523,4.697009450761909e-18,5
Kernel Ridge Regression,-1.4201920378605053,1.1996154937465864e-15,5
Kernel Ridge Regression,-1.8194641482091292,2.7224316551111016e-16,5
Kernel Ridge Regression,-2.5901613502180045,7.064453303447878e-20,5
Kernel Ridge Regression,-3.0391954244610955,4.963910855930719e-21,5
Kernel Ridge Regression,-1.4349038067728495,1.669602027892345e-20,5
Kernel Ridge Regression,0.05304456027413388,-0.012791156768798828,5
Kernel Ridge Regression,0.1297019665778856,-1.4326376456680334e-16,5
Kernel Ridge Regression,-0.16542042319834802,4.227541439746213e-18,5
Kernel Ridge Regression,-0.5196118275771817,2.55340728927769e-19,5
Kernel Ridge Regression,-0.7545795752718538,2.4088636810886426e-20,5
Kernel Ridge Regression,-0.7019607372542168,7.958633752025435e-13,5
Kernel Ridge Regression,-0.28184511787174465,4.818823376488918e-20,5
Kernel Ridge Regression,-0.08363954432116573,2.053207864144424e-18,5
Kernel Ridge Regression,-1.1159606660259742,-5.652886131738387e-18,5
Kernel Ridge Regression,-0.27744790362250854,-2.1315414711065017e-15,5
Kernel Ridge Regression,-3.6800158253354924,2.4539918764996655e-20,5
Kernel Ridge Regression,-3.2691119889214533,7.014944039626521e-20,5
Kernel Ridge Regression,-3.0166281405425486,1.0477015193310236e-19,5
Kernel Ridge Regression,-2.2432421390383843,-7.344402863651567e-13,5
Kernel Ridge Regression,-2.209721593275448,4.372384073726698e-18,5
Kernel Ridge Regression,-1.4735211762278637,6.503360150340908e-19,5
Kernel Ridge Regression,-2.8170555006405635,6.717864626788159e-20,5
Kernel Ridge Regression,-2.5090165872531767,1.3364808855807553e-20,5
Kernel Ridge Regression,-2.6991941581253336,2.5170692449682356e-20,5
Kernel Ridge Regression,-3.20721692140729,2.2945680864082832e-20,5
Kernel Ridge Regression,-1.624154843179839,3.4495526152180346e-20,5
Kernel Ridge Regression,-3.4317548486561424,2.5068906332926864e-21,5
Kernel Ridge Regression,-1.4326336990343642,-5.41667405373758e-16,5
Kernel Ridge Regression,-2.492075482831661,-0.0008538961410522461,5
Kernel Ridge Regression,-1.9785756664607834,2.8549245487206193e-18,5
Kernel Ridge Regression,-1.8336101498155517,2.1399162446746826e-20,5
Kernel Ridge Regression,-2.861353792341514,4.689617764808135e-20,5
Kernel Ridge Regression,-1.6037557432468053,3.133005465304206e-17,5
Kernel Ridge Regression,-1.115836390766966,1.0499413838349625e-15,5
Kernel Ridge Regression,-3.434121498561107,3.5185457879300214e-21,5
Kernel Ridge Regression,-2.586212054867284,1.689175189136881e-20,5
Kernel Ridge Regression,-3.008152176256889,2.3303694108361888e-20,5
Kernel Ridge Regression,-2.3478691638008677,1.7522580506017062e-20,5
Kernel Ridge Regression,-1.3859030337523468,1.17588501869631e-16,5
Kernel Ridge Regression,-1.3870823799964922,4.059530489541885e-13,5
Kernel Ridge Regression,-1.7028254486283225,1.4150082430577113e-19,5
Kernel Ridge Regression,-2.715845949095462,2.3063118966958496e-19,5
Kernel Ridge Regression,-1.1251042517136252,4.9703893344882344e-18,5
Kernel Ridge Regression,-1.2886807788238237,2.887191210055088e-19,5
Kernel Ridge Regression,-1.3266108732423414,6.349358972618235e-18,5
Kernel Ridge Regression,-1.1286208649028604,4.856948176978904e-13,5
Kernel Ridge Regression,-2.7186459189940226,2.8756675501464584e-20,5
Kernel Ridge Regression,-3.302921552819786,1.86923230800079e-17,5
Kernel Ridge Regression,-1.2227575127427186,2.432386952875546e-20,5
Kernel Ridge Regression,-3.6472310978345055,1.399941148200058e-20,5
Kernel Ridge Regression,-2.810836301965318,-1.0984323259993767e-16,5
Kernel Ridge Regression,-1.5554661639976504,2.925422463991523e-20,5
Kernel Ridge Regression,-3.384203503318252,3.589214226050014e-21,5
Kernel Ridge Regression,-3.6472310978345055,1.0761671468103175e-20,5
Kernel Ridge Regression,-1.7113615374852664,1.7120157138010014e-20,5
Kernel Ridge Regression,-1.0232314473246815,3.585022903540569e-15,5
Kernel Ridge Regression,-1.935943656763284,5.153348451095163e-17,5
Kernel Ridge Regression,-1.706119540338668,6.911788849595091e-16,5
Kernel Ridge Regression,-2.4934863088506534,3.103085349931428e-20,5
Kernel Ridge Regression,-3.848875409949318,9.014045303921072e-22,5
Kernel Ridge Regression,-3.7105715966505453,2.189745590386054e-21,5
Kernel Ridge Regression,-3.2996658499018485,4.922055516935536e-20,5
Kernel Ridge Regression,-3.688222835963096,2.6170366069346832e-20,5
Kernel Ridge Regression,-2.2826863141215226,-0.1307373046875,5
Kernel Ridge Regression,-2.2175363341456173,-1.3456177158318629e-18,5
Kernel Ridge Regression,-3.159004262647741,1.2075079184472529e-20,5
Kernel Ridge Regression,-2.9741896629359488,4.487512791917503e-16,5
Kernel Ridge Regression,-2.0364325385907973,8.720801858430605e-13,5
Kernel Ridge Regression,-2.4308272469150642,-4.1345795737850535e-19,5
Kernel Ridge Regression,-1.5371060964041248,1.3612835901913312e-16,5
Kernel Ridge Regression,-2.287736284945912,1.3495606542013316e-16,5
Kernel Ridge Regression,-3.4715139529702097,1.5037068201417724e-19,5
Kernel Ridge Regression,-4.043611115346274,1.3303729713032675e-20,5
Kernel Ridge Regression,-2.0559062448512155,-0.004489302635192871,5
Kernel Ridge Regression,-2.848471723996311,7.653925236661419e-16,5
Kernel Ridge Regression,-3.8287505085021976,4.232799073367654e-21,5
Kernel Ridge Regression,-2.8197963948012763,5.080344798953683e-19,5
Kernel Ridge Regression,-2.2625101343415968,3.9028862842089505e-20,5
Kernel Ridge Regression,-3.3960495196322524,1.6564361236621137e-20,5
Kernel Ridge Regression,-1.4722472768836088,1.977801603048057e-15,5
Kernel Ridge Regression,-2.020315121682196,1.2981165072644873e-20,5
Kernel Ridge Regression,-2.3662117992181373,1.2704247376316147e-14,5
Kernel Ridge Regression,-2.9187956800017982,7.820003952362934e-21,5
Kernel Ridge Regression,-1.3982848993986936,1.5056705882088295e-13,5
Kernel Ridge Regression,-2.3458067992518874,1.9238235814513296e-19,5
Kernel Ridge Regression,-1.3819820537899474,4.3635234314720606e-14,5
Kernel Ridge Regression,-1.945720453842236,1.6859343782149594e-16,5
Kernel Ridge Regression,-3.23633470688153,3.209760629677798e-20,5
Kernel Ridge Regression,-3.739785461604827,6.40305598288569e-21,5
Kernel Ridge Regression,-1.5838670484167507,2.5547619575405633e-13,5
Kernel Ridge Regression,-1.3173301868582306,1.5983800949470606e-09,5
Kernel Ridge Regression,-2.4117878095891196,7.037149725788727e-18,5
Kernel Ridge Regression,-1.2834663142150111,1.402822085924682e-16,5
Kernel Ridge Regression,-2.2151453721747094,7.53793148607323e-20,5
Kernel Ridge Regression,-1.2303723324828062,1.454937905586871e-18,5
Kernel Ridge Regression,-1.3195712003583318,2.0221454719027143e-15,5
Kernel Ridge Regression,-1.4441845681180592,5.317986051522894e-10,5
Kernel Ridge Regression,-3.4629936067206395,3.650148720133867e-21,5
Kernel Ridge Regression,-3.926105768520805,1.1831090501041689e-21,5
Kernel Ridge Regression,-2.646263945417837,8.906551440378968e-19,5
Kernel Ridge Regression,-2.635540187918821,1.1603433723891864e-19,5
Kernel Ridge Regression,-1.9930514957526793,1.0728917754221357e-13,5
Kernel Ridge Regression,-1.4782087030212006,9.194423000735696e-12,5
Kernel Ridge Regression,-3.0153277959856664,1.8512752095189988e-17,5
Kernel Ridge Regression,-1.6517269019834395,8.878531590483796e-16,5
Kernel Ridge Regression,-1.98115226552214,4.8045131518917506e-20,5
Kernel Ridge Regression,-2.5142250705986213,1.033545631772757e-19,5
Kernel Ridge Regression,-2.1469087646472067,6.930450044214287e-20,5
Kernel Ridge Regression,-1.7892523214132656,7.571027138553177e-14,5
Kernel Ridge Regression,-3.2877805976748804,7.580935628689646e-21,5
Kernel Ridge Regression,-3.7469892929465796,3.144811448266787e-21,5
Kernel Ridge Regression,-1.3467292946628289,3.4753166255802905e-20,5
Kernel Ridge Regression,-2.00821940080217,3.653623678422221e-19,5
Kernel Ridge Regression,-1.4330573818946528,5.4470994772029546e-17,5
Kernel Ridge Regression,-3.054246410327101,1.8606264656643955e-21,5
Kernel Ridge Regression,-2.8108233787082515,3.585861042641877e-19,5
Kernel Ridge Regression,-1.86662075613132,2.6532595565065265e-14,5
Kernel Ridge Regression,-2.9206284299141125,1.6083038085991028e-18,5
Kernel Ridge Regression,-2.8641555620169683,3.975884973266755e-20,5
Kernel Ridge Regression,-2.034185120528877,6.542667773049428e-20,5
Kernel Ridge Regression,-2.9753058553179503,9.413646243098476e-20,5
Kernel Ridge Regression,-2.647947017470284,7.707168236947837e-12,5
Kernel Ridge Regression,-1.2158410977813483,3.199218667759851e-11,5
Kernel Ridge Regression,-1.2327435377262763,1.851931660053121e-18,5
Kernel Ridge Regression,-1.3310146489007124,2.1337818732519893e-18,5
Kernel Ridge Regression,-3.6688623296866587,2.242784425651777e-19,5
Kernel Ridge Regression,-2.2675571837562845,3.8357039983463737e-17,5
Kernel Ridge Regression,-1.453797527240351,1.4663270597736755e-13,5
Kernel Ridge Regression,-1.4001202888111866,1.1070191225021671e-18,5
Kernel Ridge Regression,-1.4180277802789096,8.222155595261071e-15,5
Kernel Ridge Regression,-1.302742708063045,1.2677359162438506e-14,5
Kernel Ridge Regression,-0.7420831923821466,2.170310169102331e-18,5
Kernel Ridge Regression,-2.062592350526869,2.339535605999042e-20,5
Kernel Ridge Regression,-1.1301967317733737,-0.0001293867826461792,5
Kernel Ridge Regression,-1.8019484611556353,9.464931441076764e-20,5
Kernel Ridge Regression,-0.7242679085347501,3.15936513062276e-16,5
Kernel Ridge Regression,-1.8035282856682657,4.033147378351351e-18,5
Kernel Ridge Regression,-1.9341938240909706,2.1849214874424677e-18,5
Kernel Ridge Regression,-1.4337063496845048,4.465286382683754e-20,5
Kernel Ridge Regression,-3.542851120580754,8.406757431488875e-21,5
Kernel Ridge Regression,-3.119103556806872,2.3224750058651358e-20,5
Kernel Ridge Regression,-1.351662241081682,4.920543139608213e-15,5
Kernel Ridge Regression,-2.090032121190501,-6.5695875389043534e-18,5
Kernel Ridge Regression,-1.1177693107076099,3.664603343001005e-16,5
Kernel Ridge Regression,-1.5609490414532068,-0.13408279418945312,5
Kernel Ridge Regression,-1.394827676426251,3.78776193353178e-17,5
Kernel Ridge Regression,-3.4366316559477377,1.3388629072509666e-21,5
Kernel Ridge Regression,-2.0948568608862326,1.7645390357201585e-15,5
Kernel Ridge Regression,-3.3707035768809224,3.003980398474472e-20,5
Kernel Ridge Regression,-2.258173837778395,3.082928877462532e-15,5
Kernel Ridge Regression,-1.7448404020099417,5.351130644279042e-19,5
Kernel Ridge Regression,-1.9715416460145745,-6.3934326171875,5
Kernel Ridge Regression,-3.3980116731740355,9.790887718630348e-16,5
Kernel Ridge Regression,-3.233202110369878,1.051032229922128e-19,5
Kernel Ridge Regression,-1.945164608357066,4.264810889425402e-17,5
Kernel Ridge Regression,-1.8175258287604161,-1.3353762540191383e-12,5
Kernel Ridge Regression,-2.1317533670782356,-0.028753280639648438,5
Kernel Ridge Regression,-2.1032881447661516,1.1779178977697202e-16,5
Kernel Ridge Regression,-2.43241576499949,6.645481690978339e-17,5
Kernel Ridge Regression,-2.025135764586199,1.2425973336220586e-17,5
Kernel Ridge Regression,-1.753896033344213,3.787163716512782e-20,5
Kernel Ridge Regression,-1.0471006958966393,5.543661233189945e-17,5
Kernel Ridge Regression,-1.7246442506203672,-0.07590293884277344,5
Kernel Ridge Regression,-1.2662407394987067,2.997276905836177e-16,5
Kernel Ridge Regression,-1.6819366650372385,2.422893885523081e-07,5
Kernel Ridge Regression,-3.1090516644066044,6.33711339083e-20,5
Kernel Ridge Regression,-3.276542686022807,1.0794706993817011e-19,5
Kernel Ridge Regression,-1.6663570851479517,8.677503160470224e-13,5
Kernel Ridge Regression,-2.833475754814589,5.717927343303431e-20,5
Kernel Ridge Regression,-0.9490993255496558,2.7832825020418506e-16,5
Kernel Ridge Regression,-1.8074474879886533,4.1621081445708183e-19,5
Kernel Ridge Regression,-2.8559441417598115,1.3006587951783807e-19,5
Kernel Ridge Regression,-1.170757605358798,5.272991854894833e-18,5
Kernel Ridge Regression,-2.5255934458757454,7.009727034121369e-19,5
Kernel Ridge Regression,-3.064232839852069,3.226409068290299e-21,5
Kernel Ridge Regression,-1.6183307304435026,6.733762852872971e-15,5
Kernel Ridge Regression,-2.3822676402388554,4.484260185400046e-15,5
Kernel Ridge Regression,-2.190142441306164,-1.0554030522788582e-18,5
Kernel Ridge Regression,-1.428472864706594,1.919850996928707e-16,5
Kernel Ridge Regression,-2.8165949053280404,1.2066910775923568e-20,5
Kernel Ridge Regression,-2.4881639462888585,1.1614939289224593e-19,5
Kernel Ridge Regression,-3.360662949678316,1.944046493067026e-18,5
Kernel Ridge Regression,-1.391500388590343,7.089326955339592e-16,5
Kernel Ridge Regression,-1.7772835288524167,1.2407338611380991e-17,5
Kernel Ridge Regression,-3.3625502994733605,1.469512207594596e-21,5
Kernel Ridge Regression,-3.8396725549649426,7.379054834444036e-22,5
Kernel Ridge Regression,0.25792460161657743,1.1255753273875513e-14,5
Kernel Ridge Regression,0.23583851209189552,1.3941625631730403e-13,5
Kernel Ridge Regression,0.10764671163334447,6.4280811784556136e-09,5
Kernel Ridge Regression,0.13858982128300762,2.139266411585461e-17,5
Kernel Ridge Regression,-0.8579133376664105,1.9842408533922028e-20,5
Kernel Ridge Regression,0.11059120541434526,-1.0658141036401503e-14,5
Kernel Ridge Regression,0.2034251096067644,-4.33310292079778e-20,5
Kernel Ridge Regression,-0.004427072779599359,2.1852871012732162e-20,5
Kernel Ridge Regression,0.2461448119736277,3.4955990942000907e-19,5
Kernel Ridge Regression,-0.3118025518663407,4.42591258552623e-20,5
Kernel Ridge Regression,-0.5442825169537446,2.3399285167900047e-20,5
Kernel Ridge Regression,-1.181419364072578,4.002700948468885e-14,5
Kernel Ridge Regression,-2.2749377863952085,3.5362609108330334e-16,5
Kernel Ridge Regression,-1.7655110123526006,3.010829432992246e-16,5
Kernel Ridge Regression,-2.7286993920768685,9.172837423172039e-19,5
Kernel Ridge Regression,-1.2407370006641907,5.169475958410885e-15,5
Kernel Ridge Regression,-2.1512701073865577,2.2565282975506307e-14,5
Kernel Ridge Regression,-1.5671957242975716,1.6808971791567565e-19,5
Kernel Ridge Regression,-2.297622719595401,2.760136267966943e-20,5
Kernel Ridge Regression,-3.525699217034543,3.082818738299347e-20,5
Kernel Ridge Regression,-1.9190397324043553,3.622969979577562e-15,5
Kernel Ridge Regression,-2.6216055516158603,6.848261378551018e-18,5
Kernel Ridge Regression,-1.2328253445920763,2.5478751053409354e-17,5
Kernel Ridge Regression,-2.088287115891733,-0.005093574523925781,5
Kernel Ridge Regression,-3.8233531994782193,2.9351231840462337e-21,5
Kernel Ridge Regression,-1.42625067509891,1.2349935650392452e-21,5
Kernel Ridge Regression,-1.2812660713628026,9.155142244961291e-21,5
Kernel Ridge Regression,-1.573747505577719,7.216547168717446e-22,5
Kernel Ridge Regression,-1.1998361610596366,2.4785108636672684e-21,5
Kernel Ridge Regression,-1.111999901692932,1.2951080265369797e-20,5
Kernel Ridge Regression,-1.649488441015367,4.830087363109071e-21,5
Kernel Ridge Regression,-1.3198484161479276,1.1586838106143399e-21,5
Kernel Ridge Regression,-1.5240818424273839,9.72377910583622e-22,5
Kernel Ridge Regression,-1.6322137070153477,6.94733396601115e-21,5
Kernel Ridge Regression,-1.793068638288037,4.311286897206563e-21,5
Kernel Ridge Regression,-1.2491101104442828,3.616516478732077e-21,5
Kernel Ridge Regression,-3.151893437607053,5.2571440606742624e-21,5
Kernel Ridge Regression,-0.9568598388437015,3.141036396435361e-19,5
Kernel Ridge Regression,-1.6181431713572578,3.4561591225935624e-19,5
Kernel Ridge Regression,-1.042642722079717,1.791143811197824e-19,5
Kernel Ridge Regression,-1.1400317683551704,2.6117413895639097e-17,5
Kernel Ridge Regression,-3.4341521813264824,1.5022647208798221e-21,5
Kernel Ridge Regression,-3.1791288900792822,1.465234649851931e-19,5
Kernel Ridge Regression,-0.9800565288767592,-3.883005028626485e-14,5
Kernel Ridge Regression,-0.2468343715025799,3.3377814401269745e-14,5
Kernel Ridge Regression,-2.428366273865067,7.567392350769919e-18,5
Kernel Ridge Regression,-1.0026227122886122,1.3785239616481704e-10,5
Kernel Ridge Regression,-1.475460019768368,2.611402576385008e-18,5
Kernel Ridge Regression,-1.0884067327209506,-2.8947350972415714e-19,5
Kernel Ridge Regression,-2.390077592912712,1.145188544687814e-18,5
Kernel Ridge Regression,-0.988626069420939,9.767880948530205e-14,5
Kernel Ridge Regression,-1.4154063781902113,4.289798361369404e-18,5
