model,experiment,prediction,split #
Light Gradient Boosting,-2.0772161211350064,-2.498673650643148,1
Light Gradient Boosting,-3.5076503600642033,-2.5787658159337425,1
Light Gradient Boosting,-1.7636611133035243,-2.1343686083498046,1
Light Gradient Boosting,-2.3146334389286793,-2.4001658100158996,1
Light Gradient Boosting,-1.8035334240706482,-1.8513685012898515,1
Light Gradient Boosting,-3.1408689109724577,-2.7943236230952158,1
Light Gradient Boosting,-2.881231480327938,-2.0934728797553617,1
Light Gradient Boosting,-2.559953281626918,-2.067462544597607,1
Light Gradient Boosting,-1.6844526576962697,-1.7467840083453368,1
Light Gradient Boosting,-2.2593946471787434,-1.7361880192055374,1
Light Gradient Boosting,-2.7922905193547125,-2.646513123362387,1
Light Gradient Boosting,-2.858166273095228,-2.1356027842341625,1
Light Gradient Boosting,-3.3692782873859213,-2.9742654970808036,1
Light Gradient Boosting,-0.28950830319552845,-2.124703648942222,1
Light Gradient Boosting,-0.9452141888163385,-1.1196657507864114,1
Light Gradient Boosting,-1.414958380703708,-1.4023039017515906,1
Light Gradient Boosting,-1.2391607486734533,-1.2391175412614874,1
Light Gradient Boosting,-0.22901321309844905,-1.320155662997801,1
Light Gradient Boosting,-1.5498899805881399,-1.4263562794682194,1
Light Gradient Boosting,-1.4091232046942341,-1.3048218339435345,1
Light Gradient Boosting,-2.123767317417046,-2.0721077192357793,1
Light Gradient Boosting,-1.4985127097581414,-1.340380768459209,1
Light Gradient Boosting,-1.0225392132375182,-1.2146338869951252,1
Light Gradient Boosting,-1.221874373746708,-1.3054662597117026,1
Light Gradient Boosting,-1.0225392132375182,-1.3333573623698525,1
Light Gradient Boosting,-1.9996117840097518,-1.6929128780748244,1
Light Gradient Boosting,-1.3897810295006061,-1.7603895811642216,1
Light Gradient Boosting,-1.5041031112940382,-1.7005860095856007,1
Light Gradient Boosting,-1.3607499667563296,-1.605250387484961,1
Light Gradient Boosting,-1.7873296113427601,-2.158293431002221,1
Light Gradient Boosting,-2.0569241023003397,-2.152224706032946,1
Light Gradient Boosting,-2.772379350111858,-2.648877519163619,1
Light Gradient Boosting,-2.5901613502180045,-2.7353352336141983,1
Light Gradient Boosting,-0.5196118275771817,-0.8642436238316498,1
Light Gradient Boosting,-3.0110100837480736,-0.2965274765033482,1
Light Gradient Boosting,-0.28184511787174465,-0.14480819175994933,1
Light Gradient Boosting,-0.6945493884044287,-0.7119486889396145,1
Light Gradient Boosting,-3.2691119889214533,-2.6202071550697976,1
Light Gradient Boosting,-1.9304209166838449,-2.0397354710282762,1
Light Gradient Boosting,-2.0174042079019414,-1.920586571407641,1
Light Gradient Boosting,-2.1223515198479075,-2.590573755265031,1
Light Gradient Boosting,-3.349843097267282,-2.5460886195929495,1
Light Gradient Boosting,-2.0468682910310587,-2.1856151963531825,1
Light Gradient Boosting,-3.3308765956121587,-3.1494651325045377,1
Light Gradient Boosting,-2.3339531661956356,-2.8265814763313544,1
Light Gradient Boosting,-3.20721692140729,-2.9129618753496844,1
Light Gradient Boosting,-1.1468871297310963,-1.9256876724668814,1
Light Gradient Boosting,-2.991150818979587,-3.0307857060870047,1
Light Gradient Boosting,-2.704319008875443,-2.850102290386346,1
Light Gradient Boosting,-1.3360910210889294,-2.4296718987104917,1
Light Gradient Boosting,-2.492075482831661,-1.4160807942448987,1
Light Gradient Boosting,-1.4542413778154994,-1.8936713903102826,1
Light Gradient Boosting,-3.0605406542001403,-3.1825011083946144,1
Light Gradient Boosting,-3.434121498561107,-3.417978143396355,1
Light Gradient Boosting,-1.4370923600242806,-1.6038727772441028,1
Light Gradient Boosting,-3.434121498561107,-3.431878700841237,1
Light Gradient Boosting,-3.008152176256889,-2.2178993146576955,1
Light Gradient Boosting,-2.3478691638008677,-2.02764969129863,1
Light Gradient Boosting,-2.8807530211105905,-2.3133423603211125,1
Light Gradient Boosting,-2.715845949095462,-2.3666149841470228,1
Light Gradient Boosting,-1.4100025284401918,-1.602434820933228,1
Light Gradient Boosting,-2.2476183878149794,-2.621131454568189,1
Light Gradient Boosting,-3.6203410251864447,-3.2060956026464575,1
Light Gradient Boosting,-3.6203410251864447,-3.4348702921880663,1
Light Gradient Boosting,-2.3083760229550343,-2.994878838828143,1
Light Gradient Boosting,-1.2227575127427186,-1.9599119691168019,1
Light Gradient Boosting,-2.498525274280529,-2.4934601352250088,1
Light Gradient Boosting,-3.1353471437504044,-2.903497244368082,1
Light Gradient Boosting,-3.9730828630218453,-3.3566070598138356,1
Light Gradient Boosting,-1.5623567401916558,-1.680049610092639,1
Light Gradient Boosting,-1.7751555586449395,-2.100984716573986,1
Light Gradient Boosting,-1.5942049925158137,-1.7185581781746457,1
Light Gradient Boosting,-1.41390601215094,-1.3419096402460704,1
Light Gradient Boosting,-2.4934863088506534,-2.263671940360058,1
Light Gradient Boosting,-1.1883246153441216,-1.317996145598613,1
Light Gradient Boosting,-2.7592630971786845,-2.445193905768401,1
Light Gradient Boosting,-2.2826863141215226,-1.8953647405239022,1
Light Gradient Boosting,-2.248890796910272,-2.2414639190115824,1
Light Gradient Boosting,-3.3388889969343114,-2.8084640788165736,1
Light Gradient Boosting,-3.339134521996131,-2.899027544453534,1
Light Gradient Boosting,-3.4715139529702097,-2.718129456748139,1
Light Gradient Boosting,-4.043611115346274,-3.287848988890119,1
Light Gradient Boosting,-2.848471723996311,-2.4544719486712725,1
Light Gradient Boosting,-2.999290941959355,-2.402694083674733,1
Light Gradient Boosting,-1.4886987965534475,-1.4129286692181753,1
Light Gradient Boosting,-3.190894343543139,-2.441740105467214,1
Light Gradient Boosting,-2.362468744313884,-2.3500238383243435,1
Light Gradient Boosting,-3.8287505085021976,-3.7815443075797757,1
Light Gradient Boosting,-2.8197963948012763,-2.5009358819975627,1
Light Gradient Boosting,-2.2625101343415968,-2.1142722977503112,1
Light Gradient Boosting,-3.3960495196322524,-3.2609432855227074,1
Light Gradient Boosting,-2.110664900131247,-2.1213130150273445,1
Light Gradient Boosting,-1.7818010064165613,-1.678043986793826,1
Light Gradient Boosting,-1.6668842660690988,-2.379624300960059,1
Light Gradient Boosting,-1.7883466398341077,-1.8472032949025103,1
Light Gradient Boosting,-2.0615953180564492,-2.009840790660368,1
Light Gradient Boosting,-2.1620771953880977,-2.404223759123894,1
Light Gradient Boosting,-1.3752808174958797,-1.4053841631642179,1
Light Gradient Boosting,-2.9187956800017982,-2.2869754787915526,1
Light Gradient Boosting,-1.7015723913432346,-1.6135310539980101,1
Light Gradient Boosting,-3.9030899869919438,-3.7967877022038388,1
Light Gradient Boosting,-3.7834435403498214,-3.513015611976319,1
Light Gradient Boosting,-3.48241354468584,-2.943034209258915,1
Light Gradient Boosting,-2.258862588858495,-2.167822265095588,1
Light Gradient Boosting,-1.556016572040716,-1.4931303209435287,1
Light Gradient Boosting,-1.1738116279378035,-1.4676677460516772,1
Light Gradient Boosting,-1.5213971031085405,-2.023957660996069,1
Light Gradient Boosting,-3.5459650539173615,-3.4613864512649672,1
Light Gradient Boosting,-1.3434220574020639,-1.4298393922217951,1
Light Gradient Boosting,-1.2303723324828062,-1.4946709246341203,1
Light Gradient Boosting,-1.479191830676853,-1.6087465782275967,1
Light Gradient Boosting,-2.9206523063014074,-2.3802859410607553,1
Light Gradient Boosting,-1.8441291379223155,-2.1356963275442356,1
Light Gradient Boosting,-3.926105768520805,-3.7298678182710137,1
Light Gradient Boosting,-2.646263945417837,-2.2007176750665103,1
Light Gradient Boosting,-1.9930514957526793,-1.7108778200804695,1
Light Gradient Boosting,-3.172776808882327,-3.01456106130698,1
Light Gradient Boosting,-3.4629936067206395,-3.432097272462557,1
Light Gradient Boosting,-1.8011659603551675,-1.9940098288851016,1
Light Gradient Boosting,-1.840084037547579,-1.984204269401439,1
Light Gradient Boosting,-1.790442094293253,-1.8746078099990509,1
Light Gradient Boosting,-2.049666891178964,-1.7024009482315774,1
Light Gradient Boosting,-2.484467237840419,-2.1866869622028404,1
Light Gradient Boosting,-2.1469087646472067,-2.2054481838297746,1
Light Gradient Boosting,-1.7892523214132656,-1.6763092365952956,1
Light Gradient Boosting,-2.648503823177817,-1.9807371029872929,1
Light Gradient Boosting,-1.4115626764192806,-1.5858726713420703,1
Light Gradient Boosting,-3.2877805976748804,-3.2562971640194163,1
Light Gradient Boosting,-3.7469892929465796,-3.600700485760921,1
Light Gradient Boosting,-1.4330573818946528,-1.32774481510405,1
Light Gradient Boosting,-0.664255515397868,-1.1828431861558173,1
Light Gradient Boosting,-1.5708763680120374,-1.4395413670742587,1
Light Gradient Boosting,-1.982318834323383,-1.8993930280609046,1
Light Gradient Boosting,-4.219679806977318,-3.8241964645941993,1
Light Gradient Boosting,-1.86662075613132,-2.130454724969928,1
Light Gradient Boosting,-2.8641555620169683,-2.6461993968762716,1
Light Gradient Boosting,-2.2151887800651093,-2.275907729309088,1
Light Gradient Boosting,-2.647947017470284,-1.6519868147340337,1
Light Gradient Boosting,-1.2158410977813483,-1.4474646238144886,1
Light Gradient Boosting,-3.392655441034186,-2.8824276001466917,1
Light Gradient Boosting,-3.6688623296866587,-3.56133885639367,1
Light Gradient Boosting,-1.302742708063045,-1.3409507805068348,1
Light Gradient Boosting,-2.1481523894209715,-2.9298372871619893,1
Light Gradient Boosting,-1.5310782741493767,-1.3334972202836963,1
Light Gradient Boosting,-1.270721247267063,-1.1194380196305584,1
Light Gradient Boosting,-2.0129990008635867,-1.3422581211348368,1
Light Gradient Boosting,-3.6419813498697473,-3.32628783599437,1
Light Gradient Boosting,-2.119103556806872,-2.1389616098248796,1
Light Gradient Boosting,-1.543738042979891,-1.4410625296703208,1
Light Gradient Boosting,-1.0624918421054752,-1.352283344728815,1
Light Gradient Boosting,-2.0598606483703086,-2.1345250967476126,1
Light Gradient Boosting,-1.709300425196423,-1.7693800753518143,1
Light Gradient Boosting,-1.525605260081181,-1.81454123182333,1
Light Gradient Boosting,-1.7701752248722789,-1.7245109389455047,1
Light Gradient Boosting,-2.436631774638256,-2.2335530191764055,1
Light Gradient Boosting,-2.7292012545882884,-2.245247227935698,1
Light Gradient Boosting,-1.7448404020099417,-2.069825186420025,1
Light Gradient Boosting,-2.540720473654946,-2.4596309579970437,1
Light Gradient Boosting,-1.6434286328720604,-1.967580691425396,1
Light Gradient Boosting,-3.3980116731740355,-2.542748060791287,1
Light Gradient Boosting,-4.034798298974088,-3.887314268088829,1
Light Gradient Boosting,-3.3358640560027224,-3.237811756001461,1
Light Gradient Boosting,-2.5444075781780136,-2.94567956173122,1
Light Gradient Boosting,-2.483384252706259,-2.774624766604285,1
Light Gradient Boosting,-3.3466707249611667,-2.744827435478519,1
Light Gradient Boosting,-3.290189204280069,-3.124240364999636,1
Light Gradient Boosting,-3.8817848914990014,-3.9071565789875535,1
Light Gradient Boosting,-2.7386203038591304,-2.4028709783182975,1
Light Gradient Boosting,-2.0645418092014314,-1.7105289423845524,1
Light Gradient Boosting,-1.928979817650206,-1.8538091485641903,1
Light Gradient Boosting,-1.8762488134939106,-1.737434746521242,1
Light Gradient Boosting,-3.1090516644066044,-2.6991571511090315,1
Light Gradient Boosting,-1.7581838126622393,-2.049962041415862,1
Light Gradient Boosting,-1.5572116152486462,-1.700641038700308,1
Light Gradient Boosting,-1.5650830494456354,-1.7272267748335541,1
Light Gradient Boosting,-1.6895586727819518,-1.7740237630744045,1
Light Gradient Boosting,-2.22015815118179,-2.155482104781892,1
Light Gradient Boosting,-0.9490993255496558,-1.1062648096836034,1
Light Gradient Boosting,-1.8196475705694013,-2.2669189700291987,1
Light Gradient Boosting,-0.8521750241183932,-1.4619700445406412,1
Light Gradient Boosting,-1.8074474879886533,-1.8414817277219675,1
Light Gradient Boosting,-1.5281785967617054,-1.5188443089319772,1
Light Gradient Boosting,-2.8559441417598115,-2.7755982353430078,1
Light Gradient Boosting,-1.2165796349138172,-1.5553952671530022,1
Light Gradient Boosting,-1.2183710988289476,-1.6260135820500488,1
Light Gradient Boosting,-0.9737395646276028,-1.2549693426366002,1
Light Gradient Boosting,-1.309961996475505,-1.602910746772535,1
Light Gradient Boosting,-1.4562179644760493,-1.5409659802279438,1
Light Gradient Boosting,-2.0008832971741093,-1.922541945396295,1
Light Gradient Boosting,-1.405215799824956,-1.2694420818733934,1
Light Gradient Boosting,-2.4796814387852613,-2.2168677328598183,1
Light Gradient Boosting,-2.190142441306164,-1.9773586749939638,1
Light Gradient Boosting,-3.05329283374744,-2.528791450920475,1
Light Gradient Boosting,-1.514016684929528,-1.7733515462282996,1
Light Gradient Boosting,-3.360662949678316,-2.951297491462243,1
Light Gradient Boosting,-2.0703010191144675,-1.8698364348618994,1
Light Gradient Boosting,-2.3371392715991264,-2.1778707901136958,1
Light Gradient Boosting,-1.3627172000570675,-1.623788664088318,1
Light Gradient Boosting,-2.740096874062147,-2.385610602285368,1
Light Gradient Boosting,-3.8396725549649426,-3.4791700550225295,1
Light Gradient Boosting,-0.9486409221793155,-2.2507385758266594,1
Light Gradient Boosting,0.13858982128300762,-0.018148006803884995,1
Light Gradient Boosting,-0.39778171004309776,-0.29425235706544395,1
Light Gradient Boosting,-0.3118025518663407,-0.12422523592285853,1
Light Gradient Boosting,-0.03690399983927772,0.12581001845931813,1
Light Gradient Boosting,0.23141740977050707,0.11328800514822542,1
Light Gradient Boosting,-2.2749377863952085,-1.5863669935076068,1
Light Gradient Boosting,-1.7473311829109102,-1.6773149343822713,1
Light Gradient Boosting,-1.4739374796247893,-1.711401739537892,1
Light Gradient Boosting,-2.7286993920768685,-2.5149879342434223,1
Light Gradient Boosting,-1.1505417041520314,-1.505222076701699,1
Light Gradient Boosting,-1.5671957242975716,-1.516637326183167,1
Light Gradient Boosting,-1.5941100276318725,-2.180226980064562,1
Light Gradient Boosting,-1.1820723340995358,-1.5740234432317932,1
Light Gradient Boosting,-3.4519129118061063,-3.0082690320618375,1
Light Gradient Boosting,-3.915670428497184,-3.431253971487831,1
Light Gradient Boosting,-3.525699217034543,-3.426324968167358,1
Light Gradient Boosting,-2.405003945642156,-2.350577755838704,1
Light Gradient Boosting,-1.621304790891127,-1.8343282277137716,1
Light Gradient Boosting,-1.5073537295089607,-1.708531242952228,1
Light Gradient Boosting,-2.5479760718766045,-2.001976445885279,1
Light Gradient Boosting,-2.3812985463366814,-2.4114052545528186,1
Light Gradient Boosting,-1.455583530702784,-1.5450240454213209,1
Light Gradient Boosting,-2.103347370511212,-2.077314525140483,1
Light Gradient Boosting,-1.5674558687076858,-1.401791530315071,1
Light Gradient Boosting,-1.573747505577719,-1.46817362523365,1
Light Gradient Boosting,-1.5323301209746991,-1.5558462942678053,1
Light Gradient Boosting,-0.9134224928394735,-1.1049768395219286,1
Light Gradient Boosting,-1.5240818424273839,-1.410681741966422,1
Light Gradient Boosting,-1.3198484161479276,-1.2095483424940732,1
Light Gradient Boosting,-1.7854705731329945,-1.2097297600468102,1
Light Gradient Boosting,-0.8769725367904692,-1.2626866683221547,1
Light Gradient Boosting,-1.1431217053996168,-2.0914611023127283,1
Light Gradient Boosting,-0.9422704336465716,-1.5513879188924506,1
Light Gradient Boosting,-1.5966625231096632,-1.3929870894875116,1
Light Gradient Boosting,-1.5398588190217488,-1.4669395131608203,1
Light Gradient Boosting,-1.2755333695267534,-1.0712596646905719,1
Light Gradient Boosting,-0.8837798009584171,-1.1120561870510808,1
Light Gradient Boosting,-1.9406256000139548,-1.437282273616495,1
Light Gradient Boosting,-1.8459806844208395,-1.7279943731264042,1
Light Gradient Boosting,-1.0181181552809078,-1.210005573931177,1
Light Gradient Boosting,-0.9172146296835499,-1.3969372579552022,1
Light Gradient Boosting,-0.9679951762893184,-1.7751022649656316,1
Light Gradient Boosting,-1.5600709478109722,-1.8520428148150223,1
Light Gradient Boosting,-1.483088664742514,-1.7817573250028924,1
Light Gradient Boosting,-3.2503548803911073,-3.0397143748137703,1
Light Gradient Boosting,-0.6143935172969877,-1.1552379479861714,1
Light Gradient Boosting,-0.37949908787793823,-0.9267278704047913,1
Light Gradient Boosting,-0.6158874808696795,-0.7979387300698728,1
Light Gradient Boosting,-2.428366273865067,-1.6285890450449867,1
Light Gradient Boosting,-2.192341601117107,-2.221344327864439,1
Light Gradient Boosting,-1.7462641625323523,-1.5573421974467632,1
Light Gradient Boosting,-1.7793995024399858,-1.7348894214720878,1
Light Gradient Boosting,-1.475460019768368,-1.3247875151793567,1
Light Gradient Boosting,-1.011455146773862,-1.2603792617268588,1
Light Gradient Boosting,-1.5672159407631352,-1.4686936665696357,1
Light Gradient Boosting,-1.3147618244158232,-1.7014758159436922,1
Light Gradient Boosting,-1.2413209034031176,-1.488183789073575,1
Light Gradient Boosting,-1.4154063781902113,-1.5567886093085646,1
Light Gradient Boosting,-2.5315835424986517,-2.280553581641286,1
Light Gradient Boosting,-1.9492654506102318,-2.3886243640336025,2
Light Gradient Boosting,-2.218903098366632,-2.226427088303973,2
Light Gradient Boosting,-2.3969317709673565,-1.8579998153599646,2
Light Gradient Boosting,-3.366321517882654,-2.6051278631925583,2
Light Gradient Boosting,-1.3240188516817268,-1.9222852299247286,2
Light Gradient Boosting,-0.737425984358659,-1.8187813952087544,2
Light Gradient Boosting,-1.0745636623476162,-1.3701102043921085,2
Light Gradient Boosting,-1.6390957814475864,-1.7113439088937397,2
Light Gradient Boosting,-1.103883331173482,-1.5244747832888412,2
Light Gradient Boosting,-1.820599175381769,-2.0199972835587525,2
Light Gradient Boosting,-1.2247774230710238,-1.5207922011498252,2
Light Gradient Boosting,-1.680228158144333,-1.1132301728939054,2
Light Gradient Boosting,-3.4108437941069076,-3.464525636015194,2
Light Gradient Boosting,-1.339883282003717,-1.7736006795136479,2
Light Gradient Boosting,-3.2180472636163895,-3.1459722176961824,2
Light Gradient Boosting,-2.8184713897478226,-2.969402141638461,2
Light Gradient Boosting,-1.778416668028348,-1.8255542288068174,2
Light Gradient Boosting,-1.3355656611938254,-1.5705625461786556,2
Light Gradient Boosting,-2.341290856803062,-2.296393699347491,2
Light Gradient Boosting,-0.9582190949069228,-1.0698139355973604,2
Light Gradient Boosting,-3.2351404478705748,-3.221208404082665,2
Light Gradient Boosting,-2.3531252756425936,-2.6435645685943023,2
Light Gradient Boosting,-2.66118307205398,-2.208101029467912,2
Light Gradient Boosting,-1.1061070209631036,-1.650766403990111,2
Light Gradient Boosting,-2.6396789104480054,-2.00600594796796,2
Light Gradient Boosting,-1.694125814017541,-3.5275999678538175,2
Light Gradient Boosting,0.14443509497441417,-0.36149444575971235,2
Light Gradient Boosting,-1.7661589553081318,-3.2312937526888015,2
Light Gradient Boosting,-0.40674416735366103,-1.0338933382778954,2
Light Gradient Boosting,-0.3696586894071177,-0.44641611598368236,2
Light Gradient Boosting,-1.0877694915519545,-1.4294219046170502,2
Light Gradient Boosting,0.1297019665778856,-0.6483224298050722,2
Light Gradient Boosting,-0.14570591755806434,-1.6634861057043744,2
Light Gradient Boosting,-0.08363954432116573,-0.7430428175888164,2
Light Gradient Boosting,-0.3135898872515433,-0.40464209092083325,2
Light Gradient Boosting,-1.1235679872330004,-2.617118265099499,2
Light Gradient Boosting,-2.2882000233155653,-3.4627862997264685,2
Light Gradient Boosting,-1.8033790498935367,-1.6520337521414612,2
Light Gradient Boosting,-2.465962973225779,-2.249438490932832,2
Light Gradient Boosting,-2.8170555006405635,-2.3970146030959167,2
Light Gradient Boosting,-1.9615865844075526,-2.249553054493822,2
Light Gradient Boosting,-2.7515330963273232,-2.2010569587041124,2
Light Gradient Boosting,-2.9238738790387533,-2.400928455562745,2
Light Gradient Boosting,-3.810574259769909,-3.5237357815381816,2
Light Gradient Boosting,-3.1381335734004905,-2.659039546763043,2
Light Gradient Boosting,-3.447382880362,-3.35421141098977,2
Light Gradient Boosting,-2.67596440114224,-2.5996901030231028,2
Light Gradient Boosting,-2.5493325073158326,-2.7402654885757265,2
Light Gradient Boosting,-2.557865138098485,-3.1163206351767454,2
Light Gradient Boosting,-3.20721692140729,-2.6033742426744104,2
Light Gradient Boosting,-1.9112124620769755,-2.716719597563256,2
Light Gradient Boosting,-2.4751841978240816,-2.7522437633174395,2
Light Gradient Boosting,-1.624154843179839,-2.4903875857247093,2
Light Gradient Boosting,-3.9019276346378216,-3.867889790052647,2
Light Gradient Boosting,-3.3458359767686834,-3.3490531505735546,2
Light Gradient Boosting,-2.861353792341514,-3.195843836123705,2
Light Gradient Boosting,-1.8336101498155517,-1.961388730984488,2
Light Gradient Boosting,-2.174597252967641,-1.8759586872345844,2
Light Gradient Boosting,-1.1386989940333996,-1.2477742022632863,2
Light Gradient Boosting,-3.873453012328298,-3.6866949860639076,2
Light Gradient Boosting,-1.7089770353918146,-1.471321576724393,2
Light Gradient Boosting,-1.5372443207314632,-1.3069289322447433,2
Light Gradient Boosting,-2.586212054867284,-2.6422280471153448,2
Light Gradient Boosting,-1.6435374468814823,-1.8698694302796193,2
Light Gradient Boosting,-1.1202858432048246,-1.3803100073169565,2
Light Gradient Boosting,-1.0556956867709293,-1.2875685589830839,2
Light Gradient Boosting,-1.1251042517136252,-1.3857812383465706,2
Light Gradient Boosting,-1.1286208649028604,-1.2541900613869166,2
Light Gradient Boosting,-3.302921552819786,-3.0605859599390612,2
Light Gradient Boosting,-3.7342838339347466,-3.6538492413778902,2
Light Gradient Boosting,-2.3918623308235594,-2.3115240058528705,2
Light Gradient Boosting,-2.5038360209902844,-2.970983148631764,2
Light Gradient Boosting,-2.9303729669440868,-2.4892205214400978,2
Light Gradient Boosting,-2.4555313487080666,-2.1750181607321495,2
Light Gradient Boosting,-3.3114386993585976,-2.659398429583918,2
Light Gradient Boosting,-3.5222913974306227,-3.09888423475441,2
Light Gradient Boosting,-2.270552443792131,-2.8748375512300814,2
Light Gradient Boosting,-2.5342163548062593,-2.410489218051346,2
Light Gradient Boosting,-3.4401053391639986,-2.5125737757596953,2
Light Gradient Boosting,-3.6472310978345055,-2.6786424921195007,2
Light Gradient Boosting,-1.6536721058017216,-1.9602578761232237,2
Light Gradient Boosting,-1.7568408124580226,-1.930015668909005,2
Light Gradient Boosting,-1.3160847906164357,-1.8177525915349517,2
Light Gradient Boosting,-2.2317936703338876,-2.284556153352378,2
Light Gradient Boosting,-1.1465151741161497,-1.2169525502314016,2
Light Gradient Boosting,-2.2875737313332407,-1.7562539584941803,2
Light Gradient Boosting,-1.7113615374852664,-1.8477172965464421,2
Light Gradient Boosting,-1.0232314473246815,-1.2705501558366779,2
Light Gradient Boosting,-1.2543892714743548,-1.5220486119407421,2
Light Gradient Boosting,-1.1808764741089726,-1.4683096923137786,2
Light Gradient Boosting,-1.706119540338668,-1.8701013312201051,2
Light Gradient Boosting,-1.5862250860093259,-1.4992302487239362,2
Light Gradient Boosting,-3.848875409949318,-3.9077592078151295,2
Light Gradient Boosting,-1.6698969598127007,-2.1832122557705147,2
Light Gradient Boosting,-2.236090057320799,-2.2387031389867595,2
Light Gradient Boosting,-2.988535711454289,-2.720370883873451,2
Light Gradient Boosting,-2.1210586466718686,-2.1101994587020565,2
Light Gradient Boosting,-3.159004262647741,-2.714458645240186,2
Light Gradient Boosting,-3.40015839520823,-2.8177900664772175,2
Light Gradient Boosting,-3.246574755779347,-2.8357612085167996,2
Light Gradient Boosting,-2.287736284945912,-2.506540973643541,2
Light Gradient Boosting,-2.1081088952398566,-1.5388929019184,2
Light Gradient Boosting,-3.1495014132834878,-3.4346696780083033,2
Light Gradient Boosting,-2.8326132427713318,-2.0304856663901085,2
Light Gradient Boosting,-2.618445069067542,-2.41701034441974,2
Light Gradient Boosting,-1.5518607813097591,-1.958930588174884,2
Light Gradient Boosting,-3.231239100298885,-3.7009774074204227,2
Light Gradient Boosting,-1.4722472768836088,-1.7933055931944464,2
Light Gradient Boosting,-1.7565625592771141,-1.6182750901929264,2
Light Gradient Boosting,-3.333901540815397,-2.866775711049044,2
Light Gradient Boosting,-1.7340876483093817,-1.8090499617353497,2
Light Gradient Boosting,-1.4975728800155672,-1.7202516420572633,2
Light Gradient Boosting,-2.728175115284189,-2.3936000416286207,2
Light Gradient Boosting,-1.1893279510795818,-1.5027409945829686,2
Light Gradient Boosting,-3.7834435403498214,-3.5081551452014343,2
Light Gradient Boosting,-1.2174698965346429,-1.3362576912788136,2
Light Gradient Boosting,-1.1134303475678107,-1.3704553807051312,2
Light Gradient Boosting,-3.23633470688153,-2.7630930352281986,2
Light Gradient Boosting,-1.9458635904251336,-1.9822014838054034,2
Light Gradient Boosting,-1.4441845681180592,-1.2930284711785824,2
Light Gradient Boosting,-2.176441984856953,-2.0978766746718462,2
Light Gradient Boosting,-1.2185345221225936,-1.7616329677919924,2
Light Gradient Boosting,-3.289282825523282,-2.664681196960507,2
Light Gradient Boosting,-1.0209515518818744,-1.40841654872419,2
Light Gradient Boosting,-1.3267843126055872,-1.7258974290092386,2
Light Gradient Boosting,-2.5142250705986213,-2.2894509653168114,2
Light Gradient Boosting,-1.4257747559860434,-1.669334864724155,2
Light Gradient Boosting,-1.1441412885613946,-2.112543316155228,2
Light Gradient Boosting,-1.737359048801603,-2.0697120224166303,2
Light Gradient Boosting,-0.5687544073603336,-1.4766626485659768,2
Light Gradient Boosting,-1.0937551186817627,-1.39641211538657,2
Light Gradient Boosting,-1.0111406945890653,-1.807015395115417,2
Light Gradient Boosting,-3.7986028756795487,-3.7522869965079657,2
Light Gradient Boosting,-2.5312982881059978,-2.588459916306866,2
Light Gradient Boosting,-2.7906820711849507,-2.722701999282475,2
Light Gradient Boosting,-2.7597061620105943,-2.059734353386461,2
Light Gradient Boosting,-2.034185120528877,-2.1556292082623525,2
Light Gradient Boosting,-2.806163575333855,-2.4992343279401563,2
Light Gradient Boosting,-3.7938003909509543,-3.445900557597957,2
Light Gradient Boosting,-2.4951902617888977,-2.4318773183243128,2
Light Gradient Boosting,-1.881362165893176,-1.6404355585685508,2
Light Gradient Boosting,-2.672496188704653,-1.899478750862331,2
Light Gradient Boosting,-2.0990330852672687,-1.7101335968012694,2
Light Gradient Boosting,-1.4436245197644126,-1.616200803501621,2
Light Gradient Boosting,-1.4386260150993235,-1.2834914983858134,2
Light Gradient Boosting,-1.3168403571338247,-1.409980263502082,2
Light Gradient Boosting,-3.6688623296866587,-2.4003936297739203,2
Light Gradient Boosting,-1.453797527240351,-1.3655215085273686,2
Light Gradient Boosting,-3.5624063821538914,-3.025174516737079,2
Light Gradient Boosting,-2.8947429719805546,-2.420218076009414,2
Light Gradient Boosting,-1.4180277802789096,-1.1642268476881308,2
Light Gradient Boosting,-1.1598011320770079,-1.2359784013138795,2
Light Gradient Boosting,-1.318606216338379,-1.3344643824768199,2
Light Gradient Boosting,-1.0193030390019762,-1.2713459934220352,2
Light Gradient Boosting,-0.975127284906683,-1.1396560181745305,2
Light Gradient Boosting,-1.8019484611556353,-2.071792986391529,2
Light Gradient Boosting,-0.7242679085347501,-1.044903067588164,2
Light Gradient Boosting,-1.2640972244503184,-2.008913460759809,2
Light Gradient Boosting,-1.4399552960568784,-1.6491748585433497,2
Light Gradient Boosting,-2.329956957829961,-2.2408624543872038,2
Light Gradient Boosting,-2.090032121190501,-1.8309288961643668,2
Light Gradient Boosting,-1.917076538816309,-1.7140674863862617,2
Light Gradient Boosting,-1.0639605458204757,-1.028442128529533,2
Light Gradient Boosting,-2.2176402640700728,-2.233683289064482,2
Light Gradient Boosting,-2.653759917660552,-2.490513015765671,2
Light Gradient Boosting,-2.6904826786431757,-3.273023354361196,2
Light Gradient Boosting,-1.5811083204741387,-1.8120451286073869,2
Light Gradient Boosting,-3.233202110369878,-3.245150855759525,2
Light Gradient Boosting,-3.233202110369878,-2.7026723596361877,2
Light Gradient Boosting,-1.8175258287604161,-1.6042914148680674,2
Light Gradient Boosting,-3.6924119784161333,-3.0188443379425998,2
Light Gradient Boosting,-2.033677685255944,-1.8350014302362987,2
Light Gradient Boosting,-2.804329449939637,-2.4982140009439275,2
Light Gradient Boosting,-2.0864005407417032,-1.83458269506279,2
Light Gradient Boosting,-1.356590498479473,-1.4232651055935932,2
Light Gradient Boosting,-1.1848306140119889,-1.367782484694155,2
Light Gradient Boosting,-3.015555503033429,-2.7795866946020045,2
Light Gradient Boosting,-1.5951494590693263,-2.0047859139163964,2
Light Gradient Boosting,-3.0455186942585932,-3.086904443995578,2
Light Gradient Boosting,-2.7766733448672327,-2.7692800373088913,2
Light Gradient Boosting,-1.6819366650372385,-1.7671175045397773,2
Light Gradient Boosting,-4.059833781301273,-3.6222221752426496,2
Light Gradient Boosting,-2.5783960731301687,-2.560975835301701,2
Light Gradient Boosting,-2.084073842416984,-2.160460937465305,2
Light Gradient Boosting,-2.5585788782984222,-2.3158472718072005,2
Light Gradient Boosting,-1.4333467694862632,-1.3633332625565657,2
Light Gradient Boosting,-1.0942289641451028,-1.1505670927344325,2
Light Gradient Boosting,-1.5145266747759671,-1.6059940370697519,2
Light Gradient Boosting,-1.4566894173821427,-1.4787751282492252,2
Light Gradient Boosting,-1.2054304558342028,-1.314788123979697,2
Light Gradient Boosting,-3.6546223480637448,-3.4829465317872748,2
Light Gradient Boosting,-2.833475754814589,-2.744946368263813,2
Light Gradient Boosting,-3.184747097908846,-3.4177643074841684,2
Light Gradient Boosting,-1.6159918285387698,-1.492743432738259,2
Light Gradient Boosting,-1.1026053129321816,-1.4582063412110924,2
Light Gradient Boosting,-1.8161267212970162,-1.7218511447988554,2
Light Gradient Boosting,-1.170757605358798,-1.2127202981721252,2
Light Gradient Boosting,-3.7727484977747765,-3.660305508162405,2
Light Gradient Boosting,-3.312017362295172,-3.31484384606624,2
Light Gradient Boosting,-1.7997913808340749,-1.5766942226925171,2
Light Gradient Boosting,-1.2025079170212445,-1.6720705867259882,2
Light Gradient Boosting,-2.809660176396059,-2.667154675317864,2
Light Gradient Boosting,-1.740666799910411,-1.8965563972491868,2
Light Gradient Boosting,-1.3132997440363454,-1.4394724294864398,2
Light Gradient Boosting,-2.3822676402388554,-1.6867451916787133,2
Light Gradient Boosting,-2.006498035079166,-1.5235248041086868,2
Light Gradient Boosting,-1.4262388316017447,-1.348806728189794,2
Light Gradient Boosting,-1.391500388590343,-1.5442284039054592,2
Light Gradient Boosting,-1.1895507451644802,-1.3480829747851326,2
Light Gradient Boosting,-3.3625502994733605,-3.2875744738601425,2
Light Gradient Boosting,-2.464359595395084,-2.1606364141499412,2
Light Gradient Boosting,-1.34349300583641,-2.505273333628196,2
Light Gradient Boosting,0.25792460161657743,-0.05995240813397388,2
Light Gradient Boosting,-0.202317609683526,-0.23531243843745525,2
Light Gradient Boosting,0.23583851209189552,0.05075601728098777,2
Light Gradient Boosting,-0.002962342870760633,0.16839479932164034,2
Light Gradient Boosting,0.2733961152011059,0.09019783885893186,2
Light Gradient Boosting,-1.181419364072578,-1.2711148845271714,2
Light Gradient Boosting,-1.7181996551162337,-1.8854679283991531,2
Light Gradient Boosting,-1.6790364719823858,-1.7833862377525858,2
Light Gradient Boosting,-0.8847086972378616,-1.1297172343168487,2
Light Gradient Boosting,-2.327144451312569,-2.664698739524364,2
Light Gradient Boosting,-3.915670428497184,-3.6160683310604997,2
Light Gradient Boosting,-2.0424559224697187,-1.7998937893833282,2
Light Gradient Boosting,-1.0801819981618899,-1.4638950706478857,2
Light Gradient Boosting,-1.9190397324043553,-1.3837294927769563,2
Light Gradient Boosting,-2.789746241172472,-2.8487075639236132,2
Light Gradient Boosting,-2.6216055516158603,-2.5959199534634188,2
Light Gradient Boosting,-1.6115607525200502,-1.7653243590519914,2
Light Gradient Boosting,-1.1286832686838821,-1.659465157799912,2
Light Gradient Boosting,-1.5290505627346085,-1.1926162845528019,2
Light Gradient Boosting,-1.2812660713628026,-1.3032369189740032,2
Light Gradient Boosting,-1.6322137070153477,-1.6996448900050583,2
Light Gradient Boosting,-1.7563417007657087,-1.9213170888813824,2
Light Gradient Boosting,-1.4094344835568617,-1.3669386416907305,2
Light Gradient Boosting,-1.629049819754814,-2.319178045187428,2
Light Gradient Boosting,-0.7266296487986936,-1.0630563592543323,2
Light Gradient Boosting,-1.8036577587890321,-1.7692653805545582,2
Light Gradient Boosting,-1.1543394167845993,-1.3329551371285564,2
Light Gradient Boosting,-0.6082262842300837,-0.9764100764812964,2
Light Gradient Boosting,-0.5052921847488494,-1.6793383813495837,2
Light Gradient Boosting,-0.8609839615611586,-0.9548682707069267,2
Light Gradient Boosting,-0.7463040504271798,-1.5509690631143518,2
Light Gradient Boosting,-1.6181431713572578,-1.7974139024352573,2
Light Gradient Boosting,-2.2646029664100515,-2.798419279600702,2
Light Gradient Boosting,-2.723197328038221,-2.720525142188415,2
Light Gradient Boosting,-1.450536715424269,-1.7879141501783535,2
Light Gradient Boosting,-2.0560190796534115,-1.6727736645954157,2
Light Gradient Boosting,-0.5935262904426333,-1.5233854795024575,2
Light Gradient Boosting,-0.4819145002205912,-0.8268725246283274,2
Light Gradient Boosting,-0.9402445883836209,-1.4438645220987238,2
Light Gradient Boosting,-1.0026227122886122,-1.094486933085207,2
Light Gradient Boosting,-1.9652557068613081,-2.152071543134104,2
Light Gradient Boosting,-1.031601943299423,-1.2341773498072852,2
Light Gradient Boosting,-2.114518460874232,-1.8216841885269592,2
Light Gradient Boosting,-3.241946952668458,-2.861567811249214,2
Light Gradient Boosting,-1.0945491836072103,-1.4682370060877592,2
Light Gradient Boosting,-1.0940337585544895,-1.3812739102733942,2
Light Gradient Boosting,-1.9812071611751474,-2.132846434946705,2
Light Gradient Boosting,-3.431262194557772,-3.0810160822714607,3
Light Gradient Boosting,-1.9138112509675613,-2.2758612901033786,3
Light Gradient Boosting,-2.158822044993741,-2.0583250015914376,3
Light Gradient Boosting,-3.6845481800874196,-3.6115380924557354,3
Light Gradient Boosting,-3.120277513484956,-2.8277664997630487,3
Light Gradient Boosting,-1.5321588732385725,-1.228802908125275,3
Light Gradient Boosting,-1.641711232958164,-2.00440991381085,3
Light Gradient Boosting,-1.2059345608151744,-1.5933033394139164,3
Light Gradient Boosting,-1.5083613986405884,-1.3447258542904186,3
Light Gradient Boosting,-0.32212322804184973,-1.3589480183642464,3
Light Gradient Boosting,-1.3629507222657735,-1.3630933245916799,3
Light Gradient Boosting,-1.374139089297611,-1.1136457705763723,3
Light Gradient Boosting,-1.7566657394319904,-2.045457219847507,3
Light Gradient Boosting,-1.496009274431816,-1.4672502854707352,3
Light Gradient Boosting,-2.3529321054630254,-1.8793726001330342,3
Light Gradient Boosting,-0.9172087828988489,-1.327436968330349,3
Light Gradient Boosting,-3.057527624268253,-2.9827453938350863,3
Light Gradient Boosting,-2.7929079641438137,-3.0227099968377633,3
Light Gradient Boosting,-2.4318269168378195,-2.649519935627483,3
Light Gradient Boosting,-2.9688776583453143,-2.212611124179372,3
Light Gradient Boosting,-2.6092962251353855,-2.1517030030747466,3
Light Gradient Boosting,-2.151509814945314,-2.7121479721355404,3
Light Gradient Boosting,-2.272602230242758,-2.3807512259021366,3
Light Gradient Boosting,-2.198253243671017,-2.1939843374233514,3
Light Gradient Boosting,0.05304456027413388,-0.4863837405385065,3
Light Gradient Boosting,-0.16542042319834802,-0.0580798120294803,3
Light Gradient Boosting,-1.5018248431082857,-1.5551367145131592,3
Light Gradient Boosting,-0.6704627883686575,-0.8200054775174458,3
Light Gradient Boosting,0.20995355888867073,-0.20839901399583888,3
Light Gradient Boosting,-0.7019607372542168,-0.2472937232807774,3
Light Gradient Boosting,-0.27744790362250854,-0.15387071351432444,3
Light Gradient Boosting,-2.004293876429448,-2.6049570127649258,3
Light Gradient Boosting,-3.2691119889214533,-3.1493765101674778,3
Light Gradient Boosting,-1.5397653155309607,-2.0558433372124294,3
Light Gradient Boosting,-1.9101052340727014,-2.754797695700807,3
Light Gradient Boosting,-2.3140538776829995,-2.3606060949752887,3
Light Gradient Boosting,-1.7426626842914594,-2.2588844761599938,3
Light Gradient Boosting,-3.0166281405425486,-3.0992068679985483,3
Light Gradient Boosting,-1.4817410394981543,-1.2382675024260668,3
Light Gradient Boosting,-2.8170555006405635,-2.58229660233833,3
Light Gradient Boosting,-2.2415951055389973,-2.319299398784564,3
Light Gradient Boosting,-2.97249382976246,-2.093946355812439,3
Light Gradient Boosting,-3.1668739337041876,-2.783245586224632,3
Light Gradient Boosting,-2.9119908501955227,-2.853901957841026,3
Light Gradient Boosting,-3.310333372786738,-3.156897885114537,3
Light Gradient Boosting,-3.4317548486561424,-3.0895888744336952,3
Light Gradient Boosting,-2.778538031513268,-2.4992626934066795,3
Light Gradient Boosting,-1.800655814770182,-1.8705699582721602,3
Light Gradient Boosting,-3.130720745231321,-3.140642649281619,3
Light Gradient Boosting,-1.3158802108242549,-1.4665868457585813,3
Light Gradient Boosting,-2.048440290036772,-1.5441340109090989,3
Light Gradient Boosting,-2.9864932974615632,-1.5465609102487758,3
Light Gradient Boosting,-1.3870823799964922,-1.4198902159520022,3
Light Gradient Boosting,-1.777268237794943,-1.483772904617507,3
Light Gradient Boosting,-1.3266108732423414,-1.4123682228065397,3
Light Gradient Boosting,-2.01828162271433,-1.7897735245975213,3
Light Gradient Boosting,-2.691578169406441,-2.674719165179353,3
Light Gradient Boosting,-1.794765718416369,-2.2420020310215154,3
Light Gradient Boosting,-2.5986223809209954,-2.3681253206831414,3
Light Gradient Boosting,-3.52120992195253,-2.6730549779797537,3
Light Gradient Boosting,-3.2590502255091702,-2.8640303853042353,3
Light Gradient Boosting,-2.810836301965318,-2.517688883684832,3
Light Gradient Boosting,-1.547722797531173,-1.995678422337539,3
Light Gradient Boosting,-2.663203768289533,-2.0143711968958677,3
Light Gradient Boosting,-3.6472310978345055,-3.5552924921973403,3
Light Gradient Boosting,-3.135663383730844,-2.1874828272262428,3
Light Gradient Boosting,-1.9704478542261563,-1.9387665697688332,3
Light Gradient Boosting,-1.9381605982067327,-2.16423936015519,3
Light Gradient Boosting,-3.4161712191583424,-3.028138408309947,3
Light Gradient Boosting,-3.0415646563875622,-3.140617915629164,3
Light Gradient Boosting,-2.182199963303041,-2.155114564937435,3
Light Gradient Boosting,-3.2996658499018485,-2.8356633917350877,3
Light Gradient Boosting,-2.5339607001524365,-2.168998524875099,3
Light Gradient Boosting,-1.987977989665314,-2.6374652129566156,3
Light Gradient Boosting,-2.2175363341456173,-2.3089115615027014,3
Light Gradient Boosting,-1.5650446341096866,-1.6014351450000661,3
Light Gradient Boosting,-1.2376574055894478,-1.8575506062031553,3
Light Gradient Boosting,-2.0061846218108834,-1.7620630874954024,3
Light Gradient Boosting,-2.9741896629359488,-2.1086009047928993,3
Light Gradient Boosting,-1.9555954093204297,-2.4209046201667137,3
Light Gradient Boosting,-1.7310907007998717,-2.3616229074301778,3
Light Gradient Boosting,-2.0559062448512155,-2.5536699926459656,3
Light Gradient Boosting,-2.3566470252815495,-2.791652947371467,3
Light Gradient Boosting,-1.7176063992666837,-1.789510117179743,3
Light Gradient Boosting,-3.3960495196322524,-3.1557653543093984,3
Light Gradient Boosting,-1.9070646816834933,-1.5804966386632289,3
Light Gradient Boosting,-1.7883466398341077,-1.9854545592205108,3
Light Gradient Boosting,-2.020315121682196,-1.8995417186564096,3
Light Gradient Boosting,-2.3662117992181373,-2.102867753208797,3
Light Gradient Boosting,-3.3980931244651527,-2.632502675044674,3
Light Gradient Boosting,-1.8211763195496429,-2.200428400668882,3
Light Gradient Boosting,-2.728175115284189,-2.616246408292711,3
Light Gradient Boosting,-2.0731453982830836,-2.022796922516859,3
Light Gradient Boosting,-2.3458067992518874,-1.6155312675318128,3
Light Gradient Boosting,-3.5459650539173615,-3.098661884785051,3
Light Gradient Boosting,-3.739785461604827,-3.96918904280945,3
Light Gradient Boosting,-1.3450596755542978,-1.4444593028412915,3
Light Gradient Boosting,-2.0116848782875407,-2.26533470808303,3
Light Gradient Boosting,-1.385136327132139,-1.3414239472802105,3
Light Gradient Boosting,-2.4117878095891196,-1.9950511524150298,3
Light Gradient Boosting,-1.2834663142150111,-1.67885857963187,3
Light Gradient Boosting,-3.466783553422354,-2.6315134479821825,3
Light Gradient Boosting,-2.2151453721747094,-1.8441247219849664,3
Light Gradient Boosting,-1.2175444827866113,-1.3655658421022216,3
Light Gradient Boosting,-1.8555915719713854,-1.6109919199210327,3
Light Gradient Boosting,-1.42943857964666,-1.5138092204957707,3
Light Gradient Boosting,-1.0807113206322263,-1.2606222337089332,3
Light Gradient Boosting,-3.4629936067206395,-3.2913648894585705,3
Light Gradient Boosting,-3.6572596108178765,-3.7165706439615844,3
Light Gradient Boosting,-1.5625822596100025,-2.1632329348216506,3
Light Gradient Boosting,-2.6148556108775285,-2.484472696451874,3
Light Gradient Boosting,-3.0153277959856664,-2.4577350240162144,3
Light Gradient Boosting,-1.8350242298439021,-1.6847137504158414,3
Light Gradient Boosting,-1.98115226552214,-2.0983784359649653,3
Light Gradient Boosting,-2.0630158256502544,-1.8401547007951213,3
Light Gradient Boosting,-2.4368442826786825,-2.4595346290711726,3
Light Gradient Boosting,-1.9011407722544549,-2.1289106781396385,3
Light Gradient Boosting,-1.015474675864504,-1.2951988317962715,3
Light Gradient Boosting,-1.9745795534681516,-1.7297035611208011,3
Light Gradient Boosting,-1.2563082695173393,-1.082499457377373,3
Light Gradient Boosting,-2.809138225804324,-2.388821945960544,3
Light Gradient Boosting,-0.6074545522659878,-1.247463366888757,3
Light Gradient Boosting,-2.9171991963522217,-2.7906480703041487,3
Light Gradient Boosting,-1.4285635434183963,-1.8659065523814415,3
Light Gradient Boosting,-1.1521693207507044,-1.301630533896145,3
Light Gradient Boosting,-1.6958725916338202,-2.6045493456541235,3
Light Gradient Boosting,-1.421235229471209,-1.7925138228051305,3
Light Gradient Boosting,-1.9945993491296803,-2.518111673606541,3
Light Gradient Boosting,-2.2062980891288984,-2.1376038356301956,3
Light Gradient Boosting,-1.6292558354409146,-1.4301437807633857,3
Light Gradient Boosting,-1.5110863339963716,-2.6633004296192833,3
Light Gradient Boosting,-1.167232267440179,-1.2983911574861489,3
Light Gradient Boosting,-1.297434930657182,-1.470906168653055,3
Light Gradient Boosting,-1.2394237537905008,-1.3941122914350463,3
Light Gradient Boosting,-3.6688623296866587,-3.328197834628983,3
Light Gradient Boosting,-2.2675571837562845,-2.105128951735789,3
Light Gradient Boosting,-1.763658215013675,-2.3981960849584936,3
Light Gradient Boosting,-1.2297848289673887,-1.3758255843086975,3
Light Gradient Boosting,-2.062592350526869,-3.057878550702098,3
Light Gradient Boosting,-0.9279654459479447,-1.149979624261392,3
Light Gradient Boosting,-1.493245786531943,-1.547173123425139,3
Light Gradient Boosting,-1.1301967317733737,-0.8737390469658943,3
Light Gradient Boosting,-2.174390400742264,-3.2709717822396382,3
Light Gradient Boosting,-1.0225594503600544,-1.5454744277433992,3
Light Gradient Boosting,-1.0144370432648293,-1.8343268438049942,3
Light Gradient Boosting,-1.3284164293502903,-1.911164000185309,3
Light Gradient Boosting,-1.4337063496845048,-2.160471111541561,3
Light Gradient Boosting,-1.215596170273078,-1.5958304646790271,3
Light Gradient Boosting,-2.3087676366549488,-2.0662096024986574,3
Light Gradient Boosting,-2.7874427365568386,-3.0318627553560678,3
Light Gradient Boosting,-1.1984184440476704,-1.1342066990007351,3
Light Gradient Boosting,-2.2488337964546146,-1.5680448075851934,3
Light Gradient Boosting,-1.2530119718858257,-1.5103229948259607,3
Light Gradient Boosting,-3.8997432135729384,-3.546167959394587,3
Light Gradient Boosting,-2.5884932589587586,-2.51528021572309,3
Light Gradient Boosting,-2.17663866294089,-2.199867957563034,3
Light Gradient Boosting,-2.568749167088006,-2.1428093990377266,3
Light Gradient Boosting,-1.785391290725075,-1.7699298878512173,3
Light Gradient Boosting,-1.4790145740873064,-1.604007720694934,3
Light Gradient Boosting,-1.7709615792854492,-1.9434546694297197,3
Light Gradient Boosting,-3.6924119784161333,-3.1836891882991267,3
Light Gradient Boosting,-1.945164608357066,-2.1694129607269894,3
Light Gradient Boosting,-2.300301079838426,-2.4256803477967575,3
Light Gradient Boosting,-2.2313771400186773,-2.2787307439759976,3
Light Gradient Boosting,-2.1032881447661516,-1.913043989558784,3
Light Gradient Boosting,-2.8201877676993385,-2.3424870781329217,3
Light Gradient Boosting,-3.4116117497612004,-2.7591054701939854,3
Light Gradient Boosting,-3.7268829315132583,-3.1915038854427267,3
Light Gradient Boosting,-2.5041654897477077,-2.8536313048525854,3
Light Gradient Boosting,-1.7613667161535187,-2.0094103490782946,3
Light Gradient Boosting,-3.4116117497612004,-3.5254624513260686,3
Light Gradient Boosting,-1.7083201719567802,-1.7376260081439203,3
Light Gradient Boosting,-2.3460680222446215,-1.7710174424326726,3
Light Gradient Boosting,-1.753896033344213,-1.7634023992066001,3
Light Gradient Boosting,-1.8668031693530753,-1.889450405866232,3
Light Gradient Boosting,-1.7246442506203672,-1.4497543063869032,3
Light Gradient Boosting,-1.7139992395270756,-1.7003323728009132,3
Light Gradient Boosting,-1.5372075124674875,-1.500016083613577,3
Light Gradient Boosting,-1.6404184550270633,-1.9726677390354246,3
Light Gradient Boosting,-1.2662407394987067,-1.4087040600169551,3
Light Gradient Boosting,-3.600326278518962,-3.8054926847294874,3
Light Gradient Boosting,-3.3036200184447138,-2.6594443153729133,3
Light Gradient Boosting,-2.1956618739690814,-2.2974273325871373,3
Light Gradient Boosting,-1.5049121890283346,-1.6748579755038477,3
Light Gradient Boosting,-3.844232919056576,-3.4187924376804566,3
Light Gradient Boosting,-1.5895913565043294,-1.8058296715419089,3
Light Gradient Boosting,-3.393048191942752,-3.0493864005903664,3
Light Gradient Boosting,-2.432175336754664,-2.4564993649715983,3
Light Gradient Boosting,-3.5527489155241385,-2.8441949503486144,3
Light Gradient Boosting,-4.059833781301273,-4.073253849664194,3
Light Gradient Boosting,-1.6663570851479517,-1.2465162743523033,3
Light Gradient Boosting,-2.9620793251113042,-3.0122241712643314,3
Light Gradient Boosting,-2.0742842332450646,-2.0919473781135856,3
Light Gradient Boosting,-1.717711472714874,-1.4181912935545118,3
Light Gradient Boosting,-1.9412408278950934,-2.517347743754829,3
Light Gradient Boosting,-1.9603652993893874,-1.7415143384275034,3
Light Gradient Boosting,-1.1149880354485275,-1.2088853622741857,3
Light Gradient Boosting,-1.2067214626499687,-1.2457798179796469,3
Light Gradient Boosting,-2.5945173784671853,-2.716828782398245,3
Light Gradient Boosting,-1.2672463833090828,-1.4601710804395,3
Light Gradient Boosting,-1.2862388841839494,-1.5774772888991406,3
Light Gradient Boosting,-3.064232839852069,-3.5922026865339243,3
Light Gradient Boosting,-1.2800471306587051,-1.4693045121338286,3
Light Gradient Boosting,-2.2355646390433175,-1.3691835201373868,3
Light Gradient Boosting,-2.314076075024747,-2.4580017765413973,3
Light Gradient Boosting,-3.05329283374744,-3.2346002764517245,3
Light Gradient Boosting,-1.8884660362981867,-1.9774578963817162,3
Light Gradient Boosting,-3.3010769020010144,-3.240203108738856,3
Light Gradient Boosting,-2.8165949053280404,-2.79754863175877,3
Light Gradient Boosting,-2.152965298392503,-2.195295021725933,3
Light Gradient Boosting,-1.8486158063184404,-2.313879664308875,3
Light Gradient Boosting,-1.0460152967125962,-1.2444656954796862,3
Light Gradient Boosting,-1.9765773961271407,-1.8388041976325977,3
Light Gradient Boosting,-1.7772835288524167,-1.8432694885025434,3
Light Gradient Boosting,-1.4541338573389984,-1.4591916563027267,3
Light Gradient Boosting,-0.31923658554998896,-0.29921476158419,3
Light Gradient Boosting,-0.8579133376664105,-0.43493966329968997,3
Light Gradient Boosting,-0.2703526265197312,0.00784839300112407,3
Light Gradient Boosting,0.27486911420534327,0.19672498859798904,3
Light Gradient Boosting,-1.7405367157549274,-2.0819470932778827,3
Light Gradient Boosting,-3.1657421077804533,-3.28631375726602,3
Light Gradient Boosting,-2.1512701073865577,-1.6256162899179587,3
Light Gradient Boosting,-1.098047311203653,-1.3962834509571582,3
Light Gradient Boosting,-2.703220329010491,-2.9590208066860684,3
Light Gradient Boosting,-1.6163219968838958,-1.6510665857167548,3
Light Gradient Boosting,-1.621304790891127,-1.5104055016774598,3
Light Gradient Boosting,-1.492201494031574,-1.6919403332058054,3
Light Gradient Boosting,-2.5395917281791975,-1.929257665581966,3
Light Gradient Boosting,-2.7488910409678486,-2.4159215166342944,3
Light Gradient Boosting,-3.4519129118061063,-3.2191097831685456,3
Light Gradient Boosting,-1.1078591195735359,-1.392027648940745,3
Light Gradient Boosting,-1.7236216619186897,-1.8644979803385255,3
Light Gradient Boosting,-1.2328253445920763,-1.4447745199571773,3
Light Gradient Boosting,-1.1814755688597112,-1.7063945725334995,3
Light Gradient Boosting,-1.4753372030036505,-2.389637986856135,3
Light Gradient Boosting,-1.1998361610596366,-1.3937942471099845,3
Light Gradient Boosting,-1.6539166652584223,-2.096381772608926,3
Light Gradient Boosting,-1.111999901692932,-1.4236384030715596,3
Light Gradient Boosting,-1.649488441015367,-1.4238997340800559,3
Light Gradient Boosting,-1.28375174993668,-1.4030900609774213,3
Light Gradient Boosting,-1.540907293954747,-1.4761283677224961,3
Light Gradient Boosting,-1.2491101104442828,-1.5013293278372817,3
Light Gradient Boosting,-1.4583509625515516,-1.5011912568254573,3
Light Gradient Boosting,-0.9568598388437015,-1.4474856393868607,3
Light Gradient Boosting,-3.4341521813264824,-3.63258537129005,3
Light Gradient Boosting,-3.2172494016790187,-3.0073617100375927,3
Light Gradient Boosting,-1.466507781947675,-2.318641188544379,3
Light Gradient Boosting,-3.295634963777275,-2.9942246992895014,3
Light Gradient Boosting,-2.761915740881935,-1.7654459703897507,3
Light Gradient Boosting,-1.7998312883961207,-1.590526783574497,3
Light Gradient Boosting,-3.1791288900792822,-3.0545855198873464,3
Light Gradient Boosting,-1.7283368624549476,-1.727673648544835,3
Light Gradient Boosting,-0.6591799251191045,-0.8179062273176564,3
Light Gradient Boosting,-1.1827941397057182,-0.8822540701172975,3
Light Gradient Boosting,-1.025762740954669,-1.2222170705471649,3
Light Gradient Boosting,-0.2468343715025799,-0.931769602352249,3
Light Gradient Boosting,-1.0775646199327256,-1.4005850691733481,3
Light Gradient Boosting,-1.4158076024067474,-1.8346825038778976,3
Light Gradient Boosting,-1.3089106800327817,-1.1787230671623892,3
Light Gradient Boosting,-2.703826191329584,-1.6806543054097445,4
Light Gradient Boosting,-3.7465335671940925,-3.2211515726829303,4
Light Gradient Boosting,-2.1263969370231783,-2.223259308938119,4
Light Gradient Boosting,-1.9492654506102318,-2.1740293442967547,4
Light Gradient Boosting,-1.4118568185099727,-1.3155309949679745,4
Light Gradient Boosting,-1.520097156387571,-1.3832318581393075,4
Light Gradient Boosting,-1.5530374141251506,-0.9449320772147676,4
Light Gradient Boosting,-1.1383767799226443,-0.8993363660762401,4
Light Gradient Boosting,-1.9196885629650766,-1.314859375913199,4
Light Gradient Boosting,-1.6021765542362365,-1.9695556967939025,4
Light Gradient Boosting,-1.833927238128002,-1.9505602982476744,4
Light Gradient Boosting,-1.4610955316441951,-1.2855360784835912,4
Light Gradient Boosting,-1.6571034663893656,-1.5616957225041195,4
Light Gradient Boosting,-1.1131158581897997,-1.009302355530793,4
Light Gradient Boosting,-1.8229892712376083,-1.7044803701324254,4
Light Gradient Boosting,-1.5041031112940382,-1.6330959932883442,4
Light Gradient Boosting,-1.8730671060734179,-1.8604919292095408,4
Light Gradient Boosting,-3.8326531224143645,-3.500155829519471,4
Light Gradient Boosting,-2.2025638997362065,-2.3421964766147667,4
Light Gradient Boosting,-1.8194641482091292,-1.8936824791433782,4
Light Gradient Boosting,-3.2834449518405893,-3.147468473524627,4
Light Gradient Boosting,-3.1597853454922076,-2.8138384276306976,4
Light Gradient Boosting,-3.2036005297986074,-2.9038831494965818,4
Light Gradient Boosting,-2.461494632742434,-2.419311376396599,4
Light Gradient Boosting,-3.0391954244610955,-3.1784545611846844,4
Light Gradient Boosting,-3.3816182003459216,-3.328091465609088,4
Light Gradient Boosting,-3.876468483448327,-3.749708494015924,4
Light Gradient Boosting,-2.1155432005946873,-2.171354940083855,4
Light Gradient Boosting,-0.7406200937095554,-0.8534512324594516,4
Light Gradient Boosting,-0.6389033445220246,-0.2968220408427553,4
Light Gradient Boosting,-0.19201915469350456,-0.2469107367316556,4
Light Gradient Boosting,-0.5732799306060785,-0.46271968629839383,4
Light Gradient Boosting,-0.4049916766527308,-0.09816559916340648,4
Light Gradient Boosting,-0.9300930772084189,-2.7127764349319423,4
Light Gradient Boosting,-0.012750569114115418,-0.48462505092058783,4
Light Gradient Boosting,0.20849296776590773,-0.09101724509550606,4
Light Gradient Boosting,-3.6800158253354924,-2.891974305276953,4
Light Gradient Boosting,-2.541474704475919,-2.5092178857980967,4
Light Gradient Boosting,-2.1460708341762897,-2.0540676553397494,4
Light Gradient Boosting,-3.0775844181294625,-3.0473010493964563,4
Light Gradient Boosting,-1.1005815755977664,-1.8509108596759578,4
Light Gradient Boosting,-1.894217061776159,-2.1765828646769707,4
Light Gradient Boosting,-1.2279630916135922,-1.5494976610738427,4
Light Gradient Boosting,-2.2017306515457955,-1.8942865323695293,4
Light Gradient Boosting,-2.2432421390383843,-1.8461009248751958,4
Light Gradient Boosting,-2.209721593275448,-2.5852137652544136,4
Light Gradient Boosting,-3.447382880362,-3.218761457412899,4
Light Gradient Boosting,-3.2474583508182433,-3.1455521574278427,4
Light Gradient Boosting,-3.1413617595139014,-2.6854158885649513,4
Light Gradient Boosting,-3.310333372786738,-2.3570714873395997,4
Light Gradient Boosting,-2.325708590111872,-2.4757895448120553,4
Light Gradient Boosting,-1.9785756664607834,-1.9991860973507138,4
Light Gradient Boosting,-2.845233778250056,-2.5398458809739513,4
Light Gradient Boosting,-1.8319016673890882,-1.9666259778712127,4
Light Gradient Boosting,-1.0599038235929437,-1.5200672983805106,4
Light Gradient Boosting,-2.186006727498246,-2.333262233854433,4
Light Gradient Boosting,-1.4093732376842594,-1.7172705347648634,4
Light Gradient Boosting,-2.617794503701521,-2.360157892044292,4
Light Gradient Boosting,-2.6852623228853463,-2.7423638621739563,4
Light Gradient Boosting,-1.115836390766966,-1.3588438924084694,4
Light Gradient Boosting,-1.4616237416558537,-1.3436702866638244,4
Light Gradient Boosting,-1.3859030337523468,-1.517755266429467,4
Light Gradient Boosting,-1.8026465968079968,-1.9189935995533156,4
Light Gradient Boosting,-1.183812038624167,-1.5861566336367732,4
Light Gradient Boosting,-1.2886807788238237,-1.6126228359991897,4
Light Gradient Boosting,-1.392520817816124,-1.533091401919794,4
Light Gradient Boosting,-2.6799272800459657,-2.5452302593107574,4
Light Gradient Boosting,-1.4197155850010228,-1.62993915466165,4
Light Gradient Boosting,-3.52120992195253,-2.6064456357049774,4
Light Gradient Boosting,-3.007286136495451,-2.6064447393670322,4
Light Gradient Boosting,-2.7186459189940226,-2.7004344817451376,4
Light Gradient Boosting,-2.8871236492020507,-2.061762801030825,4
Light Gradient Boosting,-3.1782271514224525,-2.4604712846070855,4
Light Gradient Boosting,-3.9730828630218453,-3.946077714942922,4
Light Gradient Boosting,-1.4113517913995703,-1.577412930834882,4
Light Gradient Boosting,-1.1630496225248408,-1.1452179217456442,4
Light Gradient Boosting,-3.5222913974306227,-3.369952070395221,4
Light Gradient Boosting,-1.935943656763284,-1.8033868070954797,4
Light Gradient Boosting,-3.216247878762871,-2.8667164227469053,4
Light Gradient Boosting,-3.7105715966505453,-3.976390338212171,4
Light Gradient Boosting,-2.470173263354167,-2.344244938475882,4
Light Gradient Boosting,-3.688222835963096,-2.762359423054606,4
Light Gradient Boosting,-3.285204336328503,-2.9008345295538853,4
Light Gradient Boosting,-2.4995431395917818,-2.6178161050464293,4
Light Gradient Boosting,-3.159004262647741,-2.5565710405212485,4
Light Gradient Boosting,-3.20266873961377,-2.2750345599806425,4
Light Gradient Boosting,-2.4308272469150642,-2.5996670767464476,4
Light Gradient Boosting,-1.5371060964041248,-2.1306809135450755,4
Light Gradient Boosting,-3.7551664480113374,-3.6744125534712273,4
Light Gradient Boosting,-2.7669040895368373,-2.443702754880644,4
Light Gradient Boosting,-1.883787384700319,-2.3691657044760155,4
Light Gradient Boosting,-1.7478447295977892,-2.364966114584137,4
Light Gradient Boosting,-1.262358754468822,-1.9666404960611326,4
Light Gradient Boosting,-2.082759927050954,-2.1780047536816736,4
Light Gradient Boosting,-2.848471723996311,-2.2062706376648076,4
Light Gradient Boosting,-1.2684519185896421,-1.6415749212333244,4
Light Gradient Boosting,-2.4462457037304657,-2.5805885710555105,4
Light Gradient Boosting,-1.955139967558483,-2.110058532077972,4
Light Gradient Boosting,-2.9211605333956863,-3.0177549784845983,4
Light Gradient Boosting,-2.772360579555891,-2.5052825079802337,4
Light Gradient Boosting,-4.026482380351305,-3.507076755409461,4
Light Gradient Boosting,-3.7834435403498214,-3.3407793221550635,4
Light Gradient Boosting,-1.272659841843383,-1.5733681784450857,4
Light Gradient Boosting,-1.4273499677206534,-1.3014068532781573,4
Light Gradient Boosting,-1.3819820537899474,-1.3412767977047133,4
Light Gradient Boosting,-3.2861198587119835,-3.063698209645925,4
Light Gradient Boosting,-1.6384460109776287,-1.8169895885104899,4
Light Gradient Boosting,-1.5838670484167507,-1.4023603701523273,4
Light Gradient Boosting,-1.9705460914481276,-1.5463911420020242,4
Light Gradient Boosting,-1.3173301868582306,-1.3404643940816374,4
Light Gradient Boosting,-2.5037832349706837,-1.7234194102916527,4
Light Gradient Boosting,-2.1142795046940637,-2.191800571213667,4
Light Gradient Boosting,-1.8887177216857802,-1.5269731602475414,4
Light Gradient Boosting,-1.5213971031085405,-1.289924724958196,4
Light Gradient Boosting,-2.635540187918821,-2.6413323581481114,4
Light Gradient Boosting,-1.9718622007532294,-2.0930480998877012,4
Light Gradient Boosting,-2.7555635433899788,-2.6640351894212766,4
Light Gradient Boosting,-1.6517269019834395,-1.6810308709647759,4
Light Gradient Boosting,-3.1720823887102565,-3.0692177979211728,4
Light Gradient Boosting,-2.7671936491741276,-2.7256191484399563,4
Light Gradient Boosting,-1.7625310634593319,-1.447037773228049,4
Light Gradient Boosting,-0.9637364568210032,-2.009669619583153,4
Light Gradient Boosting,-2.1469087646472067,-2.001608666942325,4
Light Gradient Boosting,-1.3467292946628289,-1.6256181571214752,4
Light Gradient Boosting,-0.7705521408719755,-0.8099210020445032,4
Light Gradient Boosting,-0.9349414936187838,-1.0700059953915348,4
Light Gradient Boosting,-0.6538319472043919,-0.9029388627469119,4
Light Gradient Boosting,-2.001001072492525,-1.406347038942589,4
Light Gradient Boosting,-2.536796608945731,-2.030347746298846,4
Light Gradient Boosting,-3.054246410327101,-3.1561091768415794,4
Light Gradient Boosting,-2.8108233787082515,-2.4133203102837903,4
Light Gradient Boosting,-2.1782870563447125,-2.173535156115404,4
Light Gradient Boosting,-3.352587686654944,-2.802776609166011,4
Light Gradient Boosting,-3.030623697854625,-2.677168155389826,4
Light Gradient Boosting,-1.386590637896301,-1.669182841506191,4
Light Gradient Boosting,-2.5910208366914373,-2.335521026864039,4
Light Gradient Boosting,-2.560133846538238,-2.2608363700510723,4
Light Gradient Boosting,-2.9753058553179503,-2.6503175302285573,4
Light Gradient Boosting,-3.0607359079332865,-3.494745212516169,4
Light Gradient Boosting,-3.9453409907865007,-3.7199471055657383,4
Light Gradient Boosting,-2.177111289133642,-2.4398850089557667,4
Light Gradient Boosting,-2.0893959764848726,-2.3731879687084323,4
Light Gradient Boosting,-1.2327435377262763,-1.8105281798811865,4
Light Gradient Boosting,-1.3310146489007124,-1.7183174161141903,4
Light Gradient Boosting,-1.8793987946410835,-2.0174887977694365,4
Light Gradient Boosting,-1.2503305415619155,-1.2612977105140573,4
Light Gradient Boosting,-4.0490653862997,-3.8015495248629967,4
Light Gradient Boosting,-1.2189474946453842,-1.2185424214542697,4
Light Gradient Boosting,-0.7420831923821466,-1.7588092988359452,4
Light Gradient Boosting,-1.3693953613978682,-1.6622828557512945,4
Light Gradient Boosting,-1.409977601837042,-1.3902732304609189,4
Light Gradient Boosting,-2.1834863402339466,-2.921857164073595,4
Light Gradient Boosting,-1.8035282856682657,-1.6920534376871874,4
Light Gradient Boosting,-3.119103556806872,-2.7060426446299193,4
Light Gradient Boosting,-1.351662241081682,-1.4416525177634851,4
Light Gradient Boosting,-3.2740051086991615,-3.284427445313119,4
Light Gradient Boosting,-1.1177693107076099,-1.5140922648941861,4
Light Gradient Boosting,-1.5609490414532068,-1.4554899793080622,4
Light Gradient Boosting,-1.396090167895999,-1.9039933126898592,4
Light Gradient Boosting,-2.04835547456192,-2.530565374041133,4
Light Gradient Boosting,-2.0995080091454192,-2.321180956318772,4
Light Gradient Boosting,-1.3448674070651871,-1.612244927386451,4
Light Gradient Boosting,-3.744840908818875,-3.7104981135640274,4
Light Gradient Boosting,-2.0948568608862326,-1.8813884559760108,4
Light Gradient Boosting,-1.7550940407409845,-1.81357368151566,4
Light Gradient Boosting,-3.3707035768809224,-3.754792875828958,4
Light Gradient Boosting,-3.6308973708676717,-3.3229201370675336,4
Light Gradient Boosting,-3.744840908818875,-3.212909590142915,4
Light Gradient Boosting,-2.8217593886833527,-1.9255620009326018,4
Light Gradient Boosting,-2.3758693662733776,-1.685709090017342,4
Light Gradient Boosting,-1.2111861770342556,-1.34310691581863,4
Light Gradient Boosting,-2.993441546294603,-2.5585465925671316,4
Light Gradient Boosting,-3.3980116731740355,-2.99773211641043,4
Light Gradient Boosting,-1.2545644486474818,-1.7049419205780934,4
Light Gradient Boosting,-2.1317533670782356,-2.091465654087469,4
Light Gradient Boosting,-2.3582852103076553,-2.1904162065917743,4
Light Gradient Boosting,-2.1622159208236154,-2.6915926219276245,4
Light Gradient Boosting,-1.5226715493865826,-1.6528188361066647,4
Light Gradient Boosting,-3.2402151004002007,-3.351776305378433,4
Light Gradient Boosting,-2.43241576499949,-1.9928526791345214,4
Light Gradient Boosting,-1.593236649552128,-1.549034449726713,4
Light Gradient Boosting,-1.3308187576670196,-1.2971183451180217,4
Light Gradient Boosting,-2.26736728311359,-2.7890782026028265,4
Light Gradient Boosting,-1.95795837174818,-1.9223518825877832,4
Light Gradient Boosting,-2.025135764586199,-1.9885490969411344,4
Light Gradient Boosting,-2.2270013364351495,-2.3562307511720686,4
Light Gradient Boosting,-2.0118859545996086,-1.4024397887953133,4
Light Gradient Boosting,-4.056947918112584,-3.8265252231222693,4
Light Gradient Boosting,-1.5279900670983446,-1.31030776340285,4
Light Gradient Boosting,-2.695416849848479,-2.00228734673844,4
Light Gradient Boosting,-1.6613977234664838,-1.6200946607736249,4
Light Gradient Boosting,-3.31795786632659,-3.4285107405267246,4
Light Gradient Boosting,-1.5363868405196788,-1.549384410590138,4
Light Gradient Boosting,-0.9751054096242024,-1.3001657580356787,4
Light Gradient Boosting,-1.6189896501583372,-1.4666618601050385,4
Light Gradient Boosting,-2.1639051839291805,-1.698443863454881,4
Light Gradient Boosting,-1.5350740375460707,-1.4953087976869985,4
Light Gradient Boosting,-2.850003549488979,-3.1515231319311394,4
Light Gradient Boosting,-1.6362623936895822,-1.8261325732916565,4
Light Gradient Boosting,-1.9643120034496402,-1.5350298482288134,4
Light Gradient Boosting,-1.951987303305516,-1.2837270499948614,4
Light Gradient Boosting,-3.0397590359811644,-2.6679587026122653,4
Light Gradient Boosting,-1.6183307304435026,-1.79101283386051,4
Light Gradient Boosting,-3.6368695830464484,-3.504065463419011,4
Light Gradient Boosting,-1.428472864706594,-1.5744446592200865,4
Light Gradient Boosting,-1.1090605687339063,-1.3513856530689807,4
Light Gradient Boosting,-1.9499388302923257,-2.174640065089705,4
Light Gradient Boosting,-1.5736750209710204,-1.8891623668078257,4
Light Gradient Boosting,0.016216578776438208,-0.10232399910284916,4
Light Gradient Boosting,0.3580642293861346,-0.22352394284453475,4
Light Gradient Boosting,0.013270809352243309,-0.09008390075801807,4
Light Gradient Boosting,-0.40966424145785746,-0.249117418358444,4
Light Gradient Boosting,0.26528954569788904,-0.23967209576947696,4
Light Gradient Boosting,0.011790398005349874,-0.13135006461520132,4
Light Gradient Boosting,0.2034251096067644,-0.007600214580756858,4
Light Gradient Boosting,0.2461448119736277,-0.24857299738193056,4
Light Gradient Boosting,-0.8579133376664105,-2.1306506355722377,4
Light Gradient Boosting,-0.43783118657286935,-0.8208326321757852,4
Light Gradient Boosting,0.3323074801803344,0.19782169349582482,4
Light Gradient Boosting,-1.9219867657940077,-2.3635454987931785,4
Light Gradient Boosting,-0.5442825169537446,-0.2827635912617099,4
Light Gradient Boosting,-1.1181615001713328,-1.7322761930628763,4
Light Gradient Boosting,-0.9771273167949791,-1.6642279286877002,4
Light Gradient Boosting,-1.6314222073485498,-1.8830472205826965,4
Light Gradient Boosting,-2.297622719595401,-2.155407083030651,4
Light Gradient Boosting,-1.816712585545078,-2.0852365865489366,4
Light Gradient Boosting,-2.1235976234646596,-1.6815069973145367,4
Light Gradient Boosting,-1.7868132829404095,-2.050755389268821,4
Light Gradient Boosting,-3.2294115893983317,-3.1933943819986044,4
Light Gradient Boosting,-1.852111989478871,-1.5480300466685517,4
Light Gradient Boosting,-1.7300615156440644,-1.453156482997016,4
Light Gradient Boosting,-2.088287115891733,-1.8830132122975696,4
Light Gradient Boosting,-3.8233531994782193,-3.7786328866361094,4
Light Gradient Boosting,-1.947863458882499,-2.3123472876131967,4
Light Gradient Boosting,-2.176623074126691,-1.8244903528813687,4
Light Gradient Boosting,-1.10868225389701,-1.1056401517335528,4
Light Gradient Boosting,-1.2818579528648468,-1.6252311231689918,4
Light Gradient Boosting,-1.4597718515481843,-1.525008048337944,4
Light Gradient Boosting,-1.8070894000718147,-1.9988805399591774,4
Light Gradient Boosting,-2.14182332020342,-2.375487010863578,4
Light Gradient Boosting,-0.8959678728621829,-1.4428110850776006,4
Light Gradient Boosting,-0.7476890179412806,-1.3994014667092625,4
Light Gradient Boosting,-2.348164353297759,-2.3012327988542083,4
Light Gradient Boosting,-2.451728539243243,-2.5415535730629153,4
Light Gradient Boosting,-1.3991403077454354,-1.6761815617954132,4
Light Gradient Boosting,-1.1400317683551704,-1.1669823524996923,4
Light Gradient Boosting,-1.148825472087486,-1.0449182180100194,4
Light Gradient Boosting,-0.428471724353625,-0.8103913600013594,4
Light Gradient Boosting,-3.1791288900792822,-1.555501409266164,4
Light Gradient Boosting,-1.0748372190236377,-0.6688920861308683,4
Light Gradient Boosting,-0.14567163968046612,-1.1001436415133197,4
Light Gradient Boosting,-1.048516497297764,-1.4017057170742497,4
Light Gradient Boosting,-3.121373090381552,-2.8208882086902816,4
Light Gradient Boosting,-3.7648251925435416,-3.5552408023101525,4
Light Gradient Boosting,-1.530055677420101,-1.4966496162977836,4
Light Gradient Boosting,-1.4806961523875994,-1.489374231982286,4
Light Gradient Boosting,-1.63438498383371,-2.0885328232605693,4
Light Gradient Boosting,-1.0884067327209506,-1.4068860221158133,4
Light Gradient Boosting,-3.8301933583825565,-3.7137986375944254,4
Light Gradient Boosting,-2.064990291304019,-2.2307399084331174,5
Light Gradient Boosting,-2.3969317709673565,-2.123534907217843,5
Light Gradient Boosting,-3.431262194557772,-3.108385958442158,5
Light Gradient Boosting,-2.642729293000293,-2.1389968588281993,5
Light Gradient Boosting,-1.169002914533462,-1.7658277491889758,5
Light Gradient Boosting,-2.403452823620798,-2.6062021504946116,5
Light Gradient Boosting,-3.5076503600642033,-3.0841280451394097,5
Light Gradient Boosting,-2.423624898245491,-1.6964367736687813,5
Light Gradient Boosting,-1.7253486984128064,-2.262174671914434,5
Light Gradient Boosting,-1.5424726897801078,-1.2337329507808648,5
Light Gradient Boosting,-0.3239443747054647,-1.1656285947357616,5
Light Gradient Boosting,-1.524080623031204,-1.4007177258534527,5
Light Gradient Boosting,-1.5393527377902698,-1.1832452074952022,5
Light Gradient Boosting,-1.7190338740193807,-2.0852691253297313,5
Light Gradient Boosting,-1.4103143043656896,-1.3871656365283722,5
Light Gradient Boosting,-1.6443425309821194,-1.4861749011128915,5
Light Gradient Boosting,-0.9407520429016281,-1.2481995359275375,5
Light Gradient Boosting,-2.885418369996712,-1.9842361550679048,5
Light Gradient Boosting,-1.1938637358837367,-1.5721539447342683,5
Light Gradient Boosting,-1.1345513868310089,-1.4801416713790456,5
Light Gradient Boosting,-1.0056334760903496,-1.3782151820275599,5
Light Gradient Boosting,-1.4187942485435616,-1.5567305648539118,5
Light Gradient Boosting,-1.1631032781134523,-1.4946336650147245,5
Light Gradient Boosting,-1.4201920378605053,-1.7424936735460592,5
Light Gradient Boosting,-1.2696661993818519,-1.489011819489728,5
Light Gradient Boosting,-3.694349887124185,-3.5887734459032323,5
Light Gradient Boosting,-2.617367632441655,-2.1238055461046517,5
Light Gradient Boosting,-1.8960550708053778,-1.4829659776384476,5
Light Gradient Boosting,-3.399950007606853,-3.125957088697471,5
Light Gradient Boosting,-2.808030042713029,-2.5842630884047213,5
Light Gradient Boosting,-2.808030042713029,-2.2822209775800935,5
Light Gradient Boosting,-2.9142603715445343,-2.58616599949582,5
Light Gradient Boosting,-2.736709137429952,-2.4136022212978423,5
Light Gradient Boosting,-1.4349038067728495,-1.976416545735794,5
Light Gradient Boosting,-0.2659675601094114,-0.5416045412845343,5
Light Gradient Boosting,-0.7545795752718538,-0.9447802377463393,5
Light Gradient Boosting,-0.5987130334578719,-0.7400852825775468,5
Light Gradient Boosting,-0.3417701012907816,-0.672719261731852,5
Light Gradient Boosting,-1.1159606660259742,-1.5014951449506018,5
Light Gradient Boosting,-2.9107287853445634,-2.198923223489587,5
Light Gradient Boosting,-2.7785748071197123,-2.537290541970245,5
Light Gradient Boosting,-2.931358924489361,-2.057990378051483,5
Light Gradient Boosting,-1.1731208384522849,-1.7812780763313896,5
Light Gradient Boosting,-1.8094490244732577,-1.994131696865105,5
Light Gradient Boosting,-1.4735211762278637,-1.6974639511744798,5
Light Gradient Boosting,-3.4785088685395653,-2.8265910770569294,5
Light Gradient Boosting,-3.579179826019102,-3.4179777868598165,5
Light Gradient Boosting,-2.5090165872531767,-2.4530139054497195,5
Light Gradient Boosting,-2.6991941581253336,-2.6524450978518312,5
Light Gradient Boosting,-2.7237372356215404,-2.6420716169366223,5
Light Gradient Boosting,-2.4909497090997137,-2.2158115905929554,5
Light Gradient Boosting,-3.366814432940472,-2.9939581121167285,5
Light Gradient Boosting,-2.6788398129059168,-2.322568371197727,5
Light Gradient Boosting,-1.4326336990343642,-1.6342384189610721,5
Light Gradient Boosting,-2.7923263244120906,-2.7830533938972546,5
Light Gradient Boosting,-1.415304935020491,-1.9721310857028433,5
Light Gradient Boosting,-2.7233828886420643,-2.455034433082565,5
Light Gradient Boosting,-0.9910136950037374,-1.6366315658552448,5
Light Gradient Boosting,-2.6732644443606475,-2.3424633926405773,5
Light Gradient Boosting,-2.861353792341514,-2.89730073753918,5
Light Gradient Boosting,-2.7103007043055714,-2.278957671223911,5
Light Gradient Boosting,-1.6037557432468053,-1.581209977645179,5
Light Gradient Boosting,-1.4861381638460753,-1.8900629692144137,5
Light Gradient Boosting,-1.5372443207314632,-1.8188393799288376,5
Light Gradient Boosting,-2.635616939296958,-2.0255063723456295,5
Light Gradient Boosting,-1.4729877775908402,-1.5154895936940664,5
Light Gradient Boosting,-1.6217142305536996,-2.153436652720406,5
Light Gradient Boosting,-1.7028254486283225,-2.189321268431962,5
Light Gradient Boosting,-1.3104931690369908,-1.1728711576632753,5
Light Gradient Boosting,-3.7342838339347466,-3.546664200536274,5
Light Gradient Boosting,-2.2669235674490644,-2.4777076085661376,5
Light Gradient Boosting,-3.302921552819786,-2.8605250979795755,5
Light Gradient Boosting,-2.487130374543647,-2.448765446179668,5
Light Gradient Boosting,-3.221262124613128,-2.715266587456275,5
Light Gradient Boosting,-1.5554661639976504,-2.237340608826024,5
Light Gradient Boosting,-3.384203503318252,-3.6037726199089604,5
Light Gradient Boosting,-2.457678098889193,-1.7717577426817825,5
Light Gradient Boosting,-1.622950411914381,-2.0315350794347378,5
Light Gradient Boosting,-3.2590502255091702,-2.8078176554947705,5
Light Gradient Boosting,-2.644753893986956,-2.597085374528206,5
Light Gradient Boosting,-3.688222835963096,-3.15892240407692,5
Light Gradient Boosting,-2.0364325385907973,-1.994441157162567,5
Light Gradient Boosting,-3.688222835963096,-3.351287534788946,5
Light Gradient Boosting,-4.441291429466834,-4.1861699588607175,5
Light Gradient Boosting,-3.09259777670544,-2.082270649375852,5
Light Gradient Boosting,-1.4855749296151965,-1.6695991118163882,5
Light Gradient Boosting,-2.4911353637922846,-2.1160207216417755,5
Light Gradient Boosting,-2.8667990786740405,-2.0892523187141494,5
Light Gradient Boosting,-2.550141932709222,-2.737848130865922,5
Light Gradient Boosting,-2.258697330779929,-2.3273060421567933,5
Light Gradient Boosting,-3.4398948173744337,-2.819546235966645,5
Light Gradient Boosting,-1.6253102968663857,-2.515150557388524,5
Light Gradient Boosting,-3.690448608815449,-3.6882722796520078,5
Light Gradient Boosting,-1.6846961468463335,-1.7399415826011642,5
Light Gradient Boosting,-1.6379527351562522,-2.058668255743317,5
Light Gradient Boosting,-1.3149788474841408,-1.603193433811789,5
Light Gradient Boosting,-2.3552642027188186,-1.9890946456864795,5
Light Gradient Boosting,-1.3580712288885752,-1.4112405833266883,5
Light Gradient Boosting,-1.7983538696326367,-1.8399885444604576,5
Light Gradient Boosting,-1.512256636766295,-1.4472964674437494,5
Light Gradient Boosting,-2.8606575042266775,-1.8382059641901978,5
Light Gradient Boosting,-2.2414236426625673,-2.031193532285,5
Light Gradient Boosting,-1.2400249421136365,-2.1848650758147836,5
Light Gradient Boosting,-3.508144052188851,-3.276554728678212,5
Light Gradient Boosting,-1.3982848993986936,-1.4649850972532874,5
Light Gradient Boosting,-1.936797812533807,-1.7894097062747578,5
Light Gradient Boosting,-1.012145447578458,-1.1874098870335799,5
Light Gradient Boosting,-2.000920332458684,-1.9510033948840466,5
Light Gradient Boosting,-1.0474177734305667,-1.549210682475419,5
Light Gradient Boosting,-2.5430732387631334,-2.3355959601255067,5
Light Gradient Boosting,-1.945720453842236,-1.9654466527771275,5
Light Gradient Boosting,-1.006612713059657,-1.3834848890897993,5
Light Gradient Boosting,-3.739785461604827,-3.6722403872577756,5
Light Gradient Boosting,-2.8343485837796827,-2.207894019629505,5
Light Gradient Boosting,-1.069394064585742,-1.5060261380601916,5
Light Gradient Boosting,-1.2662523005170878,-1.7021736367072233,5
Light Gradient Boosting,-1.3195712003583318,-1.5355251456262964,5
Light Gradient Boosting,-1.9429726110972225,-2.3652590062548424,5
Light Gradient Boosting,-1.6993207301372903,-1.5075027869684978,5
Light Gradient Boosting,-1.4782087030212006,-1.648288497993353,5
Light Gradient Boosting,-2.099963060637607,-2.04022951348586,5
Light Gradient Boosting,-3.390442939572028,-3.6721976537168293,5
Light Gradient Boosting,-1.064270917741021,-1.4038691524508051,5
Light Gradient Boosting,-3.1720823887102565,-3.1490549297088046,5
Light Gradient Boosting,-2.00821940080217,-1.3828942146169545,5
Light Gradient Boosting,-2.1372208240925845,-2.9941437875994312,5
Light Gradient Boosting,-1.4215944093236903,-1.459395948869634,5
Light Gradient Boosting,-2.244039132061237,-2.200100450420444,5
Light Gradient Boosting,-2.9206284299141125,-2.6359980547197503,5
Light Gradient Boosting,-3.9600428565808334,-3.4952412165186093,5
Light Gradient Boosting,-2.1225210730141013,-2.5513562535984686,5
Light Gradient Boosting,-3.7692522846397316,-3.3533317182083615,5
Light Gradient Boosting,-1.3544637580442256,-1.6841036380135603,5
Light Gradient Boosting,-3.437187483030755,-3.425339579642578,5
Light Gradient Boosting,-1.5438464586997465,-1.74777886365905,5
Light Gradient Boosting,-2.612904311968554,-1.8746506335086848,5
Light Gradient Boosting,-3.5378566631708024,-2.3201937454283876,5
Light Gradient Boosting,-1.7139014654061842,-2.229976868530806,5
Light Gradient Boosting,-1.9090244195663402,-1.9773991044503543,5
Light Gradient Boosting,-3.644312909802797,-4.086589361231466,5
Light Gradient Boosting,-2.0978386037648766,-1.8930433418992625,5
Light Gradient Boosting,-2.4706410072083687,-2.180978916610362,5
Light Gradient Boosting,-1.4486812373435975,-1.4456103719153164,5
Light Gradient Boosting,-1.366206440166372,-1.647605954903189,5
Light Gradient Boosting,-1.4609239012072235,-1.4287093495161174,5
Light Gradient Boosting,-1.8347593251696876,-1.759014363126617,5
Light Gradient Boosting,-1.4001202888111866,-1.8523390574268535,5
Light Gradient Boosting,-2.2689882869552584,-2.8261735031179684,5
Light Gradient Boosting,-1.1843962080688974,-1.3238936610869934,5
Light Gradient Boosting,-1.9811271489159006,-1.7438732700527284,5
Light Gradient Boosting,-0.9642747859315978,-1.1421697641914192,5
Light Gradient Boosting,-1.8162387276731846,-1.5606951994991087,5
Light Gradient Boosting,-1.8626742516440307,-1.6350432765840148,5
Light Gradient Boosting,-3.312493333735544,-3.046768675737622,5
Light Gradient Boosting,-1.9341938240909706,-1.7056716647860084,5
Light Gradient Boosting,-2.3465562136207656,-2.168766370565252,5
Light Gradient Boosting,-3.542851120580754,-3.272558653753824,5
Light Gradient Boosting,-1.394827676426251,-1.7105938575219235,5
Light Gradient Boosting,-1.8171279243372191,-2.435695008107873,5
Light Gradient Boosting,-3.4366316559477377,-3.212295364113352,5
Light Gradient Boosting,-2.258173837778395,-2.4743754229480794,5
Light Gradient Boosting,-2.540720473654946,-2.3467984499327983,5
Light Gradient Boosting,-1.936404341844701,-1.8788870942831748,5
Light Gradient Boosting,-2.443810430479706,-1.992183077708395,5
Light Gradient Boosting,-1.4467153895386817,-1.71393487861642,5
Light Gradient Boosting,-2.0916278587378,-1.2913909311577814,5
Light Gradient Boosting,-1.9715416460145745,-1.5642488983287923,5
Light Gradient Boosting,-3.233202110369878,-2.8727020526676355,5
Light Gradient Boosting,-4.034834060338741,-3.517555895395154,5
Light Gradient Boosting,-2.8398575372186334,-2.372186927389765,5
Light Gradient Boosting,-2.345229430009625,-2.0991757439082206,5
Light Gradient Boosting,-2.626594359719023,-2.708411525868458,5
Light Gradient Boosting,-2.2405786779424,-2.6849017023645465,5
Light Gradient Boosting,-2.9710072633433735,-2.5785396274965176,5
Light Gradient Boosting,-2.019028072917717,-1.9363484793625825,5
Light Gradient Boosting,-1.6524312761675333,-2.131648936315188,5
Light Gradient Boosting,-3.290189204280069,-2.786984440212378,5
Light Gradient Boosting,-1.6345122959030371,-2.2146157448509247,5
Light Gradient Boosting,-2.579721210352638,-2.651583197802221,5
Light Gradient Boosting,-1.4643518021071489,-1.6888844423632523,5
Light Gradient Boosting,-1.0471006958966393,-1.2404024568249319,5
Light Gradient Boosting,-2.1980100109869287,-2.37484097277978,5
Light Gradient Boosting,-2.1633711620778806,-2.0417408028164177,5
Light Gradient Boosting,-2.4520022992105748,-2.7544170217844135,5
Light Gradient Boosting,-1.694880975742639,-2.5155124365453387,5
Light Gradient Boosting,-3.3309007861959947,-3.213193233100342,5
Light Gradient Boosting,-4.059833781301273,-3.5743022844941232,5
Light Gradient Boosting,-1.9644153443855357,-2.0100095619116125,5
Light Gradient Boosting,-1.586700235918748,-1.495968599920843,5
Light Gradient Boosting,-3.276542686022807,-2.572831011340531,5
Light Gradient Boosting,-1.8057322630823986,-2.5625125446448296,5
Light Gradient Boosting,-2.292547184423849,-2.6795271867339263,5
Light Gradient Boosting,-0.6894774956008592,-1.33497105862533,5
Light Gradient Boosting,-3.184747097908846,-3.3565046359327333,5
Light Gradient Boosting,-1.47951268111869,-1.309085056389188,5
Light Gradient Boosting,-0.7856945313640958,-1.0347399031294537,5
Light Gradient Boosting,-3.0397590359811644,-3.293437397382855,5
Light Gradient Boosting,-2.5255934458757454,-2.467226395525544,5
Light Gradient Boosting,-1.4655690967005093,-1.5970224365568033,5
Light Gradient Boosting,-1.5097699255058308,-1.8988428464555813,5
Light Gradient Boosting,-1.6374387034297335,-1.4790806167986295,5
Light Gradient Boosting,-0.7797693247910334,-1.012450585189692,5
Light Gradient Boosting,-1.9362137770978871,-1.8398529846900076,5
Light Gradient Boosting,-3.7618083196547483,-3.456024792253142,5
Light Gradient Boosting,-2.122395441870392,-1.6403111065199127,5
Light Gradient Boosting,-2.4881639462888585,-2.034141879874746,5
Light Gradient Boosting,-2.035715142789073,-2.08298986446279,5
Light Gradient Boosting,-2.2355646390433175,-1.8383214003155692,5
Light Gradient Boosting,-3.3625502994733605,-2.7098098216499404,5
Light Gradient Boosting,-2.017352405817494,-1.4419416779418763,5
Light Gradient Boosting,0.23583851209189552,0.08426890559964369,5
Light Gradient Boosting,0.10764671163334447,-0.06322815736175433,5
Light Gradient Boosting,0.11059120541434526,-0.044905239677129866,5
Light Gradient Boosting,-0.004427072779599359,-0.17666033850853244,5
Light Gradient Boosting,0.25792460161657743,0.1911866961328857,5
Light Gradient Boosting,0.004405968258246192,-0.11830364591934109,5
Light Gradient Boosting,-0.9893876757536758,-1.6570268307267304,5
Light Gradient Boosting,-3.6464665167152384,-3.4763415161368094,5
Light Gradient Boosting,-1.5200924815934278,-1.6918096879823405,5
Light Gradient Boosting,-1.7655110123526006,-2.043846171656357,5
Light Gradient Boosting,-3.3347136412278577,-3.28630804921299,5
Light Gradient Boosting,-1.2407370006641907,-1.2873134163142472,5
Light Gradient Boosting,-1.5923333763280876,-1.7671888948697931,5
Light Gradient Boosting,-2.642143447351316,-1.9309875806942822,5
Light Gradient Boosting,-1.315440666986884,-1.2504291891086081,5
Light Gradient Boosting,-2.2038635814094025,-1.9417998265424143,5
Light Gradient Boosting,-1.862548056774303,-1.8707210434236408,5
Light Gradient Boosting,-1.1009937914140275,-1.2007864348933275,5
Light Gradient Boosting,-1.6695950343945678,-1.612071356996526,5
Light Gradient Boosting,-2.3872497229566574,-2.398747123112884,5
Light Gradient Boosting,-1.7472661616036533,-1.606443077930778,5
Light Gradient Boosting,-1.42625067509891,-1.307893107888282,5
Light Gradient Boosting,-1.4753372030036505,-1.7682099052826656,5
Light Gradient Boosting,-1.3469740509457453,-1.393130216859386,5
Light Gradient Boosting,-1.3041517533417322,-1.2890285962294914,5
Light Gradient Boosting,-1.3198484161479276,-1.314822933336549,5
Light Gradient Boosting,-1.3198484161479276,-1.4744819640854028,5
Light Gradient Boosting,-0.9468333037780922,-1.4543704756863258,5
Light Gradient Boosting,-1.793068638288037,-1.9239828172623068,5
Light Gradient Boosting,-3.151893437607053,-3.539324788013227,5
Light Gradient Boosting,-0.952771189748095,-1.5712821372105124,5
Light Gradient Boosting,-1.3551617678005954,-1.7342443969279189,5
Light Gradient Boosting,-2.0401269907408133,-1.5230238891209629,5
Light Gradient Boosting,-1.1291381497161614,-1.3488807860209922,5
Light Gradient Boosting,-1.042642722079717,-1.5880437063272559,5
Light Gradient Boosting,-2.6212424559235727,-3.1466478977988777,5
Light Gradient Boosting,-0.8317581654646831,-1.3241929775203878,5
Light Gradient Boosting,-0.9800565288767592,-0.8446781095539048,5
Light Gradient Boosting,-2.385444450882969,-1.7696774856874187,5
Light Gradient Boosting,-1.2028902052841348,-0.8178114438204501,5
Light Gradient Boosting,-3.20055468102406,-3.22879045617078,5
Light Gradient Boosting,-3.4495551653497865,-3.4124530606157113,5
Light Gradient Boosting,-1.6643405451853508,-1.7293491746749072,5
Light Gradient Boosting,-1.3068936298450675,-1.2388654664276872,5
Light Gradient Boosting,-1.5167709261725162,-1.3994519071350793,5
Light Gradient Boosting,-1.137767503887176,-1.4557306143000466,5
Light Gradient Boosting,-2.390077592912712,-2.6788410285037356,5
Light Gradient Boosting,-0.988626069420939,-1.1087059458786968,5
Light Gradient Boosting,-3.3694633107167937,-3.3231460999351308,5
