time,pBAD/Ara_0,pBAD/Ara_1,pBAD/Ara_2,pBAD/Ara_3,pBAD/Ara_4,pBAD/Ara_5,e11x33_0,e11x33_1,e11x33_2,e11x33_3,e11x33_4,e11x33_5,pCin/OHC14_0,pCin/OHC14_1,pCin/OHC14_2,pCin/OHC14_3,pCin/OHC14_4,pCin/OHC14_5,e15x33_0,e15x33_1,e15x33_2,e15x33_3,e15x33_4,e15x33_5,pCymRC/Cuma_0,pCymRC/Cuma_1,pCymRC/Cuma_2,pCymRC/Cuma_3,pCymRC/Cuma_4,pCymRC/Cuma_5,e16x33_0,e16x33_1,e16x33_2,e16x33_3,e16x33_4,e16x33_5,pLuxB/AHL_0,pLuxB/AHL_1,pLuxB/AHL_2,pLuxB/AHL_3,pLuxB/AHL_4,pLuxB/AHL_5,e11x32STPhoRadA_0,e11x32STPhoRadA_1,e11x32STPhoRadA_2,e11x32STPhoRadA_3,e11x32STPhoRadA_4,e11x32STPhoRadA_5,pPhlF/DAPG_0,pPhlF/DAPG_1,pPhlF/DAPG_2,pPhlF/DAPG_3,pPhlF/DAPG_4,pPhlF/DAPG_5,e15x32NpuSspS2_0,e15x32NpuSspS2_1,e15x32NpuSspS2_2,e15x32NpuSspS2_3,e15x32NpuSspS2_4,e15x32NpuSspS2_5,pSalTTC/Sal_0,pSalTTC/Sal_1,pSalTTC/Sal_2,pSalTTC/Sal_3,pSalTTC/Sal_4,pSalTTC/Sal_5,e16x33NrdA2_0,e16x33NrdA2_1,e16x33NrdA2_2,e16x33NrdA2_3,e16x33NrdA2_4,e16x33NrdA2_5,pRhaB/Rha_0,pRhaB/Rha_1,pRhaB/Rha_2,pRhaB/Rha_3,pRhaB/Rha_4,pRhaB/Rha_5,Blank_Kan_1,Blank_Kan_1,negative-control-kan_1,negative-control-kan_1,Blank_Amp_1,Blank_Amp_1,negative-control-amp_1,negative-control-amp_1,positive-control-amp_1,positive-control-amp_1
0,2.5,5.5,26.5,22.5,27.5,15.5,5.5,19.5,15.5,16.5,14.5,11.5,19.5,19.5,22.5,14.5,13.5,11.5,5.5,12.5,14.5,16.5,13.5,2.5,24.5,27.5,25.5,23.5,28.5,18.5,23.5,27.5,25.5,21.5,27.5,15.5,22.5,28.5,25.5,32.5,31.5,19.5,-4.5,8.5,9.5,7.5,11.5,10.5,376.5,420.5,300.5,418.5,417.5,426.5,17.5,22.5,15.5,18.5,23.5,18.5,16.5,17.5,27.5,24.5,35.5,16.5,0.5,15.5,15.5,17.5,17.5,12.5,-63.5,31.5,30.5,36.5,30.5,23.5,,,12.5,-1.5,,,37.0,25.0,294.0,230.0
20,-10.5,-0.5,10.5,11.5,9.5,11.5,-3.5,6.5,3.5,5.5,1.5,6.5,-6.5,-0.5,3.5,5.5,-1.5,-4.5,-9.5,-3.5,-4.5,-6.5,-3.5,-3.5,0.5,7.5,11.5,10.5,6.5,8.5,8.5,16.5,8.5,12.5,6.5,2.5,19.5,18.5,18.5,21.5,20.5,11.5,-16.5,-2.5,-7.5,-13.5,-7.5,-13.5,548.5,565.5,557.5,605.5,539.5,546.5,5.5,13.5,11.5,10.5,8.5,5.5,13.5,13.5,15.5,21.5,19.5,24.5,2.5,3.5,7.5,8.5,7.5,0.5,-69.5,25.5,19.5,22.5,23.5,19.5,,,6.5,4.5,,,45.0,37.0,279.0,277.0
40,-12.0,-7.0,0.0,9.0,6.0,-2.0,-11.0,2.0,1.0,-4.0,1.0,1.0,-9.0,-3.0,-8.0,-9.0,-3.0,-10.0,-18.0,-5.0,-8.0,0.0,-11.0,-15.0,-3.0,10.0,17.0,14.0,16.0,14.0,-6.0,-3.0,-1.0,4.0,4.0,0.0,8.0,44.0,60.0,74.0,72.0,71.0,-23.0,-15.0,-9.0,-17.0,-17.0,-13.0,646.0,664.0,654.0,691.0,632.0,663.0,-5.0,-1.0,3.0,6.0,5.0,5.0,6.0,2.0,5.0,10.0,7.0,53.0,-7.0,0.0,3.0,5.0,-3.0,1.0,-71.0,44.0,48.0,45.0,50.0,51.0,,,10.0,-1.0,,,36.0,39.0,380.0,384.0
60,-5.5,6.5,16.5,9.5,5.5,8.5,-0.5,4.5,2.5,10.5,3.5,7.5,-2.5,-0.5,3.5,2.5,6.5,-3.5,-18.5,3.5,-4.5,0.5,1.5,-2.5,3.5,25.5,44.5,50.5,53.5,56.5,3.5,12.5,15.5,14.5,9.5,10.5,17.5,95.5,140.5,177.5,175.5,178.5,-14.5,-7.5,-4.5,-5.5,-12.5,-10.5,769.5,790.5,762.5,804.5,743.5,773.5,-2.5,4.5,13.5,8.5,4.5,7.5,7.5,19.5,12.5,15.5,21.5,85.5,-2.5,8.5,16.5,6.5,11.5,3.5,-60.5,121.5,122.5,130.5,136.5,144.5,,,12.5,4.5,,,43.0,37.0,487.0,513.0
80,-1.5,-0.5,12.5,13.5,12.5,14.5,1.5,4.5,6.5,6.5,-0.5,9.5,-4.5,-0.5,0.5,15.5,30.5,27.5,-12.5,-4.5,1.5,-0.5,-1.5,1.5,3.5,32.5,45.5,75.5,95.5,114.5,0.5,10.5,8.5,7.5,5.5,11.5,20.5,166.5,255.5,322.5,330.5,332.5,-20.5,-11.5,-7.5,-5.5,-6.5,-11.5,959.5,963.5,917.5,960.5,873.5,907.5,-4.5,4.5,8.5,14.5,8.5,12.5,15.5,6.5,14.5,17.5,17.5,145.5,-3.5,5.5,4.5,7.5,7.5,11.5,-72.5,265.5,280.5,286.5,293.5,315.5,,,18.5,5.5,,,41.0,48.0,610.0,646.0
100,0.5,1.5,18.5,24.5,39.5,43.5,-3.5,3.5,5.5,1.5,11.5,2.5,3.5,1.5,6.5,66.5,123.5,122.5,-11.5,-0.5,-9.5,5.5,-1.5,-4.5,0.5,44.5,60.5,114.5,161.5,192.5,3.5,8.5,10.5,13.5,15.5,10.5,20.5,263.5,472.5,592.5,613.5,629.5,-22.5,-10.5,-11.5,-17.5,-2.5,-6.5,1255.5,1212.5,1155.5,1190.5,1067.5,1102.5,-7.5,8.5,6.5,11.5,10.5,9.5,13.5,15.5,9.5,19.5,20.5,249.5,-4.5,2.5,9.5,7.5,7.5,7.5,-66.5,570.5,603.5,628.5,619.5,670.5,,,11.5,6.5,,,55.5,52.5,727.5,764.5
120,8.5,15.5,41.5,100.5,158.5,191.5,6.5,15.5,13.5,15.5,34.5,47.5,14.5,12.5,9.5,159.5,273.5,262.5,-3.5,7.5,5.5,8.5,12.5,14.5,12.5,45.5,81.5,172.5,264.5,340.5,8.5,20.5,21.5,18.5,18.5,29.5,27.5,416.5,770.5,999.5,1058.5,1097.5,-13.5,3.5,-1.5,0.5,12.5,15.5,1747.5,1640.5,1525.5,1539.5,1392.5,1426.5,9.5,19.5,22.5,23.5,22.5,29.5,20.5,20.5,22.5,26.5,45.5,424.5,8.5,15.5,20.5,24.5,20.5,19.5,-57.5,1029.5,1115.5,1172.5,1184.5,1256.5,,,24.5,17.5,,,55.0,55.0,854.0,922.0
140,15.0,15.0,92.0,312.0,453.0,533.0,8.0,21.0,11.0,36.0,87.0,126.0,16.0,14.0,22.0,286.0,505.0,481.0,1.0,11.0,9.0,12.0,25.0,19.0,12.0,53.0,104.0,280.0,468.0,624.0,13.0,20.0,23.0,21.0,33.0,42.0,40.0,660.0,1225.0,1571.0,1660.0,1726.0,-11.0,1.0,-2.0,15.0,46.0,63.0,2421.0,2278.0,2076.0,2088.0,1856.0,1878.0,7.0,20.0,23.0,25.0,33.0,38.0,22.0,31.0,21.0,33.0,54.0,702.0,6.0,19.0,23.0,33.0,33.0,46.0,-50.0,1678.0,1860.0,1957.0,1976.0,2094.0,,,34.0,23.0,,,63.5,61.5,1075.5,1160.5
160,26.5,59.5,330.5,899.5,1160.5,1295.5,17.5,15.5,26.5,84.5,221.5,310.5,29.5,23.5,36.5,492.5,850.5,811.5,8.5,18.5,22.5,26.5,34.5,54.5,30.5,66.5,147.5,502.5,871.5,1164.5,23.5,38.5,29.5,44.5,62.5,80.5,57.5,1110.5,1966.5,2485.5,2596.5,2678.5,-2.5,5.5,15.5,57.5,122.5,147.5,3312.5,3118.5,2859.5,2873.5,2566.5,2568.5,15.5,27.5,35.5,42.5,66.5,79.5,35.5,38.5,32.5,49.5,79.5,1155.5,29.5,32.5,37.5,44.5,72.5,98.5,-32.5,2585.5,2937.5,3090.5,3119.5,3320.5,,,38.5,23.5,,,92.0,87.0,1377.0,1484.0
180,41.0,1136.0,1971.0,2711.0,2957.0,3128.0,26.0,50.0,131.0,379.0,621.0,752.0,42.0,43.0,74.0,1103.0,1709.0,1614.0,24.0,36.0,62.0,93.0,111.0,116.0,36.0,111.0,289.0,988.0,1576.0,2040.0,34.0,50.0,100.0,173.0,206.0,287.0,83.0,1898.0,3132.0,3850.0,3991.0,4072.0,8.0,23.0,46.0,206.0,305.0,334.0,4408.0,4182.0,3962.0,3967.0,3565.0,3522.0,34.0,43.0,55.0,106.0,166.0,195.0,59.0,55.0,55.0,65.0,151.0,2286.0,35.0,47.0,61.0,140.0,235.0,288.0,-12.0,4212.0,4753.0,4931.0,4915.0,5130.0,,,57.0,42.0,,,112.0,109.0,1815.0,1973.0
200,75.0,4872.0,5748.0,6364.0,6440.0,6390.0,45.0,395.0,1090.0,1516.0,1662.0,1764.0,54.0,63.0,223.0,2897.0,4098.0,3891.0,36.0,182.0,315.0,318.0,287.0,277.0,57.0,187.0,596.0,1858.0,2784.0,3346.0,57.0,395.0,867.0,1038.0,974.0,1056.0,179.0,3822.0,5225.0,5959.0,5993.0,6111.0,23.0,58.0,234.0,777.0,881.0,871.0,5534.0,5414.0,5297.0,5533.0,4995.0,4924.0,47.0,65.0,113.0,268.0,378.0,396.0,83.0,78.0,84.0,98.0,364.0,4729.0,50.0,72.0,166.0,571.0,786.0,792.0,18.0,6948.0,7808.0,7985.0,7800.0,8025.0,,,87.0,66.0,,,148.0,148.0,2491.0,2719.0
220,145.0,10251.0,10852.0,11168.0,11102.0,10760.0,75.0,1616.0,2872.0,3219.0,3121.0,3030.0,93.0,98.0,434.0,5126.0,7194.0,6883.0,71.0,594.0,826.0,738.0,594.0,495.0,95.0,290.0,941.0,2856.0,4277.0,5148.0,87.0,1608.0,2514.0,2655.0,2282.0,2191.0,318.0,6622.0,8979.0,9966.0,9751.0,9771.0,43.0,141.0,627.0,1754.0,1807.0,1686.0,6647.0,6489.0,6717.0,7574.0,7014.0,6848.0,82.0,106.0,208.0,497.0,661.0,671.0,121.0,127.0,127.0,163.0,811.0,8275.0,93.0,118.0,459.0,1462.0,1761.0,1658.0,74.0,10020.0,12798.0,12730.0,12276.0,12163.0,,,118.0,95.0,,,183.0,188.0,3444.0,3770.0
240,207.5,16991.5,16853.5,16727.5,16383.5,15314.5,112.5,3911.5,5268.5,5343.5,4779.5,4406.5,124.5,127.5,622.5,7959.5,11574.5,11197.5,97.5,1264.5,1546.5,1330.5,990.5,755.5,117.5,420.5,1433.5,4204.5,6098.5,7247.5,121.5,3931.5,5154.5,5136.5,4220.5,3728.5,464.5,10236.5,13268.5,14521.5,14528.5,14598.5,68.5,254.5,1266.5,3045.5,2926.5,2581.5,8125.5,7925.5,8305.5,9929.5,9301.5,9108.5,116.5,145.5,329.5,753.5,955.5,926.5,166.5,168.5,170.5,206.5,1196.5,13423.5,119.5,181.5,943.5,2770.5,3107.5,2756.5,131.5,11160.5,18671.5,19132.5,18334.5,17912.5,,,151.5,128.5,,,240.0,238.0,4704.0,5159.0
260,298.0,24717.0,23910.0,23187.0,22599.0,20849.0,149.0,7034.0,8128.0,7886.0,6793.0,6022.0,177.0,181.0,751.0,10384.0,15807.0,15351.0,150.0,2126.0,2459.0,2090.0,1507.0,1097.0,164.0,655.0,2137.0,5945.0,8431.0,9855.0,169.0,6943.0,8467.0,8179.0,6681.0,5653.0,597.0,13603.0,18472.0,20596.0,20372.0,20393.0,100.0,475.0,2200.0,4595.0,4273.0,3679.0,9829.0,9487.0,10463.0,13775.0,12822.0,12397.0,149.0,201.0,506.0,1090.0,1314.0,1211.0,211.0,221.0,216.0,280.0,1501.0,18670.0,171.0,314.0,1768.0,4619.0,4907.0,4164.0,194.0,11283.0,23039.0,26101.0,25320.0,24639.0,,,198.0,176.0,,,298.5,296.5,5938.5,6248.5
280,357.0,33467.0,31711.0,30623.0,30095.0,27491.0,193.0,10739.0,11473.0,10630.0,8880.0,7687.0,211.0,230.0,838.0,13020.0,20369.0,19823.0,195.0,3291.0,3653.0,3071.0,2159.0,1510.0,198.0,871.0,2930.0,8146.0,11580.0,13263.0,217.0,10794.0,12266.0,11710.0,9523.0,7977.0,691.0,16584.0,23439.0,27010.0,27388.0,27763.0,125.0,863.0,3407.0,6307.0,5647.0,4701.0,12069.0,11538.0,13052.0,18250.0,17530.0,16900.0,197.0,271.0,764.0,1572.0,1787.0,1559.0,271.0,271.0,272.0,340.0,1741.0,24184.0,205.0,583.0,3188.0,6997.0,7084.0,5958.0,246.0,11306.0,25135.0,33916.0,32790.0,31861.0,,,226.0,211.0,,,330.5,330.5,6724.5,6982.5
300,444.0,43035.0,40100.0,38595.0,38388.0,34703.0,231.0,15128.0,15557.0,13948.0,11275.0,9498.0,242.0,253.0,910.0,16098.0,26101.0,25545.0,233.0,4532.0,5189.0,4489.0,3085.0,2084.0,229.0,1002.0,3302.0,9308.0,13779.0,16629.0,261.0,15428.0,17418.0,16274.0,12974.0,10689.0,788.0,18667.0,28896.0,33345.0,34354.0,35127.0,162.0,1519.0,5002.0,8307.0,7182.0,5812.0,14704.0,13955.0,16264.0,24090.0,23002.0,21881.0,225.0,345.0,1081.0,2263.0,2467.0,2042.0,317.0,308.0,315.0,395.0,1939.0,28755.0,253.0,943.0,5124.0,10504.0,9943.0,8104.0,293.0,11179.0,26347.0,43125.0,41566.0,39777.0,,,261.0,234.0,,,381.0,373.0,7454.0,7731.0
320,502.5,52936.5,49255.5,47116.5,47207.5,42647.5,264.5,20207.5,20208.5,17940.5,14176.5,11649.5,277.5,289.5,973.5,19181.5,33435.5,32888.5,267.5,5828.5,6742.5,6016.5,4185.5,2768.5,265.5,1113.5,3550.5,9952.5,14709.5,18050.5,317.5,21047.5,23280.5,21938.5,17762.5,14126.5,885.5,20763.5,33439.5,40656.5,41872.5,42893.5,188.5,2257.5,6932.5,10698.5,8977.5,7094.5,18035.5,16936.5,20038.5,31414.5,29910.5,28539.5,260.5,398.5,1343.5,2948.5,3260.5,2643.5,360.5,359.5,352.5,446.5,2065.5,32049.5,275.5,1210.5,7171.5,14489.5,13919.5,11000.5,342.5,10983.5,26582.5,50090.5,51270.5,48666.5,,,291.5,269.5,,,421.0,428.0,8267.0,8568.0
340,575.5,64416.5,58719.5,56024.5,56591.5,51176.5,312.5,26256.5,24485.5,22427.5,17610.5,14138.5,325.5,328.5,1026.5,21342.5,40360.5,39712.5,318.5,6888.5,8035.5,7492.5,5342.5,3514.5,304.5,1195.5,3781.5,10333.5,15355.5,18808.5,359.5,27418.5,29752.5,28300.5,22913.5,18239.5,992.5,22414.5,37425.5,47223.5,50471.5,52153.5,218.5,2954.5,9386.5,13423.5,11088.5,8528.5,21761.5,20577.5,24671.5,40025.5,38289.5,36495.5,305.5,450.5,1501.5,3435.5,4116.5,3308.5,420.5,400.5,411.5,489.5,2160.5,34150.5,324.5,1394.5,8994.5,18752.5,18054.5,14498.5,407.5,11027.5,26664.5,55617.5,61815.5,58706.5,,,333.5,315.5,,,462.0,467.0,9038.0,9324.0
360,621.5,76238.5,68876.5,65294.5,66416.5,60299.5,359.5,32377.5,29319.5,25745.5,21307.5,16967.5,361.5,371.5,1073.5,22532.5,46183.5,45701.5,363.5,7845.5,9332.5,8830.5,6368.5,4184.5,352.5,1287.5,3988.5,10750.5,15947.5,19535.5,426.5,34033.5,36885.5,35137.5,28822.5,22703.5,1059.5,23745.5,41158.5,53417.5,58226.5,60989.5,250.5,3406.5,11789.5,15697.5,13393.5,10189.5,25620.5,24362.5,30125.5,48788.5,47653.5,45517.5,339.5,506.5,1620.5,3775.5,4705.5,3956.5,462.5,458.5,456.5,556.5,2227.5,35607.5,372.5,1536.5,10420.5,23002.5,22507.5,18128.5,460.5,11098.5,26776.5,58982.5,73635.5,69559.5,,,368.5,347.5,,,515.0,510.0,9736.0,10019.0
380,684.0,88650.0,78564.0,74852.0,76844.0,69425.0,406.0,37438.0,34603.0,29975.0,23891.0,19663.0,410.0,420.0,1110.0,23177.0,50969.0,50361.0,410.0,8671.0,10535.0,10215.0,7442.0,4863.0,396.0,1364.0,4146.0,11117.0,16240.0,19992.0,475.0,40321.0,43628.0,42400.0,35302.0,27558.0,1117.0,24587.0,44074.0,59186.0,65789.0,69115.0,281.0,3797.0,13620.0,18589.0,15699.0,12007.0,28870.0,28113.0,35797.0,58961.0,57043.0,55011.0,394.0,566.0,1729.0,4030.0,5218.0,4459.0,518.0,503.0,509.0,597.0,2278.0,36348.0,422.0,1645.0,11534.0,27175.0,27246.0,22109.0,510.0,11169.0,26810.0,60717.0,86048.0,81239.0,,,416.0,387.0,,,541.0,552.0,10291.0,10593.0
400,708.5,101513.5,88758.5,84587.5,86783.5,79590.5,445.5,42717.5,39326.5,33713.5,27111.5,21502.5,439.5,453.5,1148.5,23585.5,54548.5,54026.5,445.5,9304.5,11562.5,11431.5,8602.5,5541.5,428.5,1415.5,4293.5,11358.5,16575.5,20409.5,513.5,45457.5,49422.5,48827.5,41869.5,32790.5,1171.5,25036.5,46120.5,64058.5,72341.5,77001.5,322.5,4124.5,15188.5,20944.5,17568.5,13848.5,31876.5,31517.5,41171.5,70583.5,67662.5,65536.5,429.5,612.5,1847.5,4249.5,5617.5,4909.5,541.5,536.5,537.5,624.5,2300.5,36703.5,460.5,1720.5,12421.5,30690.5,31927.5,26141.5,548.5,11241.5,26861.5,62414.5,98840.5,94076.5,,,433.5,410.5,,,582.0,592.0,10752.0,11082.0
420,754.5,112428.5,99115.5,93923.5,96802.5,88972.5,475.5,47902.5,43952.5,36630.5,29656.5,23439.5,470.5,476.5,1174.5,23653.5,57063.5,56837.5,478.5,9813.5,12351.5,12553.5,9689.5,6298.5,458.5,1474.5,4377.5,11537.5,16743.5,20640.5,551.5,49370.5,53513.5,54308.5,48191.5,38080.5,1219.5,25165.5,47095.5,67586.5,77559.5,83539.5,359.5,4400.5,16886.5,22710.5,19501.5,15100.5,34265.5,34231.5,45913.5,83215.5,78689.5,76815.5,455.5,643.5,1929.5,4432.5,6014.5,5315.5,582.5,564.5,571.5,669.5,2323.5,36617.5,493.5,1788.5,13064.5,33745.5,36322.5,30229.5,581.5,11231.5,26963.5,63343.5,109058.5,105453.5,,,465.5,443.5,,,617.0,619.0,11140.0,11545.0
440,779.5,121400.5,108681.5,102527.5,106690.5,98511.5,505.5,53034.5,48393.5,38908.5,31664.5,24779.5,499.5,511.5,1203.5,23638.5,58951.5,58565.5,504.5,10119.5,13094.5,13503.5,10717.5,7090.5,496.5,1507.5,4432.5,11594.5,16811.5,20778.5,580.5,51988.5,56179.5,58151.5,53564.5,42877.5,1245.5,25318.5,47826.5,70785.5,82233.5,88920.5,388.5,4624.5,18441.5,24075.5,21036.5,16226.5,36280.5,36588.5,49787.5,96565.5,91687.5,89711.5,492.5,683.5,2012.5,4581.5,6338.5,5750.5,617.5,602.5,607.5,692.5,2346.5,36603.5,529.5,1846.5,13577.5,36228.5,40273.5,34067.5,618.5,11198.5,26838.5,64173.5,117926.5,115709.5,,,496.5,473.5,,,647.0,651.0,11456.0,11894.0
460,813.5,130037.5,119783.5,112296.5,116923.5,108550.5,528.5,57404.5,53323.5,41250.5,33497.5,26028.5,538.5,539.5,1235.5,23584.5,60236.5,59956.5,539.5,10330.5,13549.5,14206.5,11628.5,7819.5,532.5,1551.5,4527.5,11682.5,16795.5,20836.5,621.5,53783.5,57677.5,60447.5,57489.5,47160.5,1274.5,25181.5,47922.5,72397.5,85215.5,93465.5,418.5,4762.5,19942.5,25317.5,22189.5,17156.5,37980.5,38447.5,52948.5,109156.5,105504.5,103699.5,516.5,712.5,2085.5,4701.5,6649.5,6118.5,646.5,628.5,644.5,724.5,2370.5,36329.5,566.5,1880.5,13766.5,38204.5,43807.5,37909.5,635.5,11163.5,26593.5,64542.5,124721.5,124350.5,,,517.5,498.5,,,679.5,674.5,11797.5,12294.5
480,847.5,137246.5,130607.5,119537.5,124941.5,115431.5,566.5,61476.5,58099.5,43335.5,35159.5,27135.5,560.5,570.5,1253.5,23386.5,60818.5,60560.5,576.5,10384.5,13718.5,14463.5,12225.5,8547.5,554.5,1581.5,4534.5,11706.5,16752.5,20765.5,646.5,54523.5,58169.5,61914.5,60260.5,50527.5,1312.5,25080.5,47517.5,73693.5,87047.5,96374.5,452.5,4903.5,21245.5,26772.5,23389.5,17888.5,38997.5,39839.5,55459.5,119796.5,118643.5,117407.5,549.5,755.5,2128.5,4793.5,6848.5,6385.5,673.5,663.5,670.5,753.5,2397.5,36326.5,585.5,1906.5,13831.5,39392.5,46988.5,41521.5,673.5,11156.5,26315.5,64784.5,130465.5,131471.5,,,544.5,532.5,,,695.5,700.5,12079.5,12615.5
500,883.0,143929.0,140906.0,128083.0,134749.0,124837.0,587.0,64937.0,62831.0,45629.0,37282.0,28429.0,585.0,588.0,1280.0,23384.0,61547.0,61190.0,589.0,10452.0,13879.0,14736.0,12523.0,9108.0,582.0,1612.0,4544.0,11692.0,16743.0,20822.0,670.0,55448.0,58398.0,62764.0,62239.0,53229.0,1345.0,24997.0,47476.0,74732.0,88340.0,98974.0,469.0,4932.0,22427.0,28062.0,24583.0,18772.0,40216.0,40985.0,57336.0,128854.0,130090.0,128975.0,579.0,770.0,2154.0,4840.0,7009.0,6609.0,692.0,679.0,680.0,770.0,2412.0,36096.0,616.0,1910.0,13957.0,40032.0,49629.0,44633.0,681.0,11161.0,26071.0,64605.0,133524.0,137530.0,,,573.0,541.0,,,723.5,725.5,12363.5,12928.5
520,913.5,150714.5,151309.5,136846.5,144496.5,134871.5,611.5,67497.5,67893.5,48184.5,39202.5,29998.5,602.5,607.5,1285.5,23342.5,62397.5,62097.5,607.5,10512.5,14036.5,14910.5,12736.5,9441.5,602.5,1631.5,4580.5,11779.5,16772.5,21000.5,692.5,56127.5,59151.5,63724.5,63567.5,54934.5,1372.5,25195.5,47359.5,75741.5,89354.5,100578.5,485.5,4948.5,23289.5,29312.5,26057.5,19565.5,41352.5,42021.5,59490.5,136940.5,140787.5,140725.5,588.5,795.5,2208.5,4844.5,7124.5,6828.5,719.5,703.5,705.5,794.5,2422.5,36127.5,628.5,1941.5,14109.5,40880.5,51118.5,47360.5,706.5,11140.5,25966.5,64764.5,136340.5,144782.5,,,583.5,562.5,,,756.0,755.0,12630.0,13293.0
540,931.0,156289.0,162455.0,144589.0,153965.0,144415.0,628.0,69887.0,73236.0,50458.0,41285.0,31505.0,617.0,629.0,1318.0,23444.0,62285.0,61883.0,632.0,10598.0,14246.0,15099.0,13093.0,9590.0,622.0,1660.0,4619.0,11762.0,16874.0,21065.0,722.0,56824.0,59822.0,64732.0,64594.0,55797.0,1393.0,25160.0,47233.0,76433.0,89723.0,101137.0,510.0,4986.0,23902.0,30593.0,27415.0,20395.0,42550.0,43085.0,60913.0,144231.0,150291.0,150151.0,617.0,820.0,2229.0,4812.0,7220.0,6967.0,753.0,715.0,719.0,811.0,2427.0,36238.0,656.0,1954.0,14134.0,41357.0,52209.0,49532.0,737.0,11221.0,25835.0,64309.0,138827.0,150068.0,,,598.0,591.0,,,767.5,777.5,12825.5,13572.5
560,947.5,162448.5,171904.5,153500.5,164095.5,154586.5,645.5,72254.5,77623.5,53074.5,43362.5,33241.5,629.5,639.5,1320.5,23294.5,62473.5,62379.5,646.5,10665.5,14499.5,15264.5,13378.5,9882.5,630.5,1651.5,4618.5,11798.5,16951.5,21238.5,736.5,57996.5,60456.5,66152.5,65340.5,57021.5,1413.5,25062.5,47230.5,77563.5,90548.5,102755.5,518.5,5007.5,24491.5,31532.5,28757.5,21343.5,43451.5,43806.5,62521.5,150299.5,158550.5,160078.5,622.5,823.5,2263.5,4828.5,7262.5,7050.5,758.5,732.5,742.5,835.5,2432.5,36485.5,663.5,1954.5,14135.5,41910.5,53709.5,51104.5,745.5,11227.5,25947.5,64550.5,140766.5,156892.5,,,620.5,600.5,,,794.5,794.5,13076.5,13828.5
580,971.0,166931.0,180834.0,161208.0,173110.0,164027.0,665.0,74691.0,82988.0,55782.0,45801.0,35239.0,662.0,656.0,1325.0,23271.0,62762.0,62164.0,661.0,10786.0,14651.0,15419.0,13706.0,10081.0,654.0,1683.0,4643.0,11806.0,16869.0,21407.0,750.0,59028.0,61265.0,67263.0,66051.0,58086.0,1435.0,25131.0,46938.0,78694.0,91302.0,103339.0,538.0,5005.0,24889.0,32500.0,30268.0,22244.0,44206.0,44440.0,63217.0,156529.0,165945.0,167590.0,641.0,831.0,2297.0,4841.0,7315.0,7063.0,786.0,751.0,748.0,843.0,2447.0,36492.0,676.0,1960.0,14220.0,42240.0,55091.0,51918.0,759.0,11149.0,25841.0,64152.0,141558.0,161138.0,,,632.0,605.0,,,809.5,797.5,13269.5,14038.5
600,993.5,172156.5,188769.5,168224.5,182094.5,173050.5,691.5,76551.5,87511.5,58071.5,47463.5,37012.5,671.5,673.5,1345.5,23316.5,62712.5,62074.5,676.5,10840.5,14903.5,15571.5,13892.5,10367.5,668.5,1714.5,4650.5,11864.5,16728.5,21580.5,773.5,59749.5,61836.5,68820.5,67045.5,59326.5,1462.5,25153.5,46854.5,78852.5,91410.5,103958.5,556.5,5038.5,25192.5,33420.5,31616.5,23197.5,44679.5,44891.5,63836.5,161461.5,171998.5,175480.5,652.5,856.5,2313.5,4877.5,7394.5,7112.5,798.5,777.5,766.5,860.5,2456.5,36572.5,705.5,1999.5,14148.5,42565.5,56086.5,53406.5,776.5,11086.5,25756.5,64082.5,141306.5,166344.5,,,656.5,633.5,,,813.5,816.5,13419.5,14184.5
620,1019.0,175279.0,196233.0,174078.0,188393.0,180573.0,698.0,78533.0,92293.0,60582.0,49205.0,38901.0,677.0,678.0,1372.0,23245.0,62740.0,62249.0,694.0,10849.0,15083.0,15740.0,14205.0,10608.0,687.0,1712.0,4679.0,11850.0,16549.0,21540.0,787.0,60342.0,62505.0,69914.0,68354.0,60794.0,1483.0,25010.0,46787.0,79406.0,91443.0,103608.0,565.0,5001.0,25632.0,34020.0,33004.0,24094.0,45667.0,45101.0,64421.0,166104.0,177629.0,181807.0,654.0,865.0,2332.0,4898.0,7459.0,7162.0,826.0,777.0,796.0,879.0,2468.0,36604.0,706.0,2004.0,14165.0,42811.0,57059.0,54191.0,788.0,11124.0,25484.0,63752.0,142126.0,170410.0,,,653.0,646.0,,,838.5,835.5,13511.5,14335.5
640,1030.0,178574.0,202830.0,180283.0,195483.0,187900.0,711.0,80354.0,96412.0,63198.0,51063.0,40565.0,691.0,692.0,1371.0,23386.0,62782.0,62076.0,706.0,10909.0,15347.0,15835.0,14498.0,10854.0,694.0,1730.0,4682.0,11889.0,16527.0,21558.0,796.0,61153.0,62802.0,70960.0,69533.0,61992.0,1490.0,24999.0,46581.0,79905.0,91030.0,103357.0,579.0,5008.0,25896.0,34854.0,34267.0,25064.0,46204.0,45471.0,64792.0,170182.0,182376.0,187525.0,677.0,879.0,2360.0,4883.0,7478.0,7190.0,836.0,803.0,793.0,888.0,2492.0,36628.0,715.0,1989.0,14166.0,42983.0,57459.0,54850.0,801.0,11098.0,25283.0,63417.0,142780.0,173406.0,,,659.0,649.0,,,864.0,855.0,13552.0,14393.0
660,1047.0,180701.0,209152.0,185129.0,202751.0,194789.0,730.0,83053.0,100159.0,65703.0,52781.0,42390.0,698.0,705.0,1401.0,23315.0,62967.0,61935.0,722.0,10911.0,15548.0,16053.0,14673.0,11108.0,698.0,1732.0,4706.0,11794.0,16531.0,21624.0,806.0,61419.0,62779.0,71819.0,70665.0,63445.0,1516.0,24970.0,46053.0,80569.0,89914.0,103427.0,592.0,4998.0,26185.0,35472.0,35331.0,25963.0,46572.0,45681.0,64752.0,173313.0,187203.0,193156.0,685.0,892.0,2394.0,4882.0,7569.0,7227.0,845.0,817.0,817.0,904.0,2488.0,36614.0,730.0,2001.0,14148.0,43045.0,58236.0,55553.0,819.0,11066.0,25170.0,62765.0,142786.0,176026.0,,,677.0,678.0,,,868.0,859.0,13594.0,14490.0
680,1066.0,181122.0,213637.0,188762.0,208054.0,199652.0,747.0,84771.0,103965.0,67860.0,54112.0,43548.0,733.0,710.0,1407.0,23378.0,63254.0,62451.0,731.0,10980.0,15632.0,16125.0,14811.0,11384.0,727.0,1740.0,4718.0,11901.0,16454.0,20965.0,818.0,61680.0,63027.0,72903.0,71171.0,64700.0,1521.0,24901.0,46038.0,81280.0,89985.0,102316.0,594.0,5040.0,26447.0,35924.0,36424.0,26742.0,47454.0,45852.0,65279.0,176180.0,190167.0,198080.0,702.0,895.0,2415.0,4933.0,7644.0,7254.0,864.0,820.0,816.0,907.0,2504.0,37087.0,743.0,2018.0,14251.0,43469.0,58652.0,55938.0,834.0,11041.0,25003.0,62269.0,142791.0,179202.0,,,686.0,665.0,,,866.5,870.5,13668.5,14947.5
700,1072.0,182328.0,218049.0,191565.0,211315.0,204366.0,754.0,86530.0,107306.0,70490.0,55245.0,44887.0,741.0,731.0,1417.0,23435.0,63093.0,62503.0,742.0,10968.0,15767.0,16195.0,14829.0,11590.0,733.0,1755.0,4742.0,11903.0,16423.0,20888.0,831.0,61796.0,63133.0,73693.0,71943.0,66111.0,1541.0,24840.0,45863.0,81904.0,88997.0,101991.0,607.0,5027.0,26605.0,36184.0,37146.0,27420.0,48120.0,46311.0,65158.0,177039.0,193998.0,202044.0,715.0,922.0,2432.0,4921.0,7658.0,7281.0,882.0,838.0,832.0,922.0,2513.0,35437.0,747.0,2030.0,14274.0,43598.0,59401.0,56428.0,837.0,10979.0,24982.0,61845.0,142127.0,181725.0,,,698.0,682.0,,,874.0,876.0,13699.0,15029.0
720,1098.5,183579.5,222569.5,196372.5,217886.5,210245.5,770.5,88104.5,110692.5,72992.5,56953.5,46324.5,757.5,743.5,1431.5,23449.5,63340.5,62387.5,754.5,10954.5,15941.5,16464.5,15031.5,11824.5,753.5,1789.5,4757.5,11909.5,16498.5,21005.5,851.5,62288.5,63263.5,74584.5,72639.5,67049.5,1577.5,24837.5,45803.5,82654.5,88781.5,101881.5,627.5,5043.5,26736.5,36835.5,38107.5,28111.5,49193.5,46840.5,65826.5,179941.5,197731.5,206495.5,719.5,924.5,2464.5,4949.5,7736.5,7343.5,897.5,856.5,845.5,947.5,2535.5,35531.5,771.5,2017.5,14301.5,43408.5,59954.5,56674.5,854.5,10976.5,24926.5,61169.5,142254.5,184400.5,,,716.5,701.5,,,894.5,896.5,13801.5,15055.5
740,1126.5,184149.5,223614.5,196499.5,219423.5,211336.5,779.5,89650.5,113452.5,75268.5,57731.5,47468.5,762.5,747.5,1441.5,23399.5,63363.5,62039.5,764.5,10974.5,16057.5,16641.5,14994.5,11976.5,768.5,1787.5,4754.5,11888.5,16499.5,20967.5,865.5,62461.5,63370.5,75263.5,73383.5,68139.5,1576.5,24802.5,45446.5,83121.5,88272.5,101045.5,632.5,5040.5,27015.5,37145.5,38693.5,28759.5,48926.5,46820.5,65951.5,180605.5,199834.5,211305.5,741.5,926.5,2498.5,5017.5,7808.5,7341.5,911.5,856.5,860.5,942.5,2534.5,35365.5,772.5,2041.5,14248.5,43924.5,60518.5,56812.5,870.5,10927.5,24890.5,60584.5,142114.5,186306.5,,,721.5,697.5,,,903.0,908.0,13847.0,15346.0
760,1117.0,186493.0,220773.0,199212.0,222610.0,213670.0,780.0,91769.0,116755.0,77725.0,59036.0,48651.0,772.0,751.0,1444.0,23340.0,63482.0,62209.0,769.0,10876.0,16126.0,16701.0,15126.0,12100.0,773.0,1787.0,4742.0,11866.0,16432.0,21108.0,866.0,62420.0,63517.0,76408.0,73814.0,69106.0,1579.0,24715.0,45331.0,83655.0,88304.0,100480.0,632.0,5031.0,27171.0,37477.0,39261.0,29326.0,49717.0,47270.0,66047.0,181435.0,203157.0,214827.0,733.0,936.0,2518.0,5023.0,7808.0,7348.0,917.0,868.0,858.0,945.0,2538.0,35405.0,791.0,2046.0,14303.0,44036.0,61057.0,57148.0,877.0,10912.0,24804.0,60257.0,141806.0,189901.0,,,725.0,704.0,,,919.0,923.0,13897.0,15362.0
780,1145.0,186881.0,219250.0,195272.0,224386.0,215585.0,811.0,93130.0,119430.0,80139.0,60296.0,49871.0,801.0,779.0,1472.0,23458.0,63417.0,61631.0,786.0,10935.0,16249.0,16844.0,15074.0,12261.0,797.0,1806.0,4775.0,11919.0,16397.0,21014.0,895.0,62839.0,63339.0,76971.0,74210.0,69858.0,1630.0,24764.0,45198.0,84083.0,87786.0,100307.0,659.0,5040.0,27534.0,37758.0,39644.0,29700.0,50292.0,47518.0,66192.0,181245.0,203044.0,218649.0,764.0,961.0,2522.0,5031.0,7886.0,7352.0,948.0,884.0,879.0,970.0,2557.0,35435.0,800.0,2051.0,14223.0,44375.0,61505.0,57133.0,902.0,10867.0,24722.0,60281.0,141012.0,191901.0,,,744.0,722.0,,,931.0,935.0,13976.0,15525.0
800,1159.0,188183.0,218540.0,195977.0,226313.0,217989.0,819.0,94734.0,121898.0,82675.0,61399.0,50757.0,810.0,786.0,1471.0,23398.0,63587.0,61566.0,783.0,10945.0,16315.0,16999.0,15152.0,12386.0,809.0,1815.0,4778.0,11895.0,16355.0,21093.0,891.0,62909.0,63439.0,77782.0,74813.0,70736.0,1620.0,24582.0,44902.0,84514.0,87429.0,99618.0,654.0,5038.0,27564.0,38130.0,40116.0,30001.0,50773.0,47804.0,66272.0,181970.0,203250.0,221710.0,769.0,958.0,2547.0,5045.0,7992.0,7380.0,955.0,884.0,884.0,979.0,2565.0,35522.0,813.0,2058.0,13978.0,44510.0,61949.0,57665.0,908.0,10843.0,24624.0,60090.0,139472.0,194236.0,,,755.0,734.0,,,943.5,949.5,14054.5,15532.5
820,1171.0,192769.0,218097.0,195868.0,229200.0,219753.0,831.0,96236.0,124514.0,84660.0,62248.0,51942.0,830.0,798.0,1490.0,23386.0,63381.0,61798.0,799.0,10945.0,16410.0,17189.0,15212.0,12455.0,825.0,1836.0,4805.0,11863.0,16344.0,21116.0,909.0,63033.0,63478.0,78252.0,75468.0,71878.0,1635.0,24625.0,44753.0,84812.0,87154.0,99438.0,671.0,5038.0,27850.0,38548.0,40380.0,30435.0,51039.0,47886.0,66880.0,182061.0,203607.0,225703.0,777.0,961.0,2570.0,5097.0,8037.0,7405.0,974.0,900.0,894.0,983.0,2595.0,35589.0,822.0,2070.0,13991.0,44953.0,62380.0,57941.0,921.0,10718.0,24526.0,59551.0,139703.0,196904.0,,,776.0,742.0,,,947.0,951.0,14033.0,15818.0
840,1174.5,226359.5,210507.5,195506.5,230541.5,221167.5,824.5,97892.5,126517.5,87030.5,63168.5,52663.5,828.5,798.5,1490.5,23385.5,63532.5,61684.5,812.5,10868.5,16460.5,17269.5,15257.5,12662.5,824.5,1826.5,4764.5,11804.5,16257.5,21026.5,909.5,62899.5,63241.5,79159.5,75590.5,72244.5,1666.5,24412.5,44355.5,84665.5,86625.5,98691.5,669.5,5029.5,27967.5,38854.5,40568.5,30737.5,52024.5,47897.5,66104.5,180302.5,203246.5,226331.5,781.5,970.5,2584.5,5092.5,8088.5,7418.5,987.5,912.5,899.5,995.5,2575.5,35485.5,828.5,2064.5,13974.5,44878.5,62630.5,57723.5,930.5,10673.5,24182.5,59239.5,138357.5,197574.5,,,761.5,752.5,,,961.5,969.5,14133.5,15700.5
860,1195.5,230648.5,208829.5,194745.5,226907.5,220914.5,850.5,98974.5,128147.5,89476.5,63774.5,53559.5,849.5,819.5,1502.5,23372.5,63329.5,61427.5,819.5,10844.5,16540.5,17436.5,15219.5,12736.5,843.5,1834.5,4776.5,11842.5,16200.5,21069.5,921.5,62658.5,63408.5,79406.5,76227.5,73230.5,1674.5,24435.5,44037.5,84941.5,86112.5,98148.5,692.5,5006.5,28000.5,38926.5,40550.5,30771.5,52647.5,47989.5,66581.5,179976.5,202025.5,229386.5,781.5,988.5,2594.5,5078.5,8129.5,7413.5,997.5,924.5,912.5,990.5,2592.5,35482.5,836.5,2064.5,13875.5,42593.5,63022.5,57797.5,937.5,10673.5,24172.5,58765.5,138016.5,199863.5,,,777.5,752.5,,,978.0,978.0,14185.0,16088.0
880,1216.5,235645.5,208767.5,194621.5,228165.5,222457.5,865.5,99831.5,131121.5,92023.5,64793.5,54528.5,864.5,827.5,1508.5,23426.5,63426.5,61744.5,834.5,10800.5,16382.5,17499.5,15268.5,12884.5,858.5,1855.5,4810.5,11817.5,16212.5,21171.5,925.5,63070.5,63217.5,80327.5,76401.5,74327.5,1700.5,25251.5,44166.5,85461.5,86269.5,97665.5,696.5,4986.5,28082.5,39127.5,41021.5,31195.5,53082.5,48478.5,66590.5,179332.5,201901.5,231683.5,812.5,1006.5,2635.5,5157.5,8178.5,7444.5,1023.5,933.5,922.5,1023.5,2605.5,35453.5,850.5,2074.5,13866.5,42533.5,63432.5,57705.5,972.5,10644.5,24096.5,59266.5,137141.5,202900.5,,,792.5,766.5,,,981.5,981.5,14286.5,16069.5
900,1218.0,231856.0,208355.0,193091.0,227370.0,222300.0,864.0,101114.0,132614.0,93736.0,65068.0,55238.0,868.0,838.0,1520.0,23439.0,63235.0,61300.0,850.0,10809.0,16385.0,17626.0,15273.0,12991.0,869.0,1860.0,4787.0,11783.0,16066.0,21280.0,951.0,62922.0,63282.0,80914.0,76771.0,74841.0,1683.0,25287.0,44006.0,85059.0,85817.0,97413.0,698.0,4998.0,28325.0,39706.0,40805.0,31284.0,53698.0,48353.0,66231.0,178866.0,201202.0,234314.0,806.0,1008.0,2648.0,5137.0,8221.0,7501.0,1033.0,945.0,922.0,1032.0,2592.0,35506.0,850.0,2096.0,13889.0,42593.0,63862.0,57640.0,971.0,10620.0,23976.0,58967.0,137106.0,205054.0,,,797.0,780.0,,,998.5,991.5,16477.5,16125.5
920,1239.0,234615.0,207859.0,192527.0,228690.0,222553.0,866.0,103363.0,135195.0,96453.0,66291.0,56402.0,882.0,837.0,1528.0,23357.0,63276.0,61700.0,846.0,10803.0,16423.0,17804.0,15320.0,13131.0,880.0,1869.0,4786.0,11771.0,16123.0,21203.0,950.0,62897.0,63445.0,81583.0,77343.0,76093.0,1711.0,25362.0,43969.0,85575.0,85585.0,97010.0,714.0,4963.0,28407.0,40371.0,41125.0,31474.0,54450.0,48731.0,66350.0,178281.0,201495.0,236808.0,827.0,1026.0,2657.0,5172.0,8278.0,7523.0,1057.0,963.0,949.0,1030.0,2620.0,35743.0,862.0,2071.0,13911.0,42946.0,64129.0,57758.0,987.0,10648.0,24258.0,59158.0,136368.0,208147.0,,,812.0,783.0,,,1001.5,1003.5,15663.5,16257.5
940,1260.0,235175.0,207807.0,191134.0,226712.0,221580.0,882.0,104288.0,137069.0,98499.0,66253.0,57058.0,904.0,847.0,1547.0,23354.0,63241.0,61269.0,863.0,10737.0,16457.0,17934.0,15337.0,13213.0,902.0,1874.0,4791.0,11787.0,15989.0,21262.0,963.0,63252.0,63557.0,81899.0,77373.0,76517.0,1715.0,25272.0,43637.0,85740.0,85022.0,96514.0,725.0,4989.0,28559.0,40716.0,41204.0,31562.0,54854.0,48832.0,66243.0,177797.0,201318.0,239486.0,835.0,1028.0,2688.0,5215.0,8376.0,7541.0,1064.0,965.0,955.0,1053.0,2619.0,35683.0,880.0,2098.0,13907.0,42609.0,64679.0,57674.0,994.0,10632.0,23949.0,58758.0,135189.0,209747.0,,,824.0,789.0,,,1008.0,1009.0,15515.0,16318.0
960,1278.0,239901.0,206977.0,191286.0,228070.0,220224.0,887.0,104932.0,138492.0,100897.0,66996.0,57969.0,912.0,872.0,1559.0,23329.0,63203.0,61486.0,868.0,10756.0,16498.0,18012.0,15329.0,13317.0,923.0,1888.0,4816.0,11773.0,16001.0,21303.0,977.0,63074.0,63482.0,82742.0,78214.0,77088.0,1747.0,25244.0,43549.0,85448.0,84814.0,96267.0,725.0,4964.0,28534.0,40612.0,41435.0,31617.0,55625.0,49048.0,66305.0,176867.0,201818.0,241976.0,839.0,1034.0,2693.0,5225.0,8391.0,7559.0,1089.0,979.0,960.0,1042.0,2623.0,35764.0,882.0,2112.0,13866.0,42975.0,64967.0,57693.0,1002.0,10620.0,24019.0,58541.0,134003.0,212592.0,,,818.0,797.0,,,1004.0,1019.0,15974.0,16480.0
980,1305.0,241191.0,207327.0,190286.0,226987.0,218424.0,907.0,105524.0,140379.0,102758.0,67328.0,58709.0,913.0,874.0,1543.0,23356.0,63156.0,61318.0,880.0,10708.0,16563.0,18139.0,15345.0,13413.0,927.0,1888.0,4806.0,11733.0,15989.0,21527.0,1000.0,63439.0,63570.0,83260.0,78249.0,76542.0,1754.0,25115.0,43436.0,85326.0,84725.0,96495.0,745.0,4952.0,28877.0,40734.0,41427.0,31711.0,55258.0,49159.0,66328.0,176353.0,201140.0,243615.0,856.0,1045.0,2705.0,5234.0,8441.0,7602.0,1097.0,988.0,974.0,1058.0,2637.0,35771.0,898.0,2109.0,13860.0,42926.0,65490.0,57629.0,1014.0,10679.0,23891.0,58449.0,133427.0,213498.0,,,828.0,805.0,,,1028.5,1016.5,18210.5,16540.5
1000,1317.0,241885.0,207352.0,189811.0,226929.0,217289.0,915.0,105671.0,142271.0,105461.0,67688.0,59917.0,936.0,876.0,1564.0,23335.0,63099.0,61414.0,893.0,10774.0,16621.0,18274.0,15464.0,13557.0,941.0,1921.0,4828.0,11714.0,15982.0,22100.0,983.0,63302.0,63646.0,84023.0,78637.0,77353.0,1782.0,25121.0,43189.0,85638.0,84405.0,95499.0,744.0,4969.0,29010.0,40970.0,41816.0,31713.0,56223.0,49193.0,66140.0,176276.0,201034.0,244919.0,856.0,1051.0,2737.0,5259.0,8557.0,7633.0,1117.0,997.0,982.0,1073.0,2616.0,35664.0,909.0,2116.0,13952.0,42918.0,65730.0,57627.0,1044.0,10611.0,24078.0,58160.0,132962.0,215710.0,,,851.0,826.0,,,1033.5,1024.5,15721.5,16606.5
1020,1324.0,243344.0,206823.0,188815.0,226046.0,215933.0,934.0,106175.0,144186.0,107416.0,67844.0,60709.0,945.0,895.0,1564.0,23337.0,63094.0,61079.0,908.0,10767.0,16690.0,18381.0,15482.0,13746.0,947.0,1918.0,4822.0,11723.0,15960.0,22237.0,1006.0,63282.0,63470.0,84299.0,78496.0,77745.0,1823.0,24947.0,43078.0,85400.0,83902.0,95215.0,765.0,4944.0,29093.0,40921.0,41471.0,31857.0,56532.0,49273.0,65936.0,175340.0,201551.0,246169.0,865.0,1069.0,2745.0,5305.0,8588.0,7671.0,1134.0,1011.0,989.0,1082.0,2656.0,35680.0,904.0,2129.0,13931.0,43249.0,65954.0,57641.0,1045.0,10590.0,23855.0,57995.0,132745.0,217670.0,,,859.0,832.0,,,1034.5,1043.5,19116.5,16772.5
1040,1357.5,244953.5,206496.5,187245.5,225776.5,216234.5,931.5,106551.5,146510.5,109834.5,68735.5,61647.5,967.5,895.5,1583.5,23265.5,62876.5,61098.5,902.5,10751.5,16697.5,18467.5,15480.5,13675.5,963.5,1921.5,4810.5,11698.5,15875.5,21947.5,1018.5,63150.5,63873.5,84942.5,79424.5,78471.5,1814.5,25091.5,42837.5,85114.5,83237.5,94988.5,767.5,4991.5,29303.5,41177.5,41583.5,32016.5,57243.5,49514.5,66243.5,174675.5,201787.5,248488.5,879.5,1063.5,2757.5,5332.5,8652.5,7712.5,1146.5,1028.5,1000.5,1082.5,2644.5,35823.5,933.5,2133.5,14198.5,43397.5,66518.5,57721.5,1049.5,10611.5,23726.5,57557.5,131540.5,219554.5,,,867.5,828.5,,,1052.0,1066.0,19137.0,16882.0
1060,1360.0,244207.0,207259.0,186258.0,221493.0,214679.0,952.0,106573.0,146962.0,111388.0,68509.0,62395.0,977.0,920.0,1601.0,23282.0,62774.0,60812.0,929.0,10692.0,16716.0,18601.0,15536.0,13772.0,989.0,1939.0,4828.0,11705.0,15917.0,21718.0,1037.0,63344.0,64086.0,85490.0,79657.0,78766.0,1845.0,24874.0,42782.0,85831.0,83227.0,94691.0,772.0,4968.0,29304.0,41267.0,41210.0,31915.0,57909.0,49565.0,65861.0,174420.0,202587.0,249896.0,884.0,1099.0,2786.0,5336.0,8728.0,7755.0,1168.0,1029.0,1010.0,1093.0,2654.0,35913.0,943.0,2151.0,14087.0,42689.0,66648.0,57669.0,1068.0,10557.0,23676.0,57391.0,131547.0,221374.0,,,873.0,845.0,,,1056.5,1078.5,16281.5,16854.5
1080,1376.0,245972.0,207036.0,186331.0,220393.0,213852.0,956.0,107232.0,149117.0,114243.0,68844.0,62407.0,989.0,920.0,1594.0,23188.0,62549.0,60756.0,915.0,10650.0,16763.0,18577.0,15501.0,13906.0,984.0,1929.0,4800.0,11653.0,15888.0,21868.0,1029.0,63056.0,64064.0,85727.0,80169.0,79646.0,1840.0,25113.0,42550.0,85417.0,82988.0,94220.0,783.0,4952.0,29435.0,41377.0,41275.0,32064.0,58231.0,49795.0,65852.0,173215.0,201805.0,250893.0,881.0,1091.0,2803.0,5341.0,8764.0,7739.0,1189.0,1033.0,1018.0,1096.0,2654.0,35857.0,937.0,2137.0,14135.0,42797.0,66774.0,58486.0,1092.0,10667.0,23744.0,57482.0,130706.0,222620.0,,,879.0,851.0,,,1054.0,1065.0,17205.0,16955.0
1100,1384.0,246809.0,206397.0,185120.0,218635.0,210957.0,975.0,107141.0,149769.0,115778.0,68720.0,63031.0,993.0,956.0,1607.0,23191.0,62619.0,60472.0,939.0,10662.0,16735.0,18714.0,15635.0,13918.0,1002.0,1955.0,4837.0,11631.0,15852.0,21844.0,1052.0,63228.0,63898.0,86580.0,80449.0,80074.0,1868.0,25041.0,42519.0,85663.0,82731.0,93786.0,801.0,4953.0,29452.0,41652.0,40936.0,32469.0,58626.0,50127.0,65873.0,172909.0,201632.0,252978.0,906.0,1108.0,2813.0,5411.0,8873.0,7792.0,1197.0,1059.0,1030.0,1127.0,2663.0,35796.0,962.0,2176.0,14088.0,42968.0,67404.0,62065.0,1104.0,10648.0,23661.0,57043.0,129983.0,222760.0,,,898.0,869.0,,,1082.0,1095.0,16886.0,17287.0
1120,1420.5,247845.5,207321.5,185160.5,218471.5,210829.5,980.5,107701.5,151988.5,118344.5,69136.5,64146.5,1012.5,951.5,1615.5,23222.5,62629.5,60610.5,950.5,10690.5,16729.5,18907.5,15647.5,14015.5,1020.5,1953.5,4827.5,11633.5,15843.5,21924.5,1063.5,63107.5,64162.5,86849.5,80891.5,80550.5,1878.5,24876.5,42337.5,85445.5,82419.5,93262.5,809.5,4979.5,29615.5,41857.5,41024.5,32818.5,59611.5,50373.5,66009.5,172531.5,199842.5,253628.5,929.5,1112.5,2815.5,5383.5,8901.5,7800.5,1225.5,1073.5,1040.5,1135.5,2682.5,35748.5,958.5,2198.5,14188.5,43084.5,67448.5,60497.5,1113.5,10724.5,23697.5,57234.5,129756.5,224730.5,,,906.5,879.5,,,1072.5,1088.5,17706.5,17285.5
1140,1413.0,248689.0,206805.0,184422.0,217822.0,209380.0,977.0,107790.0,151256.0,120341.0,69076.0,64855.0,1014.0,952.0,1617.0,23066.0,62284.0,60473.0,946.0,10739.0,16768.0,18886.0,15634.0,14092.0,1035.0,1962.0,4816.0,11661.0,15811.0,21691.0,1057.0,63262.0,64042.0,87264.0,80935.0,80442.0,1899.0,24967.0,42213.0,85341.0,81964.0,92521.0,808.0,4934.0,29702.0,41996.0,40756.0,32597.0,59855.0,50475.0,65962.0,172016.0,199173.0,254160.0,926.0,1125.0,2832.0,5156.0,8900.0,7834.0,1228.0,1071.0,1042.0,1129.0,2666.0,35594.0,972.0,2184.0,14190.0,43107.0,68101.0,60934.0,1116.0,10653.0,23613.0,57306.0,128738.0,225487.0,,,903.0,874.0,,,1079.0,1098.0,16414.0,17360.0
1160,1434.0,249607.0,207683.0,182935.0,217311.0,208217.0,1007.0,107803.0,151795.0,121904.0,69078.0,65818.0,1043.0,968.0,1621.0,23164.0,62236.0,60350.0,969.0,10727.0,16815.0,18307.0,15646.0,14064.0,1040.0,1977.0,4852.0,11602.0,15879.0,21825.0,1078.0,63074.0,64149.0,87827.0,81136.0,80497.0,1917.0,24992.0,42170.0,85399.0,81441.0,92338.0,828.0,4947.0,29897.0,42057.0,40677.0,32462.0,60259.0,50761.0,69860.0,171511.0,199365.0,255712.0,940.0,1130.0,2850.0,5142.0,8981.0,7838.0,1256.0,1089.0,1056.0,1154.0,2687.0,35588.0,984.0,2191.0,14122.0,42923.0,68016.0,60723.0,1133.0,10744.0,23463.0,57269.0,139785.0,224538.0,,,911.0,910.0,,,1092.0,1103.0,16385.0,17396.0
1180,1457.5,250983.5,208099.5,182773.5,216844.5,207281.5,1018.5,107373.5,152127.5,123719.5,69331.5,66318.5,1046.5,978.5,1648.5,22964.5,61988.5,60198.5,970.5,10718.5,16853.5,18396.5,15680.5,14027.5,1054.5,1996.5,4820.5,11581.5,15900.5,21930.5,1084.5,62979.5,64114.5,87974.5,81902.5,81346.5,1957.5,24962.5,41966.5,85561.5,81297.5,92325.5,831.5,4960.5,30043.5,42220.5,40686.5,32425.5,60617.5,50969.5,70717.5,170994.5,199395.5,256844.5,948.5,1152.5,2862.5,5143.5,9040.5,7441.5,1268.5,1094.5,1068.5,1153.5,2711.5,35658.5,994.5,2203.5,14153.5,42940.5,68099.5,61297.5,1153.5,10737.5,23587.5,57277.5,134605.5,224631.5,,,943.5,903.5,,,1097.0,1123.0,17474.0,17272.0
1200,1468.5,251072.5,209269.5,181281.5,214897.5,206261.5,1018.5,106693.5,150931.5,125588.5,69062.5,66760.5,1065.5,989.5,1641.5,23002.5,61767.5,59995.5,991.5,10698.5,16806.5,18413.5,15679.5,14169.5,1066.5,1988.5,4844.5,11604.5,18990.5,21796.5,1092.5,62789.5,63921.5,88779.5,81565.5,81754.5,1948.5,24957.5,41826.5,85023.5,80990.5,91741.5,838.5,4922.5,29992.5,42256.5,40779.5,32210.5,61428.5,51021.5,70801.5,169627.5,198186.5,257292.5,958.5,1153.5,2867.5,5141.5,9121.5,7473.5,1293.5,1111.5,1080.5,1172.5,2703.5,35658.5,994.5,2213.5,14227.5,43156.5,68694.5,61655.5,1170.5,10708.5,23446.5,57008.5,132931.5,224664.5,,,952.5,913.5,,,1107.0,1125.0,16668.0,17593.0
1220,1491.5,253185.5,208927.5,181794.5,215018.5,206350.5,1039.5,107119.5,151692.5,127803.5,69277.5,67492.5,1080.5,994.5,1655.5,22991.5,61959.5,60088.5,996.5,10727.5,16849.5,18557.5,15845.5,14244.5,1082.5,1998.5,4866.5,11528.5,16696.5,21957.5,1104.5,63041.5,64469.5,88952.5,81997.5,81759.5,1991.5,24910.5,41837.5,85045.5,81387.5,91329.5,855.5,4963.5,30228.5,42503.5,40855.5,32382.5,61992.5,51216.5,70860.5,170045.5,199133.5,258625.5,964.5,1167.5,2873.5,5156.5,9145.5,7451.5,1306.5,1120.5,1090.5,1169.5,2703.5,35730.5,1009.5,2203.5,14212.5,42999.5,68843.5,61679.5,1183.5,10720.5,23413.5,56863.5,133318.5,223211.5,,,951.5,922.5,,,1113.5,1131.5,16668.5,17727.5
1240,1506.0,253685.0,209840.0,181475.0,213253.0,205201.0,1034.0,107481.0,152489.0,129846.0,68867.0,67899.0,1092.0,1015.0,1668.0,22938.0,61853.0,60315.0,1012.0,10689.0,16995.0,18465.0,15817.0,14461.0,1098.0,2012.0,4831.0,11476.0,16468.0,21886.0,1111.0,62825.0,64180.0,89340.0,82187.0,82313.0,1988.0,24760.0,41662.0,85379.0,80943.0,91146.0,855.0,4943.0,30139.0,42373.0,40877.0,32217.0,62186.0,51164.0,70374.0,168985.0,198544.0,258484.0,965.0,1189.0,2900.0,5182.0,9160.0,7480.0,1317.0,1132.0,1097.0,1176.0,2725.0,35702.0,1025.0,2219.0,14222.0,43126.0,68898.0,61621.0,1192.0,10741.0,23217.0,56559.0,132385.0,222582.0,,,951.0,925.0,,,1113.0,1159.0,17248.0,17819.0
1260,1513.0,253255.0,211180.0,180120.0,213501.0,203460.0,1059.0,107522.0,152432.0,131092.0,67814.0,68487.0,1110.0,1019.0,1675.0,22819.0,61681.0,59888.0,1007.0,10665.0,16832.0,18537.0,15811.0,14361.0,1120.0,2024.0,4840.0,11477.0,16463.0,21824.0,1114.0,62539.0,63593.0,89343.0,82301.0,82539.0,2003.0,24942.0,41578.0,85024.0,80186.0,90809.0,876.0,4963.0,30389.0,42547.0,40760.0,32074.0,62587.0,51458.0,70816.0,167387.0,197332.0,257676.0,992.0,1193.0,2916.0,5187.0,9198.0,7481.0,1341.0,1138.0,1094.0,1188.0,2707.0,35641.0,1037.0,2225.0,14213.0,42966.0,69338.0,62097.0,1198.0,10796.0,23165.0,56218.0,131159.0,221943.0,,,967.0,936.0,,,1126.5,1166.5,17000.5,17900.5
1280,1533.5,254205.5,213811.5,179574.5,212941.5,204023.5,1060.5,107440.5,152481.5,133209.5,68013.5,68658.5,1125.5,1034.5,1685.5,22852.5,61573.5,59641.5,1023.5,10667.5,17048.5,18565.5,15826.5,14596.5,1135.5,2021.5,4850.5,11452.5,16343.5,21788.5,1135.5,62571.5,63044.5,89787.5,82322.5,87701.5,2034.5,24960.5,41495.5,85059.5,79979.5,90384.5,889.5,4934.5,30269.5,42595.5,40693.5,31778.5,62630.5,51504.5,71005.5,166860.5,197276.5,258629.5,989.5,1205.5,2920.5,5157.5,9236.5,7499.5,1360.5,1153.5,1117.5,1197.5,2720.5,35573.5,1047.5,2234.5,14261.5,43065.5,69438.5,61566.5,1207.5,10820.5,23121.5,56168.5,130897.5,222580.5,,,981.5,930.5,,,1123.5,1168.5,17117.5,18187.5
1300,1554.0,253369.0,215168.0,178994.0,212144.0,203001.0,1072.0,107561.0,152869.0,133464.0,67928.0,68953.0,1127.0,1033.0,1699.0,22672.0,61206.0,59250.0,1026.0,10616.0,17011.0,18552.0,15787.0,15500.0,1131.0,2030.0,4828.0,11396.0,16194.0,21669.0,1137.0,62377.0,62624.0,89828.0,82336.0,84212.0,2046.0,24834.0,41395.0,84673.0,79404.0,89767.0,880.0,4941.0,30308.0,42515.0,40715.0,31827.0,62921.0,51619.0,70474.0,165807.0,195073.0,257758.0,997.0,1199.0,2909.0,5161.0,9223.0,7461.0,1367.0,1160.0,1111.0,1213.0,2721.0,35530.0,1047.0,2236.0,14222.0,42915.0,69401.0,61611.0,1208.0,10906.0,23167.0,55777.0,130328.0,220583.0,,,980.0,946.0,,,1131.0,1171.0,17686.0,18090.0
1320,1550.5,252573.5,217813.5,177297.5,210163.5,201484.5,1058.5,107497.5,152379.5,132930.5,67682.5,68986.5,1132.5,1037.5,1682.5,22578.5,61107.5,58952.5,1034.5,10508.5,16936.5,18520.5,15813.5,15419.5,1149.5,2024.5,4820.5,11440.5,16028.5,21566.5,1143.5,62163.5,62515.5,89571.5,82339.5,82721.5,2046.5,24786.5,41155.5,84319.5,78946.5,88952.5,892.5,4904.5,30238.5,42545.5,40483.5,31767.5,62874.5,51687.5,70238.5,164770.5,194041.5,257099.5,1005.5,1211.5,2919.5,5140.5,9186.5,7444.5,1374.5,1167.5,1122.5,1208.5,2714.5,35346.5,1040.5,2239.5,14167.5,42748.5,69464.5,61462.5,1205.5,11212.5,22983.5,55447.5,128957.5,218150.5,,,998.5,955.5,,,1128.0,1167.0,17915.0,17892.0
1340,1565.5,252728.5,222188.5,176773.5,209542.5,200469.5,1088.5,107740.5,152386.5,132266.5,67280.5,69120.5,1151.5,1038.5,1688.5,22499.5,60726.5,58782.5,1041.5,10532.5,16922.5,18483.5,15728.5,16086.5,1153.5,2027.5,4800.5,11291.5,15905.5,21602.5,1153.5,61846.5,61991.5,89594.5,82725.5,79886.5,2073.5,24766.5,40958.5,83947.5,78408.5,88541.5,897.5,4906.5,30176.5,42545.5,40320.5,31562.5,63126.5,51709.5,69824.5,163597.5,192583.5,256920.5,1000.5,1217.5,2919.5,5162.5,9229.5,7464.5,1387.5,1172.5,1119.5,1207.5,2706.5,35140.5,1051.5,2239.5,14125.5,42563.5,69143.5,61273.5,1211.5,11297.5,22951.5,55229.5,127630.5,216018.5,,,1002.5,954.5,,,1135.5,1182.5,17094.5,17781.5
1360,1585.0,250242.0,221447.0,176031.0,207849.0,199726.0,1084.0,107617.0,151999.0,132307.0,67181.0,69321.0,1167.0,1054.0,1694.0,22350.0,60357.0,58398.0,1055.0,10534.0,16895.0,18417.0,15719.0,15443.0,1169.0,2030.0,4777.0,11262.0,15821.0,21438.0,1166.0,61380.0,61778.0,89486.0,82265.0,80428.0,2085.0,24578.0,40590.0,83496.0,77847.0,87961.0,913.0,4884.0,30238.0,42359.0,40238.0,31396.0,63194.0,51520.0,69697.0,162505.0,192251.0,256289.0,1021.0,1229.0,2937.0,5125.0,9191.0,7422.0,1403.0,1181.0,1146.0,1229.0,2722.0,34946.0,1062.0,2235.0,14085.0,42457.0,68803.0,61055.0,1245.0,11343.0,22815.0,54965.0,126694.0,214737.0,,,1005.0,966.0,,,1150.5,1190.5,17592.5,17951.5
1380,1589.0,250219.0,226974.0,175241.0,207408.0,198387.0,1100.0,107498.0,151716.0,132120.0,67071.0,69128.0,1175.0,1074.0,1689.0,22256.0,59999.0,58094.0,1062.0,10436.0,16922.0,18423.0,15641.0,14995.0,1182.0,2047.0,4770.0,11167.0,15765.0,21609.0,1162.0,60981.0,61496.0,89462.0,81658.0,80281.0,2070.0,24623.0,40515.0,82936.0,77360.0,87218.0,910.0,4854.0,30180.0,42352.0,40037.0,31255.0,62893.0,51618.0,69470.0,160972.0,190163.0,255626.0,1020.0,1220.0,2924.0,5129.0,9178.0,7385.0,1418.0,1191.0,1136.0,1226.0,2700.0,34852.0,1064.0,2245.0,13998.0,42422.0,68931.0,60931.0,1239.0,11276.0,22789.0,54385.0,125895.0,212660.0,,,1014.0,967.0,,,1149.0,1195.0,16869.0,17802.0
