time,e16x33_0,e16x33_1,e16x33_2,e16x33_3,e16x33_4,e16x33_5,e16x33NrdA2_0,e16x33NrdA2_1,e16x33NrdA2_2,e16x33NrdA2_3,e16x33NrdA2_4,e16x33NrdA2_5,e20x33_0,e20x33_1,e20x33_2,e20x33_3,e20x33_4,e20x33_5,e20x32gp411_0,e20x32gp411_1,e20x32gp411_2,e20x32gp411_3,e20x32gp411_4,e20x32gp411_5,e32x33_0,e32x33_1,e32x33_2,e32x33_3,e32x33_4,e32x33_5,e32x30SspGyrB_0,e32x30SspGyrB_1,e32x30SspGyrB_2,e32x30SspGyrB_3,e32x30SspGyrB_4,e32x30SspGyrB_5,e34x33_0,e34x33_1,e34x33_2,e34x33_3,e34x33_4,e34x33_5,e34x30MjaKlbA_0,e34x30MjaKlbA_1,e34x30MjaKlbA_2,e34x30MjaKlbA_3,e34x30MjaKlbA_4,e34x30MjaKlbA_5,e38x33_0,e38x33_1,e38x33_2,e38x33_3,e38x33_4,e38x33_5,e38x32gp418_0,e38x32gp418_1,e38x32gp418_2,e38x32gp418_3,e38x32gp418_4,e38x32gp418_5,e41x33_0,e41x33_1,e41x33_2,e41x33_3,e41x33_4,e41x33_5,e41x32NrdJ1_0,e41x32NrdJ1_1,e41x32NrdJ1_2,e41x32NrdJ1_3,e41x32NrdJ1_4,e41x32NrdJ1_5,e42x33_0,e42x33_1,e42x33_2,e42x33_3,e42x33_4,e42x33_5,e42x32STIMPDH1_0,e42x32STIMPDH1_1,e42x32STIMPDH1_2,e42x32STIMPDH1_3,e42x32STIMPDH1_4,e42x32STIMPDH1_5,blank-kan_0,blank-kan_1,negative-control-kan_0,negative-control-kan_1,blank-amp_0,blank-amp_1,negative-control-amp_0,negative-control-amp_1,positive-control-amp_0,positive-control-amp_1
0,61.0,57.0,72.0,59.0,36.0,41.0,28.0,60.0,34.0,29.0,64.0,2.0,100.0,102.0,94.0,114.0,79.0,94.0,88.0,75.0,75.0,77.0,75.0,87.0,92.0,85.0,88.0,103.0,94.0,69.0,76.0,65.0,67.0,79.0,61.0,68.0,79.0,79.0,77.0,87.0,85.0,86.0,79.0,80.0,77.0,74.0,63.0,66.0,80.0,64.0,69.0,61.0,63.0,59.0,42.0,49.0,52.0,44.0,46.0,61.0,61.0,63.0,60.0,84.0,51.0,56.0,32.0,39.0,53.0,53.0,45.0,75.0,56.0,62.0,34.0,70.0,60.0,56.0,36.0,64.0,53.0,36.0,38.0,53.0,,,40.0,11.0,,,31.5,49.5,766.5,1134.5
20,44.5,48.5,22.5,58.5,44.5,37.5,34.5,29.5,35.5,33.5,43.5,29.5,77.5,71.5,84.5,79.5,72.5,81.5,63.5,59.5,65.5,59.5,57.5,67.5,73.5,64.5,68.5,69.5,65.5,51.5,53.5,36.5,62.5,47.5,55.5,56.5,71.5,87.5,69.5,71.5,64.5,77.5,56.5,54.5,58.5,58.5,56.5,47.5,67.5,67.5,66.5,58.5,55.5,52.5,49.5,43.5,46.5,47.5,39.5,32.5,58.5,67.5,68.5,66.5,59.5,58.5,47.5,56.5,45.5,47.5,40.5,54.5,52.5,59.5,41.5,44.5,53.5,49.5,46.5,50.5,44.5,20.5,14.5,25.5,,,21.5,9.5,,,43.0,48.0,639.0,699.0
40,52.5,55.5,20.5,41.5,52.5,33.5,34.5,34.5,33.5,41.5,41.5,31.5,75.5,79.5,65.5,64.5,70.5,67.5,59.5,70.5,52.5,56.5,47.5,62.5,62.5,51.5,50.5,54.5,55.5,48.5,42.5,39.5,54.5,50.5,40.5,50.5,68.5,71.5,71.5,65.5,59.5,54.5,61.5,63.5,53.5,55.5,58.5,57.5,65.5,69.5,60.5,60.5,57.5,48.5,34.5,45.5,53.5,46.5,43.5,39.5,67.5,64.5,69.5,69.5,57.5,59.5,52.5,45.5,43.5,51.5,41.5,48.5,64.5,57.5,52.5,48.5,43.5,59.5,40.5,40.5,38.5,25.5,26.5,39.5,,,26.5,17.5,,,25.5,37.5,837.5,905.5
60,52.0,41.0,37.0,40.0,50.0,41.0,44.0,53.0,33.0,41.0,40.0,34.0,90.0,83.0,85.0,67.0,65.0,77.0,61.0,67.0,70.0,63.0,64.0,83.0,67.0,54.0,64.0,70.0,58.0,46.0,48.0,42.0,60.0,63.0,59.0,67.0,87.0,77.0,67.0,71.0,65.0,67.0,44.0,66.0,52.0,66.0,46.0,62.0,74.0,72.0,63.0,66.0,64.0,58.0,51.0,42.0,49.0,53.0,48.0,61.0,78.0,72.0,73.0,59.0,51.0,61.0,63.0,51.0,52.0,45.0,56.0,55.0,65.0,66.0,49.0,51.0,69.0,60.0,42.0,51.0,42.0,25.0,31.0,50.0,,,36.0,24.0,,,30.5,40.5,1124.5,1198.5
80,70.5,64.5,41.5,60.5,63.5,28.5,44.5,48.5,58.5,59.5,53.5,40.5,101.5,85.5,96.5,83.5,78.5,83.5,78.5,75.5,71.5,82.5,62.5,77.5,80.5,64.5,68.5,76.5,81.5,57.5,58.5,54.5,61.5,61.5,67.5,72.5,85.5,91.5,93.5,87.5,78.5,76.5,73.5,73.5,58.5,68.5,65.5,77.5,80.5,69.5,74.5,69.5,62.5,71.5,47.5,59.5,57.5,59.5,53.5,59.5,82.5,72.5,81.5,73.5,64.5,72.5,64.5,58.5,59.5,64.5,47.5,62.5,75.5,85.5,57.5,62.5,66.5,52.5,49.5,58.5,47.5,50.5,27.5,46.5,,,36.5,24.5,,,36.5,47.5,1436.5,1494.5
100,56.5,57.5,32.5,41.5,62.5,47.5,50.5,40.5,37.5,45.5,47.5,38.5,88.5,85.5,86.5,92.5,72.5,85.5,73.5,76.5,66.5,70.5,65.5,77.5,68.5,63.5,62.5,63.5,60.5,53.5,51.5,44.5,64.5,59.5,59.5,56.5,83.5,81.5,85.5,69.5,82.5,84.5,65.5,65.5,68.5,60.5,64.5,74.5,73.5,74.5,71.5,60.5,59.5,66.5,51.5,50.5,42.5,44.5,45.5,61.5,75.5,77.5,76.5,63.5,57.5,64.5,50.5,52.5,51.5,48.5,47.5,52.5,67.5,57.5,47.5,62.5,63.5,52.5,41.5,42.5,45.5,39.5,20.5,49.5,,,31.5,20.5,,,44.5,60.5,1717.5,1780.5
120,59.5,64.5,33.5,53.5,59.5,53.5,42.5,58.5,49.5,48.5,45.5,48.5,110.5,93.5,96.5,96.5,89.5,107.5,81.5,85.5,72.5,83.5,58.5,86.5,82.5,69.5,68.5,81.5,72.5,63.5,43.5,49.5,60.5,80.5,70.5,79.5,89.5,101.5,86.5,96.5,107.5,96.5,62.5,63.5,69.5,67.5,66.5,81.5,79.5,68.5,70.5,80.5,73.5,76.5,51.5,54.5,50.5,70.5,62.5,73.5,82.5,80.5,76.5,71.5,59.5,58.5,58.5,54.5,60.5,64.5,62.5,69.5,67.5,80.5,57.5,68.5,68.5,62.5,44.5,56.5,55.5,36.5,40.5,58.5,,,26.5,29.5,,,61.0,74.0,2049.0,2161.0
140,86.5,85.5,62.5,68.5,77.5,62.5,74.5,75.5,62.5,50.5,65.5,62.5,129.5,140.5,117.5,128.5,117.5,133.5,101.5,90.5,107.5,100.5,93.5,106.5,107.5,92.5,90.5,104.5,104.5,97.5,90.5,71.5,87.5,90.5,101.5,105.5,102.5,121.5,116.5,111.5,165.5,158.5,94.5,88.5,104.5,96.5,101.5,113.5,96.5,91.5,83.5,97.5,114.5,98.5,74.5,86.5,84.5,75.5,74.5,81.5,95.5,89.5,98.5,87.5,79.5,83.5,73.5,83.5,77.5,75.5,81.5,91.5,78.5,79.5,65.5,86.5,83.5,74.5,72.5,65.5,61.5,60.5,55.5,65.5,,,53.5,30.5,,,66.5,93.5,2500.5,2674.5
160,116.0,103.0,89.0,88.0,119.0,87.0,101.0,87.0,77.0,89.0,84.0,81.0,159.0,164.0,253.0,366.0,586.0,867.0,124.0,117.0,125.0,145.0,156.0,193.0,132.0,103.0,110.0,275.0,323.0,157.0,97.0,93.0,134.0,123.0,352.0,276.0,129.0,157.0,164.0,164.0,450.0,288.0,109.0,116.0,123.0,128.0,137.0,175.0,123.0,114.0,120.0,120.0,168.0,164.0,101.0,95.0,89.0,100.0,108.0,134.0,100.0,110.0,111.0,118.0,102.0,128.0,101.0,106.0,103.0,108.0,112.0,131.0,96.0,93.0,90.0,94.0,91.0,100.0,86.0,104.0,88.0,92.0,82.0,81.0,,,75.0,47.0,,,110.5,127.5,3125.5,3437.5
180,151.0,142.0,204.0,150.0,1053.0,352.0,124.0,140.0,118.0,117.0,153.0,153.0,225.0,411.0,1351.0,1945.0,3539.0,4144.0,182.0,191.0,328.0,553.0,1140.0,1266.0,168.0,189.0,499.0,1691.0,2474.0,1085.0,151.0,169.0,585.0,489.0,2268.0,1908.0,186.0,421.0,1205.0,1047.0,2827.0,1776.0,165.0,186.0,270.0,242.0,611.0,862.0,156.0,170.0,235.0,417.0,717.0,670.0,124.0,153.0,168.0,162.0,300.0,335.0,144.0,159.0,190.0,510.0,256.0,505.0,136.0,146.0,177.0,180.0,215.0,226.0,130.0,127.0,121.0,128.0,134.0,183.0,120.0,116.0,121.0,147.0,141.0,177.0,,,106.0,74.0,,,164.5,183.5,4118.5,4623.5
200,215.0,251.0,991.0,605.0,4103.0,2578.0,172.0,191.0,216.0,230.0,560.0,534.0,350.0,1771.0,5164.0,6609.0,8499.0,9340.0,265.0,399.0,1474.0,2522.0,3593.0,3867.0,255.0,548.0,2251.0,5392.0,6593.0,4390.0,200.0,415.0,2216.0,1888.0,5567.0,5023.0,295.0,1406.0,4108.0,3837.0,6980.0,5583.0,217.0,396.0,1138.0,1203.0,1803.0,2511.0,207.0,394.0,1076.0,1846.0,2617.0,2551.0,192.0,269.0,449.0,502.0,844.0,917.0,200.0,374.0,600.0,2078.0,1322.0,2049.0,203.0,292.0,335.0,348.0,362.0,401.0,172.0,201.0,186.0,436.0,462.0,908.0,152.0,178.0,196.0,354.0,355.0,400.0,,,157.0,111.0,,,251.5,256.5,5500.5,6348.5
220,292.5,844.5,4305.5,3094.5,9628.5,6844.5,242.5,360.5,612.5,765.5,1667.5,1578.5,501.5,4561.5,11297.5,13084.5,15477.5,16532.5,357.5,1445.5,4509.5,6220.5,7634.5,8078.5,386.5,1997.5,6314.5,11364.5,12529.5,9213.5,295.5,1426.5,5744.5,5080.5,10200.5,9524.5,514.5,4248.5,9051.5,8700.5,12269.5,10526.5,307.5,1350.5,2572.5,3130.5,3161.5,4463.5,298.5,1323.5,3329.5,4726.5,5462.5,5284.5,271.5,593.5,1114.5,1217.5,1748.5,1847.5,296.5,1277.5,2003.5,4670.5,3533.5,4567.5,294.5,537.5,575.5,562.5,592.5,645.5,221.5,391.5,509.5,1523.5,1567.5,2437.5,203.5,313.5,417.5,622.5,677.5,692.5,,,193.5,161.5,,,324.0,340.0,7502.0,8705.0
240,378.5,2413.5,9805.5,8123.5,16965.5,13339.5,320.5,989.5,1806.5,2297.5,3677.5,3507.5,641.5,7694.5,18399.5,20412.5,23399.5,24542.5,458.5,3020.5,8322.5,10532.5,12526.5,13235.5,537.5,4687.5,12155.5,18322.5,19852.5,15728.5,397.5,3218.5,10299.5,9059.5,15787.5,15050.5,812.5,8599.5,15842.5,15251.5,19034.5,16746.5,440.5,3459.5,4713.5,5907.5,5020.5,6945.5,441.5,3545.5,7106.5,8918.5,9363.5,8975.5,361.5,1322.5,2249.5,2439.5,3115.5,3236.5,442.5,3156.5,4461.5,8118.5,6625.5,7852.5,412.5,919.5,912.5,866.5,904.5,998.5,307.5,1246.5,1682.5,3730.5,3801.5,4972.5,268.5,625.5,826.5,999.5,1107.5,1162.5,,,267.5,216.5,,,422.0,450.0,10160.0,11458.0
260,504.0,4795.0,17308.0,14472.0,25414.0,21172.0,414.0,2480.0,4096.0,5072.0,6743.0,6494.0,781.0,9911.0,23918.0,25436.0,32925.0,34167.0,562.0,4682.0,12804.0,14640.0,17986.0,18888.0,696.0,7870.0,18979.0,26022.0,28088.0,23157.0,534.0,5364.0,15916.0,13814.0,22105.0,21189.0,1137.0,13858.0,24156.0,23046.0,26922.0,24172.0,584.0,6448.0,7712.0,9374.0,7456.0,10128.0,628.0,6818.0,12166.0,14272.0,14143.0,13705.0,508.0,2542.0,3926.0,4235.0,4911.0,5119.0,618.0,5866.0,7789.0,12709.0,10781.0,12039.0,535.0,1535.0,1469.0,1375.0,1395.0,1527.0,405.0,2659.0,3553.0,6539.0,6644.0,8050.0,358.0,1066.0,1395.0,1504.0,1689.0,1725.0,,,341.0,284.0,,,520.5,540.5,12195.5,13072.5
280,626.5,7973.5,26407.5,23219.5,36233.5,30633.5,535.5,4887.5,8194.5,9902.5,11958.5,11303.5,911.5,11996.5,28903.5,30422.5,41151.5,42012.5,641.5,5936.5,16328.5,17562.5,24562.5,26106.5,856.5,11302.5,27072.5,34261.5,38066.5,32227.5,646.5,7342.5,22062.5,19038.5,29785.5,29186.5,1403.5,17951.5,32626.5,31931.5,36902.5,33310.5,739.5,9590.5,11690.5,13582.5,10839.5,14186.5,839.5,9622.5,16457.5,19300.5,20627.5,19943.5,632.5,3671.5,5837.5,6116.5,7158.5,7561.5,840.5,9609.5,12435.5,19435.5,16755.5,17926.5,699.5,2314.5,2284.5,2220.5,2199.5,2436.5,519.5,4766.5,6296.5,10208.5,10224.5,11735.5,435.5,1739.5,2215.5,2247.5,2471.5,2536.5,,,414.5,363.5,,,599.0,613.0,13501.0,14545.0
300,724.5,12421.5,37985.5,34163.5,48358.5,42316.5,623.5,7434.5,13166.5,15938.5,18257.5,17459.5,1017.5,13704.5,33744.5,35155.5,49645.5,49955.5,742.5,7101.5,19823.5,20286.5,30210.5,32181.5,1005.5,15313.5,36248.5,41472.5,49486.5,42398.5,775.5,9955.5,28865.5,25261.5,38126.5,38452.5,1656.5,21386.5,40096.5,39190.5,44517.5,42655.5,863.5,12532.5,15465.5,17401.5,14437.5,18722.5,1001.5,11552.5,19765.5,22833.5,25111.5,24897.5,751.5,4525.5,7319.5,7569.5,8773.5,9365.5,1047.5,13893.5,17647.5,27553.5,24173.5,25820.5,853.5,3031.5,3023.5,3028.5,3096.5,3398.5,646.5,7343.5,9738.5,15066.5,14857.5,16568.5,516.5,2724.5,3444.5,3222.5,3771.5,3678.5,,,480.5,424.5,,,666.5,686.5,14955.5,16427.5
320,831.0,17124.0,50267.0,46456.0,61585.0,55642.0,723.0,9498.0,17915.0,22007.0,25138.0,24220.0,1133.0,15224.0,38541.0,39829.0,57800.0,57845.0,837.0,8108.0,22950.0,23020.0,35530.0,38064.0,1151.0,18598.0,44371.0,48177.0,60001.0,55169.0,895.0,11692.0,33936.0,30189.0,44801.0,47575.0,1878.0,23868.0,47489.0,46261.0,52304.0,50579.0,992.0,14796.0,19049.0,21904.0,17874.0,23071.0,1166.0,13254.0,22317.0,25691.0,28641.0,28582.0,874.0,5192.0,8405.0,8634.0,9991.0,10697.0,1242.0,17986.0,22713.0,35654.0,31825.0,34934.0,990.0,3527.0,3708.0,3836.0,3944.0,4305.0,799.0,11224.0,15052.0,22315.0,21888.0,23330.0,639.0,3835.0,4720.0,4843.0,5522.0,5509.0,,,545.0,495.0,,,753.5,770.5,16512.5,18205.5
340,908.0,22032.0,62402.0,59772.0,75201.0,70365.0,800.0,11084.0,21667.0,27083.0,31389.0,30428.0,1234.0,16395.0,42349.0,43244.0,66090.0,65406.0,922.0,8907.0,25824.0,25266.0,40290.0,43501.0,1275.0,21020.0,51358.0,54307.0,70222.0,66746.0,977.0,12955.0,37792.0,34084.0,50122.0,55571.0,1992.0,25832.0,53661.0,52385.0,59390.0,58623.0,1073.0,16206.0,21683.0,25849.0,21003.0,27361.0,1293.0,14884.0,24830.0,28613.0,31878.0,32018.0,999.0,5771.0,9404.0,9607.0,11116.0,11809.0,1370.0,21192.0,26793.0,41943.0,37984.0,42305.0,1108.0,3858.0,4208.0,4467.0,4707.0,5141.0,914.0,14034.0,19194.0,29662.0,29655.0,32575.0,728.0,4453.0,5537.0,6157.0,6842.0,7294.0,,,603.0,553.0,,,798.5,840.5,17875.5,19793.5
360,1032.0,26605.0,73314.0,72119.0,87316.0,85362.0,917.0,12371.0,25010.0,31377.0,36840.0,35721.0,1334.0,17097.0,45234.0,45858.0,73268.0,72336.0,1011.0,9559.0,27977.0,26812.0,45113.0,48627.0,1394.0,23146.0,58040.0,59165.0,79648.0,77965.0,1102.0,13892.0,40996.0,37217.0,54670.0,62515.0,2138.0,27340.0,59556.0,58284.0,66955.0,65972.0,1172.0,17191.0,23663.0,28909.0,23027.0,30865.0,1453.0,16383.0,27343.0,31275.0,35084.0,35358.0,1108.0,6278.0,10300.0,10469.0,12202.0,12929.0,1500.0,24083.0,30619.0,48026.0,43685.0,49006.0,1254.0,4185.0,4693.0,5061.0,5406.0,5831.0,1053.0,16670.0,22841.0,36780.0,36956.0,41487.0,830.0,4864.0,6089.0,6982.0,7785.0,8739.0,,,683.0,637.0,,,878.5,926.5,19037.5,21026.5
380,1098.5,30534.5,81420.5,82866.5,96139.5,98811.5,992.5,13403.5,27643.5,35101.5,41487.5,40400.5,1393.5,17593.5,47391.5,47920.5,79421.5,78421.5,1078.5,9968.5,29498.5,28109.5,48844.5,53018.5,1479.5,24678.5,63076.5,62749.5,87448.5,88622.5,1184.5,14636.5,43545.5,39409.5,58548.5,68657.5,2226.5,28248.5,64383.5,62984.5,73714.5,73569.5,1270.5,17766.5,25162.5,31418.5,24450.5,33383.5,1563.5,17597.5,29372.5,33492.5,38022.5,38176.5,1206.5,6697.5,11068.5,11219.5,13050.5,13813.5,1614.5,26549.5,34367.5,53726.5,49193.5,55363.5,1326.5,4532.5,5124.5,5647.5,6036.5,6510.5,1148.5,18984.5,26239.5,43513.5,43902.5,49729.5,884.5,5230.5,6529.5,7619.5,8432.5,9631.5,,,755.5,701.5,,,942.0,975.0,19794.0,22078.0
400,1170.5,33687.5,87303.5,90639.5,102110.5,108549.5,1085.5,14179.5,29733.5,38202.5,45358.5,44331.5,1456.5,17909.5,48904.5,49068.5,84597.5,82754.5,1142.5,10180.5,30706.5,28864.5,51988.5,56283.5,1553.5,25738.5,66846.5,64931.5,93998.5,97204.5,1258.5,14878.5,45311.5,41028.5,61668.5,73312.5,2334.5,28970.5,68066.5,66491.5,79747.5,80105.5,1345.5,18111.5,26307.5,33393.5,25912.5,35580.5,1672.5,18673.5,31116.5,35701.5,40734.5,40903.5,1315.5,7014.5,11740.5,11837.5,13800.5,14654.5,1744.5,28854.5,37512.5,59103.5,54720.5,61425.5,1424.5,4811.5,5577.5,6181.5,6686.5,7249.5,1253.5,21032.5,29239.5,49866.5,50501.5,57892.5,946.5,5428.5,6851.5,7892.5,8801.5,10258.5,,,826.5,768.5,,,982.0,1017.0,20535.0,23104.0
420,1239.0,35825.0,91209.0,96258.0,104645.0,114911.0,1159.0,14629.0,31240.0,40431.0,48451.0,47096.0,1517.0,18134.0,49878.0,50256.0,88547.0,86300.0,1208.0,10349.0,31213.0,29190.0,54129.0,58758.0,1630.0,26484.0,69378.0,66907.0,98785.0,103411.0,1331.0,15119.0,46327.0,41899.0,63906.0,77203.0,2436.0,29405.0,70619.0,68951.0,84533.0,84727.0,1421.0,18316.0,27257.0,34745.0,26876.0,37729.0,1778.0,19491.0,32512.0,37254.0,42846.0,43113.0,1371.0,7256.0,12240.0,12369.0,14466.0,15370.0,1840.0,30782.0,40628.0,64826.0,60145.0,67303.0,1495.0,5102.0,5937.0,6694.0,7313.0,7917.0,1351.0,22697.0,31725.0,55576.0,56395.0,65295.0,1011.0,5542.0,6996.0,7930.0,8992.0,10616.0,,,877.0,838.0,,,1051.5,1077.5,21205.5,23898.5
440,1320.5,37850.5,93822.5,100685.5,105911.5,118714.5,1216.5,15048.5,32568.5,42465.5,51319.5,49781.5,1590.5,18351.5,51087.5,51270.5,91846.5,89388.5,1269.5,10407.5,31720.5,29613.5,55896.5,60838.5,1724.5,27114.5,71774.5,67877.5,101182.5,107991.5,1411.5,15245.5,46324.5,42290.5,65673.5,80205.5,2483.5,29715.5,73116.5,71166.5,88097.5,89181.5,1481.5,18425.5,27747.5,35863.5,27830.5,39408.5,1880.5,20176.5,33913.5,38800.5,44771.5,45130.5,1469.5,7454.5,12613.5,12700.5,14960.5,15948.5,1937.5,32411.5,43085.5,69945.5,65206.5,72973.5,1574.5,5298.5,6289.5,7120.5,7913.5,8527.5,1450.5,24421.5,34180.5,60973.5,62045.5,72253.5,1081.5,5754.5,7140.5,7989.5,9057.5,10803.5,,,928.5,892.5,,,1094.5,1141.5,21701.5,24679.5
460,1364.5,39391.5,95815.5,103139.5,106602.5,120660.5,1279.5,15305.5,33353.5,43778.5,53540.5,51677.5,1630.5,18473.5,51304.5,51238.5,93270.5,90692.5,1307.5,10524.5,31966.5,29604.5,57357.5,61999.5,1788.5,27632.5,72808.5,68525.5,103370.5,111278.5,1458.5,15316.5,46610.5,42532.5,66614.5,81819.5,2555.5,29992.5,74001.5,72974.5,91241.5,92937.5,1528.5,18376.5,27982.5,36203.5,28480.5,40840.5,1948.5,20843.5,35030.5,40166.5,46401.5,46829.5,1522.5,7618.5,12893.5,12898.5,15339.5,16315.5,1995.5,33782.5,45479.5,75192.5,70154.5,78554.5,1646.5,5457.5,6544.5,7470.5,8403.5,9047.5,1499.5,25885.5,36162.5,66277.5,67334.5,79115.5,1113.5,6152.5,7328.5,7935.5,9021.5,10680.5,,,964.5,935.5,,,1138.0,1161.0,22101.0,25538.0
480,1409.5,40239.5,96775.5,104841.5,106462.5,121573.5,1352.5,15349.5,33678.5,44366.5,54364.5,52749.5,1668.5,18466.5,51232.5,50869.5,93066.5,90736.5,1376.5,10534.5,31859.5,29609.5,58227.5,63010.5,1842.5,27744.5,73410.5,68372.5,104806.5,113116.5,1523.5,15341.5,46371.5,42533.5,67024.5,82844.5,2614.5,29957.5,74091.5,72761.5,91063.5,94234.5,1576.5,18406.5,28235.5,36743.5,29143.5,42392.5,2008.5,21279.5,35674.5,40948.5,47667.5,48119.5,1577.5,7765.5,13208.5,13233.5,15875.5,16752.5,2080.5,34772.5,46925.5,79360.5,74626.5,83815.5,1719.5,5646.5,6825.5,7796.5,8810.5,9528.5,1567.5,27069.5,37868.5,70611.5,72055.5,85297.5,1159.5,6598.5,7838.5,7871.5,9055.5,10522.5,,,1026.5,983.5,,,1175.5,1212.5,22497.5,26213.5
500,1465.0,40841.0,98256.0,105924.0,106234.0,121465.0,1385.0,15265.0,33498.0,44598.0,54602.0,53355.0,1728.0,18314.0,51264.0,51058.0,92951.0,90684.0,1388.0,10475.0,31497.0,29137.0,57810.0,62877.0,1881.0,27782.0,73528.0,68041.0,105133.0,114322.0,1547.0,15226.0,46099.0,42236.0,66573.0,83229.0,2657.0,29824.0,74378.0,72741.0,90792.0,93620.0,1647.0,18283.0,27924.0,36580.0,29331.0,43479.0,2050.0,21430.0,35844.0,41255.0,48024.0,48995.0,1626.0,7836.0,13326.0,13269.0,15880.0,17008.0,2130.0,35467.0,48031.0,82894.0,77862.0,87475.0,1764.0,5759.0,6955.0,7956.0,9005.0,9744.0,1660.0,27922.0,39192.0,74685.0,76231.0,91021.0,1221.0,6860.0,8289.0,7795.0,9007.0,10314.0,,,1069.0,1033.0,,,1209.0,1251.0,22807.0,26815.0
520,1493.5,41533.5,100019.5,107742.5,106338.5,122023.5,1425.5,15315.5,33831.5,44663.5,55171.5,53738.5,1767.5,18449.5,51197.5,51236.5,93697.5,91023.5,1427.5,10509.5,31378.5,29024.5,57811.5,63346.5,1925.5,27819.5,73521.5,67744.5,105906.5,116166.5,1586.5,15323.5,46136.5,42389.5,67093.5,83897.5,2710.5,29818.5,74776.5,72909.5,91720.5,94431.5,1675.5,18225.5,27748.5,36622.5,29508.5,44391.5,2112.5,21677.5,36375.5,41665.5,48663.5,49468.5,1662.5,7897.5,13472.5,13427.5,16039.5,17102.5,2190.5,35841.5,48952.5,84892.5,79892.5,90945.5,1799.5,5870.5,6989.5,8130.5,9188.5,10006.5,1700.5,28733.5,40168.5,77786.5,79732.5,96325.5,1263.5,7167.5,8703.5,7800.5,9036.5,10118.5,,,1114.5,1066.5,,,1231.0,1268.0,23170.0,27329.0
540,1532.5,42496.5,100885.5,109897.5,106767.5,123232.5,1468.5,15391.5,34031.5,45196.5,55706.5,54237.5,1786.5,18421.5,51380.5,51040.5,94256.5,90894.5,1463.5,10474.5,31089.5,28792.5,57836.5,63075.5,1950.5,27777.5,73471.5,67794.5,106474.5,116089.5,1632.5,15298.5,46050.5,42296.5,67002.5,84873.5,2775.5,29862.5,75407.5,73336.5,91910.5,94691.5,1718.5,18071.5,27519.5,36300.5,29510.5,45270.5,2166.5,21829.5,36790.5,42018.5,48971.5,49867.5,1705.5,7915.5,13512.5,13441.5,16101.5,17177.5,2250.5,36400.5,49325.5,86531.5,81439.5,92424.5,1834.5,5928.5,7093.5,8168.5,9327.5,10155.5,1764.5,29240.5,40792.5,79588.5,82129.5,99074.5,1302.5,7440.5,9054.5,7862.5,9212.5,9977.5,,,1135.5,1110.5,,,1257.0,1295.0,23315.0,27897.0
560,1569.5,43116.5,102584.5,110995.5,107386.5,124479.5,1505.5,15453.5,34109.5,45389.5,56040.5,54690.5,1819.5,18424.5,51431.5,51256.5,94124.5,91620.5,1489.5,10468.5,31010.5,28733.5,57414.5,63004.5,1983.5,27977.5,72873.5,67506.5,105998.5,116031.5,1648.5,15138.5,45565.5,41807.5,66399.5,84496.5,2795.5,29877.5,76082.5,73325.5,92687.5,95193.5,1748.5,17911.5,27247.5,35986.5,29331.5,45941.5,2189.5,22029.5,36978.5,42333.5,49113.5,49861.5,1747.5,7969.5,13477.5,13466.5,16106.5,17205.5,2275.5,36642.5,49441.5,87486.5,82741.5,94086.5,1890.5,5937.5,7079.5,8200.5,9358.5,10298.5,1837.5,29582.5,41273.5,81449.5,83436.5,100442.5,1344.5,7658.5,9287.5,7993.5,9428.5,9706.5,,,1159.5,1126.5,,,1286.0,1341.0,23635.0,28330.0
580,1609.0,44124.0,104546.0,113665.0,107971.0,126140.0,1531.0,15445.0,34084.0,45187.0,56438.0,54783.0,1845.0,18475.0,51570.0,51321.0,94701.0,92055.0,1507.0,10458.0,30762.0,28562.0,57017.0,62699.0,2050.0,27960.0,72813.0,67385.0,105579.0,115483.0,1690.0,15135.0,45272.0,41416.0,65682.0,84390.0,2818.0,29939.0,76593.0,74155.0,93738.0,95800.0,1789.0,17840.0,27113.0,35833.0,29552.0,46821.0,2215.0,22201.0,37336.0,42768.0,49621.0,50490.0,1763.0,7963.0,13593.0,13487.0,16160.0,17339.0,2320.0,37047.0,49900.0,88799.0,84091.0,95853.0,1914.0,5969.0,7141.0,8192.0,9382.0,10338.0,1848.0,30088.0,41704.0,82557.0,84714.0,101418.0,1372.0,7806.0,9568.0,8204.0,9686.0,9503.0,,,1183.0,1148.0,,,1322.0,1355.0,23759.0,28544.0
600,1625.5,45213.5,105610.5,115571.5,109518.5,128288.5,1544.5,15429.5,34172.5,45414.5,56568.5,55132.5,1873.5,18377.5,51441.5,51122.5,94866.5,92009.5,1537.5,10377.5,30646.5,28306.5,56924.5,62565.5,2047.5,27930.5,72638.5,67253.5,105764.5,115320.5,1689.5,15018.5,45233.5,41336.5,65344.5,84565.5,2855.5,30063.5,77426.5,74996.5,94691.5,96673.5,1789.5,17712.5,26888.5,35711.5,29309.5,47600.5,2236.5,22382.5,37600.5,43180.5,50005.5,50894.5,1799.5,7985.5,13489.5,13508.5,16112.5,17241.5,2316.5,37148.5,50296.5,89723.5,85005.5,97250.5,1938.5,5998.5,7190.5,8181.5,9341.5,10350.5,1864.5,30392.5,42213.5,83585.5,85848.5,102975.5,1398.5,7939.5,9716.5,8288.5,9825.5,9335.5,,,1200.5,1173.5,,,1352.0,1392.0,24041.0,28752.0
620,1659.5,45712.5,106889.5,117074.5,110025.5,129596.5,1567.5,15459.5,34204.5,45729.5,56628.5,55123.5,1867.5,18472.5,51451.5,51214.5,95573.5,92737.5,1548.5,10415.5,30428.5,28308.5,56301.5,62537.5,2077.5,27798.5,72227.5,66648.5,104935.5,114978.5,1734.5,14912.5,44858.5,40847.5,64839.5,84435.5,2886.5,30040.5,77892.5,74961.5,95191.5,98006.5,1803.5,17758.5,26738.5,35553.5,29438.5,48211.5,2279.5,22439.5,37733.5,43531.5,50165.5,50930.5,1795.5,8020.5,13609.5,13464.5,16168.5,17283.5,2369.5,37247.5,50273.5,90609.5,85541.5,97779.5,1955.5,6007.5,7093.5,8231.5,9351.5,10421.5,1912.5,30724.5,42471.5,84433.5,86378.5,103887.5,1460.5,8078.5,9884.5,8438.5,9931.5,9321.5,,,1219.5,1199.5,,,1351.0,1412.0,24115.0,28953.0
640,1683.5,46296.5,108512.5,118073.5,109791.5,130278.5,1585.5,15524.5,34205.5,45695.5,56731.5,55067.5,1905.5,18535.5,51343.5,51242.5,96063.5,92645.5,1563.5,10333.5,30248.5,28100.5,55700.5,61817.5,2100.5,28048.5,71853.5,66056.5,104696.5,114738.5,1739.5,14768.5,44252.5,39996.5,64351.5,82688.5,2906.5,30247.5,78189.5,75538.5,96029.5,98898.5,1840.5,17566.5,26425.5,35195.5,29275.5,49160.5,2305.5,22523.5,37964.5,43495.5,50565.5,51065.5,1846.5,8024.5,13626.5,13447.5,16128.5,17220.5,2434.5,37449.5,50398.5,91160.5,86348.5,98631.5,1999.5,6044.5,7167.5,8253.5,9416.5,10475.5,1948.5,30910.5,43002.5,84948.5,87404.5,104539.5,1489.5,8156.5,10065.5,8434.5,10045.5,9382.5,,,1233.5,1238.5,,,1402.0,1444.0,24105.0,29086.0
660,1716.0,47138.0,109165.0,119637.0,109622.0,130783.0,1621.0,15522.0,34210.0,45658.0,56551.0,55362.0,1950.0,18547.0,51781.0,51221.0,96643.0,93317.0,1600.0,10328.0,30206.0,27887.0,55410.0,61819.0,2130.0,27941.0,71191.0,65650.0,104295.0,114525.0,1760.0,14640.0,43919.0,39866.0,64029.0,82813.0,2926.0,30275.0,78619.0,75627.0,96847.0,99603.0,1855.0,17578.0,26464.0,35149.0,29142.0,50402.0,2344.0,22633.0,37988.0,43754.0,50601.0,51365.0,1863.0,8003.0,13579.0,13398.0,16088.0,17222.0,2424.0,37635.0,50462.0,91714.0,87065.0,98992.0,2014.0,6064.0,7218.0,8264.0,9411.0,10523.0,1972.0,31357.0,43250.0,85860.0,87715.0,104876.0,1520.0,8272.0,10148.0,8495.0,10147.0,9499.0,,,1270.0,1246.0,,,1400.5,1433.5,24281.5,29152.5
680,1704.5,47721.5,110050.5,120892.5,109362.5,130728.5,1630.5,15566.5,34249.5,45558.5,56620.5,55229.5,1943.5,18550.5,51599.5,51139.5,96693.5,93308.5,1601.5,10299.5,29866.5,27508.5,54907.5,61143.5,2134.5,27960.5,71026.5,65373.5,103607.5,113774.5,1772.5,14438.5,43893.5,39398.5,63545.5,82720.5,2956.5,30315.5,79129.5,76233.5,97206.5,99868.5,1868.5,17482.5,26194.5,34753.5,29055.5,51065.5,2343.5,22646.5,38211.5,43878.5,50805.5,51379.5,1870.5,8052.5,13698.5,13394.5,16057.5,17139.5,2446.5,37484.5,50238.5,91923.5,87423.5,99679.5,2022.5,6074.5,7204.5,8237.5,9290.5,10300.5,1977.5,31522.5,43227.5,86308.5,88241.5,104530.5,1532.5,8298.5,10196.5,8541.5,10128.5,9594.5,,,1267.5,1247.5,,,1432.5,1472.5,24314.5,29259.5
700,1769.0,48581.0,110958.0,121587.0,109599.0,131669.0,1660.0,15636.0,34404.0,45698.0,56889.0,55359.0,1982.0,18435.0,51784.0,51442.0,96858.0,93928.0,1631.0,10304.0,29760.0,27535.0,54636.0,60984.0,2155.0,28041.0,70613.0,65134.0,103237.0,113742.0,1795.0,14335.0,43422.0,39191.0,61746.0,82646.0,2960.0,30483.0,79737.0,76650.0,97525.0,99640.0,1891.0,17479.0,25905.0,34778.0,29023.0,51774.0,2371.0,22851.0,38427.0,44011.0,51019.0,51584.0,1901.0,8077.0,13709.0,13490.0,16013.0,17275.0,2469.0,37642.0,50524.0,92104.0,87712.0,100190.0,2023.0,6078.0,7197.0,8250.0,9361.0,10367.0,2026.0,31439.0,43610.0,86788.0,88510.0,105677.0,1562.0,8321.0,10120.0,8640.0,10181.0,9590.0,,,1289.0,1278.0,,,1433.5,1494.5,24349.5,29414.5
720,1780.0,49244.0,111687.0,122128.0,109354.0,132240.0,1674.0,15618.0,34359.0,45937.0,56798.0,55851.0,2008.0,18427.0,51656.0,51101.0,97206.0,94149.0,1656.0,10352.0,29642.0,27386.0,54392.0,60958.0,2181.0,28028.0,71887.0,64624.0,103402.0,113234.0,1810.0,14379.0,42706.0,39168.0,61495.0,82727.0,2995.0,30451.0,79727.0,77219.0,97991.0,99830.0,1905.0,17430.0,25819.0,34607.0,28662.0,52483.0,2393.0,22922.0,38676.0,44302.0,51186.0,51850.0,1908.0,8066.0,13720.0,13465.0,16041.0,17254.0,2489.0,37925.0,50035.0,92353.0,87619.0,100558.0,2076.0,6097.0,7201.0,8176.0,9363.0,10363.0,2071.0,31539.0,43563.0,86841.0,88483.0,106174.0,1598.0,8331.0,10161.0,8606.0,10206.0,9614.0,,,1301.0,1292.0,,,1456.5,1493.5,24359.5,29621.5
740,1834.0,49699.0,111813.0,123703.0,108773.0,133257.0,1696.0,15645.0,34251.0,45998.0,56869.0,55997.0,2012.0,18504.0,51346.0,51058.0,97257.0,93732.0,1675.0,10317.0,29446.0,27318.0,54005.0,60705.0,2202.0,27964.0,71515.0,64404.0,102260.0,112497.0,1818.0,14189.0,42751.0,38881.0,61455.0,83166.0,3042.0,30348.0,79925.0,77263.0,98423.0,116051.0,1943.0,17311.0,25752.0,34509.0,28821.0,53072.0,2426.0,22918.0,38677.0,44561.0,51224.0,52024.0,1934.0,8085.0,13764.0,13463.0,16048.0,17220.0,2519.0,37622.0,49993.0,92754.0,88286.0,100846.0,2076.0,6173.0,7238.0,8235.0,9345.0,10391.0,2086.0,31464.0,43497.0,86386.0,88506.0,106133.0,1609.0,8391.0,10203.0,8703.0,10270.0,9715.0,,,1323.0,1296.0,,,1472.5,1502.5,24518.5,29693.5
760,1840.5,49973.5,112520.5,124617.5,108227.5,133163.5,1712.5,15717.5,34351.5,46008.5,57029.5,55720.5,2043.5,18426.5,51188.5,50956.5,97292.5,94643.5,1688.5,10254.5,29384.5,27208.5,53639.5,60435.5,2237.5,28139.5,71242.5,63857.5,101874.5,112437.5,1823.5,14201.5,42585.5,38514.5,60626.5,82855.5,3051.5,30457.5,80276.5,77647.5,97953.5,114628.5,1956.5,17344.5,25491.5,34192.5,28699.5,53852.5,2437.5,22970.5,38863.5,44728.5,53790.5,52371.5,1956.5,8068.5,13664.5,13483.5,15886.5,17251.5,2527.5,37684.5,49741.5,92736.5,88524.5,101261.5,2104.5,6117.5,7234.5,8185.5,9337.5,10410.5,2134.5,31555.5,43516.5,86882.5,88531.5,106413.5,1632.5,8391.5,10271.5,8700.5,10267.5,9768.5,,,1342.5,1310.5,,,1482.5,1514.5,24473.5,29860.5
780,1882.5,50650.5,113321.5,126569.5,108746.5,133423.5,1733.5,15755.5,34553.5,46228.5,57684.5,57492.5,2071.5,18360.5,50988.5,50631.5,97150.5,94496.5,1676.5,10278.5,29280.5,27184.5,53917.5,60800.5,2272.5,27858.5,70615.5,63348.5,101934.5,111885.5,1847.5,14198.5,42669.5,38350.5,60429.5,83419.5,3093.5,30559.5,80229.5,77572.5,98394.5,114977.5,1956.5,17272.5,25414.5,34365.5,28646.5,54641.5,2489.5,23131.5,39245.5,45021.5,53971.5,53105.5,1965.5,8118.5,13739.5,13506.5,15993.5,17279.5,2587.5,37685.5,49889.5,92605.5,88607.5,101362.5,2117.5,6185.5,7222.5,8235.5,9341.5,10531.5,2156.5,31850.5,43547.5,86713.5,88689.5,106759.5,1652.5,8454.5,10330.5,8729.5,10288.5,9825.5,,,1350.5,1339.5,,,1486.5,1537.5,24691.5,29954.5
800,1883.0,51018.0,113989.0,126437.0,107041.0,133508.0,1737.0,15727.0,34550.0,46102.0,57716.0,58031.0,2107.0,18281.0,50825.0,50302.0,96505.0,94023.0,1703.0,10269.0,29046.0,27064.0,53194.0,60365.0,2278.0,27984.0,70118.0,62648.0,101115.0,111064.0,1855.0,14224.0,42324.0,38033.0,59892.0,83458.0,3105.0,30220.0,80199.0,77778.0,97768.0,114874.0,1974.0,17316.0,25326.0,34203.0,28639.0,55136.0,2493.0,22798.0,39030.0,45112.0,54190.0,52912.0,1978.0,8217.0,13663.0,13471.0,15879.0,17250.0,2601.0,37610.0,49512.0,91886.0,88444.0,101185.0,2118.0,6157.0,7190.0,8216.0,9273.0,10420.0,2166.0,31744.0,43293.0,85888.0,88019.0,106136.0,1680.0,8419.0,10286.0,8726.0,10298.0,9840.0,,,1370.0,1341.0,,,1495.5,1561.5,24564.5,30050.5
820,1904.5,51211.5,114139.5,127203.5,106306.5,132869.5,1775.5,15744.5,34464.5,46088.5,57752.5,56658.5,2133.5,18159.5,50695.5,50197.5,96551.5,93781.5,1744.5,10249.5,28960.5,26852.5,52441.5,60222.5,2295.5,27687.5,69588.5,62242.5,100606.5,111169.5,1880.5,14121.5,42247.5,37833.5,59729.5,83596.5,3126.5,30166.5,80266.5,77525.5,98191.5,115396.5,2003.5,17210.5,25193.5,34118.5,28605.5,51231.5,2510.5,22887.5,39017.5,45132.5,54458.5,52729.5,2000.5,8192.5,13660.5,13365.5,15868.5,17263.5,2613.5,37363.5,50310.5,91641.5,87803.5,100507.5,2138.5,6149.5,7268.5,8214.5,9220.5,10480.5,2208.5,31693.5,43176.5,85699.5,87797.5,105949.5,1701.5,8397.5,10323.5,8750.5,10288.5,9882.5,,,1393.5,1376.5,,,1526.0,1554.0,24578.0,30078.0
840,1923.0,51528.0,114427.0,128262.0,105351.0,133191.0,1783.0,15796.0,34467.0,46136.0,58045.0,58965.0,2152.0,18134.0,50152.0,49904.0,95936.0,93491.0,1754.0,10218.0,28732.0,26736.0,52086.0,60045.0,2317.0,27788.0,68984.0,61689.0,100128.0,110170.0,1896.0,14108.0,42115.0,37530.0,59001.0,83415.0,3177.0,30206.0,81083.0,78371.0,97178.0,115326.0,2018.0,17143.0,25052.0,34030.0,28318.0,52293.0,2534.0,22851.0,39057.0,45134.0,54726.0,53151.0,2016.0,8180.0,13677.0,13394.0,15831.0,17358.0,2667.0,37278.0,50059.0,91122.0,87620.0,100140.0,2163.0,6167.0,7231.0,8217.0,9248.0,10553.0,2228.0,31501.0,43264.0,85032.0,87084.0,104857.0,1717.0,8450.0,10375.0,8749.0,10369.0,9970.0,,,1398.0,1383.0,,,1532.5,1567.5,24687.5,30429.5
860,1950.0,52201.0,114662.0,127971.0,105025.0,133311.0,1796.0,15807.0,34477.0,46019.0,58110.0,57776.0,2172.0,18089.0,50200.0,49587.0,95301.0,92654.0,1761.0,10137.0,28600.0,26477.0,51892.0,59574.0,2371.0,27572.0,68258.0,61246.0,99517.0,109797.0,1916.0,14061.0,42169.0,37235.0,58739.0,83552.0,3198.0,29900.0,80722.0,78275.0,96884.0,115509.0,2032.0,17128.0,24997.0,33874.0,28279.0,52543.0,2559.0,22872.0,38924.0,45288.0,54903.0,53314.0,2045.0,8175.0,13661.0,13369.0,15816.0,17227.0,2669.0,37298.0,49739.0,91006.0,87017.0,99833.0,2185.0,6163.0,7265.0,8178.0,9227.0,10549.0,2251.0,31591.0,42709.0,84843.0,87008.0,104944.0,1734.0,8433.0,10285.0,8858.0,10325.0,10051.0,,,1434.0,1395.0,,,1550.5,1590.5,24694.5,30536.5
880,1983.5,52456.5,114910.5,128189.5,104173.5,132867.5,1827.5,15754.5,34433.5,46122.5,57900.5,56760.5,2205.5,17984.5,49751.5,49788.5,95232.5,92737.5,1757.5,10142.5,28433.5,26461.5,51687.5,59397.5,2371.5,27509.5,68112.5,60901.5,99247.5,109291.5,1926.5,13991.5,41872.5,37212.5,58665.5,83664.5,3256.5,29966.5,80729.5,78931.5,96698.5,115755.5,2043.5,17079.5,24808.5,34065.5,28191.5,53179.5,2583.5,22992.5,38957.5,45410.5,55094.5,58524.5,2040.5,8237.5,13650.5,13423.5,15821.5,17215.5,2688.5,37158.5,49568.5,91007.5,87393.5,100167.5,2205.5,6176.5,7242.5,8209.5,9257.5,10551.5,2294.5,31574.5,42660.5,84758.5,86373.5,104477.5,1733.5,8442.5,10392.5,8800.5,10377.5,10139.5,,,1437.5,1419.5,,,1563.5,1596.5,24804.5,30785.5
900,2002.5,53015.5,114423.5,128863.5,104023.5,133108.5,1841.5,15815.5,34507.5,46310.5,58567.5,57177.5,2204.5,17914.5,49550.5,49215.5,94702.5,92169.5,1786.5,10159.5,28354.5,26338.5,51170.5,59335.5,2409.5,27431.5,67456.5,60422.5,98178.5,108516.5,1932.5,13961.5,41673.5,36900.5,57845.5,83915.5,3320.5,29777.5,80324.5,78727.5,96421.5,116034.5,2073.5,17010.5,24563.5,33620.5,28061.5,53435.5,2621.5,23033.5,38945.5,45248.5,55427.5,58931.5,2061.5,8184.5,13544.5,13353.5,15788.5,17289.5,2730.5,36833.5,49210.5,90338.5,86548.5,98918.5,2205.5,6211.5,7242.5,8194.5,9218.5,10325.5,2344.5,31499.5,42556.5,83718.5,85561.5,103547.5,1771.5,12396.5,10479.5,8818.5,10450.5,10312.5,,,1453.5,1414.5,,,1558.5,1617.5,24843.5,30933.5
920,2042.0,53843.0,114129.0,128734.0,103166.0,133167.0,1883.0,15822.0,34438.0,46386.0,58013.0,57785.0,2235.0,17884.0,49322.0,49220.0,94912.0,91837.0,1801.0,10097.0,28140.0,26289.0,51047.0,59497.0,2442.0,27425.0,66938.0,60013.0,98120.0,108193.0,1947.0,13934.0,41757.0,36720.0,57952.0,84270.0,3342.0,29570.0,80255.0,93877.0,95946.0,115239.0,2082.0,16981.0,24611.0,33454.0,28143.0,54035.0,2648.0,23001.0,38862.0,45316.0,55411.0,60738.0,2091.0,8206.0,13631.0,13430.0,15776.0,17349.0,2771.0,36819.0,49050.0,89720.0,86439.0,98943.0,2228.0,6207.0,7251.0,8219.0,9242.0,10294.0,2356.0,31634.0,42457.0,83874.0,85543.0,103408.0,1771.0,12392.0,13726.0,8811.0,10571.0,10821.0,,,1466.0,1409.0,,,1571.5,1606.5,24885.5,31071.5
940,2074.5,53999.5,114360.5,130233.5,102807.5,132534.5,1884.5,15919.5,34761.5,46326.5,58151.5,56892.5,2300.5,17799.5,49144.5,48682.5,93892.5,91101.5,1823.5,10116.5,28040.5,26152.5,50589.5,59078.5,2441.5,27218.5,66196.5,59648.5,97218.5,107459.5,1978.5,13902.5,41719.5,36508.5,57251.5,83988.5,3343.5,29657.5,80405.5,83327.5,95681.5,129339.5,2107.5,16914.5,24488.5,33505.5,28023.5,54448.5,2667.5,23008.5,39017.5,45364.5,55570.5,61262.5,2089.5,8189.5,13595.5,13452.5,15658.5,17452.5,2789.5,36459.5,48860.5,89026.5,86467.5,98181.5,2231.5,6211.5,7239.5,8246.5,9223.5,10345.5,2397.5,31694.5,42061.5,83115.5,85165.5,103163.5,1778.5,12329.5,18575.5,8876.5,10772.5,15296.5,,,1471.5,1441.5,,,1606.5,1655.5,24924.5,31326.5
960,2112.5,54408.5,114074.5,129781.5,101783.5,132369.5,1922.5,15963.5,34756.5,46477.5,58133.5,57083.5,2290.5,17746.5,49390.5,48629.5,93571.5,90991.5,1843.5,10092.5,27802.5,26151.5,50177.5,58832.5,2510.5,27083.5,65887.5,59232.5,96559.5,106865.5,1974.5,13752.5,41346.5,36367.5,57120.5,84167.5,3378.5,29436.5,79801.5,77916.5,94882.5,128514.5,2116.5,16876.5,24471.5,33173.5,28599.5,54479.5,2700.5,22965.5,39046.5,45232.5,55750.5,62271.5,2115.5,8175.5,13510.5,13363.5,15647.5,17447.5,2799.5,36233.5,48885.5,88659.5,85905.5,97894.5,2277.5,6228.5,7296.5,8203.5,9161.5,10389.5,2424.5,31644.5,42050.5,82442.5,84286.5,102223.5,1826.5,12667.5,16853.5,8985.5,10925.5,20142.5,,,1499.5,1476.5,,,1596.5,1658.5,24980.5,31562.5
980,2102.0,55534.0,114187.0,130211.0,100880.0,132403.0,1933.0,15936.0,34864.0,46633.0,58529.0,57148.0,2316.0,17691.0,48804.0,48442.0,93161.0,90339.0,1850.0,10073.0,27819.0,25994.0,50009.0,58881.0,2508.0,26993.0,65202.0,58698.0,96350.0,106791.0,1991.0,13731.0,41434.0,36196.0,56981.0,84459.0,3379.0,29380.0,80078.0,77245.0,94544.0,128898.0,2152.0,16871.0,24353.0,33755.0,28462.0,55038.0,2715.0,22989.0,38956.0,45174.0,55936.0,62568.0,2130.0,8215.0,13598.0,13319.0,15656.0,17512.0,2824.0,36297.0,48815.0,88583.0,86042.0,97512.0,2276.0,6231.0,7274.0,8210.0,9160.0,10406.0,2464.0,31769.0,41759.0,82245.0,84029.0,102414.0,1818.0,12430.0,16781.0,9080.0,11048.0,20012.0,,,1502.0,1489.0,,,1612.5,1683.5,25222.5,31572.5
1000,2142.5,55200.5,114076.5,129643.5,100554.5,132474.5,1955.5,16043.5,34877.5,46772.5,58140.5,57693.5,2345.5,17698.5,48704.5,48273.5,92645.5,90086.5,1863.5,10031.5,27545.5,25836.5,49768.5,58626.5,2534.5,26826.5,64712.5,58168.5,95676.5,106415.5,2022.5,13710.5,41371.5,35988.5,56621.5,84553.5,3445.5,29390.5,79629.5,76659.5,93758.5,127788.5,2158.5,16736.5,24193.5,33667.5,28237.5,55227.5,2758.5,23043.5,38769.5,45192.5,56076.5,62707.5,2144.5,8177.5,13549.5,13316.5,15636.5,17521.5,2843.5,36330.5,48652.5,88087.5,84957.5,96638.5,2309.5,6219.5,7290.5,8186.5,9227.5,10377.5,2491.5,31735.5,41837.5,81594.5,83352.5,101314.5,1848.5,12618.5,17167.5,9187.5,11323.5,19304.5,,,1536.5,1515.5,,,1643.5,1677.5,25027.5,31811.5
1020,2156.5,55302.5,113688.5,130382.5,100037.5,132171.5,1969.5,16057.5,34786.5,46579.5,58806.5,57455.5,2359.5,17568.5,48414.5,47928.5,91838.5,89273.5,1887.5,10034.5,27459.5,25821.5,49296.5,58614.5,2564.5,26753.5,64682.5,57745.5,95331.5,105647.5,2035.5,13723.5,41108.5,35734.5,56573.5,84877.5,3472.5,29441.5,79210.5,76693.5,93649.5,128499.5,2175.5,16873.5,24351.5,33787.5,28356.5,55470.5,2750.5,22841.5,38961.5,45206.5,56284.5,62991.5,2161.5,8133.5,13536.5,13376.5,15671.5,17456.5,2878.5,36150.5,48386.5,87368.5,84991.5,96046.5,2312.5,6247.5,7291.5,8164.5,9118.5,10372.5,2523.5,31942.5,41687.5,81272.5,83170.5,100942.5,1843.5,12433.5,15600.5,9277.5,11381.5,20062.5,,,1535.5,1516.5,,,1629.0,1690.0,25232.0,31986.0
1040,2163.5,55292.5,113457.5,129785.5,99504.5,133041.5,1997.5,15977.5,34886.5,46614.5,58229.5,57555.5,2400.5,17511.5,48122.5,47953.5,91618.5,89001.5,1931.5,10019.5,27322.5,25636.5,49245.5,58697.5,2614.5,26789.5,64225.5,57308.5,94720.5,104845.5,2039.5,13736.5,41011.5,35627.5,56078.5,84855.5,3456.5,29194.5,78944.5,76296.5,92938.5,129767.5,2217.5,16751.5,24504.5,34117.5,28219.5,55853.5,2809.5,22922.5,38824.5,45135.5,56499.5,65199.5,2195.5,8229.5,13500.5,13404.5,15596.5,17532.5,2891.5,36144.5,48125.5,87179.5,84524.5,95957.5,2346.5,6290.5,7313.5,8247.5,9116.5,10449.5,2545.5,31974.5,41312.5,80776.5,82738.5,100086.5,1890.5,12919.5,16384.5,9290.5,20172.5,18178.5,,,1570.5,1556.5,,,1658.5,1693.5,25300.5,32081.5
1060,2221.0,55163.0,114229.0,130510.0,99146.0,132878.0,2000.0,16078.0,34929.0,46773.0,58514.0,57625.0,2439.0,17491.0,47719.0,47693.0,91136.0,88368.0,1916.0,9988.0,27232.0,25727.0,49070.0,58643.0,2627.0,26680.0,63841.0,56897.0,94364.0,104781.0,2055.0,13779.0,41082.0,35507.0,56179.0,85279.0,3517.0,29068.0,78573.0,76220.0,92398.0,130215.0,2225.0,16742.0,24550.0,34228.0,28338.0,56121.0,2828.0,22969.0,38722.0,45393.0,56567.0,65527.0,2202.0,8223.0,13550.0,13366.0,15596.0,17668.0,2937.0,36252.0,47972.0,86951.0,84500.0,95877.0,2361.0,6344.0,7358.0,8187.0,9185.0,10448.0,2578.0,32859.0,41413.0,80608.0,82086.0,100083.0,1889.0,12430.0,16271.0,9364.0,22133.0,18923.0,,,1584.0,1561.0,,,1640.5,1695.5,25460.5,32333.5
1080,2243.5,55186.5,117697.5,130126.5,98311.5,131624.5,2033.5,16130.5,34893.5,46692.5,58561.5,57675.5,2469.5,17430.5,47714.5,47354.5,90520.5,88014.5,1954.5,9988.5,27175.5,25530.5,48822.5,58538.5,2642.5,26464.5,63298.5,56453.5,93669.5,104371.5,2079.5,13679.5,41067.5,35282.5,56115.5,85536.5,3548.5,28923.5,78302.5,76143.5,91923.5,130292.5,2226.5,16663.5,24569.5,34512.5,28316.5,56939.5,2854.5,22885.5,38612.5,45196.5,56406.5,66332.5,2239.5,8194.5,13455.5,13302.5,15612.5,17707.5,2959.5,35992.5,47556.5,86455.5,84209.5,95053.5,2363.5,6278.5,7319.5,8191.5,9100.5,10430.5,2602.5,33026.5,41073.5,79610.5,80961.5,99103.5,1903.5,12764.5,17363.5,9369.5,19884.5,18793.5,,,1609.5,1576.5,,,1668.0,1715.0,25554.0,32421.0
1100,2244.5,55129.5,118153.5,129837.5,98028.5,133588.5,2050.5,16051.5,34772.5,46741.5,58662.5,58126.5,2491.5,17519.5,47448.5,47334.5,90183.5,87405.5,1961.5,9971.5,27161.5,25429.5,48778.5,58754.5,2660.5,26675.5,62950.5,56402.5,93284.5,103495.5,2111.5,13637.5,40956.5,35135.5,56155.5,85635.5,3579.5,29060.5,78121.5,75679.5,91399.5,129647.5,2251.5,16703.5,23957.5,34502.5,28249.5,57271.5,2851.5,22943.5,38468.5,45310.5,56461.5,64873.5,2237.5,8230.5,13473.5,13365.5,15546.5,17712.5,2953.5,35856.5,47384.5,86088.5,83702.5,94034.5,2404.5,6306.5,7295.5,8198.5,9150.5,10417.5,2628.5,33039.5,40827.5,78553.5,80495.5,98350.5,1918.5,12734.5,16386.5,9696.5,19768.5,19713.5,,,1593.5,1603.5,,,1722.5,1725.5,25617.5,32665.5
1120,2275.0,55420.0,119168.0,130417.0,97429.0,131540.0,2071.0,16108.0,34773.0,46600.0,58477.0,57526.0,2538.0,17447.0,47146.0,46813.0,89310.0,86992.0,1965.0,9967.0,26965.0,25344.0,48423.0,58831.0,2680.0,26555.0,62454.0,55807.0,92655.0,103029.0,2123.0,13647.0,40770.0,35029.0,55908.0,85912.0,3613.0,29030.0,77908.0,75198.0,90763.0,129310.0,2258.0,16664.0,23778.0,34854.0,28255.0,57627.0,2899.0,22893.0,38354.0,45325.0,56358.0,60189.0,2276.0,8233.0,13479.0,13266.0,15522.0,17920.0,2997.0,35719.0,47076.0,85573.0,83482.0,93754.0,2431.0,6301.0,7308.0,8177.0,9136.0,10477.0,2680.0,31955.0,40642.0,78186.0,80148.0,98145.0,1926.0,12583.0,16058.0,16835.0,18918.0,19794.0,,,1608.0,1597.0,,,1704.5,1730.5,25627.5,32799.5
1140,2306.5,55266.5,120282.5,130012.5,96668.5,131178.5,2111.5,16157.5,34982.5,46796.5,58497.5,58109.5,2547.5,17434.5,46971.5,46631.5,88997.5,86118.5,1973.5,9916.5,26786.5,25260.5,48263.5,58562.5,2678.5,26609.5,61834.5,55500.5,92097.5,102586.5,2122.5,13624.5,40794.5,34817.5,55844.5,86210.5,3650.5,29152.5,77267.5,74869.5,90332.5,128399.5,2258.5,16577.5,23860.5,38278.5,28133.5,57837.5,2932.5,22887.5,38235.5,44983.5,56157.5,59698.5,2280.5,8214.5,13493.5,13280.5,15435.5,17917.5,3024.5,35543.5,46982.5,85164.5,83004.5,93878.5,2416.5,6283.5,7302.5,8171.5,9101.5,10444.5,2671.5,32692.5,40311.5,77437.5,79297.5,97408.5,1936.5,12671.5,16538.5,16087.5,19131.5,19778.5,,,1617.5,1627.5,,,1709.0,1761.0,25708.0,32840.0
1160,2343.0,55005.0,121811.0,129457.0,96439.0,130058.0,2125.0,16122.0,34898.0,46532.0,58308.0,57755.0,2527.0,17364.0,46462.0,46451.0,88162.0,85459.0,1985.0,9896.0,26793.0,25051.0,48101.0,58385.0,2700.0,26262.0,61364.0,55013.0,91490.0,101678.0,2137.0,13545.0,40747.0,34632.0,55491.0,85852.0,3675.0,29127.0,76976.0,74332.0,89385.0,128412.0,2316.0,16491.0,23770.0,33319.0,28080.0,57956.0,2901.0,22815.0,37983.0,45167.0,56247.0,59467.0,2298.0,8234.0,13470.0,13195.0,15402.0,17823.0,3038.0,35442.0,46595.0,84330.0,82600.0,92317.0,2465.0,6291.0,7337.0,8189.0,9106.0,10413.0,2713.0,33115.0,40071.0,76718.0,78695.0,96736.0,1965.0,12349.0,16251.0,14756.0,21749.0,22474.0,,,1648.0,1668.0,,,1720.0,1765.0,29205.0,32927.0
1180,2314.0,54957.0,121956.0,129833.0,95978.0,129545.0,2180.0,16135.0,34782.0,46703.0,58576.0,57824.0,2568.0,17408.0,46287.0,46093.0,87966.0,85371.0,2033.0,9884.0,26626.0,25037.0,47940.0,58482.0,2750.0,26271.0,61016.0,54566.0,91081.0,101517.0,2168.0,13485.0,40771.0,34603.0,55588.0,86210.0,3670.0,29191.0,76652.0,76144.0,89011.0,128246.0,2323.0,16520.0,23638.0,33069.0,27969.0,58506.0,2936.0,22698.0,37875.0,44640.0,56204.0,59534.0,2320.0,8217.0,13392.0,13139.0,15315.0,17982.0,3071.0,35224.0,46160.0,83772.0,82208.0,91677.0,2470.0,6312.0,7308.0,8209.0,9087.0,10440.0,2763.0,33189.0,39812.0,75939.0,78070.0,95832.0,1980.0,12711.0,16642.0,16268.0,19938.0,21229.0,,,1662.0,1663.0,,,1780.0,1776.0,30728.0,33018.0
1200,2340.5,55021.5,121080.5,129847.5,94990.5,128959.5,2155.5,16217.5,34756.5,46537.5,58239.5,57737.5,2579.5,17379.5,46176.5,46019.5,87288.5,84783.5,2029.5,9844.5,26495.5,24889.5,47460.5,58180.5,2752.5,26189.5,60685.5,54395.5,90532.5,101006.5,2185.5,13418.5,40656.5,34289.5,55185.5,86055.5,3732.5,28958.5,75867.5,75678.5,88635.5,127444.5,2327.5,16444.5,23526.5,33087.5,27943.5,58692.5,2965.5,22678.5,37964.5,44591.5,55928.5,59245.5,2329.5,8196.5,13347.5,13136.5,15255.5,18549.5,3062.5,35183.5,46042.5,83835.5,81937.5,91501.5,2497.5,6321.5,7316.5,8171.5,9090.5,10504.5,2764.5,35410.5,39725.5,75727.5,77613.5,95614.5,1997.5,12454.5,16458.5,15536.5,17674.5,20278.5,,,1703.5,1694.5,,,1856.5,1790.5,30795.5,33002.5
1220,2391.5,54891.5,121377.5,129535.5,94783.5,128802.5,2173.5,16190.5,34843.5,46840.5,58319.5,57725.5,2632.5,17337.5,45885.5,45826.5,86868.5,84168.5,2067.5,9798.5,26468.5,24958.5,47572.5,58547.5,2821.5,26349.5,60226.5,54093.5,89851.5,100935.5,2184.5,13502.5,40569.5,34257.5,55316.5,86818.5,3729.5,30594.5,75637.5,75735.5,87822.5,127590.5,2356.5,16492.5,23472.5,32897.5,27922.5,59511.5,2983.5,22520.5,37771.5,44425.5,56062.5,58935.5,2330.5,8197.5,13273.5,13116.5,15252.5,20691.5,3126.5,35100.5,45753.5,83279.5,81262.5,90701.5,2493.5,6302.5,7310.5,8146.5,9139.5,10453.5,2795.5,33901.5,39480.5,74841.5,76900.5,94392.5,2007.5,12350.5,16918.5,15367.5,19115.5,19209.5,,,1723.5,1714.5,,,1851.0,1810.0,31513.0,33219.0
1240,2405.5,54795.5,122035.5,129679.5,94542.5,128908.5,2213.5,16201.5,34876.5,46710.5,58470.5,57739.5,2665.5,17337.5,45574.5,45498.5,86290.5,83658.5,2096.5,9837.5,26270.5,24891.5,47426.5,58092.5,2833.5,26173.5,59874.5,53529.5,89686.5,100055.5,2219.5,13391.5,40534.5,34225.5,55027.5,86821.5,3772.5,30619.5,74864.5,75122.5,87458.5,126891.5,2382.5,16381.5,23381.5,32862.5,28020.5,59697.5,3015.5,22554.5,37554.5,44157.5,55757.5,58535.5,2377.5,8180.5,13371.5,13120.5,15232.5,21262.5,3135.5,35040.5,45400.5,82655.5,80933.5,90540.5,2530.5,6354.5,7294.5,8162.5,9096.5,10532.5,2860.5,33814.5,39341.5,74177.5,75904.5,93762.5,2032.5,12510.5,16234.5,14991.5,17094.5,19687.5,,,1742.5,1731.5,,,1860.0,1815.0,31871.0,33336.0
1260,2413.0,54298.0,121320.0,128986.0,93778.0,127814.0,2231.0,16246.0,34937.0,46536.0,58209.0,57982.0,2688.0,17252.0,45397.0,45283.0,85819.0,83219.0,2102.0,9750.0,26310.0,24861.0,47149.0,58409.0,2816.0,26080.0,59467.0,53052.0,88695.0,99375.0,2207.0,13378.0,40470.0,34045.0,54707.0,87117.0,3736.0,30780.0,74572.0,74451.0,87017.0,126962.0,2383.0,16375.0,23288.0,32916.0,27920.0,60157.0,3028.0,22769.0,37504.0,44077.0,55905.0,58599.0,2387.0,8230.0,13311.0,13104.0,15206.0,20859.0,3147.0,34979.0,44960.0,81686.0,80286.0,90023.0,2545.0,6379.0,7330.0,8154.0,9113.0,10527.0,2876.0,33738.0,39109.0,73881.0,75672.0,93192.0,2021.0,12442.0,16678.0,16205.0,19840.0,19744.0,,,1752.0,1727.0,,,1879.5,1824.5,31718.5,33242.5
1280,2448.0,55187.0,122778.0,128681.0,93306.0,127892.0,2229.0,16209.0,34898.0,46563.0,58066.0,57749.0,2704.0,17410.0,45264.0,45221.0,84895.0,82611.0,2118.0,9807.0,26150.0,24863.0,46691.0,58267.0,2849.0,26783.0,58988.0,53039.0,88915.0,99313.0,2248.0,13386.0,40297.0,33949.0,54595.0,87195.0,3799.0,30575.0,74454.0,74606.0,86774.0,126824.0,2415.0,16316.0,23156.0,32705.0,27890.0,60754.0,3058.0,24361.0,37497.0,44102.0,55543.0,58557.0,2404.0,8206.0,13176.0,13081.0,15167.0,21242.0,3175.0,35522.0,44833.0,81675.0,80085.0,89389.0,2571.0,6324.0,7297.0,8165.0,9077.0,10637.0,2868.0,33540.0,38985.0,73150.0,74934.0,92594.0,2049.0,12499.0,16128.0,15202.0,19971.0,19998.0,,,1756.0,1767.0,,,1897.5,1839.5,32160.5,33536.5
1300,2425.5,54558.5,122564.5,128711.5,93151.5,127326.5,2272.5,16248.5,34826.5,46575.5,58342.5,58529.5,2744.5,18673.5,44926.5,44702.5,84695.5,82139.5,2143.5,9722.5,26123.5,24749.5,46849.5,58162.5,2877.5,27564.5,58438.5,52373.5,88328.5,99049.5,2254.5,13369.5,40284.5,33758.5,54523.5,87252.5,3805.5,30631.5,74136.5,73951.5,86204.5,126157.5,2430.5,16231.5,23086.5,32501.5,27711.5,60794.5,3088.5,24576.5,37504.5,43831.5,55243.5,58216.5,2421.5,8181.5,13233.5,13027.5,15129.5,21184.5,3159.5,35588.5,44746.5,81225.5,79831.5,88789.5,2582.5,6394.5,7299.5,8105.5,9045.5,10608.5,2920.5,33358.5,38890.5,72679.5,74555.5,91943.5,2482.5,12469.5,16119.5,15155.5,18282.5,22000.5,,,1776.5,1771.5,,,1909.0,1862.0,32503.0,33482.0
1320,2510.0,54520.0,122615.0,128194.0,92496.0,126677.0,2257.0,16266.0,34774.0,46511.0,58203.0,57492.0,2785.0,18399.0,44716.0,44515.0,84329.0,81812.0,2156.0,9694.0,25967.0,24596.0,46437.0,57972.0,2897.0,27424.0,58352.0,52043.0,87381.0,97905.0,2261.0,13270.0,40068.0,33569.0,54413.0,87229.0,3843.0,30289.0,74232.0,73585.0,85827.0,125671.0,2429.0,16187.0,23032.0,32397.0,27785.0,62120.0,3059.0,24539.0,37168.0,43649.0,55123.0,57725.0,2432.0,8171.0,13235.0,12985.0,15106.0,21324.0,3194.0,37421.0,44230.0,80405.0,79118.0,88057.0,2599.0,6350.0,7292.0,8154.0,9067.0,10628.0,2939.0,34029.0,38808.0,72047.0,73826.0,90999.0,2375.0,12517.0,16352.0,15176.0,17323.0,20842.0,,,1806.0,1797.0,,,1916.5,1918.5,33127.5,33466.5
1340,2498.0,54423.0,122875.0,128945.0,92312.0,125790.0,2329.0,16224.0,34635.0,46547.0,58225.0,57643.0,2770.0,18225.0,44414.0,44360.0,83797.0,81058.0,2184.0,9715.0,25862.0,24599.0,46266.0,57894.0,2911.0,27857.0,57693.0,51788.0,87318.0,98024.0,2289.0,13295.0,39890.0,33481.0,54313.0,87074.0,3888.0,30454.0,73731.0,73349.0,85215.0,125869.0,2455.0,16159.0,22993.0,32298.0,27784.0,62316.0,3126.0,24398.0,37085.0,43398.0,55072.0,57447.0,2448.0,8189.0,13133.0,12947.0,15026.0,21711.0,3252.0,37578.0,44237.0,79962.0,78605.0,87631.0,2631.0,6375.0,7303.0,8143.0,9061.0,10692.0,2963.0,34176.0,38582.0,71453.0,73036.0,90546.0,2405.0,12374.0,16359.0,15128.0,22005.0,18857.0,,,1812.0,1812.0,,,1916.5,1926.5,33825.5,33634.5
