model,experiment,prediction,split #
Bayesian Ridge Regression,-2.403452823620798,-2.1760028039419828,1
Bayesian Ridge Regression,-2.2593946471787434,-1.9173185368750576,1
Bayesian Ridge Regression,-1.5393527377902698,-0.7142043653084507,1
Bayesian Ridge Regression,-1.7566657394319904,-2.1184791235137723,1
Bayesian Ridge Regression,-1.103883331173482,-0.760214238038581,1
Bayesian Ridge Regression,-0.22901321309844905,-0.6115995991212606,1
Bayesian Ridge Regression,-2.885418369996712,-2.8830520925236174,1
Bayesian Ridge Regression,-1.4091232046942341,-1.494721946649892,1
Bayesian Ridge Regression,-2.123767317417046,-1.5767474752010182,1
Bayesian Ridge Regression,-1.4985127097581414,-1.6808699394024924,1
Bayesian Ridge Regression,-1.4201920378605053,-1.7724927551721747,1
Bayesian Ridge Regression,-1.5041031112940382,-1.8294010384418233,1
Bayesian Ridge Regression,-0.9582190949069228,-0.9998889031420548,1
Bayesian Ridge Regression,-3.2351404478705748,-2.645862451190724,1
Bayesian Ridge Regression,-3.8326531224143645,-3.271341396544412,1
Bayesian Ridge Regression,-1.5041031112940382,-1.92314604039901,1
Bayesian Ridge Regression,-2.808030042713029,-2.575137677640673,1
Bayesian Ridge Regression,-3.2834449518405893,-3.617402920212721,1
Bayesian Ridge Regression,-1.7873296113427601,-2.5138409909298773,1
Bayesian Ridge Regression,-3.1597853454922076,-2.6808052791711527,1
Bayesian Ridge Regression,-2.9688776583453143,-2.4837343749667506,1
Bayesian Ridge Regression,-2.0569241023003397,-1.9985121939752415,1
Bayesian Ridge Regression,-1.1061070209631036,-1.6913821177118726,1
Bayesian Ridge Regression,-2.151509814945314,-2.3014555473644815,1
Bayesian Ridge Regression,-3.2036005297986074,-3.4010361657727475,1
Bayesian Ridge Regression,-2.198253243671017,-2.6667604934103557,1
Bayesian Ridge Regression,-3.3816182003459216,-3.5401301894289046,1
Bayesian Ridge Regression,-2.1155432005946873,-2.817413778637191,1
Bayesian Ridge Regression,-0.16542042319834802,-0.22670610472429464,1
Bayesian Ridge Regression,0.20995355888867073,-0.05148577372433616,1
Bayesian Ridge Regression,-0.6945493884044287,-0.3247358652927548,1
Bayesian Ridge Regression,-0.08363954432116573,-0.09574486004665062,1
Bayesian Ridge Regression,-0.3135898872515433,-0.7766423564290985,1
Bayesian Ridge Regression,-1.1235679872330004,-0.8577190904186998,1
Bayesian Ridge Regression,-3.6800158253354924,-3.6483104234419264,1
Bayesian Ridge Regression,-2.7785748071197123,-2.0028393948803576,1
Bayesian Ridge Regression,-1.1731208384522849,-1.6807157263943897,1
Bayesian Ridge Regression,-1.7426626842914594,-1.9364934061468002,1
Bayesian Ridge Regression,-2.0174042079019414,-1.6986646529324565,1
Bayesian Ridge Regression,-3.349843097267282,-2.58709322147319,1
Bayesian Ridge Regression,-3.1381335734004905,-2.61824038530608,1
Bayesian Ridge Regression,-2.5090165872531767,-2.1948649441525427,1
Bayesian Ridge Regression,-2.9119908501955227,-2.701319220643682,1
Bayesian Ridge Regression,-2.991150818979587,-2.579997152679026,1
Bayesian Ridge Regression,-3.9019276346378216,-4.3637126713677095,1
Bayesian Ridge Regression,-3.3458359767686834,-3.4649956277877343,1
Bayesian Ridge Regression,-2.7923263244120906,-2.5774815065155403,1
Bayesian Ridge Regression,-3.130720745231321,-3.122842876287795,1
Bayesian Ridge Regression,-2.492075482831661,-2.0740264144056297,1
Bayesian Ridge Regression,-2.7233828886420643,-2.466599756607792,1
Bayesian Ridge Regression,-2.6732644443606475,-1.8257777002683258,1
Bayesian Ridge Regression,-2.186006727498246,-2.002104420823522,1
Bayesian Ridge Regression,-2.048440290036772,-2.1656492301753123,1
Bayesian Ridge Regression,-3.0605406542001403,-3.0390189261938616,1
Bayesian Ridge Regression,-1.6435374468814823,-2.321371532312096,1
Bayesian Ridge Regression,-1.4729877775908402,-1.8373948874360113,1
Bayesian Ridge Regression,-1.0556956867709293,-1.0450426301811335,1
Bayesian Ridge Regression,-1.6217142305536996,-1.6551160598337424,1
Bayesian Ridge Regression,-2.715845949095462,-2.7546966782420084,1
Bayesian Ridge Regression,-1.2886807788238237,-1.7355541285631704,1
Bayesian Ridge Regression,-1.392520817816124,-2.0773292891492647,1
Bayesian Ridge Regression,-1.4197155850010228,-1.2478171538494969,1
Bayesian Ridge Regression,-3.52120992195253,-2.5801536280626105,1
Bayesian Ridge Regression,-2.3918623308235594,-2.511799805635747,1
Bayesian Ridge Regression,-2.5038360209902844,-2.6621791566137363,1
Bayesian Ridge Regression,-2.8871236492020507,-2.4454538169021895,1
Bayesian Ridge Regression,-1.2227575127427186,-1.8825460608864104,1
Bayesian Ridge Regression,-3.3114386993585976,-2.492619490539019,1
Bayesian Ridge Regression,-3.221262124613128,-2.573057559268447,1
Bayesian Ridge Regression,-3.4401053391639986,-2.9148327198545414,1
Bayesian Ridge Regression,-3.9730828630218453,-4.35677307795713,1
Bayesian Ridge Regression,-1.0232314473246815,-1.1623733147193396,1
Bayesian Ridge Regression,-1.935943656763284,-1.9742068810660323,1
Bayesian Ridge Regression,-1.41390601215094,-1.5137624773050233,1
Bayesian Ridge Regression,-1.9381605982067327,-2.194659973687471,1
Bayesian Ridge Regression,-2.4934863088506534,-2.275736707677072,1
Bayesian Ridge Regression,-3.848875409949318,-3.63660033179006,1
Bayesian Ridge Regression,-2.182199963303041,-2.503328692238645,1
Bayesian Ridge Regression,-2.988535711454289,-3.73829314687341,1
Bayesian Ridge Regression,-2.470173263354167,-2.689476684991245,1
Bayesian Ridge Regression,-3.20266873961377,-3.5153751731233194,1
Bayesian Ridge Regression,-3.3388889969343114,-2.3861012928942316,1
Bayesian Ridge Regression,-2.9741896629359488,-2.1571102876481283,1
Bayesian Ridge Regression,-2.287736284945912,-2.9317527859877623,1
Bayesian Ridge Regression,-2.848471723996311,-2.2458795737683346,1
Bayesian Ridge Regression,-2.999290941959355,-2.2967579384865697,1
Bayesian Ridge Regression,-2.7669040895368373,-2.400880402688044,1
Bayesian Ridge Regression,-1.4855749296151965,-1.8225041326147968,1
Bayesian Ridge Regression,-2.4911353637922846,-2.2433847309538835,1
Bayesian Ridge Regression,-2.082759927050954,-2.1271982724118526,1
Bayesian Ridge Regression,-2.8326132427713318,-2.3289584091059363,1
Bayesian Ridge Regression,-2.550141932709222,-2.097505010591031,1
Bayesian Ridge Regression,-2.618445069067542,-2.4925032184577263,1
Bayesian Ridge Regression,-3.3960495196322524,-3.174148977558122,1
Bayesian Ridge Regression,-1.3149788474841408,-1.54695624560271,1
Bayesian Ridge Regression,-2.3552642027188186,-1.9678368439417961,1
Bayesian Ridge Regression,-2.3662117992181373,-2.2169553314456394,1
Bayesian Ridge Regression,-2.2414236426625673,-2.273863614715288,1
Bayesian Ridge Regression,-2.9187956800017982,-2.354940348704889,1
Bayesian Ridge Regression,-3.9030899869919438,-3.7158039728178767,1
Bayesian Ridge Regression,-2.772360579555891,-2.3676086166724746,1
Bayesian Ridge Regression,-2.728175115284189,-1.9902552000437526,1
Bayesian Ridge Regression,-4.026482380351305,-3.1431941261273924,1
Bayesian Ridge Regression,-2.728175115284189,-1.6929725115797538,1
Bayesian Ridge Regression,-1.556016572040716,-2.200045265775706,1
Bayesian Ridge Regression,-1.272659841843383,-1.7735298603322056,1
Bayesian Ridge Regression,-1.1893279510795818,-1.2106221043164263,1
Bayesian Ridge Regression,-3.2861198587119835,-2.186000480014909,1
Bayesian Ridge Regression,-3.5459650539173615,-2.9885273849652885,1
Bayesian Ridge Regression,-2.4117878095891196,-2.332284265285285,1
Bayesian Ridge Regression,-1.2303723324828062,-1.691462208945819,1
Bayesian Ridge Regression,-1.069394064585742,-1.3810343659557587,1
Bayesian Ridge Regression,-1.3195712003583318,-1.63633553098611,1
Bayesian Ridge Regression,-1.8441291379223155,-2.0313337388528057,1
Bayesian Ridge Regression,-1.9429726110972225,-2.1693187561120553,1
Bayesian Ridge Regression,-1.6993207301372903,-1.2587298868226857,1
Bayesian Ridge Regression,-3.4629936067206395,-2.904703434871355,1
Bayesian Ridge Regression,-2.646263945417837,-2.181987024079641,1
Bayesian Ridge Regression,-1.9930514957526793,-2.1610616475731947,1
Bayesian Ridge Regression,-2.176441984856953,-2.21194001229143,1
Bayesian Ridge Regression,-1.8011659603551675,-2.1585668047587436,1
Bayesian Ridge Regression,-1.2185345221225936,-1.9146573238274311,1
Bayesian Ridge Regression,-1.840084037547579,-2.254765789782108,1
Bayesian Ridge Regression,-1.8350242298439021,-2.2246591738189814,1
Bayesian Ridge Regression,-2.4368442826786825,-2.5583385774894216,1
Bayesian Ridge Regression,-1.015474675864504,-1.4031161604628466,1
Bayesian Ridge Regression,-1.7625310634593319,-1.3347623380359832,1
Bayesian Ridge Regression,-2.809138225804324,-1.9818374954176088,1
Bayesian Ridge Regression,-2.1469087646472067,-1.6949317547459266,1
Bayesian Ridge Regression,-0.664255515397868,-1.05689775587233,1
Bayesian Ridge Regression,-2.001001072492525,-1.7377952522547777,1
Bayesian Ridge Regression,-3.054246410327101,-2.554256665003679,1
Bayesian Ridge Regression,-3.7986028756795487,-3.1797356103573664,1
Bayesian Ridge Regression,-3.9600428565808334,-3.557414333373393,1
Bayesian Ridge Regression,-3.030623697854625,-2.5085978714912276,1
Bayesian Ridge Regression,-1.6958725916338202,-2.1071927188257544,1
Bayesian Ridge Regression,-3.7692522846397316,-3.550863114063276,1
Bayesian Ridge Regression,-2.7906820711849507,-2.614265473021707,1
Bayesian Ridge Regression,-3.437187483030755,-3.334496359623302,1
Bayesian Ridge Regression,-2.806163575333855,-2.7382057045201593,1
Bayesian Ridge Regression,-1.7139014654061842,-2.1676703900791967,1
Bayesian Ridge Regression,-1.9090244195663402,-1.8276168352307902,1
Bayesian Ridge Regression,-3.7938003909509543,-3.1532712013585487,1
Bayesian Ridge Regression,-2.4951902617888977,-2.4970280816785455,1
Bayesian Ridge Regression,-1.3310146489007124,-1.220699179547583,1
Bayesian Ridge Regression,-3.6688623296866587,-2.9303532276084576,1
Bayesian Ridge Regression,-1.453797527240351,-2.3340625725053155,1
Bayesian Ridge Regression,-2.8947429719805546,-2.346730840472901,1
Bayesian Ridge Regression,-0.9642747859315978,-1.319579053326605,1
Bayesian Ridge Regression,-2.062592350526869,-2.5193399676328134,1
Bayesian Ridge Regression,-1.318606216338379,-1.385671422386843,1
Bayesian Ridge Regression,-1.1301967317733737,-0.5933191651319651,1
Bayesian Ridge Regression,-1.0193030390019762,-1.2033925947845738,1
Bayesian Ridge Regression,-1.270721247267063,-1.4051527314786576,1
Bayesian Ridge Regression,-1.8626742516440307,-1.283830663514002,1
Bayesian Ridge Regression,-1.8019484611556353,-1.7066825580896974,1
Bayesian Ridge Regression,-0.7242679085347501,-0.7960936888003283,1
Bayesian Ridge Regression,-1.8035282856682657,-1.719350826057283,1
Bayesian Ridge Regression,-1.351662241081682,-1.794193429153073,1
Bayesian Ridge Regression,-2.329956957829961,-2.057356702417713,1
Bayesian Ridge Regression,-2.0995080091454192,-1.6483137087902204,1
Bayesian Ridge Regression,-2.2176402640700728,-2.251964970432234,1
Bayesian Ridge Regression,-1.7550940407409845,-2.283112134265125,1
Bayesian Ridge Regression,-2.5884932589587586,-2.33399049898336,1
Bayesian Ridge Regression,-2.17663866294089,-2.830686305386996,1
Bayesian Ridge Regression,-2.443810430479706,-1.8614874795194027,1
Bayesian Ridge Regression,-1.7448404020099417,-2.1172651592718132,1
Bayesian Ridge Regression,-1.4467153895386817,-2.18986424904753,1
Bayesian Ridge Regression,-2.540720473654946,-2.164430832908643,1
Bayesian Ridge Regression,-1.9715416460145745,-2.366190969602726,1
Bayesian Ridge Regression,-1.785391290725075,-2.2448689016380703,1
Bayesian Ridge Regression,-1.7709615792854492,-1.757131926924397,1
Bayesian Ridge Regression,-2.8398575372186334,-2.4257049812756772,1
Bayesian Ridge Regression,-2.033677685255944,-2.035227490362846,1
Bayesian Ridge Regression,-3.290189204280069,-2.3084775819312644,1
Bayesian Ridge Regression,-2.3582852103076553,-2.760384073067608,1
Bayesian Ridge Regression,-1.5226715493865826,-1.8902939422528124,1
Bayesian Ridge Regression,-2.7386203038591304,-2.5487498632824326,1
Bayesian Ridge Regression,-1.6345122959030371,-1.9411723069710478,1
Bayesian Ridge Regression,-1.3308187576670196,-1.643889618507049,1
Bayesian Ridge Regression,-2.26736728311359,-3.0875600137445702,1
Bayesian Ridge Regression,-1.95795837174818,-1.983998084461726,1
Bayesian Ridge Regression,-1.928979817650206,-1.9733727775904142,1
Bayesian Ridge Regression,-1.7139992395270756,-1.741919379075509,1
Bayesian Ridge Regression,-1.8762488134939106,-2.1369175869422046,1
Bayesian Ridge Regression,-1.2662407394987067,-1.3643137349120846,1
Bayesian Ridge Regression,-2.0118859545996086,-2.28164557320431,1
Bayesian Ridge Regression,-1.6819366650372385,-2.18710048126239,1
Bayesian Ridge Regression,-3.3309007861959947,-2.3421013101820995,1
Bayesian Ridge Regression,-1.9644153443855357,-2.447768911712579,1
Bayesian Ridge Regression,-1.5049121890283346,-1.765475826516668,1
Bayesian Ridge Regression,-1.7581838126622393,-2.0212535062690784,1
Bayesian Ridge Regression,-3.844232919056576,-3.167999798314174,1
Bayesian Ridge Regression,-3.393048191942752,-2.433724125951782,1
Bayesian Ridge Regression,-4.059833781301273,-3.9325727673240194,1
Bayesian Ridge Regression,-2.9620793251113042,-2.4211056537066296,1
Bayesian Ridge Regression,-1.9412408278950934,-1.516245408931246,1
Bayesian Ridge Regression,-1.5363868405196788,-2.0233181631271986,1
Bayesian Ridge Regression,-0.6894774956008592,-1.6694018474594148,1
Bayesian Ridge Regression,-1.1149880354485275,-1.0338950016679187,1
Bayesian Ridge Regression,-3.184747097908846,-2.7435490497287933,1
Bayesian Ridge Regression,-1.5281785967617054,-1.614275169499706,1
Bayesian Ridge Regression,-0.7856945313640958,-1.576723080184688,1
Bayesian Ridge Regression,-1.6189896501583372,-1.2366695253362816,1
Bayesian Ridge Regression,-2.5945173784671853,-2.1599266625932367,1
Bayesian Ridge Regression,-1.6374387034297335,-1.4829446853206814,1
Bayesian Ridge Regression,-2.2355646390433175,-1.2714260918905855,1
Bayesian Ridge Regression,-2.314076075024747,-2.0334003222626347,1
Bayesian Ridge Regression,-2.3822676402388554,-1.462865007821672,1
Bayesian Ridge Regression,-1.9362137770978871,-2.0460685902302203,1
Bayesian Ridge Regression,-2.4796814387852613,-2.0898144961020813,1
Bayesian Ridge Regression,-1.514016684929528,-2.0461477688783964,1
Bayesian Ridge Regression,-2.4881639462888585,-1.9927745613457102,1
Bayesian Ridge Regression,-2.2355646390433175,-1.8294224291668497,1
Bayesian Ridge Regression,-1.9765773961271407,-1.8468948409828576,1
Bayesian Ridge Regression,-1.5736750209710204,-2.2988013321192016,1
Bayesian Ridge Regression,-0.9486409221793155,-1.21579079032167,1
Bayesian Ridge Regression,-0.004427072779599359,0.0812743856977991,1
Bayesian Ridge Regression,0.004405968258246192,-0.2585971442091872,1
Bayesian Ridge Regression,-1.5200924815934278,-1.5797457404307012,1
Bayesian Ridge Regression,-3.3347136412278577,-2.8830640174923303,1
Bayesian Ridge Regression,-1.1505417041520314,-1.2576220719447333,1
Bayesian Ridge Regression,-1.5941100276318725,-1.2755709984828005,1
Bayesian Ridge Regression,-2.642143447351316,-1.6410034940634015,1
Bayesian Ridge Regression,-1.492201494031574,-1.4933200741981345,1
Bayesian Ridge Regression,-1.1820723340995358,-1.153266519349728,1
Bayesian Ridge Regression,-3.4519129118061063,-2.799240067398397,1
Bayesian Ridge Regression,-2.1235976234646596,-1.9509927447681044,1
Bayesian Ridge Regression,-1.0801819981618899,-2.0330182733192297,1
Bayesian Ridge Regression,-1.621304790891127,-1.9796450657865439,1
Bayesian Ridge Regression,-1.947863458882499,-2.379416838517222,1
Bayesian Ridge Regression,-1.42625067509891,-1.1516842568278167,1
Bayesian Ridge Regression,-1.5674558687076858,-1.3066850857475263,1
Bayesian Ridge Regression,-1.111999901692932,-1.24538839903673,1
Bayesian Ridge Regression,-1.3041517533417322,-1.2152817830736036,1
Bayesian Ridge Regression,-1.28375174993668,-0.7300596020820944,1
Bayesian Ridge Regression,-1.3198484161479276,-0.9858372818345051,1
Bayesian Ridge Regression,-0.9134224928394735,-0.42292952581872534,1
Bayesian Ridge Regression,-1.793068638288037,-1.3983079015172086,1
Bayesian Ridge Regression,-1.4094344835568617,-0.9657576043354956,1
Bayesian Ridge Regression,-1.2491101104442828,-1.5489611867440436,1
Bayesian Ridge Regression,-1.2755333695267534,-1.328848597486037,1
Bayesian Ridge Regression,-0.7266296487986936,-1.0849391165547244,1
Bayesian Ridge Regression,-1.1543394167845993,-1.3949409665462749,1
Bayesian Ridge Regression,-1.9406256000139548,-1.4144222756380898,1
Bayesian Ridge Regression,-0.7463040504271798,-2.312242757352272,1
Bayesian Ridge Regression,-2.2646029664100515,-1.7159521022491293,1
Bayesian Ridge Regression,-1.1400317683551704,-0.8053632329597602,1
Bayesian Ridge Regression,-2.6212424559235727,-2.451336781008429,1
Bayesian Ridge Regression,-1.483088664742514,-1.3811057464979801,1
Bayesian Ridge Regression,-2.723197328038221,-2.139062653787355,1
Bayesian Ridge Regression,-0.428471724353625,-1.0572312916041968,1
Bayesian Ridge Regression,-0.5935262904426333,-1.314759757764423,1
Bayesian Ridge Regression,-0.14567163968046612,-1.7841386607167746,1
Bayesian Ridge Regression,-1.0026227122886122,-1.5727393771361569,1
Bayesian Ridge Regression,-1.9652557068613081,-2.231195298165777,1
Bayesian Ridge Regression,-2.192341601117107,-1.623617741854392,1
Bayesian Ridge Regression,-1.63438498383371,-1.5702445343217057,1
Bayesian Ridge Regression,-1.0775646199327256,-0.8439846461270659,1
Bayesian Ridge Regression,-2.5315835424986517,-1.970016307052384,1
Bayesian Ridge Regression,-3.431262194557772,-3.88002918046896,2
Bayesian Ridge Regression,-3.1408689109724577,-2.7828656613665137,2
Bayesian Ridge Regression,-3.431262194557772,-3.434232500296147,2
Bayesian Ridge Regression,-2.423624898245491,-1.860844021429097,2
Bayesian Ridge Regression,-2.1263969370231783,-2.266087117557245,2
Bayesian Ridge Regression,-2.7922905193547125,-2.5314621244278097,2
Bayesian Ridge Regression,-1.0745636623476162,-1.0249255040075544,2
Bayesian Ridge Regression,-1.4118568185099727,-1.139463989086244,2
Bayesian Ridge Regression,-1.2059345608151744,-1.5415053611876295,2
Bayesian Ridge Regression,-1.3629507222657735,-0.5567466351020043,2
Bayesian Ridge Regression,-1.374139089297611,-0.9060302082932217,2
Bayesian Ridge Regression,-1.6390957814475864,-0.6194837212502127,2
Bayesian Ridge Regression,-1.496009274431816,-1.228209629153368,2
Bayesian Ridge Regression,-1.820599175381769,-1.490763980570926,2
Bayesian Ridge Regression,-1.2247774230710238,-0.805358298373015,2
Bayesian Ridge Regression,-1.680228158144333,-1.4393890410929575,2
Bayesian Ridge Regression,-1.5498899805881399,-1.6510926971844508,2
Bayesian Ridge Regression,-3.2180472636163895,-2.7553250539047034,2
Bayesian Ridge Regression,-1.0225392132375182,-1.1123634842031924,2
Bayesian Ridge Regression,-2.8184713897478226,-2.6674940420677067,2
Bayesian Ridge Regression,-2.341290856803062,-2.44054210732502,2
Bayesian Ridge Regression,-3.057527624268253,-2.4413620334698343,2
Bayesian Ridge Regression,-2.617367632441655,-2.2812873341447477,2
Bayesian Ridge Regression,-2.2025638997362065,-2.8063965394234573,2
Bayesian Ridge Regression,-2.461494632742434,-2.304216427011039,2
Bayesian Ridge Regression,-2.272602230242758,-1.9883204516696644,2
Bayesian Ridge Regression,-3.0391954244610955,-2.755655158806754,2
Bayesian Ridge Regression,-2.736709137429952,-2.0702494766088426,2
Bayesian Ridge Regression,-0.7406200937095554,-0.5691566974643902,2
Bayesian Ridge Regression,-1.0877694915519545,-0.9341912034180133,2
Bayesian Ridge Regression,-1.5018248431082857,-1.585558042347646,2
Bayesian Ridge Regression,-0.5196118275771817,-0.46193597684136867,2
Bayesian Ridge Regression,-0.5987130334578719,-0.29871605052360506,2
Bayesian Ridge Regression,-0.4049916766527308,0.2809420811289862,2
Bayesian Ridge Regression,-0.7019607372542168,-0.34818695335577,2
Bayesian Ridge Regression,-0.9300930772084189,-1.3586061076049596,2
Bayesian Ridge Regression,-1.1159606660259742,-1.5838624396485006,2
Bayesian Ridge Regression,-2.2882000233155653,-2.174549871831511,2
Bayesian Ridge Regression,-2.004293876429448,-2.2288454170898375,2
Bayesian Ridge Regression,-2.9107287853445634,-2.0687707177647505,2
Bayesian Ridge Regression,-3.2691119889214533,-2.7851048438843726,2
Bayesian Ridge Regression,-1.8033790498935367,-2.191838550942075,2
Bayesian Ridge Regression,-2.465962973225779,-2.59387992304346,2
Bayesian Ridge Regression,-3.0775844181294625,-3.2452467619730934,2
Bayesian Ridge Regression,-2.1223515198479075,-2.5431385424267567,2
Bayesian Ridge Regression,-2.8170555006405635,-2.4917636029487884,2
Bayesian Ridge Regression,-3.579179826019102,-4.229643207632428,2
Bayesian Ridge Regression,-2.6991941581253336,-2.633017163409584,2
Bayesian Ridge Regression,-3.3308765956121587,-2.8850942926537533,2
Bayesian Ridge Regression,-2.3339531661956356,-2.487139663354002,2
Bayesian Ridge Regression,-3.1668739337041876,-2.546475438467738,2
Bayesian Ridge Regression,-3.310333372786738,-3.081738307913278,2
Bayesian Ridge Regression,-2.704319008875443,-2.3963326257153668,2
Bayesian Ridge Regression,-1.3360910210889294,-1.87407744341472,2
Bayesian Ridge Regression,-2.9864932974615632,-1.6981457359727106,2
Bayesian Ridge Regression,-1.5372443207314632,-1.8833486495211023,2
Bayesian Ridge Regression,-1.5372443207314632,-1.7318032982946503,2
Bayesian Ridge Regression,-2.586212054867284,-2.439608076315638,2
Bayesian Ridge Regression,-1.3859030337523468,-1.5419638616356075,2
Bayesian Ridge Regression,-1.183812038624167,-1.6129080025803175,2
Bayesian Ridge Regression,-1.7028254486283225,-1.9375429942618116,2
Bayesian Ridge Regression,-1.3266108732423414,-1.746203043062307,2
Bayesian Ridge Regression,-3.7342838339347466,-3.488741823888223,2
Bayesian Ridge Regression,-2.01828162271433,-2.146266835380054,2
Bayesian Ridge Regression,-3.007286136495451,-2.9306864925400133,2
Bayesian Ridge Regression,-2.3083760229550343,-2.4511855322161162,2
Bayesian Ridge Regression,-2.457678098889193,-1.975777772542251,2
Bayesian Ridge Regression,-1.6536721058017216,-1.8242324213157992,2
Bayesian Ridge Regression,-3.2590502255091702,-2.340812278495874,2
Bayesian Ridge Regression,-3.216247878762871,-2.7652271826828208,2
Bayesian Ridge Regression,-1.1808764741089726,-1.4187906385584574,2
Bayesian Ridge Regression,-3.7105715966505453,-4.192911149296063,2
Bayesian Ridge Regression,-2.1210586466718686,-2.5962851050732194,2
Bayesian Ridge Regression,-2.2826863141215226,-2.389328336354499,2
Bayesian Ridge Regression,-1.987977989665314,-2.6524108412191594,2
Bayesian Ridge Regression,-1.2376574055894478,-1.8806143456466176,2
Bayesian Ridge Regression,-2.248890796910272,-2.5097433801313738,2
Bayesian Ridge Regression,-2.0061846218108834,-2.1737259902562003,2
Bayesian Ridge Regression,-2.4308272469150642,-2.782451898159356,2
Bayesian Ridge Regression,-3.09259777670544,-2.244363535052261,2
Bayesian Ridge Regression,-1.4886987965534475,-1.7847140142453455,2
Bayesian Ridge Regression,-2.4462457037304657,-2.252694196521702,2
Bayesian Ridge Regression,-3.190894343543139,-2.4561770082967094,2
Bayesian Ridge Regression,-3.8287505085021976,-4.009831408744469,2
Bayesian Ridge Regression,-1.6846961468463335,-1.9889550643353067,2
Bayesian Ridge Regression,-2.9211605333956863,-2.7052891904549288,2
Bayesian Ridge Regression,-2.2625101343415968,-2.1120228975126305,2
Bayesian Ridge Regression,-2.110664900131247,-2.514064269614016,2
Bayesian Ridge Regression,-1.9070646816834933,-2.070727480639558,2
Bayesian Ridge Regression,-2.020315121682196,-1.8785891167196083,2
Bayesian Ridge Regression,-3.7834435403498214,-3.54539142202122,2
Bayesian Ridge Regression,-2.0731453982830836,-2.0048911139443164,2
Bayesian Ridge Regression,-2.3458067992518874,-1.4634691768331487,2
Bayesian Ridge Regression,-3.7834435403498214,-2.8726428071057204,2
Bayesian Ridge Regression,-1.6384460109776287,-2.3974865223020707,2
Bayesian Ridge Regression,-1.5213971031085405,-1.4172151747804793,2
Bayesian Ridge Regression,-3.5459650539173615,-3.0978991391492614,2
Bayesian Ridge Regression,-1.9705460914481276,-1.7089627137985044,2
Bayesian Ridge Regression,-2.5037832349706837,-1.867136697069724,2
Bayesian Ridge Regression,-3.466783553422354,-2.9205449081007426,2
Bayesian Ridge Regression,-1.2175444827866113,-2.0217926732948817,2
Bayesian Ridge Regression,-1.3434220574020639,-1.62383804399513,2
Bayesian Ridge Regression,-1.4441845681180592,-1.4511019814173167,2
Bayesian Ridge Regression,-3.926105768520805,-3.5095367375846074,2
Bayesian Ridge Regression,-3.6572596108178765,-3.6905174406719046,2
Bayesian Ridge Regression,-1.9718622007532294,-2.033138566196853,2
Bayesian Ridge Regression,-1.4782087030212006,-1.6895902026345775,2
Bayesian Ridge Regression,-2.6148556108775285,-2.593353921569458,2
Bayesian Ridge Regression,-2.484467237840419,-2.2825137603565446,2
Bayesian Ridge Regression,-3.1720823887102565,-3.017768825756405,2
Bayesian Ridge Regression,-3.7469892929465796,-3.833712589982956,2
Bayesian Ridge Regression,-1.4257747559860434,-1.488242630501396,2
Bayesian Ridge Regression,-1.064270917741021,-1.602781115580085,2
Bayesian Ridge Regression,-3.1720823887102565,-2.7440203384481006,2
Bayesian Ridge Regression,-0.6074545522659878,-1.2984031938423528,2
Bayesian Ridge Regression,-1.737359048801603,-1.5614856987070131,2
Bayesian Ridge Regression,-1.4285635434183963,-1.5325672611048264,2
Bayesian Ridge Regression,-1.3467292946628289,-1.3594824625054915,2
Bayesian Ridge Regression,-1.0937551186817627,-1.3693473347870628,2
Bayesian Ridge Regression,-1.4215944093236903,-1.4880439438722024,2
Bayesian Ridge Regression,-1.5708763680120374,-1.2686754248668564,2
Bayesian Ridge Regression,-1.1521693207507044,-0.9738097595431761,2
Bayesian Ridge Regression,-1.386590637896301,-1.9503944217323015,2
Bayesian Ridge Regression,-2.7597061620105943,-1.869399414581557,2
Bayesian Ridge Regression,-1.6292558354409146,-2.114132187322119,2
Bayesian Ridge Regression,-2.4706410072083687,-1.9189513379031369,2
Bayesian Ridge Regression,-1.2158410977813483,-1.9625868360956669,2
Bayesian Ridge Regression,-1.167232267440179,-1.5754029743408609,2
Bayesian Ridge Regression,-3.6688623296866587,-3.1305335322053747,2
Bayesian Ridge Regression,-1.2327435377262763,-1.8338266680997621,2
Bayesian Ridge Regression,-1.2503305415619155,-1.9769865808633234,2
Bayesian Ridge Regression,-3.6688623296866587,-2.227763156337038,2
Bayesian Ridge Regression,-2.2675571837562845,-2.16587096124148,2
Bayesian Ridge Regression,-1.4609239012072235,-1.743019630461127,2
Bayesian Ridge Regression,-4.0490653862997,-3.7195253616892394,2
Bayesian Ridge Regression,-1.4001202888111866,-1.4872648496035648,2
Bayesian Ridge Regression,-1.763658215013675,-2.0435242763981005,2
Bayesian Ridge Regression,-0.7420831923821466,-1.6253810220419669,2
Bayesian Ridge Regression,-2.174390400742264,-2.2767142597441343,2
Bayesian Ridge Regression,-0.975127284906683,-1.0342232678033954,2
Bayesian Ridge Regression,-1.0144370432648293,-1.600895818618484,2
Bayesian Ridge Regression,-2.0129990008635867,-1.5390036235229265,2
Bayesian Ridge Regression,-2.3465562136207656,-1.7348844119982456,2
Bayesian Ridge Regression,-1.4337063496845048,-1.8494228970769349,2
Bayesian Ridge Regression,-1.215596170273078,-2.0245459356630997,2
Bayesian Ridge Regression,-1.543738042979891,-1.3477005502434398,2
Bayesian Ridge Regression,-3.119103556806872,-2.2514642691783204,2
Bayesian Ridge Regression,-2.04835547456192,-1.7346857253690517,2
Bayesian Ridge Regression,-2.2488337964546146,-1.515317206363706,2
Bayesian Ridge Regression,-1.2530119718858257,-1.2204515410400256,2
Bayesian Ridge Regression,-1.525605260081181,-2.376907740220134,2
Bayesian Ridge Regression,-2.568749167088006,-2.2986054571992995,2
Bayesian Ridge Regression,-2.7292012545882884,-2.269687019597113,2
Bayesian Ridge Regression,-3.744840908818875,-3.166357150360704,2
Bayesian Ridge Regression,-1.4790145740873064,-2.239762133761339,2
Bayesian Ridge Regression,-1.2111861770342556,-2.0057951833591425,2
Bayesian Ridge Regression,-3.6924119784161333,-3.3916134824042445,2
Bayesian Ridge Regression,-2.345229430009625,-2.394708401878486,2
Bayesian Ridge Regression,-2.2313771400186773,-2.482668530674447,2
Bayesian Ridge Regression,-2.804329449939637,-2.309583732075112,2
Bayesian Ridge Regression,-2.1032881447661516,-2.1368476694972984,2
Bayesian Ridge Regression,-3.4116117497612004,-2.904182376634388,2
Bayesian Ridge Regression,-1.7613667161535187,-1.972171272181495,2
Bayesian Ridge Regression,-3.4116117497612004,-3.434369297237564,2
Bayesian Ridge Regression,-3.2402151004002007,-3.0764036289017476,2
Bayesian Ridge Regression,-1.753896033344213,-1.6918657529591383,2
Bayesian Ridge Regression,-1.8668031693530753,-1.7017306252407103,2
Bayesian Ridge Regression,-1.1848306140119889,-1.7512015280728743,2
Bayesian Ridge Regression,-3.015555503033429,-2.7616206823220644,2
Bayesian Ridge Regression,-1.5951494590693263,-1.8204272343258492,2
Bayesian Ridge Regression,-1.5372075124674875,-1.5191296903813254,2
Bayesian Ridge Regression,-2.1980100109869287,-2.2864643975184147,2
Bayesian Ridge Regression,-4.056947918112584,-3.8657087029229813,2
Bayesian Ridge Regression,-1.694880975742639,-2.3665038117191495,2
Bayesian Ridge Regression,-1.5279900670983446,-1.864781464885654,2
Bayesian Ridge Regression,-1.5145266747759671,-2.4577050226076214,2
Bayesian Ridge Regression,-1.5650830494456354,-2.2663650714081167,2
Bayesian Ridge Regression,-2.0742842332450646,-1.8556450257887775,2
Bayesian Ridge Regression,-2.833475754814589,-2.0307680643749424,2
Bayesian Ridge Regression,-1.717711472714874,-1.7582238727697657,2
Bayesian Ridge Regression,-1.8196475705694013,-1.785431171313519,2
Bayesian Ridge Regression,-1.6159918285387698,-1.2729276718045381,2
Bayesian Ridge Regression,-0.8521750241183932,-1.612346372714184,2
Bayesian Ridge Regression,-0.9751054096242024,-1.9468462366772497,2
Bayesian Ridge Regression,-1.47951268111869,-1.3356647579527465,2
Bayesian Ridge Regression,-1.8161267212970162,-1.9443906658559018,2
Bayesian Ridge Regression,-3.0397590359811644,-2.9073576341206504,2
Bayesian Ridge Regression,-3.312017362295172,-3.292288947922163,2
Bayesian Ridge Regression,-2.809660176396059,-2.1951254288197166,2
Bayesian Ridge Regression,-0.9737395646276028,-1.2103667027340914,2
Bayesian Ridge Regression,-0.7797693247910334,-0.9799921442727173,2
Bayesian Ridge Regression,-1.951987303305516,-1.6091211787574733,2
Bayesian Ridge Regression,-1.309961996475505,-1.8842852676068031,2
Bayesian Ridge Regression,-2.0008832971741093,-1.9437218918810129,2
Bayesian Ridge Regression,-1.6183307304435026,-1.8818296967854553,2
Bayesian Ridge Regression,-3.05329283374744,-2.8447966650502043,2
Bayesian Ridge Regression,-3.6368695830464484,-3.435484097233214,2
Bayesian Ridge Regression,-3.360662949678316,-3.1348174013575476,2
Bayesian Ridge Regression,-1.3627172000570675,-1.561428922490498,2
Bayesian Ridge Regression,-1.9499388302923257,-1.966672018618646,2
Bayesian Ridge Regression,-1.7772835288524167,-1.7473034996133001,2
Bayesian Ridge Regression,-1.4541338573389984,-1.4524378342896196,2
Bayesian Ridge Regression,-3.3625502994733605,-3.133121798658402,2
Bayesian Ridge Regression,-1.34349300583641,-1.5603609501732718,2
Bayesian Ridge Regression,0.23583851209189552,0.0533824261092497,2
Bayesian Ridge Regression,0.10764671163334447,0.4405662878640557,2
Bayesian Ridge Regression,-0.31923658554998896,-0.46319743107082534,2
Bayesian Ridge Regression,-0.202317609683526,0.036265094049572344,2
Bayesian Ridge Regression,-0.2703526265197312,0.00905779550581931,2
Bayesian Ridge Regression,0.011790398005349874,0.5215612950147999,2
Bayesian Ridge Regression,0.2034251096067644,0.18214259410515377,2
Bayesian Ridge Regression,-0.3118025518663407,0.05358111273844335,2
Bayesian Ridge Regression,-0.43783118657286935,-0.14990169903656403,2
Bayesian Ridge Regression,0.3323074801803344,-0.41245605045412237,2
Bayesian Ridge Regression,0.27486911420534327,0.5678152970674692,2
Bayesian Ridge Regression,-3.6464665167152384,-3.3758259108544864,2
Bayesian Ridge Regression,-1.181419364072578,-1.7535531864733305,2
Bayesian Ridge Regression,-2.2749377863952085,-1.762082534571965,2
Bayesian Ridge Regression,-1.1181615001713328,-2.051744058236819,2
Bayesian Ridge Regression,-2.7286993920768685,-2.27866239175204,2
Bayesian Ridge Regression,-0.9771273167949791,-1.572243097912922,2
Bayesian Ridge Regression,-2.1512701073865577,-2.031276995875812,2
Bayesian Ridge Regression,-1.098047311203653,-1.6926581416897966,2
Bayesian Ridge Regression,-1.315440666986884,-1.4605863039982472,2
Bayesian Ridge Regression,-1.816712585545078,-2.176546071657368,2
Bayesian Ridge Regression,-2.5395917281791975,-2.0396928858606835,2
Bayesian Ridge Regression,-2.2038635814094025,-2.595952312655219,2
Bayesian Ridge Regression,-1.9190397324043553,-1.5009636728794258,2
Bayesian Ridge Regression,-2.5479760718766045,-1.961390602839849,2
Bayesian Ridge Regression,-1.1078591195735359,-1.4199686657286814,2
Bayesian Ridge Regression,-1.1009937914140275,-1.189594107267307,2
Bayesian Ridge Regression,-2.3872497229566574,-2.353986011197603,2
Bayesian Ridge Regression,-3.8233531994782193,-3.645086060227804,2
Bayesian Ridge Regression,-2.176623074126691,-2.808125217201768,2
Bayesian Ridge Regression,-1.5290505627346085,-1.1858524928206122,2
Bayesian Ridge Regression,-1.6539166652584223,-2.362328537028955,2
Bayesian Ridge Regression,-1.649488441015367,-1.4635763022230937,2
Bayesian Ridge Regression,-1.4597718515481843,-1.1249574480370785,2
Bayesian Ridge Regression,-1.5240818424273839,-1.4001215368864082,2
Bayesian Ridge Regression,-0.8769725367904692,-0.679948969961027,2
Bayesian Ridge Regression,-0.9422704336465716,-1.2171266772568958,2
Bayesian Ridge Regression,-1.5966625231096632,-1.260762175449426,2
Bayesian Ridge Regression,-1.3991403077454354,-1.141866879735093,2
Bayesian Ridge Regression,-0.8837798009584171,-1.1913377825672575,2
Bayesian Ridge Regression,-2.0401269907408133,-1.2605634888202322,2
Bayesian Ridge Regression,-1.6181431713572578,-1.4640463005952395,2
Bayesian Ridge Regression,-0.9679951762893184,-1.548363661273791,2
Bayesian Ridge Regression,-2.0560190796534115,-1.4411429406507694,2
Bayesian Ridge Regression,-1.0748372190236377,-0.9286394411417889,2
Bayesian Ridge Regression,-1.025762740954669,-1.6025580060145002,2
Bayesian Ridge Regression,-1.048516497297764,-0.882385439089119,2
Bayesian Ridge Regression,-1.6643405451853508,-1.8713866181737682,2
Bayesian Ridge Regression,-1.475460019768368,-1.6260497251123445,2
Bayesian Ridge Regression,-0.988626069420939,-1.280228863935196,2
Bayesian Ridge Regression,-1.5672159407631352,-1.7850092196547274,2
Bayesian Ridge Regression,-1.3147618244158232,-2.0475635710722857,2
Bayesian Ridge Regression,-1.2413209034031176,-1.3621578888743744,2
Bayesian Ridge Regression,-1.4154063781902113,-1.0672922235506943,2
Bayesian Ridge Regression,-3.3694633107167937,-2.7479761879194764,2
Bayesian Ridge Regression,-2.703826191329584,-2.392227257380561,3
Bayesian Ridge Regression,-2.3969317709673565,-2.2492559148644795,3
Bayesian Ridge Regression,-3.5076503600642033,-2.9578705726629817,3
Bayesian Ridge Regression,-1.8035334240706482,-1.8410595963517462,3
Bayesian Ridge Regression,-1.9138112509675613,-2.0289873127904,3
Bayesian Ridge Regression,-1.9492654506102318,-2.3361543765761876,3
Bayesian Ridge Regression,-1.9492654506102318,-2.2357446281766324,3
Bayesian Ridge Regression,-1.7253486984128064,-2.1027279161256716,3
Bayesian Ridge Regression,-3.3692782873859213,-3.4744748237089746,3
Bayesian Ridge Regression,-3.120277513484956,-2.6053759950602413,3
Bayesian Ridge Regression,-0.737425984358659,-1.3285309908295044,3
Bayesian Ridge Regression,-0.28950830319552845,-2.791569675520458,3
Bayesian Ridge Regression,-0.3239443747054647,-1.1863109476069835,3
Bayesian Ridge Regression,-1.5321588732385725,-1.894174306111925,3
Bayesian Ridge Regression,-1.524080623031204,-1.4353182164718306,3
Bayesian Ridge Regression,-1.5530374141251506,-1.251163828327523,3
Bayesian Ridge Regression,-1.1383767799226443,-0.5125441765907062,3
Bayesian Ridge Regression,-3.4108437941069076,-3.0965371836569675,3
Bayesian Ridge Regression,-1.1938637358837367,-1.4912784557434926,3
Bayesian Ridge Regression,-1.833927238128002,-2.199141814248434,3
Bayesian Ridge Regression,-1.1345513868310089,-1.4839859764416063,3
Bayesian Ridge Regression,-1.221874373746708,-1.556131336464032,3
Bayesian Ridge Regression,-1.6571034663893656,-1.3499508248940055,3
Bayesian Ridge Regression,-1.3355656611938254,-1.4103116492181371,3
Bayesian Ridge Regression,-1.1131158581897997,-0.8175116847272155,3
Bayesian Ridge Regression,-1.8229892712376083,-1.581187947950135,3
Bayesian Ridge Regression,-1.3897810295006061,-1.4770158697620845,3
Bayesian Ridge Regression,-2.4318269168378195,-2.267884933650765,3
Bayesian Ridge Regression,-2.6396789104480054,-1.9873636830785626,3
Bayesian Ridge Regression,-2.9142603715445343,-2.5126674446211528,3
Bayesian Ridge Regression,-0.6389033445220246,-0.42056629289329495,3
Bayesian Ridge Regression,-0.40674416735366103,-0.6703248610517027,3
Bayesian Ridge Regression,-0.5732799306060785,-0.6912852381102266,3
Bayesian Ridge Regression,-0.14570591755806434,-0.13350386231276667,3
Bayesian Ridge Regression,0.20849296776590773,0.050166074725323195,3
Bayesian Ridge Regression,-2.541474704475919,-2.305661668793203,3
Bayesian Ridge Regression,-1.5397653155309607,-2.049361920626469,3
Bayesian Ridge Regression,-1.9101052340727014,-2.1428015623465027,3
Bayesian Ridge Regression,-2.8170555006405635,-2.3266220458517264,3
Bayesian Ridge Regression,-1.9615865844075526,-2.265420148487858,3
Bayesian Ridge Regression,-2.2017306515457955,-1.7853311401517846,3
Bayesian Ridge Regression,-3.810574259769909,-3.8232809053848102,3
Bayesian Ridge Regression,-2.0468682910310587,-2.6409780548524435,3
Bayesian Ridge Regression,-2.557865138098485,-3.2630862749455702,3
Bayesian Ridge Regression,-3.447382880362,-3.8869174597460727,3
Bayesian Ridge Regression,-2.7237372356215404,-2.7058309355729833,3
Bayesian Ridge Regression,-3.1413617595139014,-2.6267154688710357,3
Bayesian Ridge Regression,-2.4751841978240816,-2.369654795075873,3
Bayesian Ridge Regression,-1.9785756664607834,-1.8975694636627742,3
Bayesian Ridge Regression,-2.174597252967641,-1.9697148236851998,3
Bayesian Ridge Regression,-1.8319016673890882,-1.7635343121151732,3
Bayesian Ridge Regression,-2.861353792341514,-2.9438250328827986,3
Bayesian Ridge Regression,-1.4093732376842594,-1.6170482130905715,3
Bayesian Ridge Regression,-1.6037557432468053,-1.6335386831880896,3
Bayesian Ridge Regression,-3.873453012328298,-3.6714884484211154,3
Bayesian Ridge Regression,-1.4370923600242806,-1.649753383408359,3
Bayesian Ridge Regression,-2.3478691638008677,-1.6424609041064726,3
Bayesian Ridge Regression,-2.691578169406441,-2.7203418094475698,3
Bayesian Ridge Regression,-2.2476183878149794,-2.5773704669314883,3
Bayesian Ridge Regression,-3.6203410251864447,-3.28598512472999,3
Bayesian Ridge Regression,-3.6203410251864447,-3.909023318108579,3
Bayesian Ridge Regression,-3.52120992195253,-3.8240611711186774,3
Bayesian Ridge Regression,-3.302921552819786,-2.8480894121484197,3
Bayesian Ridge Regression,-2.9303729669440868,-2.6429746469455884,3
Bayesian Ridge Regression,-2.4555313487080666,-2.204793100460802,3
Bayesian Ridge Regression,-2.487130374543647,-2.497154959699693,3
Bayesian Ridge Regression,-3.2590502255091702,-2.9051078141507927,3
Bayesian Ridge Regression,-2.810836301965318,-2.43084246819268,3
Bayesian Ridge Regression,-3.1353471437504044,-2.93349054712725,3
Bayesian Ridge Regression,-1.7568408124580226,-2.1204187396093594,3
Bayesian Ridge Regression,-1.7751555586449395,-1.9613209629511545,3
Bayesian Ridge Regression,-1.706119540338668,-2.198397518670256,3
Bayesian Ridge Regression,-1.5862250860093259,-1.7241321727121435,3
Bayesian Ridge Regression,-1.1883246153441216,-1.3999278038323337,3
Bayesian Ridge Regression,-3.0415646563875622,-2.531019336203135,3
Bayesian Ridge Regression,-3.2996658499018485,-2.3880479936870533,3
Bayesian Ridge Regression,-2.7592630971786845,-2.4895618079130486,3
Bayesian Ridge Regression,-3.339134521996131,-2.241519994948245,3
Bayesian Ridge Regression,-3.688222835963096,-3.6132669025315485,3
Bayesian Ridge Regression,-3.1495014132834878,-3.0131025443650534,3
Bayesian Ridge Regression,-2.0559062448512155,-3.5511785907537408,3
Bayesian Ridge Regression,-1.262358754468822,-1.6314724148438344,3
Bayesian Ridge Regression,-2.258697330779929,-2.0339159260835413,3
Bayesian Ridge Regression,-3.231239100298885,-3.5297067954110464,3
Bayesian Ridge Regression,-2.8197963948012763,-2.660607966762313,3
Bayesian Ridge Regression,-3.690448608815449,-3.5827030120341616,3
Bayesian Ridge Regression,-1.6379527351562522,-1.9774442841206872,3
Bayesian Ridge Regression,-1.955139967558483,-1.976692984827126,3
Bayesian Ridge Regression,-1.6668842660690988,-2.247411930044058,3
Bayesian Ridge Regression,-1.7015723913432346,-1.5059606172085083,3
Bayesian Ridge Regression,-1.7340876483093817,-2.0012834789479244,3
Bayesian Ridge Regression,-3.3980931244651527,-2.1947790313300795,3
Bayesian Ridge Regression,-1.8211763195496429,-2.5678799825583587,3
Bayesian Ridge Regression,-3.7834435403498214,-3.191711167358861,3
Bayesian Ridge Regression,-2.000920332458684,-2.010624643185772,3
Bayesian Ridge Regression,-1.1738116279378035,-1.6579580325911436,3
Bayesian Ridge Regression,-1.3819820537899474,-2.035681254671875,3
Bayesian Ridge Regression,-1.945720453842236,-2.183261794133734,3
Bayesian Ridge Regression,-3.23633470688153,-2.301140543367434,3
Bayesian Ridge Regression,-1.3450596755542978,-1.8864886801572947,3
Bayesian Ridge Regression,-1.5838670484167507,-1.7997803534174657,3
Bayesian Ridge Regression,-1.385136327132139,-1.3353210191284801,3
Bayesian Ridge Regression,-2.8343485837796827,-1.7369761576328875,3
Bayesian Ridge Regression,-2.2151453721747094,-1.830415799352921,3
Bayesian Ridge Regression,-1.9458635904251336,-1.6956717793745328,3
Bayesian Ridge Regression,-1.479191830676853,-1.9530343854942769,3
Bayesian Ridge Regression,-1.0807113206322263,-1.596989338902405,3
Bayesian Ridge Regression,-2.635540187918821,-2.1622404764830447,3
Bayesian Ridge Regression,-1.5625822596100025,-2.075532149743216,3
Bayesian Ridge Regression,-3.0153277959856664,-2.289988079183895,3
Bayesian Ridge Regression,-1.6517269019834395,-1.6466917674962769,3
Bayesian Ridge Regression,-1.790442094293253,-1.9390536267351686,3
Bayesian Ridge Regression,-2.1469087646472067,-2.005757847279116,3
Bayesian Ridge Regression,-2.7671936491741276,-2.5312273439520068,3
Bayesian Ridge Regression,-2.0630158256502544,-1.8727411352281549,3
Bayesian Ridge Regression,-1.1441412885613946,-1.4875273329464185,3
Bayesian Ridge Regression,-2.9171991963522217,-2.7407592171419335,3
Bayesian Ridge Regression,-2.1372208240925845,-2.5337829021664433,3
Bayesian Ridge Regression,-0.6538319472043919,-1.2070060823742157,3
Bayesian Ridge Regression,-1.0111406945890653,-1.8218058601740488,3
Bayesian Ridge Regression,-2.244039132061237,-2.4978045223230945,3
Bayesian Ridge Regression,-2.8108233787082515,-2.4110961955832653,3
Bayesian Ridge Regression,-3.352587686654944,-3.0634478376055148,3
Bayesian Ridge Regression,-2.1225210730141013,-2.9776926991936996,3
Bayesian Ridge Regression,-1.421235229471209,-2.214256848251086,3
Bayesian Ridge Regression,-1.3544637580442256,-1.6818177080842962,3
Bayesian Ridge Regression,-1.5438464586997465,-2.0677707492264847,3
Bayesian Ridge Regression,-3.5378566631708024,-2.6825705270263174,3
Bayesian Ridge Regression,-2.9753058553179503,-2.5930745107690747,3
Bayesian Ridge Regression,-3.0607359079332865,-3.5800520886515077,3
Bayesian Ridge Regression,-2.0978386037648766,-2.050629738586968,3
Bayesian Ridge Regression,-2.0990330852672687,-2.265085668027647,3
Bayesian Ridge Regression,-1.4436245197644126,-2.059970902824815,3
Bayesian Ridge Regression,-1.4486812373435975,-2.203883770663779,3
Bayesian Ridge Regression,-1.4386260150993235,-2.0850275143109185,3
Bayesian Ridge Regression,-1.3168403571338247,-1.7237947623277048,3
Bayesian Ridge Regression,-1.9811271489159006,-1.8798593210436243,3
Bayesian Ridge Regression,-1.2297848289673887,-1.0367311995828576,3
Bayesian Ridge Regression,-1.0225594503600544,-0.9699373710764092,3
Bayesian Ridge Regression,-1.4399552960568784,-1.8593332284589652,3
Bayesian Ridge Regression,-2.090032121190501,-1.8686743926968126,3
Bayesian Ridge Regression,-1.1177693107076099,-1.4304928462120263,3
Bayesian Ridge Regression,-1.0639605458204757,-1.130054740959996,3
Bayesian Ridge Regression,-1.1984184440476704,-1.516007782102184,3
Bayesian Ridge Regression,-1.394827676426251,-2.130807559902017,3
Bayesian Ridge Regression,-1.709300425196423,-2.0413115436447744,3
Bayesian Ridge Regression,-1.8171279243372191,-2.3150284226677558,3
Bayesian Ridge Regression,-3.4366316559477377,-3.0282891215272074,3
Bayesian Ridge Regression,-2.540720473654946,-2.170936318878258,3
Bayesian Ridge Regression,-1.5811083204741387,-1.8904150683060554,3
Bayesian Ridge Regression,-1.6434286328720604,-1.9069055384035734,3
Bayesian Ridge Regression,-4.034798298974088,-3.944855303636599,3
Bayesian Ridge Regression,-3.233202110369878,-2.600950338457373,3
Bayesian Ridge Regression,-1.945164608357066,-2.049782677428558,3
Bayesian Ridge Regression,-2.993441546294603,-2.544877457652999,3
Bayesian Ridge Regression,-2.9710072633433735,-2.3777634887094963,3
Bayesian Ridge Regression,-1.2545644486474818,-1.7849635242185746,3
Bayesian Ridge Regression,-2.1317533670782356,-3.4976933851529903,3
Bayesian Ridge Regression,-1.6524312761675333,-2.170916565360763,3
Bayesian Ridge Regression,-2.8201877676993385,-2.785716343160596,3
Bayesian Ridge Regression,-2.0864005407417032,-1.9872466283226733,3
Bayesian Ridge Regression,-3.8817848914990014,-4.225356800691307,3
Bayesian Ridge Regression,-1.7083201719567802,-1.8222971804625088,3
Bayesian Ridge Regression,-1.593236649552128,-1.357837846173523,3
Bayesian Ridge Regression,-2.579721210352638,-2.3888936840729436,3
Bayesian Ridge Regression,-2.025135764586199,-2.036753109903188,3
Bayesian Ridge Regression,-1.7246442506203672,-1.4789717341057278,3
Bayesian Ridge Regression,-2.7766733448672327,-2.22811889444105,3
Bayesian Ridge Regression,-2.4520022992105748,-2.1726071779583584,3
Bayesian Ridge Regression,-2.5783960731301687,-2.7947153980514847,3
Bayesian Ridge Regression,-2.1956618739690814,-2.1653146986564717,3
Bayesian Ridge Regression,-2.084073842416984,-2.2587543403765054,3
Bayesian Ridge Regression,-1.0942289641451028,-1.4988404069420809,3
Bayesian Ridge Regression,-1.6613977234664838,-2.683814088649841,3
Bayesian Ridge Regression,-1.586700235918748,-2.0253278799259893,3
Bayesian Ridge Regression,-3.5527489155241385,-3.3970747875092924,3
Bayesian Ridge Regression,-3.276542686022807,-2.5279759588605595,3
Bayesian Ridge Regression,-1.2054304558342028,-1.888387579702942,3
Bayesian Ridge Regression,-1.8057322630823986,-1.7461675364804212,3
Bayesian Ridge Regression,-0.9490993255496558,-1.3372199186741272,3
Bayesian Ridge Regression,-1.1026053129321816,-1.47484427670385,3
Bayesian Ridge Regression,-2.8559441417598115,-2.0731535844061653,3
Bayesian Ridge Regression,-1.170757605358798,-2.257374447171904,3
Bayesian Ridge Regression,-3.7727484977747765,-3.5127940419368757,3
Bayesian Ridge Regression,-1.7997913808340749,-1.6937112948536377,3
Bayesian Ridge Regression,-1.2862388841839494,-1.6929599955600771,3
Bayesian Ridge Regression,-1.2165796349138172,-1.2847636770473436,3
Bayesian Ridge Regression,-1.5350740375460707,-1.6864188155517512,3
Bayesian Ridge Regression,-2.850003549488979,-2.9396506997472667,3
Bayesian Ridge Regression,-1.5097699255058308,-1.963678940777009,3
Bayesian Ridge Regression,-1.2800471306587051,-1.78362078706028,3
Bayesian Ridge Regression,-1.405215799824956,-1.2222276279414592,3
Bayesian Ridge Regression,-3.7618083196547483,-3.5649269177789176,3
Bayesian Ridge Regression,-1.8884660362981867,-2.015179906348135,3
Bayesian Ridge Regression,-3.3010769020010144,-3.2905697417489734,3
Bayesian Ridge Regression,-2.0703010191144675,-2.0245210705859824,3
Bayesian Ridge Regression,-1.391500388590343,-1.9110713323052022,3
Bayesian Ridge Regression,-1.1895507451644802,-1.688344930088872,3
Bayesian Ridge Regression,-2.740096874062147,-2.470875100556926,3
Bayesian Ridge Regression,-2.464359595395084,-2.315036970767644,3
Bayesian Ridge Regression,0.3580642293861346,-0.004921221527514508,3
Bayesian Ridge Regression,0.26528954569788904,-0.25392849039236154,3
Bayesian Ridge Regression,-0.8579133376664105,-1.2508606264211433,3
Bayesian Ridge Regression,-0.39778171004309776,-0.09106838394566186,3
Bayesian Ridge Regression,0.11059120541434526,-0.2748888674508856,3
Bayesian Ridge Regression,0.23583851209189552,0.04367563603272595,3
Bayesian Ridge Regression,0.25792460161657743,-0.21368697008701742,3
Bayesian Ridge Regression,-0.8579133376664105,-1.043884311445653,3
Bayesian Ridge Regression,0.23141740977050707,0.2664020382490562,3
Bayesian Ridge Regression,0.2733961152011059,0.14235807650485421,3
Bayesian Ridge Regression,-1.9219867657940077,-1.7715477269839697,3
Bayesian Ridge Regression,-1.4739374796247893,-1.2773666570619822,3
Bayesian Ridge Regression,-1.5923333763280876,-1.544986644018789,3
Bayesian Ridge Regression,-2.703220329010491,-2.7252773647864146,3
Bayesian Ridge Regression,-1.6163219968838958,-2.01330032279402,3
Bayesian Ridge Regression,-2.327144451312569,-2.1975211855597587,3
Bayesian Ridge Regression,-2.7488910409678486,-1.8301050571858317,3
Bayesian Ridge Regression,-2.405003945642156,-2.0791123260506787,3
Bayesian Ridge Regression,-2.789746241172472,-2.452213277278958,3
Bayesian Ridge Regression,-1.5073537295089607,-1.6090851558181913,3
Bayesian Ridge Regression,-2.6216055516158603,-2.100072703109203,3
Bayesian Ridge Regression,-2.3812985463366814,-1.894957937906371,3
Bayesian Ridge Regression,-1.862548056774303,-1.7491382506604762,3
Bayesian Ridge Regression,-3.2294115893983317,-2.8690681471039703,3
Bayesian Ridge Regression,-1.2328253445920763,-1.5422913273117427,3
Bayesian Ridge Regression,-1.6695950343945678,-1.8158424712044237,3
Bayesian Ridge Regression,-1.455583530702784,-1.5587817974092608,3
Bayesian Ridge Regression,-1.852111989478871,-2.1570911051115758,3
Bayesian Ridge Regression,-1.1286832686838821,-1.3336788849645784,3
Bayesian Ridge Regression,-1.10868225389701,-1.1914588417420573,3
Bayesian Ridge Regression,-1.4753372030036505,-2.522360393625588,3
Bayesian Ridge Regression,-1.573747505577719,-0.7825112239357637,3
Bayesian Ridge Regression,-1.5323301209746991,-1.8135670618351838,3
Bayesian Ridge Regression,-1.3469740509457453,-0.9704389403744171,3
Bayesian Ridge Regression,-1.6322137070153477,-2.230421931660196,3
Bayesian Ridge Regression,-0.8959678728621829,-1.536566074826912,3
Bayesian Ridge Regression,-2.348164353297759,-1.9096670260551913,3
Bayesian Ridge Regression,-0.6082262842300837,-0.9142301401978181,3
Bayesian Ridge Regression,-0.9568598388437015,-0.999745076087976,3
Bayesian Ridge Regression,-1.042642722079717,-1.1402795079296961,3
Bayesian Ridge Regression,-3.4341521813264824,-3.05418531141852,3
Bayesian Ridge Regression,-0.9172146296835499,-1.6429275868642663,3
Bayesian Ridge Regression,-3.2172494016790187,-3.020803603012392,3
Bayesian Ridge Regression,-1.466507781947675,-1.5163073900313522,3
Bayesian Ridge Regression,-0.8317581654646831,-1.1945249737312773,3
Bayesian Ridge Regression,-1.450536715424269,-1.5016920375170648,3
Bayesian Ridge Regression,-1.7283368624549476,-1.6855125210222885,3
Bayesian Ridge Regression,-0.4819145002205912,-1.334578068573562,3
Bayesian Ridge Regression,-3.2503548803911073,-2.454507965017056,3
Bayesian Ridge Regression,-0.6143935172969877,-1.1277311452248286,3
Bayesian Ridge Regression,-0.37949908787793823,-1.4012822891175096,3
Bayesian Ridge Regression,-1.2028902052841348,-1.9267517857904002,3
Bayesian Ridge Regression,-2.428366273865067,-1.7709136560011185,3
Bayesian Ridge Regression,-3.7648251925435416,-3.1285225169988946,3
Bayesian Ridge Regression,-1.530055677420101,-1.578775505568112,3
Bayesian Ridge Regression,-1.4806961523875994,-1.5232637890854202,3
Bayesian Ridge Regression,-2.114518460874232,-2.1453720091785464,3
Bayesian Ridge Regression,-1.137767503887176,-1.7320295376449228,3
Bayesian Ridge Regression,-3.8301933583825565,-3.289890294541875,3
Bayesian Ridge Regression,-2.0772161211350064,-2.2345180340621322,4
Bayesian Ridge Regression,-3.7465335671940925,-3.621597082872193,4
Bayesian Ridge Regression,-2.3969317709673565,-2.3578966946098987,4
Bayesian Ridge Regression,-3.5076503600642033,-3.275280672422449,4
Bayesian Ridge Regression,-2.858166273095228,-2.661830465849023,4
Bayesian Ridge Regression,-3.6845481800874196,-4.15729500874202,4
Bayesian Ridge Regression,-1.641711232958164,-2.4559173546572532,4
Bayesian Ridge Regression,-1.5083613986405884,-1.1387039122259581,4
Bayesian Ridge Regression,-1.520097156387571,-0.8294501408593653,4
Bayesian Ridge Regression,-0.32212322804184973,-1.1834266576105745,4
Bayesian Ridge Regression,-0.9452141888163385,-0.9239310696190455,4
Bayesian Ridge Regression,-1.414958380703708,-1.192216966394959,4
Bayesian Ridge Regression,-0.9407520429016281,-1.1005947322036482,4
Bayesian Ridge Regression,-1.2391607486734533,-1.066866127655473,4
Bayesian Ridge Regression,-1.9196885629650766,-1.429940065106306,4
Bayesian Ridge Regression,-1.4610955316441951,-1.7860144876932726,4
Bayesian Ridge Regression,-1.0225392132375182,-1.1383138969728819,4
Bayesian Ridge Regression,-1.4187942485435616,-1.4614313031679607,4
Bayesian Ridge Regression,-0.9172087828988489,-1.137602800363877,4
Bayesian Ridge Regression,-1.1631032781134523,-1.226404002142447,4
Bayesian Ridge Regression,-3.694349887124185,-3.8950837285411537,4
Bayesian Ridge Regression,-1.8960550708053778,-2.3057491468535285,4
Bayesian Ridge Regression,-2.3531252756425936,-2.394071628479205,4
Bayesian Ridge Regression,-2.808030042713029,-2.463434923698298,4
Bayesian Ridge Regression,-2.7929079641438137,-3.692828195663589,4
Bayesian Ridge Regression,-1.8194641482091292,-2.066360981865701,4
Bayesian Ridge Regression,-2.6092962251353855,-2.1608419106253813,4
Bayesian Ridge Regression,-2.66118307205398,-2.2469612832925994,4
Bayesian Ridge Regression,-2.772379350111858,-2.429127807401295,4
Bayesian Ridge Regression,-1.4349038067728495,-1.9368703938010237,4
Bayesian Ridge Regression,0.14443509497441417,-0.6086938047767716,4
Bayesian Ridge Regression,0.05304456027413388,-1.3461668626215222,4
Bayesian Ridge Regression,0.1297019665778856,-0.5741183220119772,4
Bayesian Ridge Regression,-0.6704627883686575,-0.6188410673965938,4
Bayesian Ridge Regression,-0.7545795752718538,-0.3593454794050648,4
Bayesian Ridge Regression,-0.28184511787174465,-0.5360091419896673,4
Bayesian Ridge Regression,-0.012750569114115418,-0.8653544748923252,4
Bayesian Ridge Regression,-0.27744790362250854,-0.9788593938073233,4
Bayesian Ridge Regression,-3.2691119889214533,-3.3995416123355113,4
Bayesian Ridge Regression,-1.9304209166838449,-1.6394108975442778,4
Bayesian Ridge Regression,-2.1460708341762897,-1.7730743985376232,4
Bayesian Ridge Regression,-2.3140538776829995,-2.1393587441173443,4
Bayesian Ridge Regression,-1.1005815755977664,-1.3049760045638306,4
Bayesian Ridge Regression,-1.894217061776159,-1.9942701916882288,4
Bayesian Ridge Regression,-3.0166281405425486,-3.0532252018857675,4
Bayesian Ridge Regression,-2.2432421390383843,-2.373564322784564,4
Bayesian Ridge Regression,-2.7515330963273232,-2.254058455899563,4
Bayesian Ridge Regression,-2.209721593275448,-1.911428322528384,4
Bayesian Ridge Regression,-1.4735211762278637,-1.6435838104729457,4
Bayesian Ridge Regression,-3.4785088685395653,-2.8108038425156354,4
Bayesian Ridge Regression,-2.67596440114224,-2.8054657228459257,4
Bayesian Ridge Regression,-2.2415951055389973,-4.034858994811216,4
Bayesian Ridge Regression,-3.20721692140729,-2.762368297764538,4
Bayesian Ridge Regression,-3.20721692140729,-2.588992082440227,4
Bayesian Ridge Regression,-3.2474583508182433,-3.688542584361473,4
Bayesian Ridge Regression,-1.624154843179839,-2.278901192948651,4
Bayesian Ridge Regression,-3.4317548486561424,-3.8748679814630957,4
Bayesian Ridge Regression,-2.6788398129059168,-3.1223866241752676,4
Bayesian Ridge Regression,-2.778538031513268,-2.0762835542203844,4
Bayesian Ridge Regression,-1.4326336990343642,-2.017700746849465,4
Bayesian Ridge Regression,-1.415304935020491,-1.5402079917247322,4
Bayesian Ridge Regression,-2.861353792341514,-3.115076403260895,4
Bayesian Ridge Regression,-2.845233778250056,-2.219650470393995,4
Bayesian Ridge Regression,-1.3158802108242549,-1.8950672858686834,4
Bayesian Ridge Regression,-1.4542413778154994,-2.154855550080018,4
Bayesian Ridge Regression,-1.7089770353918146,-1.7311931863885368,4
Bayesian Ridge Regression,-3.434121498561107,-3.013831146055038,4
Bayesian Ridge Regression,-1.4616237416558537,-1.2537004312638043,4
Bayesian Ridge Regression,-1.3870823799964922,-1.933142909933067,4
Bayesian Ridge Regression,-1.777268237794943,-1.2854423192126765,4
Bayesian Ridge Regression,-1.3104931690369908,-1.3735324243822413,4
Bayesian Ridge Regression,-1.4100025284401918,-1.9878538565040904,4
Bayesian Ridge Regression,-2.6799272800459657,-2.054064529031868,4
Bayesian Ridge Regression,-1.1286208649028604,-1.5257178562479106,4
Bayesian Ridge Regression,-3.302921552819786,-2.853840132706917,4
Bayesian Ridge Regression,-3.7342838339347466,-4.276036357050136,4
Bayesian Ridge Regression,-1.794765718416369,-2.3136501093813377,4
Bayesian Ridge Regression,-2.5986223809209954,-3.305145143164892,4
Bayesian Ridge Regression,-2.2669235674490644,-2.8012901271258928,4
Bayesian Ridge Regression,-2.270552443792131,-2.684729597170791,4
Bayesian Ridge Regression,-1.5554661639976504,-2.317823022310006,4
Bayesian Ridge Regression,-1.5623567401916558,-1.4498088486043181,4
Bayesian Ridge Regression,-1.3160847906164357,-1.892726120964257,4
Bayesian Ridge Regression,-3.5222913974306227,-3.024677260140481,4
Bayesian Ridge Regression,-2.2317936703338876,-1.9374488663488734,4
Bayesian Ridge Regression,-1.9704478542261563,-1.9497566951773848,4
Bayesian Ridge Regression,-1.1465151741161497,-1.4815507365531908,4
Bayesian Ridge Regression,-1.2543892714743548,-1.8046681427482694,4
Bayesian Ridge Regression,-1.5942049925158137,-1.8208883363937716,4
Bayesian Ridge Regression,-3.4161712191583424,-3.0499485500474313,4
Bayesian Ridge Regression,-2.644753893986956,-3.2298122023637736,4
Bayesian Ridge Regression,-2.5339607001524365,-2.0148463893942905,4
Bayesian Ridge Regression,-3.688222835963096,-3.0063414231778443,4
Bayesian Ridge Regression,-3.285204336328503,-2.6942888680635533,4
Bayesian Ridge Regression,-1.5650446341096866,-2.046588277343163,4
Bayesian Ridge Regression,-2.4995431395917818,-2.242990819147316,4
Bayesian Ridge Regression,-3.159004262647741,-2.329110191814534,4
Bayesian Ridge Regression,-3.40015839520823,-2.4196544817319188,4
Bayesian Ridge Regression,-2.0364325385907973,-2.7489998146345767,4
Bayesian Ridge Regression,-4.043611115346274,-3.8719612978718043,4
Bayesian Ridge Regression,-2.1081088952398566,-2.2826267161841787,4
Bayesian Ridge Regression,-3.7551664480113374,-3.669705764994239,4
Bayesian Ridge Regression,-1.7478447295977892,-2.409522896776072,4
Bayesian Ridge Regression,-1.7176063992666837,-2.1377194799560315,4
Bayesian Ridge Regression,-2.848471723996311,-3.3233893545444952,4
Bayesian Ridge Regression,-2.362468744313884,-2.181592475187112,4
Bayesian Ridge Regression,-1.5518607813097591,-1.9137479631316738,4
Bayesian Ridge Regression,-1.6253102968663857,-2.074074457177987,4
Bayesian Ridge Regression,-1.7818010064165613,-1.6716623956756802,4
Bayesian Ridge Regression,-3.3960495196322524,-3.1128673062184977,4
Bayesian Ridge Regression,-1.7883466398341077,-2.0379467412554013,4
Bayesian Ridge Regression,-1.7565625592771141,-1.5697407826312069,4
Bayesian Ridge Regression,-1.3580712288885752,-1.2035640017018876,4
Bayesian Ridge Regression,-1.7983538696326367,-1.892858188826286,4
Bayesian Ridge Regression,-2.0615953180564492,-2.034429221211274,4
Bayesian Ridge Regression,-2.8606575042266775,-1.9428069870199633,4
Bayesian Ridge Regression,-1.3752808174958797,-1.6578308878007721,4
Bayesian Ridge Regression,-3.508144052188851,-3.1381385961254473,4
Bayesian Ridge Regression,-1.3982848993986936,-2.2229787385628406,4
Bayesian Ridge Regression,-1.936797812533807,-2.059954842048361,4
Bayesian Ridge Regression,-1.4975728800155672,-2.1482773236740376,4
Bayesian Ridge Regression,-1.012145447578458,-1.6869031760671884,4
Bayesian Ridge Regression,-1.0474177734305667,-2.001166978487432,4
Bayesian Ridge Regression,-2.5430732387631334,-2.0417624702111397,4
Bayesian Ridge Regression,-1.4273499677206534,-2.1833335025961276,4
Bayesian Ridge Regression,-1.006612713059657,-1.958920601051295,4
Bayesian Ridge Regression,-3.739785461604827,-3.982731816728249,4
Bayesian Ridge Regression,-1.3173301868582306,-1.8331393107214229,4
Bayesian Ridge Regression,-1.2834663142150111,-1.505428664107919,4
Bayesian Ridge Regression,-1.5213971031085405,-1.0373302701341267,4
Bayesian Ridge Regression,-1.2662523005170878,-1.7765732554522022,4
Bayesian Ridge Regression,-3.4629936067206395,-3.386635851381436,4
Bayesian Ridge Regression,-3.289282825523282,-3.2013735481263654,4
Bayesian Ridge Regression,-1.98115226552214,-1.8546495663432285,4
Bayesian Ridge Regression,-2.049666891178964,-1.9813644307341538,4
Bayesian Ridge Regression,-2.5142250705986213,-2.0313132289278313,4
Bayesian Ridge Regression,-2.099963060637607,-2.360658561830489,4
Bayesian Ridge Regression,-2.648503823177817,-2.241152694945488,4
Bayesian Ridge Regression,-1.9011407722544549,-1.5170897191404522,4
Bayesian Ridge Regression,-3.390442939572028,-2.943400404313598,4
Bayesian Ridge Regression,-1.9745795534681516,-2.1959799696142834,4
Bayesian Ridge Regression,-1.2563082695173393,-0.9810141566447999,4
Bayesian Ridge Regression,-0.7705521408719755,-0.646579263664353,4
Bayesian Ridge Regression,-2.00821940080217,-1.4774444831737394,4
Bayesian Ridge Regression,-1.4330573818946528,-1.3520936444342535,4
Bayesian Ridge Regression,-2.536796608945731,-1.7813782544128638,4
Bayesian Ridge Regression,-4.219679806977318,-3.863469785117145,4
Bayesian Ridge Regression,-1.86662075613132,-2.2741352034295192,4
Bayesian Ridge Regression,-2.1782870563447125,-2.3624576850551957,4
Bayesian Ridge Regression,-2.9206284299141125,-2.4318209802742894,4
Bayesian Ridge Regression,-2.8641555620169683,-2.344000809808285,4
Bayesian Ridge Regression,-2.5312982881059978,-2.3887235551929016,4
Bayesian Ridge Regression,-2.034185120528877,-2.2153473398685906,4
Bayesian Ridge Regression,-2.560133846538238,-2.397513863977286,4
Bayesian Ridge Regression,-2.612904311968554,-2.0209155305667843,4
Bayesian Ridge Regression,-3.644312909802797,-4.196912178109407,4
Bayesian Ridge Regression,-2.647947017470284,-2.7487418816036313,4
Bayesian Ridge Regression,-1.5110863339963716,-2.0547401337882034,4
Bayesian Ridge Regression,-1.881362165893176,-1.9669199633221992,4
Bayesian Ridge Regression,-2.672496188704653,-1.6576661919556062,4
Bayesian Ridge Regression,-1.2394237537905008,-1.8382664933825041,4
Bayesian Ridge Regression,-1.8793987946410835,-1.8788619851062118,4
Bayesian Ridge Regression,-3.5624063821538914,-3.124142392405373,4
Bayesian Ridge Regression,-1.1843962080688974,-1.199486039619861,4
Bayesian Ridge Regression,-1.302742708063045,-1.2878085212455372,4
Bayesian Ridge Regression,-1.2189474946453842,-1.3571718164646307,4
Bayesian Ridge Regression,-1.1598011320770079,-0.8264343736386881,4
Bayesian Ridge Regression,-1.3693953613978682,-1.314074391383243,4
Bayesian Ridge Regression,-1.8162387276731846,-1.0545788033917138,4
Bayesian Ridge Regression,-1.493245786531943,-1.1406981760589316,4
Bayesian Ridge Regression,-1.3284164293502903,-1.0984517986227946,4
Bayesian Ridge Regression,-1.9341938240909706,-1.713652730109061,4
Bayesian Ridge Regression,-2.119103556806872,-2.5555668770973714,4
Bayesian Ridge Regression,-3.542851120580754,-3.1007317789191213,4
Bayesian Ridge Regression,-2.0598606483703086,-1.8282410818724428,4
Bayesian Ridge Regression,-2.653759917660552,-2.0725172361278523,4
Bayesian Ridge Regression,-1.7701752248722789,-1.6994655701466792,4
Bayesian Ridge Regression,-1.936404341844701,-2.3789080488159424,4
Bayesian Ridge Regression,-2.0916278587378,-1.3650306771662324,4
Bayesian Ridge Regression,-3.3980116731740355,-2.433618995386966,4
Bayesian Ridge Regression,-2.8217593886833527,-2.314113128501965,4
Bayesian Ridge Regression,-2.3758693662733776,-2.499829667914743,4
Bayesian Ridge Regression,-3.233202110369878,-2.547123914301964,4
Bayesian Ridge Regression,-4.034834060338741,-3.9499596440082403,4
Bayesian Ridge Regression,-3.3358640560027224,-3.202539209308926,4
Bayesian Ridge Regression,-2.300301079838426,-2.9790684301229966,4
Bayesian Ridge Regression,-3.3980116731740355,-2.6670158750087056,4
Bayesian Ridge Regression,-2.019028072917717,-2.3424326904833936,4
Bayesian Ridge Regression,-3.3466707249611667,-2.484003722868382,4
Bayesian Ridge Regression,-3.290189204280069,-2.392381488677071,4
Bayesian Ridge Regression,-2.43241576499949,-1.9887871643160582,4
Bayesian Ridge Regression,-1.356590498479473,-1.405461052638932,4
Bayesian Ridge Regression,-1.0471006958966393,-1.0392842717096125,4
Bayesian Ridge Regression,-1.6404184550270633,-1.645736589674166,4
Bayesian Ridge Regression,-3.0455186942585932,-2.973858866133172,4
Bayesian Ridge Regression,-2.1633711620778806,-2.221377508845344,4
Bayesian Ridge Regression,-2.5585788782984222,-2.2628171351514963,4
Bayesian Ridge Regression,-1.4333467694862632,-2.077133090998674,4
Bayesian Ridge Regression,-2.695416849848479,-2.117728582722381,4
Bayesian Ridge Regression,-1.5895913565043294,-1.7939000799182974,4
Bayesian Ridge Regression,-2.432175336754664,-2.3775168469337156,4
Bayesian Ridge Regression,-1.6895586727819518,-1.7670422015070981,4
Bayesian Ridge Regression,-2.22015815118179,-1.7668722656923448,4
Bayesian Ridge Regression,-2.292547184423849,-2.2808745443511658,4
Bayesian Ridge Regression,-1.9603652993893874,-1.7770195283121668,4
Bayesian Ridge Regression,-1.8074474879886533,-1.6442388047115633,4
Bayesian Ridge Regression,-2.1639051839291805,-1.8228539681055447,4
Bayesian Ridge Regression,-1.2672463833090828,-1.7642711607346253,4
Bayesian Ridge Regression,-2.5255934458757454,-2.501744218579376,4
Bayesian Ridge Regression,-1.2025079170212445,-1.817515848435835,4
Bayesian Ridge Regression,-1.2183710988289476,-1.4204419066032379,4
Bayesian Ridge Regression,-1.740666799910411,-1.7867262521829588,4
Bayesian Ridge Regression,-1.3132997440363454,-1.3178091969497598,4
Bayesian Ridge Regression,-2.190142441306164,-1.8992825147381032,4
Bayesian Ridge Regression,-2.8165949053280404,-2.5177258825404842,4
Bayesian Ridge Regression,-2.035715142789073,-2.0138708665014855,4
Bayesian Ridge Regression,-1.1090605687339063,-1.5579727367058027,4
Bayesian Ridge Regression,-2.3371392715991264,-2.0226611752858696,4
Bayesian Ridge Regression,-3.3625502994733605,-2.94004515309842,4
Bayesian Ridge Regression,-0.03690399983927772,0.08304473615939134,4
Bayesian Ridge Regression,-1.7473311829109102,-1.808381985403246,4
Bayesian Ridge Regression,-1.2407370006641907,-1.720561814937242,4
Bayesian Ridge Regression,-3.1657421077804533,-2.852512954113466,4
Bayesian Ridge Regression,-1.7181996551162337,-1.765284560321858,4
Bayesian Ridge Regression,-1.5671957242975716,-1.591908344997547,4
Bayesian Ridge Regression,-2.297622719595401,-1.6487240303667565,4
Bayesian Ridge Regression,-3.915670428497184,-3.4613101792593417,4
Bayesian Ridge Regression,-3.525699217034543,-3.2590546463817773,4
Bayesian Ridge Regression,-2.103347370511212,-2.113571489945829,4
Bayesian Ridge Regression,-2.088287115891733,-3.0990636330336563,4
Bayesian Ridge Regression,-1.2812660713628026,-1.311241892431822,4
Bayesian Ridge Regression,-1.1998361610596366,-1.2234217219658179,4
Bayesian Ridge Regression,-1.2818579528648468,-1.0947682520261228,4
Bayesian Ridge Regression,-1.540907293954747,-0.811535240945747,4
Bayesian Ridge Regression,-1.7854705731329945,-1.395152007961165,4
Bayesian Ridge Regression,-1.7563417007657087,-1.580868547373943,4
Bayesian Ridge Regression,-1.1431217053996168,-3.07633309026694,4
Bayesian Ridge Regression,-1.4583509625515516,-2.1079288152197027,4
Bayesian Ridge Regression,-2.451728539243243,-2.4678314137863815,4
Bayesian Ridge Regression,-1.8036577587890321,-1.3806030199947736,4
Bayesian Ridge Regression,-0.5052921847488494,-1.1211074320032448,4
Bayesian Ridge Regression,-0.8609839615611586,-0.558528109269772,4
Bayesian Ridge Regression,-1.1291381497161614,-1.6271164274905052,4
Bayesian Ridge Regression,-1.148825472087486,-1.3686965457246456,4
Bayesian Ridge Regression,-2.761915740881935,-1.5223903977437951,4
Bayesian Ridge Regression,-1.7998312883961207,-1.3502396704777349,4
Bayesian Ridge Regression,-0.6591799251191045,-0.5728875051373492,4
Bayesian Ridge Regression,-0.9800565288767592,-1.3121304904554247,4
Bayesian Ridge Regression,-0.6158874808696795,-1.0271543912362335,4
Bayesian Ridge Regression,-2.385444450882969,-1.6414758233580828,4
Bayesian Ridge Regression,-3.121373090381552,-2.507462099560909,4
Bayesian Ridge Regression,-3.20055468102406,-3.203151038778857,4
Bayesian Ridge Regression,-0.9402445883836209,-1.6932812826220776,4
Bayesian Ridge Regression,-1.7462641625323523,-1.2908692211197708,4
Bayesian Ridge Regression,-1.5167709261725162,-1.1889476080752976,4
Bayesian Ridge Regression,-1.3089106800327817,-1.188236511466293,4
Bayesian Ridge Regression,-1.0940337585544895,-1.562013812464054,4
Bayesian Ridge Regression,-1.011455146773862,-1.5282852079158786,4
Bayesian Ridge Regression,-1.9812071611751474,-1.8913591453667116,4
Bayesian Ridge Regression,-2.064990291304019,-2.351926197585832,5
Bayesian Ridge Regression,-1.7636611133035243,-2.3956959226685597,5
Bayesian Ridge Regression,-2.3146334389286793,-2.606086019208187,5
Bayesian Ridge Regression,-2.881231480327938,-2.295287229848409,5
Bayesian Ridge Regression,-2.559953281626918,-2.5762822589893384,5
Bayesian Ridge Regression,-2.642729293000293,-2.37192726953401,5
Bayesian Ridge Regression,-1.6844526576962697,-1.943969609551906,5
Bayesian Ridge Regression,-2.158822044993741,-2.1140752559962173,5
Bayesian Ridge Regression,-2.218903098366632,-2.1743635437890596,5
Bayesian Ridge Regression,-1.169002914533462,-1.6483904714827105,5
Bayesian Ridge Regression,-3.366321517882654,-2.5057618723235624,5
Bayesian Ridge Regression,-1.3240188516817268,-1.842275860314694,5
Bayesian Ridge Regression,-1.5424726897801078,-1.1841536411703086,5
Bayesian Ridge Regression,-1.7190338740193807,-2.211598044247247,5
Bayesian Ridge Regression,-1.4103143043656896,-1.4085097025738154,5
Bayesian Ridge Regression,-1.6443425309821194,-1.0660859036147634,5
Bayesian Ridge Regression,-1.6021765542362365,-2.434616694823804,5
Bayesian Ridge Regression,-1.339883282003717,-1.434421758595126,5
Bayesian Ridge Regression,-2.3529321054630254,-2.0331175121350524,5
Bayesian Ridge Regression,-1.0056334760903496,-1.282772398626348,5
Bayesian Ridge Regression,-1.778416668028348,-1.5822283126311598,5
Bayesian Ridge Regression,-1.9996117840097518,-1.5269666772819077,5
Bayesian Ridge Regression,-1.8730671060734179,-1.8591021459390957,5
Bayesian Ridge Regression,-1.2696661993818519,-1.3788797269128246,5
Bayesian Ridge Regression,-3.399950007606853,-3.0216028062379516,5
Bayesian Ridge Regression,-1.3607499667563296,-1.9515218795778049,5
Bayesian Ridge Regression,-2.5901613502180045,-2.4466246620139747,5
Bayesian Ridge Regression,-3.876468483448327,-4.103245858449074,5
Bayesian Ridge Regression,-1.694125814017541,-1.8511313072987399,5
Bayesian Ridge Regression,-0.2659675601094114,-0.3114314900776085,5
Bayesian Ridge Regression,-0.19201915469350456,-0.4583408174683017,5
Bayesian Ridge Regression,-1.7661589553081318,-1.6137957252012485,5
Bayesian Ridge Regression,-0.3696586894071177,0.02733898196704576,5
Bayesian Ridge Regression,-3.0110100837480736,-0.3958043852837516,5
Bayesian Ridge Regression,-0.3417701012907816,-0.24771743491466847,5
Bayesian Ridge Regression,-2.931358924489361,-2.0632817366390808,5
Bayesian Ridge Regression,-1.8094490244732577,-1.9970307086309127,5
Bayesian Ridge Regression,-1.2279630916135922,-2.2277860705112342,5
Bayesian Ridge Regression,-1.4817410394981543,-2.061233807300462,5
Bayesian Ridge Regression,-2.9238738790387533,-3.42505641608118,5
Bayesian Ridge Regression,-3.447382880362,-3.3108304771340205,5
Bayesian Ridge Regression,-2.5493325073158326,-2.9368194464488493,5
Bayesian Ridge Regression,-2.97249382976246,-2.419698639069112,5
Bayesian Ridge Regression,-1.9112124620769755,-2.2747030367925682,5
Bayesian Ridge Regression,-1.1468871297310963,-1.979123898723373,5
Bayesian Ridge Regression,-2.4909497090997137,-2.272428264432542,5
Bayesian Ridge Regression,-3.310333372786738,-2.9237300086168885,5
Bayesian Ridge Regression,-3.366814432940472,-2.8364952995642247,5
Bayesian Ridge Regression,-2.325708590111872,-1.9115488010351342,5
Bayesian Ridge Regression,-1.800655814770182,-2.0666301519064665,5
Bayesian Ridge Regression,-0.9910136950037374,-1.7598994410663564,5
Bayesian Ridge Regression,-1.8336101498155517,-2.059355355071168,5
Bayesian Ridge Regression,-1.1386989940333996,-1.6149038387898123,5
Bayesian Ridge Regression,-1.0599038235929437,-1.319324700720617,5
Bayesian Ridge Regression,-2.617794503701521,-2.076053134907288,5
Bayesian Ridge Regression,-2.7103007043055714,-1.9095008716965158,5
Bayesian Ridge Regression,-2.6852623228853463,-2.336229188379104,5
Bayesian Ridge Regression,-1.115836390766966,-1.5132100895526008,5
Bayesian Ridge Regression,-1.4861381638460753,-2.439306661831108,5
Bayesian Ridge Regression,-3.434121498561107,-3.1226128704339677,5
Bayesian Ridge Regression,-2.635616939296958,-1.72982238060353,5
Bayesian Ridge Regression,-3.008152176256889,-1.9402124771431573,5
Bayesian Ridge Regression,-2.8807530211105905,-2.7134970585977403,5
Bayesian Ridge Regression,-1.8026465968079968,-1.7225475837682316,5
Bayesian Ridge Regression,-1.1202858432048246,-1.4482017139311876,5
Bayesian Ridge Regression,-1.1251042517136252,-1.27582129512685,5
Bayesian Ridge Regression,-2.7186459189940226,-2.6022477709890706,5
Bayesian Ridge Regression,-3.1782271514224525,-2.6401200316246713,5
Bayesian Ridge Regression,-3.5222913974306227,-3.573761721086214,5
Bayesian Ridge Regression,-2.498525274280529,-2.248655378332541,5
Bayesian Ridge Regression,-2.5342163548062593,-2.32287669236387,5
Bayesian Ridge Regression,-3.6472310978345055,-2.972255500281859,5
Bayesian Ridge Regression,-3.384203503318252,-3.909349792379989,5
Bayesian Ridge Regression,-3.9730828630218453,-3.3259976802494218,5
Bayesian Ridge Regression,-1.4113517913995703,-1.8894374653362558,5
Bayesian Ridge Regression,-1.547722797531173,-1.7862978630282909,5
Bayesian Ridge Regression,-2.663203768289533,-2.5176083176437825,5
Bayesian Ridge Regression,-1.622950411914381,-1.933207190418984,5
Bayesian Ridge Regression,-3.6472310978345055,-3.0886620981519304,5
Bayesian Ridge Regression,-1.1630496225248408,-1.6264764795788742,5
Bayesian Ridge Regression,-3.135663383730844,-2.1137935267397627,5
Bayesian Ridge Regression,-2.2875737313332407,-1.6515865237466416,5
Bayesian Ridge Regression,-1.7113615374852664,-1.7118748115394844,5
Bayesian Ridge Regression,-1.6698969598127007,-2.3058837003436254,5
Bayesian Ridge Regression,-2.236090057320799,-2.4312684793856914,5
Bayesian Ridge Regression,-3.688222835963096,-3.5618524847705952,5
Bayesian Ridge Regression,-2.2175363341456173,-2.554409153641835,5
Bayesian Ridge Regression,-3.159004262647741,-2.5156413745918345,5
Bayesian Ridge Regression,-3.246574755779347,-2.8477768432490227,5
Bayesian Ridge Regression,-1.5371060964041248,-2.0247577444225193,5
Bayesian Ridge Regression,-4.441291429466834,-4.244221986212306,5
Bayesian Ridge Regression,-3.4715139529702097,-2.385309024478487,5
Bayesian Ridge Regression,-1.9555954093204297,-2.8260286333993627,5
Bayesian Ridge Regression,-1.7310907007998717,-2.0756835198906582,5
Bayesian Ridge Regression,-1.883787384700319,-2.3751394338954697,5
Bayesian Ridge Regression,-2.3566470252815495,-2.5630005670515468,5
Bayesian Ridge Regression,-2.8667990786740405,-2.1610818518512684,5
Bayesian Ridge Regression,-1.2684519185896421,-1.928413145254088,5
Bayesian Ridge Regression,-3.4398948173744337,-2.6520132672034062,5
Bayesian Ridge Regression,-1.4722472768836088,-2.324274416377659,5
Bayesian Ridge Regression,-1.7883466398341077,-1.8322636531656893,5
Bayesian Ridge Regression,-3.333901540815397,-2.984989577115024,5
Bayesian Ridge Regression,-1.512256636766295,-1.6598832343613517,5
Bayesian Ridge Regression,-2.1620771953880977,-1.956755039628081,5
Bayesian Ridge Regression,-1.2400249421136365,-1.9032609372843983,5
Bayesian Ridge Regression,-3.48241354468584,-2.6645919566415275,5
Bayesian Ridge Regression,-2.258862588858495,-1.9797821365965782,5
Bayesian Ridge Regression,-1.2174698965346429,-1.9230615492067786,5
Bayesian Ridge Regression,-1.1134303475678107,-1.700411057971378,5
Bayesian Ridge Regression,-3.739785461604827,-3.253997761744286,5
Bayesian Ridge Regression,-2.0116848782875407,-2.4456083991386466,5
Bayesian Ridge Regression,-2.1142795046940637,-2.0715973684534754,5
Bayesian Ridge Regression,-1.8887177216857802,-1.8374386187792988,5
Bayesian Ridge Regression,-1.8555915719713854,-1.4094809587971944,5
Bayesian Ridge Regression,-2.9206523063014074,-2.7323125291908408,5
Bayesian Ridge Regression,-1.42943857964666,-1.971273221568851,5
Bayesian Ridge Regression,-3.172776808882327,-2.766196622178039,5
Bayesian Ridge Regression,-2.7555635433899788,-2.392185591492868,5
Bayesian Ridge Regression,-1.0209515518818744,-1.4344900437673915,5
Bayesian Ridge Regression,-1.3267843126055872,-1.727794409476561,5
Bayesian Ridge Regression,-1.7892523214132656,-1.8020157235078897,5
Bayesian Ridge Regression,-1.4115626764192806,-1.6283754325993756,5
Bayesian Ridge Regression,-3.2877805976748804,-3.3884888235240083,5
Bayesian Ridge Regression,-0.9637364568210032,-1.829166490770163,5
Bayesian Ridge Regression,-0.5687544073603336,-1.167050081113882,5
Bayesian Ridge Regression,-0.9349414936187838,-1.456938931592263,5
Bayesian Ridge Regression,-1.982318834323383,-1.9914529041551774,5
Bayesian Ridge Regression,-2.2151887800651093,-2.4299731017215604,5
Bayesian Ridge Regression,-2.5910208366914373,-2.2919042922178368,5
Bayesian Ridge Regression,-1.9945993491296803,-2.4631647378569315,5
Bayesian Ridge Regression,-2.2062980891288984,-2.2966124746461594,5
Bayesian Ridge Regression,-3.9453409907865007,-3.4054178789673406,5
Bayesian Ridge Regression,-3.392655441034186,-2.5970285163617013,5
Bayesian Ridge Regression,-2.177111289133642,-2.22301748567653,5
Bayesian Ridge Regression,-2.0893959764848726,-2.005352592301605,5
Bayesian Ridge Regression,-1.297434930657182,-1.560901076020249,5
Bayesian Ridge Regression,-1.366206440166372,-1.558626303660223,5
Bayesian Ridge Regression,-1.8347593251696876,-1.4592073267830372,5
Bayesian Ridge Regression,-2.2689882869552584,-2.8107316723597267,5
Bayesian Ridge Regression,-1.4180277802789096,-1.3741714574465607,5
Bayesian Ridge Regression,-2.1481523894209715,-2.5733960902622353,5
Bayesian Ridge Regression,-1.5310782741493767,-1.5985275188500674,5
Bayesian Ridge Regression,-0.9279654459479447,-0.9662148694126347,5
Bayesian Ridge Regression,-1.409977601837042,-1.2608119023193383,5
Bayesian Ridge Regression,-2.1834863402339466,-2.624634511100056,5
Bayesian Ridge Regression,-3.312493333735544,-3.0839853619652096,5
Bayesian Ridge Regression,-1.2640972244503184,-1.8703105454481996,5
Bayesian Ridge Regression,-3.6419813498697473,-3.2602062415309185,5
Bayesian Ridge Regression,-1.0624918421054752,-1.560685040860371,5
Bayesian Ridge Regression,-3.2740051086991615,-2.851090429694691,5
Bayesian Ridge Regression,-2.3087676366549488,-1.5857950850281384,5
Bayesian Ridge Regression,-1.917076538816309,-1.6460833728209807,5
Bayesian Ridge Regression,-1.5609490414532068,-1.7055782890622075,5
Bayesian Ridge Regression,-1.396090167895999,-1.8048793195159305,5
Bayesian Ridge Regression,-2.7874427365568386,-2.738521008977473,5
Bayesian Ridge Regression,-1.3448674070651871,-1.4876359802551296,5
Bayesian Ridge Regression,-3.744840908818875,-3.5334599311364014,5
Bayesian Ridge Regression,-2.0948568608862326,-2.240092261625122,5
Bayesian Ridge Regression,-3.8997432135729384,-3.6736800442383104,5
Bayesian Ridge Regression,-2.6904826786431757,-2.865290681632671,5
Bayesian Ridge Regression,-3.3707035768809224,-3.436344462140819,5
Bayesian Ridge Regression,-2.258173837778395,-2.4912796509475,5
Bayesian Ridge Regression,-2.436631774638256,-1.9741588435677628,5
Bayesian Ridge Regression,-3.6308973708676717,-3.264564232402083,5
Bayesian Ridge Regression,-3.233202110369878,-2.4565972468969894,5
Bayesian Ridge Regression,-2.626594359719023,-2.6116785977683215,5
Bayesian Ridge Regression,-2.5444075781780136,-3.767133505501268,5
Bayesian Ridge Regression,-2.2405786779424,-2.8220686943079483,5
Bayesian Ridge Regression,-2.483384252706259,-2.5112699049481706,5
Bayesian Ridge Regression,-1.8175258287604161,-2.304947886928211,5
Bayesian Ridge Regression,-3.6924119784161333,-3.5953532757625317,5
Bayesian Ridge Regression,-2.1622159208236154,-2.4010552152146882,5
Bayesian Ridge Regression,-3.7268829315132583,-3.818371926339089,5
Bayesian Ridge Regression,-2.5041654897477077,-2.984355107692963,5
Bayesian Ridge Regression,-2.3460680222446215,-1.7350599829573965,5
Bayesian Ridge Regression,-1.4643518021071489,-1.7815606175279388,5
Bayesian Ridge Regression,-2.0645418092014314,-1.85820065721354,5
Bayesian Ridge Regression,-2.2270013364351495,-1.9920352600030924,5
Bayesian Ridge Regression,-3.600326278518962,-3.5480134897840103,5
Bayesian Ridge Regression,-3.3036200184447138,-2.8051769203244987,5
Bayesian Ridge Regression,-4.059833781301273,-3.3762307008326466,5
Bayesian Ridge Regression,-3.1090516644066044,-1.9140450822595905,5
Bayesian Ridge Regression,-4.059833781301273,-3.2044504710939106,5
Bayesian Ridge Regression,-1.5572116152486462,-2.2301987761005218,5
Bayesian Ridge Regression,-1.4566894173821427,-1.840996021654349,5
Bayesian Ridge Regression,-3.6546223480637448,-3.205947940786199,5
Bayesian Ridge Regression,-1.6663570851479517,-1.658076100084429,5
Bayesian Ridge Regression,-3.31795786632659,-2.9686123586887074,5
Bayesian Ridge Regression,-3.184747097908846,-2.7968321289499714,5
Bayesian Ridge Regression,-1.2067214626499687,-1.8225804339565828,5
Bayesian Ridge Regression,-3.064232839852069,-2.9299870440232736,5
Bayesian Ridge Regression,-1.4655690967005093,-1.9849222328299545,5
Bayesian Ridge Regression,-1.6362623936895822,-1.767257339455029,5
Bayesian Ridge Regression,-1.9643120034496402,-1.5531997574108274,5
Bayesian Ridge Regression,-3.0397590359811644,-2.64563739356732,5
Bayesian Ridge Regression,-1.4562179644760493,-1.6174028560803766,5
Bayesian Ridge Regression,-2.122395441870392,-1.9384426047815286,5
Bayesian Ridge Regression,-3.05329283374744,-2.6779250828776586,5
Bayesian Ridge Regression,-2.006498035079166,-2.303914052192488,5
Bayesian Ridge Regression,-1.428472864706594,-1.6078441562175123,5
Bayesian Ridge Regression,-1.4262388316017447,-1.7867932448127508,5
Bayesian Ridge Regression,-2.152965298392503,-2.2741102919736393,5
Bayesian Ridge Regression,-1.8486158063184404,-1.8721915767733608,5
Bayesian Ridge Regression,-1.0460152967125962,-1.3462185044670112,5
Bayesian Ridge Regression,-2.017352405817494,-2.290824614360527,5
Bayesian Ridge Regression,-3.8396725549649426,-3.759568135088781,5
Bayesian Ridge Regression,0.016216578776438208,-0.06831967020424035,5
Bayesian Ridge Regression,0.25792460161657743,-0.02165515137379348,5
Bayesian Ridge Regression,0.013270809352243309,-0.6498260036813199,5
Bayesian Ridge Regression,-0.40966424145785746,-0.06542487645652173,5
Bayesian Ridge Regression,0.13858982128300762,0.2413058343835881,5
Bayesian Ridge Regression,0.2461448119736277,0.6818805747293277,5
Bayesian Ridge Regression,-0.002962342870760633,0.3885762090201581,5
Bayesian Ridge Regression,-0.9893876757536758,-1.2721182050272892,5
Bayesian Ridge Regression,-0.5442825169537446,-0.4381013863811627,5
Bayesian Ridge Regression,-1.7405367157549274,-1.8407321987380296,5
Bayesian Ridge Regression,-1.7655110123526006,-2.422238532215109,5
Bayesian Ridge Regression,-1.6790364719823858,-1.8140687518557612,5
Bayesian Ridge Regression,-0.8847086972378616,-1.0905319538044616,5
Bayesian Ridge Regression,-1.6314222073485498,-1.7753009728057605,5
Bayesian Ridge Regression,-1.621304790891127,-1.9479033546453133,5
Bayesian Ridge Regression,-3.915670428497184,-3.5038815844262317,5
Bayesian Ridge Regression,-2.0424559224697187,-1.8652899066007016,5
Bayesian Ridge Regression,-3.4519129118061063,-3.004045935466244,5
Bayesian Ridge Regression,-1.7868132829404095,-1.7387505907996912,5
Bayesian Ridge Regression,-1.6115607525200502,-1.8585337948337606,5
Bayesian Ridge Regression,-1.7236216619186897,-1.9578348252874833,5
Bayesian Ridge Regression,-1.1814755688597112,-2.0297942404728553,5
Bayesian Ridge Regression,-1.7300615156440644,-1.8097478749184004,5
Bayesian Ridge Regression,-1.7472661616036533,-1.4669511951181682,5
Bayesian Ridge Regression,-1.4753372030036505,-1.9002739639298944,5
Bayesian Ridge Regression,-1.3198484161479276,-1.3252958197059177,5
Bayesian Ridge Regression,-1.3198484161479276,-1.1587435564951454,5
Bayesian Ridge Regression,-0.9468333037780922,-0.9360930652597448,5
Bayesian Ridge Regression,-1.629049819754814,-2.5225661652758635,5
Bayesian Ridge Regression,-1.8070894000718147,-1.3682870600020847,5
Bayesian Ridge Regression,-3.151893437607053,-2.7581827560848033,5
Bayesian Ridge Regression,-0.952771189748095,-1.3216225411716378,5
Bayesian Ridge Regression,-1.5398588190217488,-1.3653922662543658,5
Bayesian Ridge Regression,-2.14182332020342,-2.5208471739873124,5
Bayesian Ridge Regression,-0.7476890179412806,-0.8797124668190179,5
Bayesian Ridge Regression,-1.3551617678005954,-1.5459786025751445,5
Bayesian Ridge Regression,-1.8459806844208395,-1.2082629860444154,5
Bayesian Ridge Regression,-1.0181181552809078,-0.9856124948090148,5
Bayesian Ridge Regression,-1.5600709478109722,-1.3913744737795728,5
Bayesian Ridge Regression,-3.295634963777275,-2.5905991065952474,5
Bayesian Ridge Regression,-3.1791288900792822,-1.8787586015308952,5
Bayesian Ridge Regression,-3.1791288900792822,-2.4188188768565113,5
Bayesian Ridge Regression,-1.1827941397057182,-1.2733067362240276,5
Bayesian Ridge Regression,-0.2468343715025799,-1.2245208163086678,5
Bayesian Ridge Regression,-3.4495551653497865,-2.8167858141388233,5
Bayesian Ridge Regression,-1.031601943299423,-1.175651106970529,5
Bayesian Ridge Regression,-3.241946952668458,-2.6450055844000873,5
Bayesian Ridge Regression,-1.7793995024399858,-1.654056109570579,5
Bayesian Ridge Regression,-1.3068936298450675,-1.841917242726656,5
Bayesian Ridge Regression,-1.0945491836072103,-1.379710239733535,5
Bayesian Ridge Regression,-1.0884067327209506,-1.4399985275263774,5
Bayesian Ridge Regression,-1.4158076024067474,-1.499493443767604,5
Bayesian Ridge Regression,-2.390077592912712,-2.5324361636828696,5
