model,experiment,prediction,split #
Elastic Net Regression,-2.064990291304019,-2.0250195806144333,1
Elastic Net Regression,-2.0772161211350064,-2.0250195806144333,1
Elastic Net Regression,-1.6844526576962697,-2.0250195806144333,1
Elastic Net Regression,-2.403452823620798,-2.0250195806144333,1
Elastic Net Regression,-2.7922905193547125,-2.0250195806144333,1
Elastic Net Regression,-3.366321517882654,-2.0250195806144333,1
Elastic Net Regression,-1.7253486984128064,-2.0250195806144333,1
Elastic Net Regression,-1.3240188516817268,-2.0250195806144333,1
Elastic Net Regression,-3.3692782873859213,-2.0250195806144333,1
Elastic Net Regression,-3.6845481800874196,-2.0250195806144333,1
Elastic Net Regression,-3.120277513484956,-2.0250195806144333,1
Elastic Net Regression,-0.737425984358659,-2.0250195806144333,1
Elastic Net Regression,-1.5393527377902698,-2.0250195806144333,1
Elastic Net Regression,-1.2059345608151744,-2.0250195806144333,1
Elastic Net Regression,-1.6390957814475864,-2.0250195806144333,1
Elastic Net Regression,-1.820599175381769,-2.0250195806144333,1
Elastic Net Regression,-0.22901321309844905,-2.0250195806144333,1
Elastic Net Regression,-2.8184713897478226,-2.0250195806144333,1
Elastic Net Regression,-1.778416668028348,-2.0250195806144333,1
Elastic Net Regression,-1.6571034663893656,-2.0250195806144333,1
Elastic Net Regression,-1.4201920378605053,-2.0250195806144333,1
Elastic Net Regression,-1.5041031112940382,-2.0250195806144333,1
Elastic Net Regression,-3.694349887124185,-2.0250195806144333,1
Elastic Net Regression,-1.8960550708053778,-2.0250195806144333,1
Elastic Net Regression,-2.808030042713029,-2.0250195806144333,1
Elastic Net Regression,-2.808030042713029,-2.0250195806144333,1
Elastic Net Regression,-1.3607499667563296,-2.0250195806144333,1
Elastic Net Regression,-1.8194641482091292,-2.0250195806144333,1
Elastic Net Regression,-3.2834449518405893,-2.0250195806144333,1
Elastic Net Regression,-1.7873296113427601,-2.0250195806144333,1
Elastic Net Regression,-2.772379350111858,-2.0250195806144333,1
Elastic Net Regression,-0.19201915469350456,-2.0250195806144333,1
Elastic Net Regression,-0.3696586894071177,-2.0250195806144333,1
Elastic Net Regression,-1.5018248431082857,-2.0250195806144333,1
Elastic Net Regression,0.20995355888867073,-2.0250195806144333,1
Elastic Net Regression,-0.6945493884044287,-2.0250195806144333,1
Elastic Net Regression,-0.3135898872515433,-2.0250195806144333,1
Elastic Net Regression,-0.3417701012907816,-2.0250195806144333,1
Elastic Net Regression,-2.004293876429448,-2.0250195806144333,1
Elastic Net Regression,-3.2691119889214533,-2.0250195806144333,1
Elastic Net Regression,-2.3140538776829995,-2.0250195806144333,1
Elastic Net Regression,-2.2017306515457955,-2.0250195806144333,1
Elastic Net Regression,-1.4735211762278637,-2.0250195806144333,1
Elastic Net Regression,-2.9238738790387533,-2.0250195806144333,1
Elastic Net Regression,-2.8170555006405635,-2.0250195806144333,1
Elastic Net Regression,-3.4785088685395653,-2.0250195806144333,1
Elastic Net Regression,-3.447382880362,-2.0250195806144333,1
Elastic Net Regression,-2.67596440114224,-2.0250195806144333,1
Elastic Net Regression,-3.3308765956121587,-2.0250195806144333,1
Elastic Net Regression,-2.4909497090997137,-2.0250195806144333,1
Elastic Net Regression,-3.310333372786738,-2.0250195806144333,1
Elastic Net Regression,-3.9019276346378216,-2.0250195806144333,1
Elastic Net Regression,-2.6788398129059168,-2.0250195806144333,1
Elastic Net Regression,-1.4326336990343642,-2.0250195806144333,1
Elastic Net Regression,-1.415304935020491,-2.0250195806144333,1
Elastic Net Regression,-2.7233828886420643,-2.0250195806144333,1
Elastic Net Regression,-2.6732644443606475,-2.0250195806144333,1
Elastic Net Regression,-1.6037557432468053,-2.0250195806144333,1
Elastic Net Regression,-2.9864932974615632,-2.0250195806144333,1
Elastic Net Regression,-3.0605406542001403,-2.0250195806144333,1
Elastic Net Regression,-1.5372443207314632,-2.0250195806144333,1
Elastic Net Regression,-3.434121498561107,-2.0250195806144333,1
Elastic Net Regression,-3.008152176256889,-2.0250195806144333,1
Elastic Net Regression,-1.4616237416558537,-2.0250195806144333,1
Elastic Net Regression,-2.3478691638008677,-2.0250195806144333,1
Elastic Net Regression,-1.3859030337523468,-2.0250195806144333,1
Elastic Net Regression,-1.777268237794943,-2.0250195806144333,1
Elastic Net Regression,-1.0556956867709293,-2.0250195806144333,1
Elastic Net Regression,-1.3266108732423414,-2.0250195806144333,1
Elastic Net Regression,-1.3104931690369908,-2.0250195806144333,1
Elastic Net Regression,-1.4197155850010228,-2.0250195806144333,1
Elastic Net Regression,-2.01828162271433,-2.0250195806144333,1
Elastic Net Regression,-3.52120992195253,-2.0250195806144333,1
Elastic Net Regression,-2.3918623308235594,-2.0250195806144333,1
Elastic Net Regression,-3.6203410251864447,-2.0250195806144333,1
Elastic Net Regression,-2.2669235674490644,-2.0250195806144333,1
Elastic Net Regression,-3.5222913974306227,-2.0250195806144333,1
Elastic Net Regression,-3.221262124613128,-2.0250195806144333,1
Elastic Net Regression,-2.5342163548062593,-2.0250195806144333,1
Elastic Net Regression,-1.6536721058017216,-2.0250195806144333,1
Elastic Net Regression,-1.622950411914381,-2.0250195806144333,1
Elastic Net Regression,-3.2590502255091702,-2.0250195806144333,1
Elastic Net Regression,-2.2317936703338876,-2.0250195806144333,1
Elastic Net Regression,-1.9704478542261563,-2.0250195806144333,1
Elastic Net Regression,-1.1465151741161497,-2.0250195806144333,1
Elastic Net Regression,-1.0232314473246815,-2.0250195806144333,1
Elastic Net Regression,-1.9381605982067327,-2.0250195806144333,1
Elastic Net Regression,-2.644753893986956,-2.0250195806144333,1
Elastic Net Regression,-2.470173263354167,-2.0250195806144333,1
Elastic Net Regression,-2.5339607001524365,-2.0250195806144333,1
Elastic Net Regression,-2.1210586466718686,-2.0250195806144333,1
Elastic Net Regression,-3.285204336328503,-2.0250195806144333,1
Elastic Net Regression,-1.5650446341096866,-2.0250195806144333,1
Elastic Net Regression,-3.20266873961377,-2.0250195806144333,1
Elastic Net Regression,-3.40015839520823,-2.0250195806144333,1
Elastic Net Regression,-3.09259777670544,-2.0250195806144333,1
Elastic Net Regression,-3.7551664480113374,-2.0250195806144333,1
Elastic Net Regression,-2.550141932709222,-2.0250195806144333,1
Elastic Net Regression,-3.190894343543139,-2.0250195806144333,1
Elastic Net Regression,-1.6253102968663857,-2.0250195806144333,1
Elastic Net Regression,-3.3960495196322524,-2.0250195806144333,1
Elastic Net Regression,-1.4722472768836088,-2.0250195806144333,1
Elastic Net Regression,-1.3149788474841408,-2.0250195806144333,1
Elastic Net Regression,-3.3960495196322524,-2.0250195806144333,1
Elastic Net Regression,-1.7883466398341077,-2.0250195806144333,1
Elastic Net Regression,-1.7983538696326367,-2.0250195806144333,1
Elastic Net Regression,-2.0615953180564492,-2.0250195806144333,1
Elastic Net Regression,-2.8606575042266775,-2.0250195806144333,1
Elastic Net Regression,-2.9187956800017982,-2.0250195806144333,1
Elastic Net Regression,-3.7834435403498214,-2.0250195806144333,1
Elastic Net Regression,-2.000920332458684,-2.0250195806144333,1
Elastic Net Regression,-1.2174698965346429,-2.0250195806144333,1
Elastic Net Regression,-1.945720453842236,-2.0250195806144333,1
Elastic Net Regression,-1.006612713059657,-2.0250195806144333,1
Elastic Net Regression,-3.739785461604827,-2.0250195806144333,1
Elastic Net Regression,-1.9705460914481276,-2.0250195806144333,1
Elastic Net Regression,-2.5037832349706837,-2.0250195806144333,1
Elastic Net Regression,-2.1142795046940637,-2.0250195806144333,1
Elastic Net Regression,-1.3434220574020639,-2.0250195806144333,1
Elastic Net Regression,-1.2303723324828062,-2.0250195806144333,1
Elastic Net Regression,-1.5213971031085405,-2.0250195806144333,1
Elastic Net Regression,-1.069394064585742,-2.0250195806144333,1
Elastic Net Regression,-1.3195712003583318,-2.0250195806144333,1
Elastic Net Regression,-1.9429726110972225,-2.0250195806144333,1
Elastic Net Regression,-1.9930514957526793,-2.0250195806144333,1
Elastic Net Regression,-1.2185345221225936,-2.0250195806144333,1
Elastic Net Regression,-1.840084037547579,-2.0250195806144333,1
Elastic Net Regression,-1.790442094293253,-2.0250195806144333,1
Elastic Net Regression,-1.0209515518818744,-2.0250195806144333,1
Elastic Net Regression,-2.484467237840419,-2.0250195806144333,1
Elastic Net Regression,-1.3267843126055872,-2.0250195806144333,1
Elastic Net Regression,-2.5142250705986213,-2.0250195806144333,1
Elastic Net Regression,-2.0630158256502544,-2.0250195806144333,1
Elastic Net Regression,-3.2877805976748804,-2.0250195806144333,1
Elastic Net Regression,-1.015474675864504,-2.0250195806144333,1
Elastic Net Regression,-1.2563082695173393,-2.0250195806144333,1
Elastic Net Regression,-2.809138225804324,-2.0250195806144333,1
Elastic Net Regression,-0.6074545522659878,-2.0250195806144333,1
Elastic Net Regression,-1.5708763680120374,-2.0250195806144333,1
Elastic Net Regression,-2.1782870563447125,-2.0250195806144333,1
Elastic Net Regression,-2.7597061620105943,-2.0250195806144333,1
Elastic Net Regression,-2.5910208366914373,-2.0250195806144333,1
Elastic Net Regression,-2.560133846538238,-2.0250195806144333,1
Elastic Net Regression,-1.5438464586997465,-2.0250195806144333,1
Elastic Net Regression,-3.5378566631708024,-2.0250195806144333,1
Elastic Net Regression,-1.9090244195663402,-2.0250195806144333,1
Elastic Net Regression,-2.4706410072083687,-2.0250195806144333,1
Elastic Net Regression,-2.177111289133642,-2.0250195806144333,1
Elastic Net Regression,-1.167232267440179,-2.0250195806144333,1
Elastic Net Regression,-1.2327435377262763,-2.0250195806144333,1
Elastic Net Regression,-1.3310146489007124,-2.0250195806144333,1
Elastic Net Regression,-3.6688623296866587,-2.0250195806144333,1
Elastic Net Regression,-1.4386260150993235,-2.0250195806144333,1
Elastic Net Regression,-2.2675571837562845,-2.0250195806144333,1
Elastic Net Regression,-1.4609239012072235,-2.0250195806144333,1
Elastic Net Regression,-1.4180277802789096,-2.0250195806144333,1
Elastic Net Regression,-1.763658215013675,-2.0250195806144333,1
Elastic Net Regression,-1.2189474946453842,-2.0250195806144333,1
Elastic Net Regression,-2.1481523894209715,-2.0250195806144333,1
Elastic Net Regression,-1.493245786531943,-2.0250195806144333,1
Elastic Net Regression,-1.8019484611556353,-2.0250195806144333,1
Elastic Net Regression,-2.3465562136207656,-2.0250195806144333,1
Elastic Net Regression,-3.542851120580754,-2.0250195806144333,1
Elastic Net Regression,-1.543738042979891,-2.0250195806144333,1
Elastic Net Regression,-1.1177693107076099,-2.0250195806144333,1
Elastic Net Regression,-2.7874427365568386,-2.0250195806144333,1
Elastic Net Regression,-2.2488337964546146,-2.0250195806144333,1
Elastic Net Regression,-2.6904826786431757,-2.0250195806144333,1
Elastic Net Regression,-2.258173837778395,-2.0250195806144333,1
Elastic Net Regression,-1.785391290725075,-2.0250195806144333,1
Elastic Net Regression,-2.300301079838426,-2.0250195806144333,1
Elastic Net Regression,-2.483384252706259,-2.0250195806144333,1
Elastic Net Regression,-3.6924119784161333,-2.0250195806144333,1
Elastic Net Regression,-3.3980116731740355,-2.0250195806144333,1
Elastic Net Regression,-2.2313771400186773,-2.0250195806144333,1
Elastic Net Regression,-2.033677685255944,-2.0250195806144333,1
Elastic Net Regression,-2.9710072633433735,-2.0250195806144333,1
Elastic Net Regression,-1.2545644486474818,-2.0250195806144333,1
Elastic Net Regression,-3.290189204280069,-2.0250195806144333,1
Elastic Net Regression,-2.1032881447661516,-2.0250195806144333,1
Elastic Net Regression,-2.8201877676993385,-2.0250195806144333,1
Elastic Net Regression,-2.0864005407417032,-2.0250195806144333,1
Elastic Net Regression,-1.5226715493865826,-2.0250195806144333,1
Elastic Net Regression,-3.2402151004002007,-2.0250195806144333,1
Elastic Net Regression,-1.95795837174818,-2.0250195806144333,1
Elastic Net Regression,-1.753896033344213,-2.0250195806144333,1
Elastic Net Regression,-1.8668031693530753,-2.0250195806144333,1
Elastic Net Regression,-1.0471006958966393,-2.0250195806144333,1
Elastic Net Regression,-1.1848306140119889,-2.0250195806144333,1
Elastic Net Regression,-1.928979817650206,-2.0250195806144333,1
Elastic Net Regression,-2.1980100109869287,-2.0250195806144333,1
Elastic Net Regression,-2.4520022992105748,-2.0250195806144333,1
Elastic Net Regression,-1.694880975742639,-2.0250195806144333,1
Elastic Net Regression,-2.1956618739690814,-2.0250195806144333,1
Elastic Net Regression,-1.0942289641451028,-2.0250195806144333,1
Elastic Net Regression,-4.059833781301273,-2.0250195806144333,1
Elastic Net Regression,-3.276542686022807,-2.0250195806144333,1
Elastic Net Regression,-3.6546223480637448,-2.0250195806144333,1
Elastic Net Regression,-3.31795786632659,-2.0250195806144333,1
Elastic Net Regression,-1.717711472714874,-2.0250195806144333,1
Elastic Net Regression,-1.6189896501583372,-2.0250195806144333,1
Elastic Net Regression,-2.5945173784671853,-2.0250195806144333,1
Elastic Net Regression,-2.850003549488979,-2.0250195806144333,1
Elastic Net Regression,-1.5097699255058308,-2.0250195806144333,1
Elastic Net Regression,-1.2800471306587051,-2.0250195806144333,1
Elastic Net Regression,-1.6183307304435026,-2.0250195806144333,1
Elastic Net Regression,-2.314076075024747,-2.0250195806144333,1
Elastic Net Regression,-3.05329283374744,-2.0250195806144333,1
Elastic Net Regression,-1.514016684929528,-2.0250195806144333,1
Elastic Net Regression,-2.4881639462888585,-2.0250195806144333,1
Elastic Net Regression,-3.360662949678316,-2.0250195806144333,1
Elastic Net Regression,-2.035715142789073,-2.0250195806144333,1
Elastic Net Regression,-2.0703010191144675,-2.0250195806144333,1
Elastic Net Regression,-1.1090605687339063,-2.0250195806144333,1
Elastic Net Regression,-1.8486158063184404,-2.0250195806144333,1
Elastic Net Regression,-1.9499388302923257,-2.0250195806144333,1
Elastic Net Regression,-1.9765773961271407,-2.0250195806144333,1
Elastic Net Regression,-3.3625502994733605,-2.0250195806144333,1
Elastic Net Regression,-0.40966424145785746,-2.0250195806144333,1
Elastic Net Regression,-0.39778171004309776,-2.0250195806144333,1
Elastic Net Regression,0.2034251096067644,-2.0250195806144333,1
Elastic Net Regression,0.25792460161657743,-2.0250195806144333,1
Elastic Net Regression,-0.3118025518663407,-2.0250195806144333,1
Elastic Net Regression,0.3323074801803344,-2.0250195806144333,1
Elastic Net Regression,-1.9219867657940077,-2.0250195806144333,1
Elastic Net Regression,-1.181419364072578,-2.0250195806144333,1
Elastic Net Regression,-2.7286993920768685,-2.0250195806144333,1
Elastic Net Regression,-1.5671957242975716,-2.0250195806144333,1
Elastic Net Regression,-0.8847086972378616,-2.0250195806144333,1
Elastic Net Regression,-2.405003945642156,-2.0250195806144333,1
Elastic Net Regression,-2.789746241172472,-2.0250195806144333,1
Elastic Net Regression,-1.621304790891127,-2.0250195806144333,1
Elastic Net Regression,-1.5073537295089607,-2.0250195806144333,1
Elastic Net Regression,-3.4519129118061063,-2.0250195806144333,1
Elastic Net Regression,-1.947863458882499,-2.0250195806144333,1
Elastic Net Regression,-1.1286832686838821,-2.0250195806144333,1
Elastic Net Regression,-1.5290505627346085,-2.0250195806144333,1
Elastic Net Regression,-1.2812660713628026,-2.0250195806144333,1
Elastic Net Regression,-1.4753372030036505,-2.0250195806144333,1
Elastic Net Regression,-1.6539166652584223,-2.0250195806144333,1
Elastic Net Regression,-1.28375174993668,-2.0250195806144333,1
Elastic Net Regression,-1.3198484161479276,-2.0250195806144333,1
Elastic Net Regression,-1.4597718515481843,-2.0250195806144333,1
Elastic Net Regression,-0.9468333037780922,-2.0250195806144333,1
Elastic Net Regression,-1.793068638288037,-2.0250195806144333,1
Elastic Net Regression,-3.151893437607053,-2.0250195806144333,1
Elastic Net Regression,-0.952771189748095,-2.0250195806144333,1
Elastic Net Regression,-0.7463040504271798,-2.0250195806144333,1
Elastic Net Regression,-1.1291381497161614,-2.0250195806144333,1
Elastic Net Regression,-1.6181431713572578,-2.0250195806144333,1
Elastic Net Regression,-3.4341521813264824,-2.0250195806144333,1
Elastic Net Regression,-2.761915740881935,-2.0250195806144333,1
Elastic Net Regression,-0.428471724353625,-2.0250195806144333,1
Elastic Net Regression,-3.1791288900792822,-2.0250195806144333,1
Elastic Net Regression,-1.048516497297764,-2.0250195806144333,1
Elastic Net Regression,-3.121373090381552,-2.0250195806144333,1
Elastic Net Regression,-2.428366273865067,-2.0250195806144333,1
Elastic Net Regression,-2.192341601117107,-2.0250195806144333,1
Elastic Net Regression,-1.011455146773862,-2.0250195806144333,1
Elastic Net Regression,-1.3147618244158232,-2.0250195806144333,1
Elastic Net Regression,-2.703826191329584,-2.0355603848999926,2
Elastic Net Regression,-3.431262194557772,-2.0355603848999926,2
Elastic Net Regression,-1.9138112509675613,-2.0355603848999926,2
Elastic Net Regression,-1.9492654506102318,-2.0355603848999926,2
Elastic Net Regression,-0.28950830319552845,-2.0355603848999926,2
Elastic Net Regression,-1.0745636623476162,-2.0355603848999926,2
Elastic Net Regression,-1.4118568185099727,-2.0355603848999926,2
Elastic Net Regression,-1.7190338740193807,-2.0355603848999926,2
Elastic Net Regression,-1.4103143043656896,-2.0355603848999926,2
Elastic Net Regression,-1.3629507222657735,-2.0355603848999926,2
Elastic Net Regression,-1.103883331173482,-2.0355603848999926,2
Elastic Net Regression,-1.9196885629650766,-2.0355603848999926,2
Elastic Net Regression,-1.1938637358837367,-2.0355603848999926,2
Elastic Net Regression,-1.339883282003717,-2.0355603848999926,2
Elastic Net Regression,-1.833927238128002,-2.0355603848999926,2
Elastic Net Regression,-1.0225392132375182,-2.0355603848999926,2
Elastic Net Regression,-1.0225392132375182,-2.0355603848999926,2
Elastic Net Regression,-1.3355656611938254,-2.0355603848999926,2
Elastic Net Regression,-1.4187942485435616,-2.0355603848999926,2
Elastic Net Regression,-1.9996117840097518,-2.0355603848999926,2
Elastic Net Regression,-1.3897810295006061,-2.0355603848999926,2
Elastic Net Regression,-2.3531252756425936,-2.0355603848999926,2
Elastic Net Regression,-2.66118307205398,-2.0355603848999926,2
Elastic Net Regression,-2.272602230242758,-2.0355603848999926,2
Elastic Net Regression,-2.736709137429952,-2.0355603848999926,2
Elastic Net Regression,-2.1155432005946873,-2.0355603848999926,2
Elastic Net Regression,-0.6389033445220246,-2.0355603848999926,2
Elastic Net Regression,0.05304456027413388,-2.0355603848999926,2
Elastic Net Regression,0.1297019665778856,-2.0355603848999926,2
Elastic Net Regression,-0.6704627883686575,-2.0355603848999926,2
Elastic Net Regression,-0.7545795752718538,-2.0355603848999926,2
Elastic Net Regression,-0.4049916766527308,-2.0355603848999926,2
Elastic Net Regression,-0.9300930772084189,-2.0355603848999926,2
Elastic Net Regression,-0.28184511787174465,-2.0355603848999926,2
Elastic Net Regression,-1.1235679872330004,-2.0355603848999926,2
Elastic Net Regression,-2.2882000233155653,-2.0355603848999926,2
Elastic Net Regression,-0.27744790362250854,-2.0355603848999926,2
Elastic Net Regression,-2.931358924489361,-2.0355603848999926,2
Elastic Net Regression,-2.8170555006405635,-2.0355603848999926,2
Elastic Net Regression,-1.7426626842914594,-2.0355603848999926,2
Elastic Net Regression,-1.894217061776159,-2.0355603848999926,2
Elastic Net Regression,-3.579179826019102,-2.0355603848999926,2
Elastic Net Regression,-2.0468682910310587,-2.0355603848999926,2
Elastic Net Regression,-2.5090165872531767,-2.0355603848999926,2
Elastic Net Regression,-2.557865138098485,-2.0355603848999926,2
Elastic Net Regression,-3.20721692140729,-2.0355603848999926,2
Elastic Net Regression,-2.7237372356215404,-2.0355603848999926,2
Elastic Net Regression,-3.20721692140729,-2.0355603848999926,2
Elastic Net Regression,-0.9910136950037374,-2.0355603848999926,2
Elastic Net Regression,-2.861353792341514,-2.0355603848999926,2
Elastic Net Regression,-1.3158802108242549,-2.0355603848999926,2
Elastic Net Regression,-2.861353792341514,-2.0355603848999926,2
Elastic Net Regression,-1.4093732376842594,-2.0355603848999926,2
Elastic Net Regression,-1.4542413778154994,-2.0355603848999926,2
Elastic Net Regression,-1.4370923600242806,-2.0355603848999926,2
Elastic Net Regression,-1.5372443207314632,-2.0355603848999926,2
Elastic Net Regression,-2.586212054867284,-2.0355603848999926,2
Elastic Net Regression,-1.6435374468814823,-2.0355603848999926,2
Elastic Net Regression,-1.8026465968079968,-2.0355603848999926,2
Elastic Net Regression,-1.4729877775908402,-2.0355603848999926,2
Elastic Net Regression,-1.183812038624167,-2.0355603848999926,2
Elastic Net Regression,-1.6217142305536996,-2.0355603848999926,2
Elastic Net Regression,-2.715845949095462,-2.0355603848999926,2
Elastic Net Regression,-1.1251042517136252,-2.0355603848999926,2
Elastic Net Regression,-3.7342838339347466,-2.0355603848999926,2
Elastic Net Regression,-2.691578169406441,-2.0355603848999926,2
Elastic Net Regression,-3.7342838339347466,-2.0355603848999926,2
Elastic Net Regression,-3.6203410251864447,-2.0355603848999926,2
Elastic Net Regression,-3.007286136495451,-2.0355603848999926,2
Elastic Net Regression,-2.3083760229550343,-2.0355603848999926,2
Elastic Net Regression,-3.302921552819786,-2.0355603848999926,2
Elastic Net Regression,-2.8871236492020507,-2.0355603848999926,2
Elastic Net Regression,-1.2227575127427186,-2.0355603848999926,2
Elastic Net Regression,-3.6472310978345055,-2.0355603848999926,2
Elastic Net Regression,-3.135663383730844,-2.0355603848999926,2
Elastic Net Regression,-1.7113615374852664,-2.0355603848999926,2
Elastic Net Regression,-1.935943656763284,-2.0355603848999926,2
Elastic Net Regression,-1.5942049925158137,-2.0355603848999926,2
Elastic Net Regression,-2.4934863088506534,-2.0355603848999926,2
Elastic Net Regression,-1.1883246153441216,-2.0355603848999926,2
Elastic Net Regression,-3.848875409949318,-2.0355603848999926,2
Elastic Net Regression,-1.6698969598127007,-2.0355603848999926,2
Elastic Net Regression,-3.7105715966505453,-2.0355603848999926,2
Elastic Net Regression,-2.182199963303041,-2.0355603848999926,2
Elastic Net Regression,-2.988535711454289,-2.0355603848999926,2
Elastic Net Regression,-2.2826863141215226,-2.0355603848999926,2
Elastic Net Regression,-3.159004262647741,-2.0355603848999926,2
Elastic Net Regression,-2.9741896629359488,-2.0355603848999926,2
Elastic Net Regression,-3.688222835963096,-2.0355603848999926,2
Elastic Net Regression,-2.287736284945912,-2.0355603848999926,2
Elastic Net Regression,-2.848471723996311,-2.0355603848999926,2
Elastic Net Regression,-1.9555954093204297,-2.0355603848999926,2
Elastic Net Regression,-1.7176063992666837,-2.0355603848999926,2
Elastic Net Regression,-1.2684519185896421,-2.0355603848999926,2
Elastic Net Regression,-2.258697330779929,-2.0355603848999926,2
Elastic Net Regression,-3.231239100298885,-2.0355603848999926,2
Elastic Net Regression,-3.690448608815449,-2.0355603848999926,2
Elastic Net Regression,-1.6379527351562522,-2.0355603848999926,2
Elastic Net Regression,-2.2625101343415968,-2.0355603848999926,2
Elastic Net Regression,-2.110664900131247,-2.0355603848999926,2
Elastic Net Regression,-2.2414236426625673,-2.0355603848999926,2
Elastic Net Regression,-1.7015723913432346,-2.0355603848999926,2
Elastic Net Regression,-2.772360579555891,-2.0355603848999926,2
Elastic Net Regression,-1.936797812533807,-2.0355603848999926,2
Elastic Net Regression,-1.4975728800155672,-2.0355603848999926,2
Elastic Net Regression,-4.026482380351305,-2.0355603848999926,2
Elastic Net Regression,-1.012145447578458,-2.0355603848999926,2
Elastic Net Regression,-3.7834435403498214,-2.0355603848999926,2
Elastic Net Regression,-2.3458067992518874,-2.0355603848999926,2
Elastic Net Regression,-3.7834435403498214,-2.0355603848999926,2
Elastic Net Regression,-1.6384460109776287,-2.0355603848999926,2
Elastic Net Regression,-3.5459650539173615,-2.0355603848999926,2
Elastic Net Regression,-2.0116848782875407,-2.0355603848999926,2
Elastic Net Regression,-1.2662523005170878,-2.0355603848999926,2
Elastic Net Regression,-1.6993207301372903,-2.0355603848999926,2
Elastic Net Regression,-2.7555635433899788,-2.0355603848999926,2
Elastic Net Regression,-2.6148556108775285,-2.0355603848999926,2
Elastic Net Regression,-2.648503823177817,-2.0355603848999926,2
Elastic Net Regression,-3.7469892929465796,-2.0355603848999926,2
Elastic Net Regression,-2.4368442826786825,-2.0355603848999926,2
Elastic Net Regression,-3.390442939572028,-2.0355603848999926,2
Elastic Net Regression,-1.4257747559860434,-2.0355603848999926,2
Elastic Net Regression,-1.064270917741021,-2.0355603848999926,2
Elastic Net Regression,-3.1720823887102565,-2.0355603848999926,2
Elastic Net Regression,-1.737359048801603,-2.0355603848999926,2
Elastic Net Regression,-1.3467292946628289,-2.0355603848999926,2
Elastic Net Regression,-0.6538319472043919,-2.0355603848999926,2
Elastic Net Regression,-2.001001072492525,-2.0355603848999926,2
Elastic Net Regression,-2.8108233787082515,-2.0355603848999926,2
Elastic Net Regression,-1.86662075613132,-2.0355603848999926,2
Elastic Net Regression,-3.9600428565808334,-2.0355603848999926,2
Elastic Net Regression,-3.7692522846397316,-2.0355603848999926,2
Elastic Net Regression,-1.3544637580442256,-2.0355603848999926,2
Elastic Net Regression,-2.612904311968554,-2.0355603848999926,2
Elastic Net Regression,-2.9753058553179503,-2.0355603848999926,2
Elastic Net Regression,-2.806163575333855,-2.0355603848999926,2
Elastic Net Regression,-1.7139014654061842,-2.0355603848999926,2
Elastic Net Regression,-2.0978386037648766,-2.0355603848999926,2
Elastic Net Regression,-1.5110863339963716,-2.0355603848999926,2
Elastic Net Regression,-2.0893959764848726,-2.0355603848999926,2
Elastic Net Regression,-1.4436245197644126,-2.0355603848999926,2
Elastic Net Regression,-1.4486812373435975,-2.0355603848999926,2
Elastic Net Regression,-1.2503305415619155,-2.0355603848999926,2
Elastic Net Regression,-1.453797527240351,-2.0355603848999926,2
Elastic Net Regression,-1.8347593251696876,-2.0355603848999926,2
Elastic Net Regression,-3.5624063821538914,-2.0355603848999926,2
Elastic Net Regression,-1.5310782741493767,-2.0355603848999926,2
Elastic Net Regression,-1.0144370432648293,-2.0355603848999926,2
Elastic Net Regression,-2.0129990008635867,-2.0355603848999926,2
Elastic Net Regression,-1.4399552960568784,-2.0355603848999926,2
Elastic Net Regression,-3.2740051086991615,-2.0355603848999926,2
Elastic Net Regression,-1.2530119718858257,-2.0355603848999926,2
Elastic Net Regression,-3.4366316559477377,-2.0355603848999926,2
Elastic Net Regression,-3.744840908818875,-2.0355603848999926,2
Elastic Net Regression,-3.8997432135729384,-2.0355603848999926,2
Elastic Net Regression,-2.653759917660552,-2.0355603848999926,2
Elastic Net Regression,-2.17663866294089,-2.0355603848999926,2
Elastic Net Regression,-2.540720473654946,-2.0355603848999926,2
Elastic Net Regression,-2.436631774638256,-2.0355603848999926,2
Elastic Net Regression,-3.6308973708676717,-2.0355603848999926,2
Elastic Net Regression,-2.443810430479706,-2.0355603848999926,2
Elastic Net Regression,-2.0916278587378,-2.0355603848999926,2
Elastic Net Regression,-1.2111861770342556,-2.0355603848999926,2
Elastic Net Regression,-3.233202110369878,-2.0355603848999926,2
Elastic Net Regression,-1.945164608357066,-2.0355603848999926,2
Elastic Net Regression,-2.993441546294603,-2.0355603848999926,2
Elastic Net Regression,-2.804329449939637,-2.0355603848999926,2
Elastic Net Regression,-3.290189204280069,-2.0355603848999926,2
Elastic Net Regression,-2.1622159208236154,-2.0355603848999926,2
Elastic Net Regression,-3.7268829315132583,-2.0355603848999926,2
Elastic Net Regression,-3.4116117497612004,-2.0355603848999926,2
Elastic Net Regression,-1.7083201719567802,-2.0355603848999926,2
Elastic Net Regression,-2.3460680222446215,-2.0355603848999926,2
Elastic Net Regression,-2.579721210352638,-2.0355603848999926,2
Elastic Net Regression,-1.3308187576670196,-2.0355603848999926,2
Elastic Net Regression,-1.5951494590693263,-2.0355603848999926,2
Elastic Net Regression,-3.0455186942585932,-2.0355603848999926,2
Elastic Net Regression,-1.5279900670983446,-2.0355603848999926,2
Elastic Net Regression,-3.1090516644066044,-2.0355603848999926,2
Elastic Net Regression,-4.059833781301273,-2.0355603848999926,2
Elastic Net Regression,-2.084073842416984,-2.0355603848999926,2
Elastic Net Regression,-1.9644153443855357,-2.0355603848999926,2
Elastic Net Regression,-1.5572116152486462,-2.0355603848999926,2
Elastic Net Regression,-2.432175336754664,-2.0355603848999926,2
Elastic Net Regression,-1.6895586727819518,-2.0355603848999926,2
Elastic Net Regression,-1.9412408278950934,-2.0355603848999926,2
Elastic Net Regression,-1.5363868405196788,-2.0355603848999926,2
Elastic Net Regression,-0.6894774956008592,-2.0355603848999926,2
Elastic Net Regression,-1.8074474879886533,-2.0355603848999926,2
Elastic Net Regression,-1.1026053129321816,-2.0355603848999926,2
Elastic Net Regression,-1.170757605358798,-2.0355603848999926,2
Elastic Net Regression,-0.7856945313640958,-2.0355603848999926,2
Elastic Net Regression,-2.1639051839291805,-2.0355603848999926,2
Elastic Net Regression,-1.2025079170212445,-2.0355603848999926,2
Elastic Net Regression,-3.064232839852069,-2.0355603848999926,2
Elastic Net Regression,-0.7797693247910334,-2.0355603848999926,2
Elastic Net Regression,-3.0397590359811644,-2.0355603848999926,2
Elastic Net Regression,-1.3132997440363454,-2.0355603848999926,2
Elastic Net Regression,-1.405215799824956,-2.0355603848999926,2
Elastic Net Regression,-3.6368695830464484,-2.0355603848999926,2
Elastic Net Regression,-1.8884660362981867,-2.0355603848999926,2
Elastic Net Regression,-3.3010769020010144,-2.0355603848999926,2
Elastic Net Regression,-2.2355646390433175,-2.0355603848999926,2
Elastic Net Regression,-3.3625502994733605,-2.0355603848999926,2
Elastic Net Regression,-1.5736750209710204,-2.0355603848999926,2
Elastic Net Regression,-1.4541338573389984,-2.0355603848999926,2
Elastic Net Regression,-2.464359595395084,-2.0355603848999926,2
Elastic Net Regression,0.016216578776438208,-2.0355603848999926,2
Elastic Net Regression,0.3580642293861346,-2.0355603848999926,2
Elastic Net Regression,0.23583851209189552,-2.0355603848999926,2
Elastic Net Regression,0.011790398005349874,-2.0355603848999926,2
Elastic Net Regression,-0.43783118657286935,-2.0355603848999926,2
Elastic Net Regression,0.27486911420534327,-2.0355603848999926,2
Elastic Net Regression,-0.9893876757536758,-2.0355603848999926,2
Elastic Net Regression,-1.5200924815934278,-2.0355603848999926,2
Elastic Net Regression,-2.2749377863952085,-2.0355603848999926,2
Elastic Net Regression,-1.7655110123526006,-2.0355603848999926,2
Elastic Net Regression,-1.7181996551162337,-2.0355603848999926,2
Elastic Net Regression,-2.327144451312569,-2.0355603848999926,2
Elastic Net Regression,-3.4519129118061063,-2.0355603848999926,2
Elastic Net Regression,-2.0424559224697187,-2.0355603848999926,2
Elastic Net Regression,-1.9190397324043553,-2.0355603848999926,2
Elastic Net Regression,-1.7868132829404095,-2.0355603848999926,2
Elastic Net Regression,-1.6115607525200502,-2.0355603848999926,2
Elastic Net Regression,-1.7236216619186897,-2.0355603848999926,2
Elastic Net Regression,-3.2294115893983317,-2.0355603848999926,2
Elastic Net Regression,-2.088287115891733,-2.0355603848999926,2
Elastic Net Regression,-1.1998361610596366,-2.0355603848999926,2
Elastic Net Regression,-1.111999901692932,-2.0355603848999926,2
Elastic Net Regression,-1.2818579528648468,-2.0355603848999926,2
Elastic Net Regression,-0.9134224928394735,-2.0355603848999926,2
Elastic Net Regression,-1.540907293954747,-2.0355603848999926,2
Elastic Net Regression,-1.3198484161479276,-2.0355603848999926,2
Elastic Net Regression,-1.7854705731329945,-2.0355603848999926,2
Elastic Net Regression,-1.4094344835568617,-2.0355603848999926,2
Elastic Net Regression,-1.5966625231096632,-2.0355603848999926,2
Elastic Net Regression,-1.4583509625515516,-2.0355603848999926,2
Elastic Net Regression,-2.14182332020342,-2.0355603848999926,2
Elastic Net Regression,-0.8959678728621829,-2.0355603848999926,2
Elastic Net Regression,-2.451728539243243,-2.0355603848999926,2
Elastic Net Regression,-0.8609839615611586,-2.0355603848999926,2
Elastic Net Regression,-2.2646029664100515,-2.0355603848999926,2
Elastic Net Regression,-1.042642722079717,-2.0355603848999926,2
Elastic Net Regression,-1.1400317683551704,-2.0355603848999926,2
Elastic Net Regression,-2.723197328038221,-2.0355603848999926,2
Elastic Net Regression,-1.466507781947675,-2.0355603848999926,2
Elastic Net Regression,-1.7998312883961207,-2.0355603848999926,2
Elastic Net Regression,-1.7283368624549476,-2.0355603848999926,2
Elastic Net Regression,-2.0560190796534115,-2.0355603848999926,2
Elastic Net Regression,-0.4819145002205912,-2.0355603848999926,2
Elastic Net Regression,-1.530055677420101,-2.0355603848999926,2
Elastic Net Regression,-1.0026227122886122,-2.0355603848999926,2
Elastic Net Regression,-2.114518460874232,-2.0355603848999926,2
Elastic Net Regression,-1.63438498383371,-2.0355603848999926,2
Elastic Net Regression,-1.475460019768368,-2.0355603848999926,2
Elastic Net Regression,-1.3089106800327817,-2.0355603848999926,2
Elastic Net Regression,-1.9812071611751474,-2.0355603848999926,2
Elastic Net Regression,-1.4154063781902113,-2.0355603848999926,2
Elastic Net Regression,-2.5315835424986517,-2.0355603848999926,2
Elastic Net Regression,-2.3146334389286793,-2.013550766780606,3
Elastic Net Regression,-1.8035334240706482,-2.013550766780606,3
Elastic Net Regression,-3.1408689109724577,-2.013550766780606,3
Elastic Net Regression,-2.881231480327938,-2.013550766780606,3
Elastic Net Regression,-3.431262194557772,-2.013550766780606,3
Elastic Net Regression,-2.423624898245491,-2.013550766780606,3
Elastic Net Regression,-2.2593946471787434,-2.013550766780606,3
Elastic Net Regression,-2.858166273095228,-2.013550766780606,3
Elastic Net Regression,-1.5321588732385725,-2.013550766780606,3
Elastic Net Regression,-1.641711232958164,-2.013550766780606,3
Elastic Net Regression,-1.374139089297611,-2.013550766780606,3
Elastic Net Regression,-1.6443425309821194,-2.013550766780606,3
Elastic Net Regression,-1.414958380703708,-2.013550766780606,3
Elastic Net Regression,-0.9407520429016281,-2.013550766780606,3
Elastic Net Regression,-1.2247774230710238,-2.013550766780606,3
Elastic Net Regression,-1.5498899805881399,-2.013550766780606,3
Elastic Net Regression,-3.4108437941069076,-2.013550766780606,3
Elastic Net Regression,-3.2180472636163895,-2.013550766780606,3
Elastic Net Regression,-1.4985127097581414,-2.013550766780606,3
Elastic Net Regression,-2.3529321054630254,-2.013550766780606,3
Elastic Net Regression,-1.8730671060734179,-2.013550766780606,3
Elastic Net Regression,-1.2696661993818519,-2.013550766780606,3
Elastic Net Regression,-0.9582190949069228,-2.013550766780606,3
Elastic Net Regression,-3.8326531224143645,-2.013550766780606,3
Elastic Net Regression,-1.5041031112940382,-2.013550766780606,3
Elastic Net Regression,-3.1597853454922076,-2.013550766780606,3
Elastic Net Regression,-2.151509814945314,-2.013550766780606,3
Elastic Net Regression,-3.2036005297986074,-2.013550766780606,3
Elastic Net Regression,-2.198253243671017,-2.013550766780606,3
Elastic Net Regression,-2.9142603715445343,-2.013550766780606,3
Elastic Net Regression,-3.0391954244610955,-2.013550766780606,3
Elastic Net Regression,-1.7661589553081318,-2.013550766780606,3
Elastic Net Regression,-0.40674416735366103,-2.013550766780606,3
Elastic Net Regression,-0.5196118275771817,-2.013550766780606,3
Elastic Net Regression,-3.0110100837480736,-2.013550766780606,3
Elastic Net Regression,-0.14570591755806434,-2.013550766780606,3
Elastic Net Regression,-0.08363954432116573,-2.013550766780606,3
Elastic Net Regression,-0.012750569114115418,-2.013550766780606,3
Elastic Net Regression,-2.9107287853445634,-2.013550766780606,3
Elastic Net Regression,-1.8033790498935367,-2.013550766780606,3
Elastic Net Regression,-2.541474704475919,-2.013550766780606,3
Elastic Net Regression,-2.465962973225779,-2.013550766780606,3
Elastic Net Regression,-3.0775844181294625,-2.013550766780606,3
Elastic Net Regression,-1.9101052340727014,-2.013550766780606,3
Elastic Net Regression,-1.1731208384522849,-2.013550766780606,3
Elastic Net Regression,-1.8094490244732577,-2.013550766780606,3
Elastic Net Regression,-2.0174042079019414,-2.013550766780606,3
Elastic Net Regression,-1.2279630916135922,-2.013550766780606,3
Elastic Net Regression,-2.7515330963273232,-2.013550766780606,3
Elastic Net Regression,-3.810574259769909,-2.013550766780606,3
Elastic Net Regression,-2.5493325073158326,-2.013550766780606,3
Elastic Net Regression,-3.447382880362,-2.013550766780606,3
Elastic Net Regression,-1.9112124620769755,-2.013550766780606,3
Elastic Net Regression,-2.3339531661956356,-2.013550766780606,3
Elastic Net Regression,-2.9119908501955227,-2.013550766780606,3
Elastic Net Regression,-3.1413617595139014,-2.013550766780606,3
Elastic Net Regression,-2.325708590111872,-2.013550766780606,3
Elastic Net Regression,-3.130720745231321,-2.013550766780606,3
Elastic Net Regression,-2.492075482831661,-2.013550766780606,3
Elastic Net Regression,-2.174597252967641,-2.013550766780606,3
Elastic Net Regression,-3.873453012328298,-2.013550766780606,3
Elastic Net Regression,-1.3870823799964922,-2.013550766780606,3
Elastic Net Regression,-1.392520817816124,-2.013550766780606,3
Elastic Net Regression,-2.2476183878149794,-2.013550766780606,3
Elastic Net Regression,-2.5038360209902844,-2.013550766780606,3
Elastic Net Regression,-3.52120992195253,-2.013550766780606,3
Elastic Net Regression,-2.9303729669440868,-2.013550766780606,3
Elastic Net Regression,-2.487130374543647,-2.013550766780606,3
Elastic Net Regression,-3.1782271514224525,-2.013550766780606,3
Elastic Net Regression,-2.498525274280529,-2.013550766780606,3
Elastic Net Regression,-3.2590502255091702,-2.013550766780606,3
Elastic Net Regression,-3.6472310978345055,-2.013550766780606,3
Elastic Net Regression,-2.810836301965318,-2.013550766780606,3
Elastic Net Regression,-3.384203503318252,-2.013550766780606,3
Elastic Net Regression,-3.9730828630218453,-2.013550766780606,3
Elastic Net Regression,-1.547722797531173,-2.013550766780606,3
Elastic Net Regression,-2.2875737313332407,-2.013550766780606,3
Elastic Net Regression,-1.706119540338668,-2.013550766780606,3
Elastic Net Regression,-2.236090057320799,-2.013550766780606,3
Elastic Net Regression,-1.2376574055894478,-2.013550766780606,3
Elastic Net Regression,-2.0061846218108834,-2.013550766780606,3
Elastic Net Regression,-2.0364325385907973,-2.013550766780606,3
Elastic Net Regression,-3.4715139529702097,-2.013550766780606,3
Elastic Net Regression,-2.999290941959355,-2.013550766780606,3
Elastic Net Regression,-2.7669040895368373,-2.013550766780606,3
Elastic Net Regression,-2.4911353637922846,-2.013550766780606,3
Elastic Net Regression,-2.8667990786740405,-2.013550766780606,3
Elastic Net Regression,-2.082759927050954,-2.013550766780606,3
Elastic Net Regression,-3.4398948173744337,-2.013550766780606,3
Elastic Net Regression,-2.362468744313884,-2.013550766780606,3
Elastic Net Regression,-1.5518607813097591,-2.013550766780606,3
Elastic Net Regression,-1.9070646816834933,-2.013550766780606,3
Elastic Net Regression,-1.6668842660690988,-2.013550766780606,3
Elastic Net Regression,-1.512256636766295,-2.013550766780606,3
Elastic Net Regression,-3.508144052188851,-2.013550766780606,3
Elastic Net Regression,-3.9030899869919438,-2.013550766780606,3
Elastic Net Regression,-1.3982848993986936,-2.013550766780606,3
Elastic Net Regression,-1.7340876483093817,-2.013550766780606,3
Elastic Net Regression,-2.728175115284189,-2.013550766780606,3
Elastic Net Regression,-1.8211763195496429,-2.013550766780606,3
Elastic Net Regression,-2.258862588858495,-2.013550766780606,3
Elastic Net Regression,-2.0731453982830836,-2.013550766780606,3
Elastic Net Regression,-2.5430732387631334,-2.013550766780606,3
Elastic Net Regression,-1.4273499677206534,-2.013550766780606,3
Elastic Net Regression,-3.2861198587119835,-2.013550766780606,3
Elastic Net Regression,-3.739785461604827,-2.013550766780606,3
Elastic Net Regression,-3.23633470688153,-2.013550766780606,3
Elastic Net Regression,-1.385136327132139,-2.013550766780606,3
Elastic Net Regression,-1.2175444827866113,-2.013550766780606,3
Elastic Net Regression,-1.8555915719713854,-2.013550766780606,3
Elastic Net Regression,-3.4629936067206395,-2.013550766780606,3
Elastic Net Regression,-3.926105768520805,-2.013550766780606,3
Elastic Net Regression,-1.5625822596100025,-2.013550766780606,3
Elastic Net Regression,-3.172776808882327,-2.013550766780606,3
Elastic Net Regression,-3.0153277959856664,-2.013550766780606,3
Elastic Net Regression,-3.1720823887102565,-2.013550766780606,3
Elastic Net Regression,-1.4115626764192806,-2.013550766780606,3
Elastic Net Regression,-1.7625310634593319,-2.013550766780606,3
Elastic Net Regression,-2.1469087646472067,-2.013550766780606,3
Elastic Net Regression,-0.5687544073603336,-2.013550766780606,3
Elastic Net Regression,-0.9349414936187838,-2.013550766780606,3
Elastic Net Regression,-1.4330573818946528,-2.013550766780606,3
Elastic Net Regression,-1.0111406945890653,-2.013550766780606,3
Elastic Net Regression,-1.1521693207507044,-2.013550766780606,3
Elastic Net Regression,-3.7986028756795487,-2.013550766780606,3
Elastic Net Regression,-2.244039132061237,-2.013550766780606,3
Elastic Net Regression,-2.1225210730141013,-2.013550766780606,3
Elastic Net Regression,-2.8641555620169683,-2.013550766780606,3
Elastic Net Regression,-1.6958725916338202,-2.013550766780606,3
Elastic Net Regression,-2.2062980891288984,-2.013550766780606,3
Elastic Net Regression,-1.6292558354409146,-2.013550766780606,3
Elastic Net Regression,-1.2158410977813483,-2.013550766780606,3
Elastic Net Regression,-3.7938003909509543,-2.013550766780606,3
Elastic Net Regression,-3.6688623296866587,-2.013550766780606,3
Elastic Net Regression,-1.2394237537905008,-2.013550766780606,3
Elastic Net Regression,-1.8793987946410835,-2.013550766780606,3
Elastic Net Regression,-3.6688623296866587,-2.013550766780606,3
Elastic Net Regression,-2.2689882869552584,-2.013550766780606,3
Elastic Net Regression,-1.1843962080688974,-2.013550766780606,3
Elastic Net Regression,-1.302742708063045,-2.013550766780606,3
Elastic Net Regression,-0.9642747859315978,-2.013550766780606,3
Elastic Net Regression,-1.3693953613978682,-2.013550766780606,3
Elastic Net Regression,-1.1301967317733737,-2.013550766780606,3
Elastic Net Regression,-1.0225594503600544,-2.013550766780606,3
Elastic Net Regression,-1.409977601837042,-2.013550766780606,3
Elastic Net Regression,-1.8035282856682657,-2.013550766780606,3
Elastic Net Regression,-1.2640972244503184,-2.013550766780606,3
Elastic Net Regression,-3.6419813498697473,-2.013550766780606,3
Elastic Net Regression,-1.9341938240909706,-2.013550766780606,3
Elastic Net Regression,-3.119103556806872,-2.013550766780606,3
Elastic Net Regression,-2.0598606483703086,-2.013550766780606,3
Elastic Net Regression,-2.329956957829961,-2.013550766780606,3
Elastic Net Regression,-2.090032121190501,-2.013550766780606,3
Elastic Net Regression,-1.0639605458204757,-2.013550766780606,3
Elastic Net Regression,-1.396090167895999,-2.013550766780606,3
Elastic Net Regression,-2.0995080091454192,-2.013550766780606,3
Elastic Net Regression,-1.8171279243372191,-2.013550766780606,3
Elastic Net Regression,-2.0948568608862326,-2.013550766780606,3
Elastic Net Regression,-1.525605260081181,-2.013550766780606,3
Elastic Net Regression,-1.7550940407409845,-2.013550766780606,3
Elastic Net Regression,-3.3707035768809224,-2.013550766780606,3
Elastic Net Regression,-2.568749167088006,-2.013550766780606,3
Elastic Net Regression,-1.9715416460145745,-2.013550766780606,3
Elastic Net Regression,-1.7709615792854492,-2.013550766780606,3
Elastic Net Regression,-3.6924119784161333,-2.013550766780606,3
Elastic Net Regression,-4.034798298974088,-2.013550766780606,3
Elastic Net Regression,-2.8398575372186334,-2.013550766780606,3
Elastic Net Regression,-2.345229430009625,-2.013550766780606,3
Elastic Net Regression,-3.3358640560027224,-2.013550766780606,3
Elastic Net Regression,-2.5444075781780136,-2.013550766780606,3
Elastic Net Regression,-2.3582852103076553,-2.013550766780606,3
Elastic Net Regression,-3.8817848914990014,-2.013550766780606,3
Elastic Net Regression,-1.7613667161535187,-2.013550766780606,3
Elastic Net Regression,-1.4643518021071489,-2.013550766780606,3
Elastic Net Regression,-1.7246442506203672,-2.013550766780606,3
Elastic Net Regression,-1.8762488134939106,-2.013550766780606,3
Elastic Net Regression,-2.2270013364351495,-2.013550766780606,3
Elastic Net Regression,-1.2662407394987067,-2.013550766780606,3
Elastic Net Regression,-4.056947918112584,-2.013550766780606,3
Elastic Net Regression,-2.7766733448672327,-2.013550766780606,3
Elastic Net Regression,-3.3036200184447138,-2.013550766780606,3
Elastic Net Regression,-3.3309007861959947,-2.013550766780606,3
Elastic Net Regression,-2.5585788782984222,-2.013550766780606,3
Elastic Net Regression,-1.7581838126622393,-2.013550766780606,3
Elastic Net Regression,-2.695416849848479,-2.013550766780606,3
Elastic Net Regression,-3.844232919056576,-2.013550766780606,3
Elastic Net Regression,-1.5895913565043294,-2.013550766780606,3
Elastic Net Regression,-1.6613977234664838,-2.013550766780606,3
Elastic Net Regression,-3.5527489155241385,-2.013550766780606,3
Elastic Net Regression,-2.22015815118179,-2.013550766780606,3
Elastic Net Regression,-2.0742842332450646,-2.013550766780606,3
Elastic Net Regression,-0.9490993255496558,-2.013550766780606,3
Elastic Net Regression,-1.9603652993893874,-2.013550766780606,3
Elastic Net Regression,-1.6159918285387698,-2.013550766780606,3
Elastic Net Regression,-1.1149880354485275,-2.013550766780606,3
Elastic Net Regression,-3.184747097908846,-2.013550766780606,3
Elastic Net Regression,-1.47951268111869,-2.013550766780606,3
Elastic Net Regression,-2.8559441417598115,-2.013550766780606,3
Elastic Net Regression,-3.312017362295172,-2.013550766780606,3
Elastic Net Regression,-1.2862388841839494,-2.013550766780606,3
Elastic Net Regression,-1.2165796349138172,-2.013550766780606,3
Elastic Net Regression,-1.740666799910411,-2.013550766780606,3
Elastic Net Regression,-1.6374387034297335,-2.013550766780606,3
Elastic Net Regression,-1.9643120034496402,-2.013550766780606,3
Elastic Net Regression,-1.309961996475505,-2.013550766780606,3
Elastic Net Regression,-2.2355646390433175,-2.013550766780606,3
Elastic Net Regression,-2.3822676402388554,-2.013550766780606,3
Elastic Net Regression,-2.4796814387852613,-2.013550766780606,3
Elastic Net Regression,-2.006498035079166,-2.013550766780606,3
Elastic Net Regression,-2.8165949053280404,-2.013550766780606,3
Elastic Net Regression,-1.0460152967125962,-2.013550766780606,3
Elastic Net Regression,-1.391500388590343,-2.013550766780606,3
Elastic Net Regression,-1.7772835288524167,-2.013550766780606,3
Elastic Net Regression,-3.8396725549649426,-2.013550766780606,3
Elastic Net Regression,0.25792460161657743,-2.013550766780606,3
Elastic Net Regression,0.26528954569788904,-2.013550766780606,3
Elastic Net Regression,-0.202317609683526,-2.013550766780606,3
Elastic Net Regression,0.11059120541434526,-2.013550766780606,3
Elastic Net Regression,-0.2703526265197312,-2.013550766780606,3
Elastic Net Regression,-0.004427072779599359,-2.013550766780606,3
Elastic Net Regression,-3.3347136412278577,-2.013550766780606,3
Elastic Net Regression,-1.2407370006641907,-2.013550766780606,3
Elastic Net Regression,-1.6790364719823858,-2.013550766780606,3
Elastic Net Regression,-1.098047311203653,-2.013550766780606,3
Elastic Net Regression,-1.1820723340995358,-2.013550766780606,3
Elastic Net Regression,-2.5395917281791975,-2.013550766780606,3
Elastic Net Regression,-3.525699217034543,-2.013550766780606,3
Elastic Net Regression,-2.5479760718766045,-2.013550766780606,3
Elastic Net Regression,-2.3812985463366814,-2.013550766780606,3
Elastic Net Regression,-1.6695950343945678,-2.013550766780606,3
Elastic Net Regression,-1.10868225389701,-2.013550766780606,3
Elastic Net Regression,-1.42625067509891,-2.013550766780606,3
Elastic Net Regression,-1.3041517533417322,-2.013550766780606,3
Elastic Net Regression,-1.5240818424273839,-2.013550766780606,3
Elastic Net Regression,-1.2491101104442828,-2.013550766780606,3
Elastic Net Regression,-1.8070894000718147,-2.013550766780606,3
Elastic Net Regression,-2.348164353297759,-2.013550766780606,3
Elastic Net Regression,-1.1543394167845993,-2.013550766780606,3
Elastic Net Regression,-0.6082262842300837,-2.013550766780606,3
Elastic Net Regression,-1.9406256000139548,-2.013550766780606,3
Elastic Net Regression,-0.9568598388437015,-2.013550766780606,3
Elastic Net Regression,-1.0181181552809078,-2.013550766780606,3
Elastic Net Regression,-0.9172146296835499,-2.013550766780606,3
Elastic Net Regression,-1.5600709478109722,-2.013550766780606,3
Elastic Net Regression,-1.483088664742514,-2.013550766780606,3
Elastic Net Regression,-3.1791288900792822,-2.013550766780606,3
Elastic Net Regression,-1.450536715424269,-2.013550766780606,3
Elastic Net Regression,-1.1827941397057182,-2.013550766780606,3
Elastic Net Regression,-0.6143935172969877,-2.013550766780606,3
Elastic Net Regression,-0.6158874808696795,-2.013550766780606,3
Elastic Net Regression,-3.20055468102406,-2.013550766780606,3
Elastic Net Regression,-0.9402445883836209,-2.013550766780606,3
Elastic Net Regression,-1.9652557068613081,-2.013550766780606,3
Elastic Net Regression,-1.7462641625323523,-2.013550766780606,3
Elastic Net Regression,-3.241946952668458,-2.013550766780606,3
Elastic Net Regression,-1.7793995024399858,-2.013550766780606,3
Elastic Net Regression,-1.0945491836072103,-2.013550766780606,3
Elastic Net Regression,-1.4158076024067474,-2.013550766780606,3
Elastic Net Regression,-2.390077592912712,-2.013550766780606,3
Elastic Net Regression,-2.3969317709673565,-2.060188818990666,4
Elastic Net Regression,-3.7465335671940925,-2.060188818990666,4
Elastic Net Regression,-1.169002914533462,-2.060188818990666,4
Elastic Net Regression,-2.3969317709673565,-2.060188818990666,4
Elastic Net Regression,-3.5076503600642033,-2.060188818990666,4
Elastic Net Regression,-2.1263969370231783,-2.060188818990666,4
Elastic Net Regression,-1.5424726897801078,-2.060188818990666,4
Elastic Net Regression,-0.3239443747054647,-2.060188818990666,4
Elastic Net Regression,-1.520097156387571,-2.060188818990666,4
Elastic Net Regression,-1.5530374141251506,-2.060188818990666,4
Elastic Net Regression,-0.9452141888163385,-2.060188818990666,4
Elastic Net Regression,-1.7566657394319904,-2.060188818990666,4
Elastic Net Regression,-2.885418369996712,-2.060188818990666,4
Elastic Net Regression,-1.680228158144333,-2.060188818990666,4
Elastic Net Regression,-2.123767317417046,-2.060188818990666,4
Elastic Net Regression,-1.1345513868310089,-2.060188818990666,4
Elastic Net Regression,-1.4610955316441951,-2.060188818990666,4
Elastic Net Regression,-1.1131158581897997,-2.060188818990666,4
Elastic Net Regression,-2.341290856803062,-2.060188818990666,4
Elastic Net Regression,-1.8229892712376083,-2.060188818990666,4
Elastic Net Regression,-1.1631032781134523,-2.060188818990666,4
Elastic Net Regression,-3.2351404478705748,-2.060188818990666,4
Elastic Net Regression,-3.057527624268253,-2.060188818990666,4
Elastic Net Regression,-2.7929079641438137,-2.060188818990666,4
Elastic Net Regression,-2.4318269168378195,-2.060188818990666,4
Elastic Net Regression,-2.0569241023003397,-2.060188818990666,4
Elastic Net Regression,-2.6092962251353855,-2.060188818990666,4
Elastic Net Regression,-1.1061070209631036,-2.060188818990666,4
Elastic Net Regression,-2.6396789104480054,-2.060188818990666,4
Elastic Net Regression,-2.5901613502180045,-2.060188818990666,4
Elastic Net Regression,-2.461494632742434,-2.060188818990666,4
Elastic Net Regression,-1.4349038067728495,-2.060188818990666,4
Elastic Net Regression,-3.3816182003459216,-2.060188818990666,4
Elastic Net Regression,-3.876468483448327,-2.060188818990666,4
Elastic Net Regression,-0.7406200937095554,-2.060188818990666,4
Elastic Net Regression,-1.694125814017541,-2.060188818990666,4
Elastic Net Regression,0.14443509497441417,-2.060188818990666,4
Elastic Net Regression,-0.2659675601094114,-2.060188818990666,4
Elastic Net Regression,-1.0877694915519545,-2.060188818990666,4
Elastic Net Regression,-0.16542042319834802,-2.060188818990666,4
Elastic Net Regression,-0.5732799306060785,-2.060188818990666,4
Elastic Net Regression,-0.7019607372542168,-2.060188818990666,4
Elastic Net Regression,0.20849296776590773,-2.060188818990666,4
Elastic Net Regression,-1.1159606660259742,-2.060188818990666,4
Elastic Net Regression,-3.6800158253354924,-2.060188818990666,4
Elastic Net Regression,-2.7785748071197123,-2.060188818990666,4
Elastic Net Regression,-1.5397653155309607,-2.060188818990666,4
Elastic Net Regression,-2.1460708341762897,-2.060188818990666,4
Elastic Net Regression,-1.9615865844075526,-2.060188818990666,4
Elastic Net Regression,-1.4817410394981543,-2.060188818990666,4
Elastic Net Regression,-2.2432421390383843,-2.060188818990666,4
Elastic Net Regression,-2.1223515198479075,-2.060188818990666,4
Elastic Net Regression,-3.1381335734004905,-2.060188818990666,4
Elastic Net Regression,-2.2415951055389973,-2.060188818990666,4
Elastic Net Regression,-2.97249382976246,-2.060188818990666,4
Elastic Net Regression,-2.4751841978240816,-2.060188818990666,4
Elastic Net Regression,-3.310333372786738,-2.060188818990666,4
Elastic Net Regression,-3.3458359767686834,-2.060188818990666,4
Elastic Net Regression,-2.7923263244120906,-2.060188818990666,4
Elastic Net Regression,-1.8336101498155517,-2.060188818990666,4
Elastic Net Regression,-1.1386989940333996,-2.060188818990666,4
Elastic Net Regression,-2.186006727498246,-2.060188818990666,4
Elastic Net Regression,-2.7103007043055714,-2.060188818990666,4
Elastic Net Regression,-1.4861381638460753,-2.060188818990666,4
Elastic Net Regression,-1.7089770353918146,-2.060188818990666,4
Elastic Net Regression,-1.1202858432048246,-2.060188818990666,4
Elastic Net Regression,-1.7028254486283225,-2.060188818990666,4
Elastic Net Regression,-1.4100025284401918,-2.060188818990666,4
Elastic Net Regression,-2.6799272800459657,-2.060188818990666,4
Elastic Net Regression,-3.302921552819786,-2.060188818990666,4
Elastic Net Regression,-2.270552443792131,-2.060188818990666,4
Elastic Net Regression,-1.5554661639976504,-2.060188818990666,4
Elastic Net Regression,-3.9730828630218453,-2.060188818990666,4
Elastic Net Regression,-1.5623567401916558,-2.060188818990666,4
Elastic Net Regression,-1.3160847906164357,-2.060188818990666,4
Elastic Net Regression,-3.5222913974306227,-2.060188818990666,4
Elastic Net Regression,-3.216247878762871,-2.060188818990666,4
Elastic Net Regression,-1.41390601215094,-2.060188818990666,4
Elastic Net Regression,-3.0415646563875622,-2.060188818990666,4
Elastic Net Regression,-2.7592630971786845,-2.060188818990666,4
Elastic Net Regression,-2.2175363341456173,-2.060188818990666,4
Elastic Net Regression,-3.339134521996131,-2.060188818990666,4
Elastic Net Regression,-1.5371060964041248,-2.060188818990666,4
Elastic Net Regression,-3.1495014132834878,-2.060188818990666,4
Elastic Net Regression,-1.4855749296151965,-2.060188818990666,4
Elastic Net Regression,-1.7310907007998717,-2.060188818990666,4
Elastic Net Regression,-2.0559062448512155,-2.060188818990666,4
Elastic Net Regression,-1.883787384700319,-2.060188818990666,4
Elastic Net Regression,-2.3566470252815495,-2.060188818990666,4
Elastic Net Regression,-1.7478447295977892,-2.060188818990666,4
Elastic Net Regression,-2.8326132427713318,-2.060188818990666,4
Elastic Net Regression,-2.848471723996311,-2.060188818990666,4
Elastic Net Regression,-1.6846961468463335,-2.060188818990666,4
Elastic Net Regression,-1.955139967558483,-2.060188818990666,4
Elastic Net Regression,-2.9211605333956863,-2.060188818990666,4
Elastic Net Regression,-2.3552642027188186,-2.060188818990666,4
Elastic Net Regression,-1.3752808174958797,-2.060188818990666,4
Elastic Net Regression,-2.3662117992181373,-2.060188818990666,4
Elastic Net Regression,-3.48241354468584,-2.060188818990666,4
Elastic Net Regression,-2.728175115284189,-2.060188818990666,4
Elastic Net Regression,-1.0474177734305667,-2.060188818990666,4
Elastic Net Regression,-1.1738116279378035,-2.060188818990666,4
Elastic Net Regression,-1.3819820537899474,-2.060188818990666,4
Elastic Net Regression,-1.1134303475678107,-2.060188818990666,4
Elastic Net Regression,-1.5838670484167507,-2.060188818990666,4
Elastic Net Regression,-1.3173301868582306,-2.060188818990666,4
Elastic Net Regression,-2.8343485837796827,-2.060188818990666,4
Elastic Net Regression,-1.2834663142150111,-2.060188818990666,4
Elastic Net Regression,-1.8887177216857802,-2.060188818990666,4
Elastic Net Regression,-1.479191830676853,-2.060188818990666,4
Elastic Net Regression,-1.0807113206322263,-2.060188818990666,4
Elastic Net Regression,-2.646263945417837,-2.060188818990666,4
Elastic Net Regression,-1.9718622007532294,-2.060188818990666,4
Elastic Net Regression,-3.4629936067206395,-2.060188818990666,4
Elastic Net Regression,-3.289282825523282,-2.060188818990666,4
Elastic Net Regression,-1.8350242298439021,-2.060188818990666,4
Elastic Net Regression,-1.6517269019834395,-2.060188818990666,4
Elastic Net Regression,-2.1469087646472067,-2.060188818990666,4
Elastic Net Regression,-1.7892523214132656,-2.060188818990666,4
Elastic Net Regression,-1.9745795534681516,-2.060188818990666,4
Elastic Net Regression,-0.9637364568210032,-2.060188818990666,4
Elastic Net Regression,-1.0937551186817627,-2.060188818990666,4
Elastic Net Regression,-0.7705521408719755,-2.060188818990666,4
Elastic Net Regression,-2.00821940080217,-2.060188818990666,4
Elastic Net Regression,-2.536796608945731,-2.060188818990666,4
Elastic Net Regression,-3.054246410327101,-2.060188818990666,4
Elastic Net Regression,-4.219679806977318,-2.060188818990666,4
Elastic Net Regression,-3.352587686654944,-2.060188818990666,4
Elastic Net Regression,-2.9206284299141125,-2.060188818990666,4
Elastic Net Regression,-3.030623697854625,-2.060188818990666,4
Elastic Net Regression,-1.386590637896301,-2.060188818990666,4
Elastic Net Regression,-2.5312982881059978,-2.060188818990666,4
Elastic Net Regression,-2.7906820711849507,-2.060188818990666,4
Elastic Net Regression,-2.2151887800651093,-2.060188818990666,4
Elastic Net Regression,-1.421235229471209,-2.060188818990666,4
Elastic Net Regression,-2.034185120528877,-2.060188818990666,4
Elastic Net Regression,-3.437187483030755,-2.060188818990666,4
Elastic Net Regression,-1.9945993491296803,-2.060188818990666,4
Elastic Net Regression,-2.4951902617888977,-2.060188818990666,4
Elastic Net Regression,-1.297434930657182,-2.060188818990666,4
Elastic Net Regression,-1.366206440166372,-2.060188818990666,4
Elastic Net Regression,-1.3168403571338247,-2.060188818990666,4
Elastic Net Regression,-4.0490653862997,-2.060188818990666,4
Elastic Net Regression,-2.8947429719805546,-2.060188818990666,4
Elastic Net Regression,-0.7420831923821466,-2.060188818990666,4
Elastic Net Regression,-1.2297848289673887,-2.060188818990666,4
Elastic Net Regression,-1.318606216338379,-2.060188818990666,4
Elastic Net Regression,-2.174390400742264,-2.060188818990666,4
Elastic Net Regression,-1.8626742516440307,-2.060188818990666,4
Elastic Net Regression,-0.975127284906683,-2.060188818990666,4
Elastic Net Regression,-1.3284164293502903,-2.060188818990666,4
Elastic Net Regression,-3.312493333735544,-2.060188818990666,4
Elastic Net Regression,-1.917076538816309,-2.060188818990666,4
Elastic Net Regression,-1.5609490414532068,-2.060188818990666,4
Elastic Net Regression,-1.1984184440476704,-2.060188818990666,4
Elastic Net Regression,-2.04835547456192,-2.060188818990666,4
Elastic Net Regression,-1.3448674070651871,-2.060188818990666,4
Elastic Net Regression,-1.394827676426251,-2.060188818990666,4
Elastic Net Regression,-1.709300425196423,-2.060188818990666,4
Elastic Net Regression,-1.7448404020099417,-2.060188818990666,4
Elastic Net Regression,-1.4467153895386817,-2.060188818990666,4
Elastic Net Regression,-3.744840908818875,-2.060188818990666,4
Elastic Net Regression,-1.5811083204741387,-2.060188818990666,4
Elastic Net Regression,-1.6434286328720604,-2.060188818990666,4
Elastic Net Regression,-3.3980116731740355,-2.060188818990666,4
Elastic Net Regression,-2.2405786779424,-2.060188818990666,4
Elastic Net Regression,-1.8175258287604161,-2.060188818990666,4
Elastic Net Regression,-3.3466707249611667,-2.060188818990666,4
Elastic Net Regression,-2.1317533670782356,-2.060188818990666,4
Elastic Net Regression,-1.6524312761675333,-2.060188818990666,4
Elastic Net Regression,-2.5041654897477077,-2.060188818990666,4
Elastic Net Regression,-2.7386203038591304,-2.060188818990666,4
Elastic Net Regression,-1.6345122959030371,-2.060188818990666,4
Elastic Net Regression,-2.26736728311359,-2.060188818990666,4
Elastic Net Regression,-1.5372075124674875,-2.060188818990666,4
Elastic Net Regression,-1.6404184550270633,-2.060188818990666,4
Elastic Net Regression,-3.600326278518962,-2.060188818990666,4
Elastic Net Regression,-1.6819366650372385,-2.060188818990666,4
Elastic Net Regression,-2.5783960731301687,-2.060188818990666,4
Elastic Net Regression,-1.5049121890283346,-2.060188818990666,4
Elastic Net Regression,-1.4333467694862632,-2.060188818990666,4
Elastic Net Regression,-1.5145266747759671,-2.060188818990666,4
Elastic Net Regression,-1.5650830494456354,-2.060188818990666,4
Elastic Net Regression,-1.4566894173821427,-2.060188818990666,4
Elastic Net Regression,-1.586700235918748,-2.060188818990666,4
Elastic Net Regression,-1.8057322630823986,-2.060188818990666,4
Elastic Net Regression,-2.9620793251113042,-2.060188818990666,4
Elastic Net Regression,-2.833475754814589,-2.060188818990666,4
Elastic Net Regression,-3.184747097908846,-2.060188818990666,4
Elastic Net Regression,-0.8521750241183932,-2.060188818990666,4
Elastic Net Regression,-0.9751054096242024,-2.060188818990666,4
Elastic Net Regression,-1.2067214626499687,-2.060188818990666,4
Elastic Net Regression,-1.5281785967617054,-2.060188818990666,4
Elastic Net Regression,-1.8161267212970162,-2.060188818990666,4
Elastic Net Regression,-1.2672463833090828,-2.060188818990666,4
Elastic Net Regression,-1.7997913808340749,-2.060188818990666,4
Elastic Net Regression,-2.809660176396059,-2.060188818990666,4
Elastic Net Regression,-2.0008832971741093,-2.060188818990666,4
Elastic Net Regression,-3.05329283374744,-2.060188818990666,4
Elastic Net Regression,-2.3371392715991264,-2.060188818990666,4
Elastic Net Regression,-1.1895507451644802,-2.060188818990666,4
Elastic Net Regression,-1.34349300583641,-2.060188818990666,4
Elastic Net Regression,-0.9486409221793155,-2.060188818990666,4
Elastic Net Regression,0.2461448119736277,-2.060188818990666,4
Elastic Net Regression,0.23583851209189552,-2.060188818990666,4
Elastic Net Regression,-0.8579133376664105,-2.060188818990666,4
Elastic Net Regression,0.004405968258246192,-2.060188818990666,4
Elastic Net Regression,0.2733961152011059,-2.060188818990666,4
Elastic Net Regression,-1.7405367157549274,-2.060188818990666,4
Elastic Net Regression,-3.6464665167152384,-2.060188818990666,4
Elastic Net Regression,-1.7473311829109102,-2.060188818990666,4
Elastic Net Regression,-1.1181615001713328,-2.060188818990666,4
Elastic Net Regression,-1.4739374796247893,-2.060188818990666,4
Elastic Net Regression,-3.1657421077804533,-2.060188818990666,4
Elastic Net Regression,-1.5923333763280876,-2.060188818990666,4
Elastic Net Regression,-1.5941100276318725,-2.060188818990666,4
Elastic Net Regression,-2.297622719595401,-2.060188818990666,4
Elastic Net Regression,-1.315440666986884,-2.060188818990666,4
Elastic Net Regression,-1.6163219968838958,-2.060188818990666,4
Elastic Net Regression,-1.621304790891127,-2.060188818990666,4
Elastic Net Regression,-3.915670428497184,-2.060188818990666,4
Elastic Net Regression,-1.816712585545078,-2.060188818990666,4
Elastic Net Regression,-3.915670428497184,-2.060188818990666,4
Elastic Net Regression,-2.6216055516158603,-2.060188818990666,4
Elastic Net Regression,-1.862548056774303,-2.060188818990666,4
Elastic Net Regression,-1.2328253445920763,-2.060188818990666,4
Elastic Net Regression,-1.455583530702784,-2.060188818990666,4
Elastic Net Regression,-2.103347370511212,-2.060188818990666,4
Elastic Net Regression,-2.176623074126691,-2.060188818990666,4
Elastic Net Regression,-1.5674558687076858,-2.060188818990666,4
Elastic Net Regression,-1.573747505577719,-2.060188818990666,4
Elastic Net Regression,-1.5323301209746991,-2.060188818990666,4
Elastic Net Regression,-1.649488441015367,-2.060188818990666,4
Elastic Net Regression,-1.6322137070153477,-2.060188818990666,4
Elastic Net Regression,-1.3198484161479276,-2.060188818990666,4
Elastic Net Regression,-1.7563417007657087,-2.060188818990666,4
Elastic Net Regression,-0.8769725367904692,-2.060188818990666,4
Elastic Net Regression,-1.1431217053996168,-2.060188818990666,4
Elastic Net Regression,-1.5398588190217488,-2.060188818990666,4
Elastic Net Regression,-0.7476890179412806,-2.060188818990666,4
Elastic Net Regression,-1.2755333695267534,-2.060188818990666,4
Elastic Net Regression,-1.8036577587890321,-2.060188818990666,4
Elastic Net Regression,-1.3991403077454354,-2.060188818990666,4
Elastic Net Regression,-0.8837798009584171,-2.060188818990666,4
Elastic Net Regression,-2.0401269907408133,-2.060188818990666,4
Elastic Net Regression,-1.8459806844208395,-2.060188818990666,4
Elastic Net Regression,-0.9679951762893184,-2.060188818990666,4
Elastic Net Regression,-0.8317581654646831,-2.060188818990666,4
Elastic Net Regression,-0.5935262904426333,-2.060188818990666,4
Elastic Net Regression,-3.2503548803911073,-2.060188818990666,4
Elastic Net Regression,-0.9800565288767592,-2.060188818990666,4
Elastic Net Regression,-0.37949908787793823,-2.060188818990666,4
Elastic Net Regression,-1.6643405451853508,-2.060188818990666,4
Elastic Net Regression,-1.5167709261725162,-2.060188818990666,4
Elastic Net Regression,-1.0775646199327256,-2.060188818990666,4
Elastic Net Regression,-1.137767503887176,-2.060188818990666,4
Elastic Net Regression,-0.988626069420939,-2.060188818990666,4
Elastic Net Regression,-1.5672159407631352,-2.060188818990666,4
Elastic Net Regression,-1.2413209034031176,-2.060188818990666,4
Elastic Net Regression,-3.5076503600642033,-2.027922000650997,5
Elastic Net Regression,-1.7636611133035243,-2.027922000650997,5
Elastic Net Regression,-2.559953281626918,-2.027922000650997,5
Elastic Net Regression,-2.642729293000293,-2.027922000650997,5
Elastic Net Regression,-2.158822044993741,-2.027922000650997,5
Elastic Net Regression,-2.218903098366632,-2.027922000650997,5
Elastic Net Regression,-1.9492654506102318,-2.027922000650997,5
Elastic Net Regression,-1.524080623031204,-2.027922000650997,5
Elastic Net Regression,-1.5083613986405884,-2.027922000650997,5
Elastic Net Regression,-0.32212322804184973,-2.027922000650997,5
Elastic Net Regression,-1.1383767799226443,-2.027922000650997,5
Elastic Net Regression,-1.2391607486734533,-2.027922000650997,5
Elastic Net Regression,-1.496009274431816,-2.027922000650997,5
Elastic Net Regression,-1.6021765542362365,-2.027922000650997,5
Elastic Net Regression,-1.4091232046942341,-2.027922000650997,5
Elastic Net Regression,-1.0056334760903496,-2.027922000650997,5
Elastic Net Regression,-1.221874373746708,-2.027922000650997,5
Elastic Net Regression,-0.9172087828988489,-2.027922000650997,5
Elastic Net Regression,-2.617367632441655,-2.027922000650997,5
Elastic Net Regression,-3.399950007606853,-2.027922000650997,5
Elastic Net Regression,-2.2025638997362065,-2.027922000650997,5
Elastic Net Regression,-2.9688776583453143,-2.027922000650997,5
Elastic Net Regression,-0.5987130334578719,-2.027922000650997,5
Elastic Net Regression,-3.2691119889214533,-2.027922000650997,5
Elastic Net Regression,-1.9304209166838449,-2.027922000650997,5
Elastic Net Regression,-1.1005815755977664,-2.027922000650997,5
Elastic Net Regression,-3.0166281405425486,-2.027922000650997,5
Elastic Net Regression,-2.209721593275448,-2.027922000650997,5
Elastic Net Regression,-3.349843097267282,-2.027922000650997,5
Elastic Net Regression,-2.6991941581253336,-2.027922000650997,5
Elastic Net Regression,-1.1468871297310963,-2.027922000650997,5
Elastic Net Regression,-3.1668739337041876,-2.027922000650997,5
Elastic Net Regression,-3.2474583508182433,-2.027922000650997,5
Elastic Net Regression,-2.991150818979587,-2.027922000650997,5
Elastic Net Regression,-3.366814432940472,-2.027922000650997,5
Elastic Net Regression,-2.704319008875443,-2.027922000650997,5
Elastic Net Regression,-1.624154843179839,-2.027922000650997,5
Elastic Net Regression,-3.4317548486561424,-2.027922000650997,5
Elastic Net Regression,-2.778538031513268,-2.027922000650997,5
Elastic Net Regression,-1.3360910210889294,-2.027922000650997,5
Elastic Net Regression,-1.800655814770182,-2.027922000650997,5
Elastic Net Regression,-1.9785756664607834,-2.027922000650997,5
Elastic Net Regression,-2.845233778250056,-2.027922000650997,5
Elastic Net Regression,-1.8319016673890882,-2.027922000650997,5
Elastic Net Regression,-1.0599038235929437,-2.027922000650997,5
Elastic Net Regression,-2.617794503701521,-2.027922000650997,5
Elastic Net Regression,-2.048440290036772,-2.027922000650997,5
Elastic Net Regression,-2.6852623228853463,-2.027922000650997,5
Elastic Net Regression,-1.115836390766966,-2.027922000650997,5
Elastic Net Regression,-3.434121498561107,-2.027922000650997,5
Elastic Net Regression,-2.635616939296958,-2.027922000650997,5
Elastic Net Regression,-2.8807530211105905,-2.027922000650997,5
Elastic Net Regression,-1.2886807788238237,-2.027922000650997,5
Elastic Net Regression,-1.1286208649028604,-2.027922000650997,5
Elastic Net Regression,-1.794765718416369,-2.027922000650997,5
Elastic Net Regression,-2.5986223809209954,-2.027922000650997,5
Elastic Net Regression,-2.7186459189940226,-2.027922000650997,5
Elastic Net Regression,-2.4555313487080666,-2.027922000650997,5
Elastic Net Regression,-3.3114386993585976,-2.027922000650997,5
Elastic Net Regression,-3.4401053391639986,-2.027922000650997,5
Elastic Net Regression,-3.1353471437504044,-2.027922000650997,5
Elastic Net Regression,-2.457678098889193,-2.027922000650997,5
Elastic Net Regression,-1.4113517913995703,-2.027922000650997,5
Elastic Net Regression,-2.663203768289533,-2.027922000650997,5
Elastic Net Regression,-1.7568408124580226,-2.027922000650997,5
Elastic Net Regression,-1.1630496225248408,-2.027922000650997,5
Elastic Net Regression,-1.2543892714743548,-2.027922000650997,5
Elastic Net Regression,-1.1808764741089726,-2.027922000650997,5
Elastic Net Regression,-1.7751555586449395,-2.027922000650997,5
Elastic Net Regression,-1.5862250860093259,-2.027922000650997,5
Elastic Net Regression,-3.4161712191583424,-2.027922000650997,5
Elastic Net Regression,-3.2996658499018485,-2.027922000650997,5
Elastic Net Regression,-3.688222835963096,-2.027922000650997,5
Elastic Net Regression,-3.688222835963096,-2.027922000650997,5
Elastic Net Regression,-1.987977989665314,-2.027922000650997,5
Elastic Net Regression,-2.4995431395917818,-2.027922000650997,5
Elastic Net Regression,-2.248890796910272,-2.027922000650997,5
Elastic Net Regression,-3.159004262647741,-2.027922000650997,5
Elastic Net Regression,-3.3388889969343114,-2.027922000650997,5
Elastic Net Regression,-2.4308272469150642,-2.027922000650997,5
Elastic Net Regression,-3.246574755779347,-2.027922000650997,5
Elastic Net Regression,-4.441291429466834,-2.027922000650997,5
Elastic Net Regression,-4.043611115346274,-2.027922000650997,5
Elastic Net Regression,-2.1081088952398566,-2.027922000650997,5
Elastic Net Regression,-1.4886987965534475,-2.027922000650997,5
Elastic Net Regression,-1.262358754468822,-2.027922000650997,5
Elastic Net Regression,-2.4462457037304657,-2.027922000650997,5
Elastic Net Regression,-2.618445069067542,-2.027922000650997,5
Elastic Net Regression,-3.8287505085021976,-2.027922000650997,5
Elastic Net Regression,-2.8197963948012763,-2.027922000650997,5
Elastic Net Regression,-1.7818010064165613,-2.027922000650997,5
Elastic Net Regression,-1.7883466398341077,-2.027922000650997,5
Elastic Net Regression,-1.7565625592771141,-2.027922000650997,5
Elastic Net Regression,-2.020315121682196,-2.027922000650997,5
Elastic Net Regression,-1.3580712288885752,-2.027922000650997,5
Elastic Net Regression,-3.333901540815397,-2.027922000650997,5
Elastic Net Regression,-2.1620771953880977,-2.027922000650997,5
Elastic Net Regression,-1.2400249421136365,-2.027922000650997,5
Elastic Net Regression,-3.3980931244651527,-2.027922000650997,5
Elastic Net Regression,-1.556016572040716,-2.027922000650997,5
Elastic Net Regression,-1.272659841843383,-2.027922000650997,5
Elastic Net Regression,-1.1893279510795818,-2.027922000650997,5
Elastic Net Regression,-1.5213971031085405,-2.027922000650997,5
Elastic Net Regression,-1.3450596755542978,-2.027922000650997,5
Elastic Net Regression,-3.5459650539173615,-2.027922000650997,5
Elastic Net Regression,-2.4117878095891196,-2.027922000650997,5
Elastic Net Regression,-3.466783553422354,-2.027922000650997,5
Elastic Net Regression,-2.2151453721747094,-2.027922000650997,5
Elastic Net Regression,-1.9458635904251336,-2.027922000650997,5
Elastic Net Regression,-2.9206523063014074,-2.027922000650997,5
Elastic Net Regression,-1.4441845681180592,-2.027922000650997,5
Elastic Net Regression,-1.8441291379223155,-2.027922000650997,5
Elastic Net Regression,-1.42943857964666,-2.027922000650997,5
Elastic Net Regression,-2.635540187918821,-2.027922000650997,5
Elastic Net Regression,-3.6572596108178765,-2.027922000650997,5
Elastic Net Regression,-2.176441984856953,-2.027922000650997,5
Elastic Net Regression,-1.4782087030212006,-2.027922000650997,5
Elastic Net Regression,-1.8011659603551675,-2.027922000650997,5
Elastic Net Regression,-1.98115226552214,-2.027922000650997,5
Elastic Net Regression,-2.049666891178964,-2.027922000650997,5
Elastic Net Regression,-2.099963060637607,-2.027922000650997,5
Elastic Net Regression,-2.7671936491741276,-2.027922000650997,5
Elastic Net Regression,-1.9011407722544549,-2.027922000650997,5
Elastic Net Regression,-1.1441412885613946,-2.027922000650997,5
Elastic Net Regression,-2.9171991963522217,-2.027922000650997,5
Elastic Net Regression,-1.4285635434183963,-2.027922000650997,5
Elastic Net Regression,-2.1372208240925845,-2.027922000650997,5
Elastic Net Regression,-1.4215944093236903,-2.027922000650997,5
Elastic Net Regression,-0.664255515397868,-2.027922000650997,5
Elastic Net Regression,-1.982318834323383,-2.027922000650997,5
Elastic Net Regression,-3.0607359079332865,-2.027922000650997,5
Elastic Net Regression,-3.644312909802797,-2.027922000650997,5
Elastic Net Regression,-2.647947017470284,-2.027922000650997,5
Elastic Net Regression,-3.9453409907865007,-2.027922000650997,5
Elastic Net Regression,-3.392655441034186,-2.027922000650997,5
Elastic Net Regression,-1.881362165893176,-2.027922000650997,5
Elastic Net Regression,-2.672496188704653,-2.027922000650997,5
Elastic Net Regression,-2.0990330852672687,-2.027922000650997,5
Elastic Net Regression,-1.4001202888111866,-2.027922000650997,5
Elastic Net Regression,-1.1598011320770079,-2.027922000650997,5
Elastic Net Regression,-1.9811271489159006,-2.027922000650997,5
Elastic Net Regression,-2.062592350526869,-2.027922000650997,5
Elastic Net Regression,-0.9279654459479447,-2.027922000650997,5
Elastic Net Regression,-1.8162387276731846,-2.027922000650997,5
Elastic Net Regression,-1.0193030390019762,-2.027922000650997,5
Elastic Net Regression,-1.270721247267063,-2.027922000650997,5
Elastic Net Regression,-0.7242679085347501,-2.027922000650997,5
Elastic Net Regression,-2.1834863402339466,-2.027922000650997,5
Elastic Net Regression,-2.119103556806872,-2.027922000650997,5
Elastic Net Regression,-1.4337063496845048,-2.027922000650997,5
Elastic Net Regression,-1.215596170273078,-2.027922000650997,5
Elastic Net Regression,-1.351662241081682,-2.027922000650997,5
Elastic Net Regression,-1.0624918421054752,-2.027922000650997,5
Elastic Net Regression,-2.3087676366549488,-2.027922000650997,5
Elastic Net Regression,-2.2176402640700728,-2.027922000650997,5
Elastic Net Regression,-2.5884932589587586,-2.027922000650997,5
Elastic Net Regression,-1.7701752248722789,-2.027922000650997,5
Elastic Net Regression,-1.936404341844701,-2.027922000650997,5
Elastic Net Regression,-2.7292012545882884,-2.027922000650997,5
Elastic Net Regression,-2.540720473654946,-2.027922000650997,5
Elastic Net Regression,-1.4790145740873064,-2.027922000650997,5
Elastic Net Regression,-2.8217593886833527,-2.027922000650997,5
Elastic Net Regression,-2.3758693662733776,-2.027922000650997,5
Elastic Net Regression,-3.233202110369878,-2.027922000650997,5
Elastic Net Regression,-4.034834060338741,-2.027922000650997,5
Elastic Net Regression,-3.233202110369878,-2.027922000650997,5
Elastic Net Regression,-2.626594359719023,-2.027922000650997,5
Elastic Net Regression,-2.019028072917717,-2.027922000650997,5
Elastic Net Regression,-3.4116117497612004,-2.027922000650997,5
Elastic Net Regression,-2.43241576499949,-2.027922000650997,5
Elastic Net Regression,-1.593236649552128,-2.027922000650997,5
Elastic Net Regression,-2.025135764586199,-2.027922000650997,5
Elastic Net Regression,-2.0645418092014314,-2.027922000650997,5
Elastic Net Regression,-1.356590498479473,-2.027922000650997,5
Elastic Net Regression,-3.015555503033429,-2.027922000650997,5
Elastic Net Regression,-1.7139992395270756,-2.027922000650997,5
Elastic Net Regression,-2.1633711620778806,-2.027922000650997,5
Elastic Net Regression,-2.0118859545996086,-2.027922000650997,5
Elastic Net Regression,-4.059833781301273,-2.027922000650997,5
Elastic Net Regression,-3.393048191942752,-2.027922000650997,5
Elastic Net Regression,-1.2054304558342028,-2.027922000650997,5
Elastic Net Regression,-1.6663570851479517,-2.027922000650997,5
Elastic Net Regression,-2.292547184423849,-2.027922000650997,5
Elastic Net Regression,-1.8196475705694013,-2.027922000650997,5
Elastic Net Regression,-3.0397590359811644,-2.027922000650997,5
Elastic Net Regression,-3.7727484977747765,-2.027922000650997,5
Elastic Net Regression,-2.5255934458757454,-2.027922000650997,5
Elastic Net Regression,-1.4655690967005093,-2.027922000650997,5
Elastic Net Regression,-1.5350740375460707,-2.027922000650997,5
Elastic Net Regression,-1.2183710988289476,-2.027922000650997,5
Elastic Net Regression,-1.6362623936895822,-2.027922000650997,5
Elastic Net Regression,-0.9737395646276028,-2.027922000650997,5
Elastic Net Regression,-1.951987303305516,-2.027922000650997,5
Elastic Net Regression,-1.4562179644760493,-2.027922000650997,5
Elastic Net Regression,-1.9362137770978871,-2.027922000650997,5
Elastic Net Regression,-3.7618083196547483,-2.027922000650997,5
Elastic Net Regression,-2.190142441306164,-2.027922000650997,5
Elastic Net Regression,-2.122395441870392,-2.027922000650997,5
Elastic Net Regression,-1.428472864706594,-2.027922000650997,5
Elastic Net Regression,-1.4262388316017447,-2.027922000650997,5
Elastic Net Regression,-2.152965298392503,-2.027922000650997,5
Elastic Net Regression,-1.3627172000570675,-2.027922000650997,5
Elastic Net Regression,-2.017352405817494,-2.027922000650997,5
Elastic Net Regression,-2.740096874062147,-2.027922000650997,5
Elastic Net Regression,0.013270809352243309,-2.027922000650997,5
Elastic Net Regression,0.10764671163334447,-2.027922000650997,5
Elastic Net Regression,-0.31923658554998896,-2.027922000650997,5
Elastic Net Regression,0.13858982128300762,-2.027922000650997,5
Elastic Net Regression,-0.8579133376664105,-2.027922000650997,5
Elastic Net Regression,-0.002962342870760633,-2.027922000650997,5
Elastic Net Regression,-0.03690399983927772,-2.027922000650997,5
Elastic Net Regression,0.23141740977050707,-2.027922000650997,5
Elastic Net Regression,-0.5442825169537446,-2.027922000650997,5
Elastic Net Regression,-0.9771273167949791,-2.027922000650997,5
Elastic Net Regression,-2.1512701073865577,-2.027922000650997,5
Elastic Net Regression,-1.1505417041520314,-2.027922000650997,5
Elastic Net Regression,-1.6314222073485498,-2.027922000650997,5
Elastic Net Regression,-2.703220329010491,-2.027922000650997,5
Elastic Net Regression,-2.642143447351316,-2.027922000650997,5
Elastic Net Regression,-1.492201494031574,-2.027922000650997,5
Elastic Net Regression,-2.1235976234646596,-2.027922000650997,5
Elastic Net Regression,-2.7488910409678486,-2.027922000650997,5
Elastic Net Regression,-2.2038635814094025,-2.027922000650997,5
Elastic Net Regression,-1.0801819981618899,-2.027922000650997,5
Elastic Net Regression,-1.1078591195735359,-2.027922000650997,5
Elastic Net Regression,-1.1009937914140275,-2.027922000650997,5
Elastic Net Regression,-1.1814755688597112,-2.027922000650997,5
Elastic Net Regression,-1.852111989478871,-2.027922000650997,5
Elastic Net Regression,-2.3872497229566574,-2.027922000650997,5
Elastic Net Regression,-1.7300615156440644,-2.027922000650997,5
Elastic Net Regression,-1.7472661616036533,-2.027922000650997,5
Elastic Net Regression,-3.8233531994782193,-2.027922000650997,5
Elastic Net Regression,-1.4753372030036505,-2.027922000650997,5
Elastic Net Regression,-1.3469740509457453,-2.027922000650997,5
Elastic Net Regression,-1.629049819754814,-2.027922000650997,5
Elastic Net Regression,-0.9422704336465716,-2.027922000650997,5
Elastic Net Regression,-0.7266296487986936,-2.027922000650997,5
Elastic Net Regression,-1.3551617678005954,-2.027922000650997,5
Elastic Net Regression,-0.5052921847488494,-2.027922000650997,5
Elastic Net Regression,-2.6212424559235727,-2.027922000650997,5
Elastic Net Regression,-3.2172494016790187,-2.027922000650997,5
Elastic Net Regression,-1.148825472087486,-2.027922000650997,5
Elastic Net Regression,-3.295634963777275,-2.027922000650997,5
Elastic Net Regression,-1.0748372190236377,-2.027922000650997,5
Elastic Net Regression,-0.6591799251191045,-2.027922000650997,5
Elastic Net Regression,-1.025762740954669,-2.027922000650997,5
Elastic Net Regression,-2.385444450882969,-2.027922000650997,5
Elastic Net Regression,-0.14567163968046612,-2.027922000650997,5
Elastic Net Regression,-1.2028902052841348,-2.027922000650997,5
Elastic Net Regression,-0.2468343715025799,-2.027922000650997,5
Elastic Net Regression,-3.7648251925435416,-2.027922000650997,5
Elastic Net Regression,-1.4806961523875994,-2.027922000650997,5
Elastic Net Regression,-3.4495551653497865,-2.027922000650997,5
Elastic Net Regression,-1.031601943299423,-2.027922000650997,5
Elastic Net Regression,-1.3068936298450675,-2.027922000650997,5
Elastic Net Regression,-1.0884067327209506,-2.027922000650997,5
Elastic Net Regression,-1.0940337585544895,-2.027922000650997,5
Elastic Net Regression,-3.3694633107167937,-2.027922000650997,5
Elastic Net Regression,-3.8301933583825565,-2.027922000650997,5
