model,experiment,prediction,split #
Extreme Gradient Boosting,-2.3969317709673565,-1.9359636306762695,1
Extreme Gradient Boosting,-2.3146334389286793,-2.4254181385040283,1
Extreme Gradient Boosting,-1.8035334240706482,-1.7127888202667236,1
Extreme Gradient Boosting,-2.881231480327938,-1.9412567615509033,1
Extreme Gradient Boosting,-1.6844526576962697,-1.8912289142608643,1
Extreme Gradient Boosting,-2.218903098366632,-1.9000802040100098,1
Extreme Gradient Boosting,-2.423624898245491,-1.288236379623413,1
Extreme Gradient Boosting,-2.1263969370231783,-1.8585155010223389,1
Extreme Gradient Boosting,-3.366321517882654,-2.4436168670654297,1
Extreme Gradient Boosting,-2.858166273095228,-2.6292128562927246,1
Extreme Gradient Boosting,-1.7253486984128064,-2.0156900882720947,1
Extreme Gradient Boosting,-3.3692782873859213,-3.5672354698181152,1
Extreme Gradient Boosting,-3.6845481800874196,-3.6378602981567383,1
Extreme Gradient Boosting,-0.28950830319552845,-2.913013219833374,1
Extreme Gradient Boosting,-1.5424726897801078,-1.349204182624817,1
Extreme Gradient Boosting,-1.0745636623476162,-1.270102620124817,1
Extreme Gradient Boosting,-1.524080623031204,-1.72664475440979,1
Extreme Gradient Boosting,-1.2059345608151744,-1.3618930578231812,1
Extreme Gradient Boosting,-1.5083613986405884,-1.5183417797088623,1
Extreme Gradient Boosting,-1.3629507222657735,-1.217468500137329,1
Extreme Gradient Boosting,-0.9407520429016281,-0.9578818678855896,1
Extreme Gradient Boosting,-1.820599175381769,-1.4396096467971802,1
Extreme Gradient Boosting,-1.680228158144333,-1.6674771308898926,1
Extreme Gradient Boosting,-1.5498899805881399,-1.1464749574661255,1
Extreme Gradient Boosting,-3.2180472636163895,-2.719661235809326,1
Extreme Gradient Boosting,-1.0056334760903496,-0.8262410759925842,1
Extreme Gradient Boosting,-1.221874373746708,-1.6674604415893555,1
Extreme Gradient Boosting,-1.3355656611938254,-1.452162265777588,1
Extreme Gradient Boosting,-1.8730671060734179,-1.9193938970565796,1
Extreme Gradient Boosting,-3.694349887124185,-3.3376734256744385,1
Extreme Gradient Boosting,-2.3531252756425936,-2.5401899814605713,1
Extreme Gradient Boosting,-1.3607499667563296,-2.0547966957092285,1
Extreme Gradient Boosting,-2.66118307205398,-2.4316160678863525,1
Extreme Gradient Boosting,-2.272602230242758,-2.158003568649292,1
Extreme Gradient Boosting,-2.9142603715445343,-2.626671552658081,1
Extreme Gradient Boosting,-3.3816182003459216,-3.3784024715423584,1
Extreme Gradient Boosting,-1.694125814017541,-2.464958429336548,1
Extreme Gradient Boosting,-1.7661589553081318,-1.261448860168457,1
Extreme Gradient Boosting,-1.0877694915519545,-0.9771841764450073,1
Extreme Gradient Boosting,0.20995355888867073,-0.29666364192962646,1
Extreme Gradient Boosting,-0.5987130334578719,-0.22736530005931854,1
Extreme Gradient Boosting,-0.9300930772084189,-0.7955483198165894,1
Extreme Gradient Boosting,-0.08363954432116573,-0.5686924457550049,1
Extreme Gradient Boosting,-0.3135898872515433,-0.9125514626502991,1
Extreme Gradient Boosting,-2.7785748071197123,-2.1927380561828613,1
Extreme Gradient Boosting,-3.2691119889214533,-2.601167678833008,1
Extreme Gradient Boosting,-3.2691119889214533,-2.8611855506896973,1
Extreme Gradient Boosting,-2.541474704475919,-2.4711673259735107,1
Extreme Gradient Boosting,-3.0775844181294625,-2.8697948455810547,1
Extreme Gradient Boosting,-1.9101052340727014,-2.084209680557251,1
Extreme Gradient Boosting,-2.8170555006405635,-2.6761350631713867,1
Extreme Gradient Boosting,-1.7426626842914594,-1.980271577835083,1
Extreme Gradient Boosting,-1.4817410394981543,-1.7685853242874146,1
Extreme Gradient Boosting,-2.2017306515457955,-1.710437297821045,1
Extreme Gradient Boosting,-2.8170555006405635,-2.0061278343200684,1
Extreme Gradient Boosting,-2.2415951055389973,-3.2821033000946045,1
Extreme Gradient Boosting,-2.6991941581253336,-2.3629024028778076,1
Extreme Gradient Boosting,-2.3339531661956356,-2.747720718383789,1
Extreme Gradient Boosting,-1.1468871297310963,-1.715348720550537,1
Extreme Gradient Boosting,-3.1668739337041876,-2.547121286392212,1
Extreme Gradient Boosting,-3.2474583508182433,-3.3963959217071533,1
Extreme Gradient Boosting,-2.4909497090997137,-2.32712721824646,1
Extreme Gradient Boosting,-2.4751841978240816,-2.216866970062256,1
Extreme Gradient Boosting,-3.310333372786738,-2.576543092727661,1
Extreme Gradient Boosting,-3.310333372786738,-3.186589479446411,1
Extreme Gradient Boosting,-2.704319008875443,-3.0651960372924805,1
Extreme Gradient Boosting,-3.9019276346378216,-3.832650661468506,1
Extreme Gradient Boosting,-3.3458359767686834,-3.5937159061431885,1
Extreme Gradient Boosting,-2.7923263244120906,-2.0588788986206055,1
Extreme Gradient Boosting,-0.9910136950037374,-1.3907999992370605,1
Extreme Gradient Boosting,-1.1386989940333996,-1.3642748594284058,1
Extreme Gradient Boosting,-2.186006727498246,-2.718123197555542,1
Extreme Gradient Boosting,-2.617794503701521,-2.4511590003967285,1
Extreme Gradient Boosting,-2.048440290036772,-1.5855969190597534,1
Extreme Gradient Boosting,-3.434121498561107,-3.658527135848999,1
Extreme Gradient Boosting,-1.5372443207314632,-1.3210779428482056,1
Extreme Gradient Boosting,-3.434121498561107,-2.9667060375213623,1
Extreme Gradient Boosting,-1.6435374468814823,-2.080064296722412,1
Extreme Gradient Boosting,-2.3478691638008677,-2.068770170211792,1
Extreme Gradient Boosting,-1.4729877775908402,-1.598722219467163,1
Extreme Gradient Boosting,-2.6799272800459657,-1.8591704368591309,1
Extreme Gradient Boosting,-3.7342838339347466,-3.978651285171509,1
Extreme Gradient Boosting,-3.52120992195253,-2.557380199432373,1
Extreme Gradient Boosting,-3.007286136495451,-3.0321176052093506,1
Extreme Gradient Boosting,-1.794765718416369,-2.2506258487701416,1
Extreme Gradient Boosting,-2.7186459189940226,-2.6275556087493896,1
Extreme Gradient Boosting,-3.5222913974306227,-3.603567600250244,1
Extreme Gradient Boosting,-3.221262124613128,-2.93462872505188,1
Extreme Gradient Boosting,-3.2590502255091702,-2.8930013179779053,1
Extreme Gradient Boosting,-3.384203503318252,-3.2017910480499268,1
Extreme Gradient Boosting,-1.7568408124580226,-1.5258387327194214,1
Extreme Gradient Boosting,-3.2590502255091702,-3.10646653175354,1
Extreme Gradient Boosting,-1.3160847906164357,-1.3753678798675537,1
Extreme Gradient Boosting,-3.5222913974306227,-3.3367972373962402,1
Extreme Gradient Boosting,-2.2875737313332407,-1.5333210229873657,1
Extreme Gradient Boosting,-1.7113615374852664,-1.897657871246338,1
Extreme Gradient Boosting,-1.0232314473246815,-0.8872754573822021,1
Extreme Gradient Boosting,-1.935943656763284,-2.4718539714813232,1
Extreme Gradient Boosting,-1.5862250860093259,-1.9964494705200195,1
Extreme Gradient Boosting,-2.644753893986956,-2.9983036518096924,1
Extreme Gradient Boosting,-2.5339607001524365,-2.0272507667541504,1
Extreme Gradient Boosting,-1.5650446341096866,-2.145689010620117,1
Extreme Gradient Boosting,-1.2376574055894478,-1.179755687713623,1
Extreme Gradient Boosting,-3.159004262647741,-3.3586888313293457,1
Extreme Gradient Boosting,-2.9741896629359488,-2.426619052886963,1
Extreme Gradient Boosting,-3.688222835963096,-3.5852108001708984,1
Extreme Gradient Boosting,-3.1495014132834878,-3.295383930206299,1
Extreme Gradient Boosting,-1.955139967558483,-1.6014655828475952,1
Extreme Gradient Boosting,-1.3149788474841408,-1.3268266916275024,1
Extreme Gradient Boosting,-3.3960495196322524,-3.3188116550445557,1
Extreme Gradient Boosting,-1.9070646816834933,-1.9126616716384888,1
Extreme Gradient Boosting,-2.1620771953880977,-1.7540605068206787,1
Extreme Gradient Boosting,-2.3662117992181373,-2.237746000289917,1
Extreme Gradient Boosting,-2.9187956800017982,-2.307631731033325,1
Extreme Gradient Boosting,-2.772360579555891,-2.2434134483337402,1
Extreme Gradient Boosting,-3.7834435403498214,-3.760484218597412,1
Extreme Gradient Boosting,-3.7834435403498214,-3.7093160152435303,1
Extreme Gradient Boosting,-1.6384460109776287,-1.561678171157837,1
Extreme Gradient Boosting,-1.9705460914481276,-1.5702770948410034,1
Extreme Gradient Boosting,-2.5037832349706837,-2.636228084564209,1
Extreme Gradient Boosting,-3.5459650539173615,-2.9251530170440674,1
Extreme Gradient Boosting,-3.466783553422354,-3.0509133338928223,1
Extreme Gradient Boosting,-1.2303723324828062,-1.6018872261047363,1
Extreme Gradient Boosting,-1.2662523005170878,-1.656015157699585,1
Extreme Gradient Boosting,-3.289282825523282,-3.167537212371826,1
Extreme Gradient Boosting,-2.484467237840419,-2.33931040763855,1
Extreme Gradient Boosting,-1.7892523214132656,-1.6953898668289185,1
Extreme Gradient Boosting,-2.0630158256502544,-2.062425374984741,1
Extreme Gradient Boosting,-1.9011407722544549,-1.7135745286941528,1
Extreme Gradient Boosting,-1.7625310634593319,-1.5916962623596191,1
Extreme Gradient Boosting,-1.4257747559860434,-1.5088735818862915,1
Extreme Gradient Boosting,-1.2563082695173393,-1.6355928182601929,1
Extreme Gradient Boosting,-1.1441412885613946,-1.182352066040039,1
Extreme Gradient Boosting,-2.9171991963522217,-2.9595091342926025,1
Extreme Gradient Boosting,-1.0937551186817627,-1.5394070148468018,1
Extreme Gradient Boosting,-2.1372208240925845,-2.8397376537323,1
Extreme Gradient Boosting,-2.536796608945731,-2.0870282649993896,1
Extreme Gradient Boosting,-2.244039132061237,-2.678116798400879,1
Extreme Gradient Boosting,-1.86662075613132,-2.0529839992523193,1
Extreme Gradient Boosting,-2.1782870563447125,-2.3179140090942383,1
Extreme Gradient Boosting,-3.9600428565808334,-3.4214580059051514,1
Extreme Gradient Boosting,-3.030623697854625,-3.1555187702178955,1
Extreme Gradient Boosting,-1.6958725916338202,-2.363966941833496,1
Extreme Gradient Boosting,-2.034185120528877,-2.2429299354553223,1
Extreme Gradient Boosting,-2.560133846538238,-2.225127935409546,1
Extreme Gradient Boosting,-3.644312909802797,-4.105739116668701,1
Extreme Gradient Boosting,-1.6292558354409146,-1.4014533758163452,1
Extreme Gradient Boosting,-2.4706410072083687,-2.051948070526123,1
Extreme Gradient Boosting,-1.5110863339963716,-2.1956565380096436,1
Extreme Gradient Boosting,-1.4486812373435975,-1.6517850160598755,1
Extreme Gradient Boosting,-1.453797527240351,-1.7146791219711304,1
Extreme Gradient Boosting,-4.0490653862997,-3.7430567741394043,1
Extreme Gradient Boosting,-2.8947429719805546,-3.1441235542297363,1
Extreme Gradient Boosting,-2.2689882869552584,-2.9251556396484375,1
Extreme Gradient Boosting,-0.9642747859315978,-1.5055567026138306,1
Extreme Gradient Boosting,-0.9279654459479447,-1.0457818508148193,1
Extreme Gradient Boosting,-1.270721247267063,-1.4678038358688354,1
Extreme Gradient Boosting,-2.1834863402339466,-2.2445566654205322,1
Extreme Gradient Boosting,-2.3465562136207656,-1.935853123664856,1
Extreme Gradient Boosting,-1.0624918421054752,-1.3613144159317017,1
Extreme Gradient Boosting,-2.3087676366549488,-1.8094754219055176,1
Extreme Gradient Boosting,-1.3448674070651871,-1.5917656421661377,1
Extreme Gradient Boosting,-3.8997432135729384,-3.8916425704956055,1
Extreme Gradient Boosting,-1.7448404020099417,-2.0800206661224365,1
Extreme Gradient Boosting,-1.4467153895386817,-1.853206992149353,1
Extreme Gradient Boosting,-2.540720473654946,-2.29420804977417,1
Extreme Gradient Boosting,-1.5811083204741387,-2.066908359527588,1
Extreme Gradient Boosting,-1.785391290725075,-1.9229720830917358,1
Extreme Gradient Boosting,-3.233202110369878,-3.0018067359924316,1
Extreme Gradient Boosting,-2.993441546294603,-2.3000988960266113,1
Extreme Gradient Boosting,-2.2313771400186773,-2.2044694423675537,1
Extreme Gradient Boosting,-2.804329449939637,-2.177316188812256,1
Extreme Gradient Boosting,-3.3466707249611667,-2.9559292793273926,1
Extreme Gradient Boosting,-3.7268829315132583,-3.446380138397217,1
Extreme Gradient Boosting,-1.593236649552128,-1.8266180753707886,1
Extreme Gradient Boosting,-1.7246442506203672,-1.1353596448898315,1
Extreme Gradient Boosting,-1.7139992395270756,-1.766168236732483,1
Extreme Gradient Boosting,-4.056947918112584,-3.9765279293060303,1
Extreme Gradient Boosting,-2.1956618739690814,-2.501790761947632,1
Extreme Gradient Boosting,-4.059833781301273,-3.829099416732788,1
Extreme Gradient Boosting,-1.9644153443855357,-1.9280492067337036,1
Extreme Gradient Boosting,-1.0942289641451028,-1.0681517124176025,1
Extreme Gradient Boosting,-1.5650830494456354,-1.4825950860977173,1
Extreme Gradient Boosting,-3.393048191942752,-3.304086208343506,1
Extreme Gradient Boosting,-1.6613977234664838,-1.8567767143249512,1
Extreme Gradient Boosting,-4.059833781301273,-4.026034355163574,1
Extreme Gradient Boosting,-3.6546223480637448,-3.6979775428771973,1
Extreme Gradient Boosting,-1.8057322630823986,-1.9193044900894165,1
Extreme Gradient Boosting,-1.6663570851479517,-1.2902307510375977,1
Extreme Gradient Boosting,-2.9620793251113042,-2.6847167015075684,1
Extreme Gradient Boosting,-0.9490993255496558,-1.05731999874115,1
Extreme Gradient Boosting,-2.292547184423849,-2.370342969894409,1
Extreme Gradient Boosting,-1.717711472714874,-2.062096118927002,1
Extreme Gradient Boosting,-1.9412408278950934,-2.419489622116089,1
Extreme Gradient Boosting,-1.8074474879886533,-2.066831588745117,1
Extreme Gradient Boosting,-0.9751054096242024,-1.2430623769760132,1
Extreme Gradient Boosting,-1.5281785967617054,-1.037232518196106,1
Extreme Gradient Boosting,-0.7856945313640958,-1.058752417564392,1
Extreme Gradient Boosting,-1.7997913808340749,-1.47670578956604,1
Extreme Gradient Boosting,-1.2025079170212445,-1.3718113899230957,1
Extreme Gradient Boosting,-1.4655690967005093,-1.6503833532333374,1
Extreme Gradient Boosting,-1.2183710988289476,-1.373104214668274,1
Extreme Gradient Boosting,-2.850003549488979,-3.0963993072509766,1
Extreme Gradient Boosting,-1.951987303305516,-1.6598846912384033,1
Extreme Gradient Boosting,-3.0397590359811644,-2.9446604251861572,1
Extreme Gradient Boosting,-2.3822676402388554,-1.588922142982483,1
Extreme Gradient Boosting,-3.05329283374744,-2.844743013381958,1
Extreme Gradient Boosting,-1.514016684929528,-2.3212411403656006,1
Extreme Gradient Boosting,-2.035715142789073,-2.169823169708252,1
Extreme Gradient Boosting,-2.0703010191144675,-2.1079232692718506,1
Extreme Gradient Boosting,-1.3627172000570675,-1.4425660371780396,1
Extreme Gradient Boosting,-1.7772835288524167,-1.5627310276031494,1
Extreme Gradient Boosting,0.016216578776438208,0.2400331199169159,1
Extreme Gradient Boosting,0.23583851209189552,0.2591550648212433,1
Extreme Gradient Boosting,-0.9486409221793155,-0.8055676817893982,1
Extreme Gradient Boosting,-0.202317609683526,0.14613968133926392,1
Extreme Gradient Boosting,-0.002962342870760633,0.12830188870429993,1
Extreme Gradient Boosting,0.23141740977050707,0.20296892523765564,1
Extreme Gradient Boosting,-1.9219867657940077,-1.4670443534851074,1
Extreme Gradient Boosting,-1.5200924815934278,-1.558366060256958,1
Extreme Gradient Boosting,-2.2749377863952085,-1.8465560674667358,1
Extreme Gradient Boosting,-1.4739374796247893,-1.4571934938430786,1
Extreme Gradient Boosting,-1.2407370006641907,-1.3142411708831787,1
Extreme Gradient Boosting,-1.7181996551162337,-1.7977973222732544,1
Extreme Gradient Boosting,-2.297622719595401,-1.8715260028839111,1
Extreme Gradient Boosting,-1.6163219968838958,-1.6968873739242554,1
Extreme Gradient Boosting,-1.621304790891127,-1.7947018146514893,1
Extreme Gradient Boosting,-1.492201494031574,-1.63884437084198,1
Extreme Gradient Boosting,-3.4519129118061063,-3.2828187942504883,1
Extreme Gradient Boosting,-2.5479760718766045,-2.088280200958252,1
Extreme Gradient Boosting,-2.3812985463366814,-1.978996753692627,1
Extreme Gradient Boosting,-1.6115607525200502,-1.6771427392959595,1
Extreme Gradient Boosting,-1.7236216619186897,-2.4811127185821533,1
Extreme Gradient Boosting,-1.7472661616036533,-1.372894048690796,1
Extreme Gradient Boosting,-1.1286832686838821,-1.4573248624801636,1
Extreme Gradient Boosting,-1.10868225389701,-1.4731810092926025,1
Extreme Gradient Boosting,-1.4753372030036505,-1.770485281944275,1
Extreme Gradient Boosting,-1.3041517533417322,-1.552623987197876,1
Extreme Gradient Boosting,-1.2818579528648468,-1.1430867910385132,1
Extreme Gradient Boosting,-1.2491101104442828,-1.6814451217651367,1
Extreme Gradient Boosting,-2.14182332020342,-2.9473648071289062,1
Extreme Gradient Boosting,-0.8959678728621829,-1.2514770030975342,1
Extreme Gradient Boosting,-2.451728539243243,-2.6803817749023438,1
Extreme Gradient Boosting,-0.7463040504271798,-2.5521295070648193,1
Extreme Gradient Boosting,-1.148825472087486,-1.1901946067810059,1
Extreme Gradient Boosting,-2.761915740881935,-1.5802512168884277,1
Extreme Gradient Boosting,-1.7998312883961207,-1.566556453704834,1
Extreme Gradient Boosting,-3.1791288900792822,-3.055570125579834,1
Extreme Gradient Boosting,-1.1827941397057182,-1.1435736417770386,1
Extreme Gradient Boosting,-0.6143935172969877,-1.2791633605957031,1
Extreme Gradient Boosting,-0.37949908787793823,-0.7923704981803894,1
Extreme Gradient Boosting,-0.14567163968046612,-1.9805599451065063,1
Extreme Gradient Boosting,-3.121373090381552,-3.131147861480713,1
Extreme Gradient Boosting,-1.4806961523875994,-1.5192651748657227,1
Extreme Gradient Boosting,-3.4495551653497865,-2.9833872318267822,1
Extreme Gradient Boosting,-2.114518460874232,-2.3326213359832764,1
Extreme Gradient Boosting,-1.7462641625323523,-1.2714604139328003,1
Extreme Gradient Boosting,-1.3068936298450675,-1.1191725730895996,1
Extreme Gradient Boosting,-1.0775646199327256,-1.3509516716003418,1
Extreme Gradient Boosting,-1.137767503887176,-1.159997582435608,1
Extreme Gradient Boosting,-3.431262194557772,-4.022468566894531,2
Extreme Gradient Boosting,-2.0772161211350064,-2.3422985076904297,2
Extreme Gradient Boosting,-2.158822044993741,-2.1033012866973877,2
Extreme Gradient Boosting,-2.403452823620798,-2.136239528656006,2
Extreme Gradient Boosting,-2.3969317709673565,-2.3326892852783203,2
Extreme Gradient Boosting,-2.2593946471787434,-1.940659523010254,2
Extreme Gradient Boosting,-1.3240188516817268,-1.6563267707824707,2
Extreme Gradient Boosting,-1.4118568185099727,-1.7072820663452148,2
Extreme Gradient Boosting,-1.641711232958164,-1.3647429943084717,2
Extreme Gradient Boosting,-1.5393527377902698,-0.6966129541397095,2
Extreme Gradient Boosting,-1.5530374141251506,-0.9965721368789673,2
Extreme Gradient Boosting,-1.6443425309821194,-1.0298130512237549,2
Extreme Gradient Boosting,-1.414958380703708,-1.5245529413223267,2
Extreme Gradient Boosting,-1.6390957814475864,-1.1416208744049072,2
Extreme Gradient Boosting,-2.123767317417046,-2.123061418533325,2
Extreme Gradient Boosting,-2.3529321054630254,-2.0794517993927,2
Extreme Gradient Boosting,-2.8184713897478226,-2.9401564598083496,2
Extreme Gradient Boosting,-1.4610955316441951,-1.706845998764038,2
Extreme Gradient Boosting,-0.9172087828988489,-1.0569249391555786,2
Extreme Gradient Boosting,-1.2696661993818519,-1.403419852256775,2
Extreme Gradient Boosting,-0.9582190949069228,-1.1921716928482056,2
Extreme Gradient Boosting,-1.8194641482091292,-1.6784160137176514,2
Extreme Gradient Boosting,-2.0569241023003397,-1.664913535118103,2
Extreme Gradient Boosting,-2.151509814945314,-2.2379541397094727,2
Extreme Gradient Boosting,-2.772379350111858,-2.957538604736328,2
Extreme Gradient Boosting,-3.2036005297986074,-2.8532395362854004,2
Extreme Gradient Boosting,-2.6396789104480054,-1.8051402568817139,2
Extreme Gradient Boosting,-2.461494632742434,-2.6260082721710205,2
Extreme Gradient Boosting,-3.0391954244610955,-3.3540427684783936,2
Extreme Gradient Boosting,-0.7406200937095554,-1.3332687616348267,2
Extreme Gradient Boosting,0.05304456027413388,-1.6088662147521973,2
Extreme Gradient Boosting,-0.19201915469350456,-0.7500222325325012,2
Extreme Gradient Boosting,-0.6704627883686575,-0.8264511227607727,2
Extreme Gradient Boosting,-0.012750569114115418,-0.6038652658462524,2
Extreme Gradient Boosting,-1.1235679872330004,-1.2901843786239624,2
Extreme Gradient Boosting,-1.1159606660259742,-1.998188853263855,2
Extreme Gradient Boosting,-0.27744790362250854,-0.7159151434898376,2
Extreme Gradient Boosting,-2.931358924489361,-1.9442005157470703,2
Extreme Gradient Boosting,-3.0166281405425486,-3.2017009258270264,2
Extreme Gradient Boosting,-1.4735211762278637,-2.011523723602295,2
Extreme Gradient Boosting,-3.810574259769909,-3.831195831298828,2
Extreme Gradient Boosting,-3.4785088685395653,-3.189889430999756,2
Extreme Gradient Boosting,-3.579179826019102,-3.617196798324585,2
Extreme Gradient Boosting,-3.20721692140729,-2.960714340209961,2
Extreme Gradient Boosting,-2.9119908501955227,-3.1610193252563477,2
Extreme Gradient Boosting,-3.4317548486561424,-3.471306562423706,2
Extreme Gradient Boosting,-2.778538031513268,-2.418363332748413,2
Extreme Gradient Boosting,-3.130720745231321,-3.071012258529663,2
Extreme Gradient Boosting,-2.7103007043055714,-2.5601577758789062,2
Extreme Gradient Boosting,-1.4542413778154994,-2.1147966384887695,2
Extreme Gradient Boosting,-3.0605406542001403,-3.3014183044433594,2
Extreme Gradient Boosting,-1.4370923600242806,-1.4311070442199707,2
Extreme Gradient Boosting,-1.4616237416558537,-0.7946605682373047,2
Extreme Gradient Boosting,-2.8807530211105905,-3.2045466899871826,2
Extreme Gradient Boosting,-1.1202858432048246,-1.2842843532562256,2
Extreme Gradient Boosting,-1.7028254486283225,-1.8661922216415405,2
Extreme Gradient Boosting,-2.715845949095462,-2.7670669555664062,2
Extreme Gradient Boosting,-1.1251042517136252,-1.1954344511032104,2
Extreme Gradient Boosting,-1.3104931690369908,-1.5330549478530884,2
Extreme Gradient Boosting,-1.392520817816124,-1.9652564525604248,2
Extreme Gradient Boosting,-1.4197155850010228,-1.4168888330459595,2
Extreme Gradient Boosting,-2.01828162271433,-2.2106215953826904,2
Extreme Gradient Boosting,-2.3918623308235594,-2.2275772094726562,2
Extreme Gradient Boosting,-2.5038360209902844,-3.0451455116271973,2
Extreme Gradient Boosting,-1.2227575127427186,-1.706223964691162,2
Extreme Gradient Boosting,-3.3114386993585976,-2.788580894470215,2
Extreme Gradient Boosting,-2.5342163548062593,-2.2879176139831543,2
Extreme Gradient Boosting,-2.2317936703338876,-1.948965311050415,2
Extreme Gradient Boosting,-3.135663383730844,-2.0350873470306396,2
Extreme Gradient Boosting,-1.7751555586449395,-1.9590150117874146,2
Extreme Gradient Boosting,-1.5942049925158137,-1.8713351488113403,2
Extreme Gradient Boosting,-1.41390601215094,-1.4499844312667847,2
Extreme Gradient Boosting,-1.706119540338668,-1.6141561269760132,2
Extreme Gradient Boosting,-3.4161712191583424,-3.031062602996826,2
Extreme Gradient Boosting,-2.470173263354167,-2.0222811698913574,2
Extreme Gradient Boosting,-3.688222835963096,-2.9487428665161133,2
Extreme Gradient Boosting,-3.688222835963096,-3.059813976287842,2
Extreme Gradient Boosting,-2.2175363341456173,-2.2775650024414062,2
Extreme Gradient Boosting,-3.159004262647741,-3.2476866245269775,2
Extreme Gradient Boosting,-3.20266873961377,-2.5371499061584473,2
Extreme Gradient Boosting,-2.0061846218108834,-1.977027416229248,2
Extreme Gradient Boosting,-3.3388889969343114,-3.3351733684539795,2
Extreme Gradient Boosting,-1.5371060964041248,-1.8558530807495117,2
Extreme Gradient Boosting,-2.848471723996311,-2.335620164871216,2
Extreme Gradient Boosting,-1.7310907007998717,-1.8584210872650146,2
Extreme Gradient Boosting,-2.0559062448512155,-3.4053268432617188,2
Extreme Gradient Boosting,-1.262358754468822,-1.5097198486328125,2
Extreme Gradient Boosting,-2.082759927050954,-2.5888960361480713,2
Extreme Gradient Boosting,-1.2684519185896421,-1.9852700233459473,2
Extreme Gradient Boosting,-3.231239100298885,-3.435818910598755,2
Extreme Gradient Boosting,-1.6668842660690988,-2.2594797611236572,2
Extreme Gradient Boosting,-1.7883466398341077,-2.0194571018218994,2
Extreme Gradient Boosting,-3.333901540815397,-3.1344306468963623,2
Extreme Gradient Boosting,-2.2414236426625673,-1.7325787544250488,2
Extreme Gradient Boosting,-1.3982848993986936,-1.6431022882461548,2
Extreme Gradient Boosting,-1.7340876483093817,-2.2858994007110596,2
Extreme Gradient Boosting,-1.4975728800155672,-1.4878973960876465,2
Extreme Gradient Boosting,-4.026482380351305,-3.7161848545074463,2
Extreme Gradient Boosting,-3.3980931244651527,-2.890713930130005,2
Extreme Gradient Boosting,-1.012145447578458,-1.1389490365982056,2
Extreme Gradient Boosting,-3.7834435403498214,-3.682039737701416,2
Extreme Gradient Boosting,-1.556016572040716,-1.628110408782959,2
Extreme Gradient Boosting,-1.0474177734305667,-1.6216808557510376,2
Extreme Gradient Boosting,-1.1738116279378035,-1.8487932682037354,2
Extreme Gradient Boosting,-1.1134303475678107,-1.4578317403793335,2
Extreme Gradient Boosting,-1.5213971031085405,-1.5523353815078735,2
Extreme Gradient Boosting,-2.1142795046940637,-1.974202275276184,2
Extreme Gradient Boosting,-2.4117878095891196,-2.2181930541992188,2
Extreme Gradient Boosting,-2.8343485837796827,-1.9283149242401123,2
Extreme Gradient Boosting,-1.8555915719713854,-1.5512542724609375,2
Extreme Gradient Boosting,-1.5213971031085405,-1.2582212686538696,2
Extreme Gradient Boosting,-1.42943857964666,-2.005980968475342,2
Extreme Gradient Boosting,-2.646263945417837,-2.406629800796509,2
Extreme Gradient Boosting,-2.635540187918821,-2.295102834701538,2
Extreme Gradient Boosting,-3.4629936067206395,-3.6000101566314697,2
Extreme Gradient Boosting,-1.4782087030212006,-1.6094673871994019,2
Extreme Gradient Boosting,-3.0153277959856664,-2.0605456829071045,2
Extreme Gradient Boosting,-1.6517269019834395,-1.2950525283813477,2
Extreme Gradient Boosting,-2.099963060637607,-2.3221185207366943,2
Extreme Gradient Boosting,-2.648503823177817,-2.3564605712890625,2
Extreme Gradient Boosting,-2.7671936491741276,-2.610626220703125,2
Extreme Gradient Boosting,-3.390442939572028,-3.39090633392334,2
Extreme Gradient Boosting,-1.015474675864504,-1.1533015966415405,2
Extreme Gradient Boosting,-1.064270917741021,-1.2875983715057373,2
Extreme Gradient Boosting,-3.1720823887102565,-3.1305959224700928,2
Extreme Gradient Boosting,-2.809138225804324,-2.0950522422790527,2
Extreme Gradient Boosting,-0.6074545522659878,-0.9054875373840332,2
Extreme Gradient Boosting,-1.737359048801603,-1.7725223302841187,2
Extreme Gradient Boosting,-1.4285635434183963,-1.5780105590820312,2
Extreme Gradient Boosting,-0.5687544073603336,-0.489826500415802,2
Extreme Gradient Boosting,-3.437187483030755,-3.42410945892334,2
Extreme Gradient Boosting,-2.2062980891288984,-2.2651619911193848,2
Extreme Gradient Boosting,-2.806163575333855,-2.7260217666625977,2
Extreme Gradient Boosting,-1.2158410977813483,-1.452215552330017,2
Extreme Gradient Boosting,-1.297434930657182,-1.7292224168777466,2
Extreme Gradient Boosting,-1.2394237537905008,-1.2897355556488037,2
Extreme Gradient Boosting,-1.8793987946410835,-2.229440450668335,2
Extreme Gradient Boosting,-1.763658215013675,-1.6592209339141846,2
Extreme Gradient Boosting,-1.9811271489159006,-1.8800235986709595,2
Extreme Gradient Boosting,-2.062592350526869,-2.163228750228882,2
Extreme Gradient Boosting,-1.8162387276731846,-1.4443649053573608,2
Extreme Gradient Boosting,-1.1301967317733737,-0.9178334474563599,2
Extreme Gradient Boosting,-2.174390400742264,-2.1260781288146973,2
Extreme Gradient Boosting,-1.0225594503600544,-0.8146874904632568,2
Extreme Gradient Boosting,-1.409977601837042,-1.4306827783584595,2
Extreme Gradient Boosting,-0.7242679085347501,-0.884310245513916,2
Extreme Gradient Boosting,-1.4399552960568784,-1.3149398565292358,2
Extreme Gradient Boosting,-1.351662241081682,-1.7682316303253174,2
Extreme Gradient Boosting,-2.329956957829961,-2.252356767654419,2
Extreme Gradient Boosting,-1.917076538816309,-1.7525945901870728,2
Extreme Gradient Boosting,-1.1984184440476704,-1.2936687469482422,2
Extreme Gradient Boosting,-2.04835547456192,-2.047306537628174,2
Extreme Gradient Boosting,-1.2530119718858257,-1.3724931478500366,2
Extreme Gradient Boosting,-1.525605260081181,-1.8571100234985352,2
Extreme Gradient Boosting,-2.5884932589587586,-2.64037823677063,2
Extreme Gradient Boosting,-3.3707035768809224,-3.8528800010681152,2
Extreme Gradient Boosting,-2.540720473654946,-2.6552138328552246,2
Extreme Gradient Boosting,-3.6308973708676717,-3.621121883392334,2
Extreme Gradient Boosting,-1.9715416460145745,-2.176762342453003,2
Extreme Gradient Boosting,-3.744840908818875,-3.7141242027282715,2
Extreme Gradient Boosting,-1.6434286328720604,-1.6265032291412354,2
Extreme Gradient Boosting,-2.8217593886833527,-2.4706125259399414,2
Extreme Gradient Boosting,-1.7709615792854492,-2.078728437423706,2
Extreme Gradient Boosting,-3.233202110369878,-2.9609568119049072,2
Extreme Gradient Boosting,-3.233202110369878,-2.802886962890625,2
Extreme Gradient Boosting,-2.2405786779424,-2.8301687240600586,2
Extreme Gradient Boosting,-2.300301079838426,-2.987060308456421,2
Extreme Gradient Boosting,-1.8175258287604161,-1.6937713623046875,2
Extreme Gradient Boosting,-2.033677685255944,-1.766687035560608,2
Extreme Gradient Boosting,-2.1317533670782356,-3.2735860347747803,2
Extreme Gradient Boosting,-3.8817848914990014,-4.170962333679199,2
Extreme Gradient Boosting,-1.5226715493865826,-1.8101481199264526,2
Extreme Gradient Boosting,-1.6345122959030371,-1.6566760540008545,2
Extreme Gradient Boosting,-2.579721210352638,-2.5550403594970703,2
Extreme Gradient Boosting,-1.3308187576670196,-1.3465566635131836,2
Extreme Gradient Boosting,-2.26736728311359,-3.383661985397339,2
Extreme Gradient Boosting,-1.8668031693530753,-1.7148616313934326,2
Extreme Gradient Boosting,-1.6404184550270633,-1.8575435876846313,2
Extreme Gradient Boosting,-3.0455186942585932,-3.0552000999450684,2
Extreme Gradient Boosting,-3.600326278518962,-3.8438329696655273,2
Extreme Gradient Boosting,-2.7766733448672327,-2.5721771717071533,2
Extreme Gradient Boosting,-2.4520022992105748,-2.417677402496338,2
Extreme Gradient Boosting,-1.6819366650372385,-1.6631293296813965,2
Extreme Gradient Boosting,-1.694880975742639,-2.470503807067871,2
Extreme Gradient Boosting,-2.5783960731301687,-2.5821754932403564,2
Extreme Gradient Boosting,-1.4333467694862632,-1.6011489629745483,2
Extreme Gradient Boosting,-1.5895913565043294,-1.8734302520751953,2
Extreme Gradient Boosting,-2.432175336754664,-2.694589614868164,2
Extreme Gradient Boosting,-3.31795786632659,-3.5551061630249023,2
Extreme Gradient Boosting,-2.833475754814589,-2.0939786434173584,2
Extreme Gradient Boosting,-3.184747097908846,-3.469571590423584,2
Extreme Gradient Boosting,-0.6894774956008592,-1.1905804872512817,2
Extreme Gradient Boosting,-3.184747097908846,-3.2844364643096924,2
Extreme Gradient Boosting,-1.8161267212970162,-2.2259185314178467,2
Extreme Gradient Boosting,-3.7727484977747765,-3.6270017623901367,2
Extreme Gradient Boosting,-2.1639051839291805,-2.0651893615722656,2
Extreme Gradient Boosting,-2.5255934458757454,-2.46449875831604,2
Extreme Gradient Boosting,-2.809660176396059,-2.0336029529571533,2
Extreme Gradient Boosting,-1.5097699255058308,-1.751407265663147,2
Extreme Gradient Boosting,-1.740666799910411,-1.624430537223816,2
Extreme Gradient Boosting,-1.9643120034496402,-1.3995004892349243,2
Extreme Gradient Boosting,-1.309961996475505,-2.017385721206665,2
Extreme Gradient Boosting,-1.3132997440363454,-1.2222657203674316,2
Extreme Gradient Boosting,-1.4562179644760493,-1.6877535581588745,2
Extreme Gradient Boosting,-1.6183307304435026,-2.2444212436676025,2
Extreme Gradient Boosting,-2.314076075024747,-1.9879515171051025,2
Extreme Gradient Boosting,-2.122395441870392,-1.9453351497650146,2
Extreme Gradient Boosting,-3.3010769020010144,-3.1335525512695312,2
Extreme Gradient Boosting,-3.3625502994733605,-3.174577474594116,2
Extreme Gradient Boosting,-1.34349300583641,-1.8715740442276,2
Extreme Gradient Boosting,0.25792460161657743,0.13868245482444763,2
Extreme Gradient Boosting,-0.8579133376664105,-0.4803098440170288,2
Extreme Gradient Boosting,0.2461448119736277,-0.2843509614467621,2
Extreme Gradient Boosting,-1.1181615001713328,-1.505994200706482,2
Extreme Gradient Boosting,-2.7286993920768685,-2.0680270195007324,2
Extreme Gradient Boosting,-1.1505417041520314,-1.4249939918518066,2
Extreme Gradient Boosting,-1.5923333763280876,-1.825176477432251,2
Extreme Gradient Boosting,-0.8847086972378616,-1.0001991987228394,2
Extreme Gradient Boosting,-1.6314222073485498,-1.8591063022613525,2
Extreme Gradient Boosting,-2.642143447351316,-2.224489212036133,2
Extreme Gradient Boosting,-1.315440666986884,-1.49897301197052,2
Extreme Gradient Boosting,-3.915670428497184,-3.9733402729034424,2
Extreme Gradient Boosting,-2.5395917281791975,-1.8771079778671265,2
Extreme Gradient Boosting,-3.915670428497184,-3.18251633644104,2
Extreme Gradient Boosting,-2.7488910409678486,-2.0749123096466064,2
Extreme Gradient Boosting,-2.0424559224697187,-1.8964542150497437,2
Extreme Gradient Boosting,-3.525699217034543,-3.527451515197754,2
Extreme Gradient Boosting,-1.1078591195735359,-1.0761643648147583,2
Extreme Gradient Boosting,-1.862548056774303,-1.5703644752502441,2
Extreme Gradient Boosting,-1.1814755688597112,-1.3780205249786377,2
Extreme Gradient Boosting,-1.6695950343945678,-1.8088961839675903,2
Extreme Gradient Boosting,-1.4753372030036505,-1.683504343032837,2
Extreme Gradient Boosting,-1.5674558687076858,-1.6203263998031616,2
Extreme Gradient Boosting,-1.573747505577719,-0.9360160231590271,2
Extreme Gradient Boosting,-1.3469740509457453,-1.4419931173324585,2
Extreme Gradient Boosting,-1.540907293954747,-1.222163438796997,2
Extreme Gradient Boosting,-1.7854705731329945,-1.832287311553955,2
Extreme Gradient Boosting,-1.7563417007657087,-1.6134320497512817,2
Extreme Gradient Boosting,-0.8769725367904692,-0.7354678511619568,2
Extreme Gradient Boosting,-2.348164353297759,-2.0547497272491455,2
Extreme Gradient Boosting,-0.5052921847488494,-1.4651519060134888,2
Extreme Gradient Boosting,-0.8609839615611586,-0.734906017780304,2
Extreme Gradient Boosting,-0.8837798009584171,-1.0541965961456299,2
Extreme Gradient Boosting,-1.1291381497161614,-1.2173728942871094,2
Extreme Gradient Boosting,-2.2646029664100515,-2.118405818939209,2
Extreme Gradient Boosting,-2.6212424559235727,-2.3867363929748535,2
Extreme Gradient Boosting,-0.9679951762893184,-0.9491883516311646,2
Extreme Gradient Boosting,-1.5600709478109722,-1.6130534410476685,2
Extreme Gradient Boosting,-1.483088664742514,-1.6930888891220093,2
Extreme Gradient Boosting,-1.450536715424269,-1.6987372636795044,2
Extreme Gradient Boosting,-0.5935262904426333,-1.1889089345932007,2
Extreme Gradient Boosting,-3.2503548803911073,-2.9356703758239746,2
Extreme Gradient Boosting,-3.7648251925435416,-3.4157683849334717,2
Extreme Gradient Boosting,-1.9652557068613081,-2.217904806137085,2
Extreme Gradient Boosting,-2.192341601117107,-2.309558153152466,2
Extreme Gradient Boosting,-1.6643405451853508,-1.7314536571502686,2
Extreme Gradient Boosting,-1.7793995024399858,-1.7036700248718262,2
Extreme Gradient Boosting,-1.011455146773862,-1.1690517663955688,2
Extreme Gradient Boosting,-1.4154063781902113,-1.4437756538391113,2
Extreme Gradient Boosting,-2.703826191329584,-2.0624372959136963,3
Extreme Gradient Boosting,-2.064990291304019,-2.516986131668091,3
Extreme Gradient Boosting,-3.1408689109724577,-2.5582685470581055,3
Extreme Gradient Boosting,-1.9138112509675613,-2.15956449508667,3
Extreme Gradient Boosting,-3.5076503600642033,-3.4732189178466797,3
Extreme Gradient Boosting,-2.7922905193547125,-2.719081163406372,3
Extreme Gradient Boosting,-3.120277513484956,-3.0216596126556396,3
Extreme Gradient Boosting,-0.737425984358659,-1.4331514835357666,3
Extreme Gradient Boosting,-1.7566657394319904,-1.684920072555542,3
Extreme Gradient Boosting,-1.2391607486734533,-1.3686634302139282,3
Extreme Gradient Boosting,-1.103883331173482,-1.2371118068695068,3
Extreme Gradient Boosting,-1.6021765542362365,-1.8862836360931396,3
Extreme Gradient Boosting,-1.833927238128002,-2.012629985809326,3
Extreme Gradient Boosting,-1.4985127097581414,-1.2091180086135864,3
Extreme Gradient Boosting,-1.1131158581897997,-0.8954626321792603,3
Extreme Gradient Boosting,-1.8229892712376083,-1.6594022512435913,3
Extreme Gradient Boosting,-1.3897810295006061,-1.4761970043182373,3
Extreme Gradient Boosting,-1.1631032781134523,-1.1271144151687622,3
Extreme Gradient Boosting,-1.4201920378605053,-1.6689372062683105,3
Extreme Gradient Boosting,-3.8326531224143645,-3.751723289489746,3
Extreme Gradient Boosting,-2.808030042713029,-2.624406576156616,3
Extreme Gradient Boosting,-3.2834449518405893,-3.062591552734375,3
Extreme Gradient Boosting,-2.5901613502180045,-2.7241904735565186,3
Extreme Gradient Boosting,-2.1155432005946873,-2.9230141639709473,3
Extreme Gradient Boosting,-0.3696586894071177,-0.4293404519557953,3
Extreme Gradient Boosting,-0.16542042319834802,0.06705732643604279,3
Extreme Gradient Boosting,-0.7545795752718538,-0.45717403292655945,3
Extreme Gradient Boosting,-3.0110100837480736,-0.7295365333557129,3
Extreme Gradient Boosting,-0.14570591755806434,-0.040649767965078354,3
Extreme Gradient Boosting,-0.28184511787174465,-0.45872706174850464,3
Extreme Gradient Boosting,-3.6800158253354924,-3.715998411178589,3
Extreme Gradient Boosting,-1.5397653155309607,-1.6868666410446167,3
Extreme Gradient Boosting,-2.1460708341762897,-1.9572875499725342,3
Extreme Gradient Boosting,-1.1731208384522849,-1.4403358697891235,3
Extreme Gradient Boosting,-2.0174042079019414,-1.6365247964859009,3
Extreme Gradient Boosting,-1.2279630916135922,-1.7525503635406494,3
Extreme Gradient Boosting,-2.2432421390383843,-2.5825352668762207,3
Extreme Gradient Boosting,-2.7515330963273232,-2.2438197135925293,3
Extreme Gradient Boosting,-2.1223515198479075,-1.989902138710022,3
Extreme Gradient Boosting,-3.447382880362,-3.3038227558135986,3
Extreme Gradient Boosting,-3.20721692140729,-2.547785520553589,3
Extreme Gradient Boosting,-1.9112124620769755,-1.9582551717758179,3
Extreme Gradient Boosting,-2.492075482831661,-1.356674313545227,3
Extreme Gradient Boosting,-1.9785756664607834,-1.5916557312011719,3
Extreme Gradient Boosting,-2.845233778250056,-2.392240285873413,3
Extreme Gradient Boosting,-2.6732644443606475,-2.3036179542541504,3
Extreme Gradient Boosting,-1.6037557432468053,-2.1726300716400146,3
Extreme Gradient Boosting,-2.9864932974615632,-2.2987916469573975,3
Extreme Gradient Boosting,-1.4861381638460753,-2.168412208557129,3
Extreme Gradient Boosting,-3.008152176256889,-2.1841557025909424,3
Extreme Gradient Boosting,-1.4100025284401918,-2.047480821609497,3
Extreme Gradient Boosting,-3.6203410251864447,-3.5705392360687256,3
Extreme Gradient Boosting,-3.52120992195253,-3.6446971893310547,3
Extreme Gradient Boosting,-2.2669235674490644,-2.7245724201202393,3
Extreme Gradient Boosting,-2.4555313487080666,-2.084585189819336,3
Extreme Gradient Boosting,-2.8871236492020507,-2.5705504417419434,3
Extreme Gradient Boosting,-2.498525274280529,-2.1558830738067627,3
Extreme Gradient Boosting,-3.9730828630218453,-3.9361953735351562,3
Extreme Gradient Boosting,-3.9730828630218453,-3.924323797225952,3
Extreme Gradient Boosting,-1.4113517913995703,-2.11251163482666,3
Extreme Gradient Boosting,-1.5623567401916558,-1.5724923610687256,3
Extreme Gradient Boosting,-1.1465151741161497,-0.8327963352203369,3
Extreme Gradient Boosting,-1.2543892714743548,-1.4796078205108643,3
Extreme Gradient Boosting,-3.216247878762871,-2.875746011734009,3
Extreme Gradient Boosting,-3.848875409949318,-3.8965303897857666,3
Extreme Gradient Boosting,-3.7105715966505453,-4.042319297790527,3
Extreme Gradient Boosting,-2.236090057320799,-1.9685543775558472,3
Extreme Gradient Boosting,-2.988535711454289,-3.776097536087036,3
Extreme Gradient Boosting,-2.2826863141215226,-1.6899677515029907,3
Extreme Gradient Boosting,-3.285204336328503,-3.2457125186920166,3
Extreme Gradient Boosting,-2.248890796910272,-2.089520215988159,3
Extreme Gradient Boosting,-2.0364325385907973,-2.5637917518615723,3
Extreme Gradient Boosting,-3.246574755779347,-3.2158942222595215,3
Extreme Gradient Boosting,-2.287736284945912,-2.500838041305542,3
Extreme Gradient Boosting,-3.4715139529702097,-2.588289499282837,3
Extreme Gradient Boosting,-4.043611115346274,-3.748131513595581,3
Extreme Gradient Boosting,-3.7551664480113374,-3.3770740032196045,3
Extreme Gradient Boosting,-1.9555954093204297,-2.2538866996765137,3
Extreme Gradient Boosting,-2.8326132427713318,-2.599508047103882,3
Extreme Gradient Boosting,-2.848471723996311,-3.072392463684082,3
Extreme Gradient Boosting,-2.4462457037304657,-3.1996583938598633,3
Extreme Gradient Boosting,-2.618445069067542,-2.4465513229370117,3
Extreme Gradient Boosting,-3.4398948173744337,-3.1418771743774414,3
Extreme Gradient Boosting,-2.362468744313884,-2.501492738723755,3
Extreme Gradient Boosting,-1.5518607813097591,-1.2565943002700806,3
Extreme Gradient Boosting,-2.3552642027188186,-2.2578139305114746,3
Extreme Gradient Boosting,-1.7883466398341077,-1.8262628316879272,3
Extreme Gradient Boosting,-2.020315121682196,-1.6285661458969116,3
Extreme Gradient Boosting,-1.3580712288885752,-1.235365629196167,3
Extreme Gradient Boosting,-1.7983538696326367,-1.9109666347503662,3
Extreme Gradient Boosting,-2.0615953180564492,-1.9081929922103882,3
Extreme Gradient Boosting,-3.48241354468584,-2.596435785293579,3
Extreme Gradient Boosting,-2.728175115284189,-1.8915778398513794,3
Extreme Gradient Boosting,-3.2861198587119835,-2.8089184761047363,3
Extreme Gradient Boosting,-1.945720453842236,-1.8641877174377441,3
Extreme Gradient Boosting,-3.5459650539173615,-2.9381356239318848,3
Extreme Gradient Boosting,-3.23633470688153,-3.0044803619384766,3
Extreme Gradient Boosting,-1.5838670484167507,-1.8186917304992676,3
Extreme Gradient Boosting,-1.3173301868582306,-1.520440697669983,3
Extreme Gradient Boosting,-1.3434220574020639,-1.5623483657836914,3
Extreme Gradient Boosting,-1.479191830676853,-1.5634973049163818,3
Extreme Gradient Boosting,-1.3195712003583318,-1.3681490421295166,3
Extreme Gradient Boosting,-1.4441845681180592,-1.2968729734420776,3
Extreme Gradient Boosting,-1.8441291379223155,-1.9820735454559326,3
Extreme Gradient Boosting,-3.6572596108178765,-3.7291197776794434,3
Extreme Gradient Boosting,-1.5625822596100025,-2.865508794784546,3
Extreme Gradient Boosting,-1.9930514957526793,-2.315091848373413,3
Extreme Gradient Boosting,-2.176441984856953,-2.1940784454345703,3
Extreme Gradient Boosting,-2.6148556108775285,-2.2904646396636963,3
Extreme Gradient Boosting,-1.8011659603551675,-2.5751569271087646,3
Extreme Gradient Boosting,-1.98115226552214,-2.017050266265869,3
Extreme Gradient Boosting,-1.790442094293253,-2.1934432983398438,3
Extreme Gradient Boosting,-3.2877805976748804,-3.201157331466675,3
Extreme Gradient Boosting,-2.4368442826786825,-2.8973779678344727,3
Extreme Gradient Boosting,-1.9745795534681516,-2.417140483856201,3
Extreme Gradient Boosting,-2.1469087646472067,-1.7807716131210327,3
Extreme Gradient Boosting,-1.3467292946628289,-1.736107587814331,3
Extreme Gradient Boosting,-1.4215944093236903,-1.4734323024749756,3
Extreme Gradient Boosting,-1.1521693207507044,-0.627201497554779,3
Extreme Gradient Boosting,-3.7986028756795487,-3.800020694732666,3
Extreme Gradient Boosting,-1.982318834323383,-1.6358290910720825,3
Extreme Gradient Boosting,-2.9206284299141125,-2.5466244220733643,3
Extreme Gradient Boosting,-2.8641555620169683,-2.626126527786255,3
Extreme Gradient Boosting,-2.7906820711849507,-2.680154323577881,3
Extreme Gradient Boosting,-2.2151887800651093,-1.8673791885375977,3
Extreme Gradient Boosting,-2.7597061620105943,-2.087148427963257,3
Extreme Gradient Boosting,-1.9945993491296803,-2.030456066131592,3
Extreme Gradient Boosting,-2.647947017470284,-2.586956739425659,3
Extreme Gradient Boosting,-3.9453409907865007,-3.7612645626068115,3
Extreme Gradient Boosting,-3.7938003909509543,-3.864825963973999,3
Extreme Gradient Boosting,-1.167232267440179,-1.345786452293396,3
Extreme Gradient Boosting,-2.672496188704653,-2.0845539569854736,3
Extreme Gradient Boosting,-3.6688623296866587,-3.670985460281372,3
Extreme Gradient Boosting,-2.0893959764848726,-2.0945723056793213,3
Extreme Gradient Boosting,-1.4001202888111866,-1.6540462970733643,3
Extreme Gradient Boosting,-1.1843962080688974,-1.5464563369750977,3
Extreme Gradient Boosting,-0.7420831923821466,-1.4215598106384277,3
Extreme Gradient Boosting,-1.493245786531943,-1.4419206380844116,3
Extreme Gradient Boosting,-1.8626742516440307,-1.4078700542449951,3
Extreme Gradient Boosting,-0.975127284906683,-1.1139434576034546,3
Extreme Gradient Boosting,-3.312493333735544,-2.3033883571624756,3
Extreme Gradient Boosting,-1.8035282856682657,-1.4560097455978394,3
Extreme Gradient Boosting,-1.9341938240909706,-1.945265769958496,3
Extreme Gradient Boosting,-3.542851120580754,-3.3589248657226562,3
Extreme Gradient Boosting,-1.215596170273078,-1.3136910200119019,3
Extreme Gradient Boosting,-1.543738042979891,-1.5850659608840942,3
Extreme Gradient Boosting,-3.119103556806872,-2.583841323852539,3
Extreme Gradient Boosting,-3.2740051086991615,-3.032221794128418,3
Extreme Gradient Boosting,-2.090032121190501,-1.8149209022521973,3
Extreme Gradient Boosting,-1.1177693107076099,-1.0333480834960938,3
Extreme Gradient Boosting,-1.5609490414532068,-1.1571780443191528,3
Extreme Gradient Boosting,-2.0995080091454192,-2.0139074325561523,3
Extreme Gradient Boosting,-1.8171279243372191,-2.046471357345581,3
Extreme Gradient Boosting,-2.2176402640700728,-2.400240182876587,3
Extreme Gradient Boosting,-2.17663866294089,-2.3776695728302,3
Extreme Gradient Boosting,-2.7292012545882884,-2.1900320053100586,3
Extreme Gradient Boosting,-2.0916278587378,-1.2878462076187134,3
Extreme Gradient Boosting,-3.3980116731740355,-2.9039316177368164,3
Extreme Gradient Boosting,-2.8398575372186334,-2.6007165908813477,3
Extreme Gradient Boosting,-2.345229430009625,-1.8192538022994995,3
Extreme Gradient Boosting,-1.945164608357066,-1.881553292274475,3
Extreme Gradient Boosting,-2.1032881447661516,-2.8031303882598877,3
Extreme Gradient Boosting,-2.8201877676993385,-2.549039840698242,3
Extreme Gradient Boosting,-2.1622159208236154,-3.0061073303222656,3
Extreme Gradient Boosting,-2.7386203038591304,-2.689284086227417,3
Extreme Gradient Boosting,-2.025135764586199,-1.917468786239624,3
Extreme Gradient Boosting,-2.0645418092014314,-1.9499024152755737,3
Extreme Gradient Boosting,-1.753896033344213,-2.093454360961914,3
Extreme Gradient Boosting,-1.0471006958966393,-1.1754560470581055,3
Extreme Gradient Boosting,-3.015555503033429,-2.582031726837158,3
Extreme Gradient Boosting,-1.5372075124674875,-1.423153281211853,3
Extreme Gradient Boosting,-1.8762488134939106,-2.161599636077881,3
Extreme Gradient Boosting,-2.2270013364351495,-2.2924442291259766,3
Extreme Gradient Boosting,-2.1980100109869287,-2.157677412033081,3
Extreme Gradient Boosting,-1.2662407394987067,-1.2018014192581177,3
Extreme Gradient Boosting,-2.5585788782984222,-2.3104898929595947,3
Extreme Gradient Boosting,-2.695416849848479,-2.5364043712615967,3
Extreme Gradient Boosting,-3.844232919056576,-4.003650188446045,3
Extreme Gradient Boosting,-1.4566894173821427,-1.494045615196228,3
Extreme Gradient Boosting,-1.586700235918748,-1.2792521715164185,3
Extreme Gradient Boosting,-3.5527489155241385,-3.387498617172241,3
Extreme Gradient Boosting,-1.5363868405196788,-1.9403663873672485,3
Extreme Gradient Boosting,-1.6159918285387698,-1.180235743522644,3
Extreme Gradient Boosting,-0.8521750241183932,-1.3146476745605469,3
Extreme Gradient Boosting,-2.8559441417598115,-2.521458148956299,3
Extreme Gradient Boosting,-1.6189896501583372,-1.4950878620147705,3
Extreme Gradient Boosting,-3.312017362295172,-3.3345398902893066,3
Extreme Gradient Boosting,-1.2672463833090828,-1.5669344663619995,3
Extreme Gradient Boosting,-1.2862388841839494,-1.8772038221359253,3
Extreme Gradient Boosting,-1.6362623936895822,-1.733284592628479,3
Extreme Gradient Boosting,-2.0008832971741093,-1.6761897802352905,3
Extreme Gradient Boosting,-1.405215799824956,-1.3281054496765137,3
Extreme Gradient Boosting,-2.190142441306164,-1.8287702798843384,3
Extreme Gradient Boosting,-2.006498035079166,-1.870364785194397,3
Extreme Gradient Boosting,-2.8165949053280404,-2.2323806285858154,3
Extreme Gradient Boosting,-3.360662949678316,-3.317129373550415,3
Extreme Gradient Boosting,-1.1090605687339063,-1.2206422090530396,3
Extreme Gradient Boosting,-1.391500388590343,-1.8066457509994507,3
Extreme Gradient Boosting,-2.3371392715991264,-2.0567972660064697,3
Extreme Gradient Boosting,-1.9499388302923257,-2.1962029933929443,3
Extreme Gradient Boosting,-1.9765773961271407,-2.078282117843628,3
Extreme Gradient Boosting,-2.017352405817494,-1.7279223203659058,3
Extreme Gradient Boosting,-1.4541338573389984,-1.6360325813293457,3
Extreme Gradient Boosting,-3.3625502994733605,-3.5839686393737793,3
Extreme Gradient Boosting,-3.8396725549649426,-3.794050693511963,3
Extreme Gradient Boosting,0.013270809352243309,-0.5264931917190552,3
Extreme Gradient Boosting,0.26528954569788904,-0.17153728008270264,3
Extreme Gradient Boosting,0.11059120541434526,0.10959850996732712,3
Extreme Gradient Boosting,0.011790398005349874,0.1273220181465149,3
Extreme Gradient Boosting,-0.004427072779599359,0.26903235912323,3
Extreme Gradient Boosting,-0.3118025518663407,0.1568938046693802,3
Extreme Gradient Boosting,-0.03690399983927772,0.14647050201892853,3
Extreme Gradient Boosting,0.27486911420534327,0.3524813652038574,3
Extreme Gradient Boosting,-0.9893876757536758,-0.8653385639190674,3
Extreme Gradient Boosting,-1.181419364072578,-1.5678547620773315,3
Extreme Gradient Boosting,-1.7655110123526006,-2.4922242164611816,3
Extreme Gradient Boosting,-3.1657421077804533,-3.0123813152313232,3
Extreme Gradient Boosting,-1.098047311203653,-1.4119333028793335,3
Extreme Gradient Boosting,-2.1235976234646596,-2.4807517528533936,3
Extreme Gradient Boosting,-2.405003945642156,-1.96002197265625,3
Extreme Gradient Boosting,-1.9190397324043553,-1.7194514274597168,3
Extreme Gradient Boosting,-1.852111989478871,-1.9100277423858643,3
Extreme Gradient Boosting,-2.088287115891733,-3.125924587249756,3
Extreme Gradient Boosting,-3.8233531994782193,-3.8688254356384277,3
Extreme Gradient Boosting,-2.176623074126691,-0.17126506567001343,3
Extreme Gradient Boosting,-1.1998361610596366,-1.2859312295913696,3
Extreme Gradient Boosting,-1.6539166652584223,-1.3657162189483643,3
Extreme Gradient Boosting,-1.3198484161479276,-1.4705734252929688,3
Extreme Gradient Boosting,-1.4597718515481843,-1.5075008869171143,3
Extreme Gradient Boosting,-1.3198484161479276,-0.9599428176879883,3
Extreme Gradient Boosting,-1.3198484161479276,-1.527145266532898,3
Extreme Gradient Boosting,-1.629049819754814,-1.5341802835464478,3
Extreme Gradient Boosting,-1.8070894000718147,-2.1424367427825928,3
Extreme Gradient Boosting,-3.151893437607053,-3.1105895042419434,3
Extreme Gradient Boosting,-0.9422704336465716,-1.396524429321289,3
Extreme Gradient Boosting,-1.5398588190217488,-1.0251624584197998,3
Extreme Gradient Boosting,-0.7476890179412806,-1.0853908061981201,3
Extreme Gradient Boosting,-2.0401269907408133,-1.5857070684432983,3
Extreme Gradient Boosting,-1.6181431713572578,-1.6069270372390747,3
Extreme Gradient Boosting,-1.042642722079717,-1.231417179107666,3
Extreme Gradient Boosting,-1.1400317683551704,-0.5200523734092712,3
Extreme Gradient Boosting,-3.4341521813264824,-3.2139596939086914,3
Extreme Gradient Boosting,-0.9172146296835499,-1.2452800273895264,3
Extreme Gradient Boosting,-3.2172494016790187,-2.9656667709350586,3
Extreme Gradient Boosting,-2.723197328038221,-2.523949146270752,3
Extreme Gradient Boosting,-3.1791288900792822,-1.755601167678833,3
Extreme Gradient Boosting,-1.0748372190236377,-0.6959485411643982,3
Extreme Gradient Boosting,-0.4819145002205912,-0.9213343858718872,3
Extreme Gradient Boosting,-1.2028902052841348,-1.0723662376403809,3
Extreme Gradient Boosting,-3.20055468102406,-2.9484546184539795,3
Extreme Gradient Boosting,-2.428366273865067,-2.095828056335449,3
Extreme Gradient Boosting,-1.530055677420101,-1.4767969846725464,3
Extreme Gradient Boosting,-1.0026227122886122,-1.3037594556808472,3
Extreme Gradient Boosting,-1.031601943299423,-1.1395933628082275,3
Extreme Gradient Boosting,-3.241946952668458,-2.9246721267700195,3
Extreme Gradient Boosting,-1.475460019768368,-1.5752313137054443,3
Extreme Gradient Boosting,-1.0940337585544895,-1.3933733701705933,3
Extreme Gradient Boosting,-1.3147618244158232,-2.0091400146484375,3
Extreme Gradient Boosting,-3.3694633107167937,-3.2552192211151123,3
Extreme Gradient Boosting,-1.7636611133035243,-2.0086112022399902,4
Extreme Gradient Boosting,-3.7465335671940925,-3.6381936073303223,4
Extreme Gradient Boosting,-3.431262194557772,-3.8099260330200195,4
Extreme Gradient Boosting,-2.642729293000293,-2.5044829845428467,4
Extreme Gradient Boosting,-1.9492654506102318,-2.2392783164978027,4
Extreme Gradient Boosting,-1.520097156387571,-1.1608021259307861,4
Extreme Gradient Boosting,-1.7190338740193807,-1.731540560722351,4
Extreme Gradient Boosting,-0.32212322804184973,-1.286544680595398,4
Extreme Gradient Boosting,-1.9196885629650766,-1.180798888206482,4
Extreme Gradient Boosting,-1.496009274431816,-1.7061803340911865,4
Extreme Gradient Boosting,-1.2247774230710238,-1.1465017795562744,4
Extreme Gradient Boosting,-3.4108437941069076,-3.3585288524627686,4
Extreme Gradient Boosting,-1.4091232046942341,-1.231685757637024,4
Extreme Gradient Boosting,-1.339883282003717,-1.4503059387207031,4
Extreme Gradient Boosting,-1.0225392132375182,-1.332313895225525,4
Extreme Gradient Boosting,-1.9996117840097518,-1.7060554027557373,4
Extreme Gradient Boosting,-2.341290856803062,-2.2066726684570312,4
Extreme Gradient Boosting,-3.2351404478705748,-3.1989314556121826,4
Extreme Gradient Boosting,-3.057527624268253,-2.894313335418701,4
Extreme Gradient Boosting,-2.2025638997362065,-2.741464853286743,4
Extreme Gradient Boosting,-1.7873296113427601,-2.5864741802215576,4
Extreme Gradient Boosting,-3.1597853454922076,-2.882167100906372,4
Extreme Gradient Boosting,-2.9688776583453143,-1.972660779953003,4
Extreme Gradient Boosting,-2.6092962251353855,-1.7587014436721802,4
Extreme Gradient Boosting,-2.198253243671017,-2.71640944480896,4
Extreme Gradient Boosting,-3.876468483448327,-3.8444225788116455,4
Extreme Gradient Boosting,-0.6389033445220246,-0.39699673652648926,4
Extreme Gradient Boosting,-0.40674416735366103,-0.3157776892185211,4
Extreme Gradient Boosting,-0.5196118275771817,-0.3494754135608673,4
Extreme Gradient Boosting,-0.4049916766527308,-0.0504891611635685,4
Extreme Gradient Boosting,-0.7019607372542168,0.10037433356046677,4
Extreme Gradient Boosting,-0.3417701012907816,-0.36905407905578613,4
Extreme Gradient Boosting,0.20849296776590773,-0.007445366587489843,4
Extreme Gradient Boosting,-2.2882000233155653,-1.8424009084701538,4
Extreme Gradient Boosting,-2.9107287853445634,-2.2865047454833984,4
Extreme Gradient Boosting,-2.465962973225779,-3.0545589923858643,4
Extreme Gradient Boosting,-1.894217061776159,-1.8672356605529785,4
Extreme Gradient Boosting,-1.9615865844075526,-2.039872169494629,4
Extreme Gradient Boosting,-2.9238738790387533,-2.848863363265991,4
Extreme Gradient Boosting,-3.349843097267282,-3.3475406169891357,4
Extreme Gradient Boosting,-3.447382880362,-3.2024083137512207,4
Extreme Gradient Boosting,-2.5493325073158326,-3.2897303104400635,4
Extreme Gradient Boosting,-2.557865138098485,-3.1961307525634766,4
Extreme Gradient Boosting,-3.3308765956121587,-3.158193349838257,4
Extreme Gradient Boosting,-3.1413617595139014,-3.004317283630371,4
Extreme Gradient Boosting,-1.624154843179839,-2.4338183403015137,4
Extreme Gradient Boosting,-2.6788398129059168,-2.2212564945220947,4
Extreme Gradient Boosting,-1.4326336990343642,-1.8461016416549683,4
Extreme Gradient Boosting,-1.3360910210889294,-1.7151994705200195,4
Extreme Gradient Boosting,-1.800655814770182,-2.163851499557495,4
Extreme Gradient Boosting,-2.7233828886420643,-2.723442792892456,4
Extreme Gradient Boosting,-2.861353792341514,-3.3315188884735107,4
Extreme Gradient Boosting,-1.8336101498155517,-1.8952739238739014,4
Extreme Gradient Boosting,-2.174597252967641,-1.9922341108322144,4
Extreme Gradient Boosting,-1.8319016673890882,-2.059530019760132,4
Extreme Gradient Boosting,-1.0599038235929437,-0.994138240814209,4
Extreme Gradient Boosting,-1.3158802108242549,-1.3542336225509644,4
Extreme Gradient Boosting,-2.861353792341514,-2.971773147583008,4
Extreme Gradient Boosting,-1.115836390766966,-1.0727978944778442,4
Extreme Gradient Boosting,-3.873453012328298,-3.5886011123657227,4
Extreme Gradient Boosting,-1.5372443207314632,-1.4235259294509888,4
Extreme Gradient Boosting,-1.7089770353918146,-1.5580145120620728,4
Extreme Gradient Boosting,-2.586212054867284,-2.1463100910186768,4
Extreme Gradient Boosting,-1.3870823799964922,-1.647179365158081,4
Extreme Gradient Boosting,-1.777268237794943,-1.504224181175232,4
Extreme Gradient Boosting,-1.183812038624167,-1.5395750999450684,4
Extreme Gradient Boosting,-1.2886807788238237,-1.6086703538894653,4
Extreme Gradient Boosting,-3.7342838339347466,-3.62926983833313,4
Extreme Gradient Boosting,-2.3083760229550343,-2.904820442199707,4
Extreme Gradient Boosting,-3.302921552819786,-2.670170783996582,4
Extreme Gradient Boosting,-2.487130374543647,-2.6370999813079834,4
Extreme Gradient Boosting,-2.810836301965318,-2.5362069606781006,4
Extreme Gradient Boosting,-1.5554661639976504,-1.9065525531768799,4
Extreme Gradient Boosting,-1.547722797531173,-1.9913681745529175,4
Extreme Gradient Boosting,-2.663203768289533,-2.2486138343811035,4
Extreme Gradient Boosting,-1.622950411914381,-1.5512322187423706,4
Extreme Gradient Boosting,-1.9704478542261563,-1.8121427297592163,4
Extreme Gradient Boosting,-1.1883246153441216,-1.3103915452957153,4
Extreme Gradient Boosting,-3.0415646563875622,-3.0792300701141357,4
Extreme Gradient Boosting,-3.2996658499018485,-2.978365182876587,4
Extreme Gradient Boosting,-3.40015839520823,-2.9781956672668457,4
Extreme Gradient Boosting,-3.339134521996131,-2.910391092300415,4
Extreme Gradient Boosting,-4.441291429466834,-3.8753530979156494,4
Extreme Gradient Boosting,-2.999290941959355,-2.5140039920806885,4
Extreme Gradient Boosting,-2.7669040895368373,-2.611053705215454,4
Extreme Gradient Boosting,-2.4911353637922846,-2.3678648471832275,4
Extreme Gradient Boosting,-1.7478447295977892,-2.1507935523986816,4
Extreme Gradient Boosting,-1.4886987965534475,-1.9087419509887695,4
Extreme Gradient Boosting,-2.8667990786740405,-2.407271146774292,4
Extreme Gradient Boosting,-3.190894343543139,-2.883840560913086,4
Extreme Gradient Boosting,-2.8197963948012763,-2.458829879760742,4
Extreme Gradient Boosting,-1.6253102968663857,-2.237417697906494,4
Extreme Gradient Boosting,-3.690448608815449,-3.580043077468872,4
Extreme Gradient Boosting,-1.6846961468463335,-1.966304898262024,4
Extreme Gradient Boosting,-2.2625101343415968,-2.0959246158599854,4
Extreme Gradient Boosting,-3.3960495196322524,-3.3257968425750732,4
Extreme Gradient Boosting,-2.110664900131247,-2.5639240741729736,4
Extreme Gradient Boosting,-1.7565625592771141,-1.6129615306854248,4
Extreme Gradient Boosting,-1.7015723913432346,-1.4184119701385498,4
Extreme Gradient Boosting,-3.508144052188851,-3.502995729446411,4
Extreme Gradient Boosting,-3.9030899869919438,-3.855931520462036,4
Extreme Gradient Boosting,-1.8211763195496429,-2.672135829925537,4
Extreme Gradient Boosting,-2.258862588858495,-2.7536449432373047,4
Extreme Gradient Boosting,-2.0731453982830836,-1.8795357942581177,4
Extreme Gradient Boosting,-2.000920332458684,-1.9645063877105713,4
Extreme Gradient Boosting,-1.1893279510795818,-0.7873690128326416,4
Extreme Gradient Boosting,-2.5430732387631334,-2.4303293228149414,4
Extreme Gradient Boosting,-1.4273499677206534,-1.6191415786743164,4
Extreme Gradient Boosting,-1.3819820537899474,-1.3754243850708008,4
Extreme Gradient Boosting,-1.2174698965346429,-1.3208476305007935,4
Extreme Gradient Boosting,-3.739785461604827,-3.8379688262939453,4
Extreme Gradient Boosting,-1.3450596755542978,-1.338876724243164,4
Extreme Gradient Boosting,-3.739785461604827,-3.653433084487915,4
Extreme Gradient Boosting,-2.0116848782875407,-2.394019603729248,4
Extreme Gradient Boosting,-1.2834663142150111,-1.777717113494873,4
Extreme Gradient Boosting,-2.2151453721747094,-1.9913997650146484,4
Extreme Gradient Boosting,-1.2175444827866113,-1.5143777132034302,4
Extreme Gradient Boosting,-1.9429726110972225,-1.610039234161377,4
Extreme Gradient Boosting,-1.0807113206322263,-1.163404941558838,4
Extreme Gradient Boosting,-1.6993207301372903,-1.4903545379638672,4
Extreme Gradient Boosting,-3.926105768520805,-3.6668801307678223,4
Extreme Gradient Boosting,-1.9718622007532294,-1.914807915687561,4
Extreme Gradient Boosting,-2.049666891178964,-1.8192405700683594,4
Extreme Gradient Boosting,-3.1720823887102565,-3.1423535346984863,4
Extreme Gradient Boosting,-1.3267843126055872,-1.6941416263580322,4
Extreme Gradient Boosting,-2.5142250705986213,-2.1667017936706543,4
Extreme Gradient Boosting,-2.1469087646472067,-2.106332778930664,4
Extreme Gradient Boosting,-3.7469892929465796,-4.062386989593506,4
Extreme Gradient Boosting,-0.9637364568210032,-1.0177384614944458,4
Extreme Gradient Boosting,-0.9349414936187838,-1.1126378774642944,4
Extreme Gradient Boosting,-2.00821940080217,-1.9569427967071533,4
Extreme Gradient Boosting,-0.6538319472043919,-0.9817275404930115,4
Extreme Gradient Boosting,-0.664255515397868,-1.1532036066055298,4
Extreme Gradient Boosting,-4.219679806977318,-3.8589468002319336,4
Extreme Gradient Boosting,-3.352587686654944,-3.0134165287017822,4
Extreme Gradient Boosting,-3.7692522846397316,-3.408569574356079,4
Extreme Gradient Boosting,-2.5312982881059978,-2.499547004699707,4
Extreme Gradient Boosting,-1.421235229471209,-1.8385584354400635,4
Extreme Gradient Boosting,-1.3544637580442256,-1.609656810760498,4
Extreme Gradient Boosting,-2.5910208366914373,-2.2908408641815186,4
Extreme Gradient Boosting,-2.9753058553179503,-2.6059939861297607,4
Extreme Gradient Boosting,-3.0607359079332865,-3.4772329330444336,4
Extreme Gradient Boosting,-2.0978386037648766,-2.4425606727600098,4
Extreme Gradient Boosting,-3.392655441034186,-3.0656614303588867,4
Extreme Gradient Boosting,-2.4951902617888977,-2.9630978107452393,4
Extreme Gradient Boosting,-1.881362165893176,-2.2826521396636963,4
Extreme Gradient Boosting,-1.4436245197644126,-2.057140827178955,4
Extreme Gradient Boosting,-1.2327435377262763,-1.4267712831497192,4
Extreme Gradient Boosting,-1.3310146489007124,-1.0271942615509033,4
Extreme Gradient Boosting,-3.6688623296866587,-3.4403069019317627,4
Extreme Gradient Boosting,-1.2503305415619155,-1.417893886566162,4
Extreme Gradient Boosting,-1.3168403571338247,-1.3081828355789185,4
Extreme Gradient Boosting,-3.6688623296866587,-2.7929623126983643,4
Extreme Gradient Boosting,-1.4180277802789096,-1.2179992198944092,4
Extreme Gradient Boosting,-1.302742708063045,-1.4732444286346436,4
Extreme Gradient Boosting,-1.2189474946453842,-1.0130598545074463,4
Extreme Gradient Boosting,-1.1598011320770079,-1.411071538925171,4
Extreme Gradient Boosting,-1.2297848289673887,-0.6467304825782776,4
Extreme Gradient Boosting,-1.0193030390019762,-1.2040876150131226,4
Extreme Gradient Boosting,-1.0144370432648293,-1.1968516111373901,4
Extreme Gradient Boosting,-1.3284164293502903,-1.4942108392715454,4
Extreme Gradient Boosting,-1.2640972244503184,-2.0981686115264893,4
Extreme Gradient Boosting,-3.6419813498697473,-3.5379629135131836,4
Extreme Gradient Boosting,-1.0639605458204757,-0.9280888438224792,4
Extreme Gradient Boosting,-1.396090167895999,-1.8844866752624512,4
Extreme Gradient Boosting,-1.394827676426251,-1.8695226907730103,4
Extreme Gradient Boosting,-2.653759917660552,-2.409885883331299,4
Extreme Gradient Boosting,-1.7550940407409845,-1.655666470527649,4
Extreme Gradient Boosting,-2.6904826786431757,-3.1144590377807617,4
Extreme Gradient Boosting,-2.436631774638256,-2.758430004119873,4
Extreme Gradient Boosting,-1.2111861770342556,-1.5951510667800903,4
Extreme Gradient Boosting,-4.034798298974088,-3.964169502258301,4
Extreme Gradient Boosting,-4.034834060338741,-3.940530300140381,4
Extreme Gradient Boosting,-3.3358640560027224,-3.2268102169036865,4
Extreme Gradient Boosting,-3.3980116731740355,-2.93780779838562,4
Extreme Gradient Boosting,-3.290189204280069,-3.4065964221954346,4
Extreme Gradient Boosting,-2.0864005407417032,-1.7481341361999512,4
Extreme Gradient Boosting,-2.5041654897477077,-2.8364553451538086,4
Extreme Gradient Boosting,-2.3460680222446215,-1.8930329084396362,4
Extreme Gradient Boosting,-2.43241576499949,-1.9238173961639404,4
Extreme Gradient Boosting,-1.356590498479473,-1.292680263519287,4
Extreme Gradient Boosting,-1.928979817650206,-2.1287786960601807,4
Extreme Gradient Boosting,-1.5951494590693263,-1.7925171852111816,4
Extreme Gradient Boosting,-2.1633711620778806,-2.0405702590942383,4
Extreme Gradient Boosting,-2.0118859545996086,-1.5491716861724854,4
Extreme Gradient Boosting,-3.3036200184447138,-3.2986297607421875,4
Extreme Gradient Boosting,-1.7581838126622393,-1.3590134382247925,4
Extreme Gradient Boosting,-1.5145266747759671,-1.4544016122817993,4
Extreme Gradient Boosting,-1.6895586727819518,-1.9206510782241821,4
Extreme Gradient Boosting,-1.2054304558342028,-1.166322946548462,4
Extreme Gradient Boosting,-2.22015815118179,-2.090625286102295,4
Extreme Gradient Boosting,-2.0742842332450646,-2.067351818084717,4
Extreme Gradient Boosting,-1.9603652993893874,-1.4853266477584839,4
Extreme Gradient Boosting,-1.8196475705694013,-1.5340416431427002,4
Extreme Gradient Boosting,-1.1149880354485275,-0.9940237402915955,4
Extreme Gradient Boosting,-1.47951268111869,-1.3018958568572998,4
Extreme Gradient Boosting,-1.2067214626499687,-1.2006256580352783,4
Extreme Gradient Boosting,-1.1026053129321816,-1.3631089925765991,4
Extreme Gradient Boosting,-1.170757605358798,-1.539823293685913,4
Extreme Gradient Boosting,-3.0397590359811644,-3.138813018798828,4
Extreme Gradient Boosting,-2.5945173784671853,-2.4755570888519287,4
Extreme Gradient Boosting,-3.064232839852069,-3.190919876098633,4
Extreme Gradient Boosting,-1.2165796349138172,-1.436506748199463,4
Extreme Gradient Boosting,-1.5350740375460707,-1.275234341621399,4
Extreme Gradient Boosting,-1.2800471306587051,-1.6286327838897705,4
Extreme Gradient Boosting,-2.2355646390433175,-1.2768865823745728,4
Extreme Gradient Boosting,-1.9362137770978871,-1.7537040710449219,4
Extreme Gradient Boosting,-1.8486158063184404,-2.1498188972473145,4
Extreme Gradient Boosting,-1.1895507451644802,-1.658883810043335,4
Extreme Gradient Boosting,-2.740096874062147,-2.620589256286621,4
Extreme Gradient Boosting,-2.464359595395084,-2.4908413887023926,4
Extreme Gradient Boosting,0.10764671163334447,0.3513369560241699,4
Extreme Gradient Boosting,-0.39778171004309776,0.009700954891741276,4
Extreme Gradient Boosting,0.25792460161657743,-0.5020833015441895,4
Extreme Gradient Boosting,0.004405968258246192,0.13242311775684357,4
Extreme Gradient Boosting,-3.6464665167152384,-3.5076682567596436,4
Extreme Gradient Boosting,-3.3347136412278577,-3.159559965133667,4
Extreme Gradient Boosting,-0.9771273167949791,-1.1146820783615112,4
Extreme Gradient Boosting,-2.1512701073865577,-2.288139820098877,4
Extreme Gradient Boosting,-1.6790364719823858,-1.592355728149414,4
Extreme Gradient Boosting,-1.5671957242975716,-1.9159650802612305,4
Extreme Gradient Boosting,-1.5941100276318725,-1.0237393379211426,4
Extreme Gradient Boosting,-3.4519129118061063,-3.169456958770752,4
Extreme Gradient Boosting,-1.816712585545078,-1.632443904876709,4
Extreme Gradient Boosting,-2.2038635814094025,-2.4983794689178467,4
Extreme Gradient Boosting,-2.789746241172472,-3.0801498889923096,4
Extreme Gradient Boosting,-1.621304790891127,-1.4180340766906738,4
Extreme Gradient Boosting,-1.455583530702784,-1.6063874959945679,4
Extreme Gradient Boosting,-2.3872497229566574,-2.3483998775482178,4
Extreme Gradient Boosting,-1.947863458882499,-2.397839307785034,4
Extreme Gradient Boosting,-1.5290505627346085,-1.4401600360870361,4
Extreme Gradient Boosting,-1.5323301209746991,-1.7248649597167969,4
Extreme Gradient Boosting,-1.111999901692932,-1.3954133987426758,4
Extreme Gradient Boosting,-1.28375174993668,-1.2394402027130127,4
Extreme Gradient Boosting,-1.5240818424273839,-1.3299139738082886,4
Extreme Gradient Boosting,-1.6322137070153477,-1.6929887533187866,4
Extreme Gradient Boosting,-0.952771189748095,-1.0785410404205322,4
Extreme Gradient Boosting,-1.2755333695267534,-0.9961774349212646,4
Extreme Gradient Boosting,-1.8036577587890321,-1.4922873973846436,4
Extreme Gradient Boosting,-1.1543394167845993,-0.7740768790245056,4
Extreme Gradient Boosting,-0.6082262842300837,-0.7400580048561096,4
Extreme Gradient Boosting,-1.3991403077454354,-1.8277016878128052,4
Extreme Gradient Boosting,-0.9568598388437015,-0.659631609916687,4
Extreme Gradient Boosting,-1.0181181552809078,-1.2384710311889648,4
Extreme Gradient Boosting,-3.295634963777275,-2.81221079826355,4
Extreme Gradient Boosting,-0.428471724353625,-0.7379318475723267,4
Extreme Gradient Boosting,-1.7283368624549476,-1.4825845956802368,4
Extreme Gradient Boosting,-2.0560190796534115,-1.0888214111328125,4
Extreme Gradient Boosting,-0.6158874808696795,-0.8213476538658142,4
Extreme Gradient Boosting,-0.2468343715025799,-0.48575520515441895,4
Extreme Gradient Boosting,-1.048516497297764,-0.909677267074585,4
Extreme Gradient Boosting,-0.9402445883836209,-1.2589390277862549,4
Extreme Gradient Boosting,-1.63438498383371,-1.9838346242904663,4
Extreme Gradient Boosting,-1.0884067327209506,-1.0371158123016357,4
Extreme Gradient Boosting,-1.4158076024067474,-1.6175861358642578,4
Extreme Gradient Boosting,-0.988626069420939,-0.956235408782959,4
Extreme Gradient Boosting,-1.9812071611751474,-1.7763783931732178,4
Extreme Gradient Boosting,-3.8301933583825565,-3.717057943344116,4
Extreme Gradient Boosting,-2.5315835424986517,-2.051553249359131,4
Extreme Gradient Boosting,-3.5076503600642033,-3.02043080329895,5
Extreme Gradient Boosting,-1.9492654506102318,-2.7058651447296143,5
Extreme Gradient Boosting,-2.559953281626918,-2.4611868858337402,5
Extreme Gradient Boosting,-1.169002914533462,-1.6391798257827759,5
Extreme Gradient Boosting,-0.3239443747054647,-1.8478881120681763,5
Extreme Gradient Boosting,-1.5321588732385725,-1.7225998640060425,5
Extreme Gradient Boosting,-1.4103143043656896,-1.2670317888259888,5
Extreme Gradient Boosting,-0.9452141888163385,-1.2534985542297363,5
Extreme Gradient Boosting,-1.374139089297611,-0.6031431555747986,5
Extreme Gradient Boosting,-1.1383767799226443,-1.3176451921463013,5
Extreme Gradient Boosting,-0.22901321309844905,-1.2610682249069214,5
Extreme Gradient Boosting,-2.885418369996712,-1.143532633781433,5
Extreme Gradient Boosting,-1.1938637358837367,-1.40859055519104,5
Extreme Gradient Boosting,-1.1345513868310089,-1.6084622144699097,5
Extreme Gradient Boosting,-1.778416668028348,-1.4778382778167725,5
Extreme Gradient Boosting,-1.0225392132375182,-1.1551324129104614,5
Extreme Gradient Boosting,-1.6571034663893656,-1.2280607223510742,5
Extreme Gradient Boosting,-1.4187942485435616,-1.1951234340667725,5
Extreme Gradient Boosting,-1.5041031112940382,-1.4176883697509766,5
Extreme Gradient Boosting,-1.5041031112940382,-1.7149670124053955,5
Extreme Gradient Boosting,-2.617367632441655,-2.5071470737457275,5
Extreme Gradient Boosting,-1.8960550708053778,-2.133650541305542,5
Extreme Gradient Boosting,-3.399950007606853,-3.1018495559692383,5
Extreme Gradient Boosting,-2.7929079641438137,-2.912360668182373,5
Extreme Gradient Boosting,-2.808030042713029,-2.3006362915039062,5
Extreme Gradient Boosting,-2.4318269168378195,-2.2411952018737793,5
Extreme Gradient Boosting,-1.1061070209631036,-1.7412867546081543,5
Extreme Gradient Boosting,-2.736709137429952,-2.5615203380584717,5
Extreme Gradient Boosting,-1.4349038067728495,-1.6496587991714478,5
Extreme Gradient Boosting,0.14443509497441417,-0.19616959989070892,5
Extreme Gradient Boosting,-0.2659675601094114,-0.8593980073928833,5
Extreme Gradient Boosting,0.1297019665778856,-0.5674071907997131,5
Extreme Gradient Boosting,-1.5018248431082857,-1.1940135955810547,5
Extreme Gradient Boosting,-0.5732799306060785,-0.8256663680076599,5
Extreme Gradient Boosting,-0.6945493884044287,-0.5150169730186462,5
Extreme Gradient Boosting,-2.004293876429448,-2.2853522300720215,5
Extreme Gradient Boosting,-1.8033790498935367,-1.5335273742675781,5
Extreme Gradient Boosting,-1.9304209166838449,-2.1507320404052734,5
Extreme Gradient Boosting,-2.3140538776829995,-2.410301685333252,5
Extreme Gradient Boosting,-1.8094490244732577,-1.623107671737671,5
Extreme Gradient Boosting,-1.1005815755977664,-1.3396775722503662,5
Extreme Gradient Boosting,-2.209721593275448,-1.8887524604797363,5
Extreme Gradient Boosting,-2.0468682910310587,-2.3980209827423096,5
Extreme Gradient Boosting,-3.1381335734004905,-2.788349151611328,5
Extreme Gradient Boosting,-2.67596440114224,-2.867501735687256,5
Extreme Gradient Boosting,-2.5090165872531767,-2.228365659713745,5
Extreme Gradient Boosting,-2.97249382976246,-2.657355308532715,5
Extreme Gradient Boosting,-2.7237372356215404,-2.7606780529022217,5
Extreme Gradient Boosting,-2.991150818979587,-2.890212297439575,5
Extreme Gradient Boosting,-3.366814432940472,-3.184378147125244,5
Extreme Gradient Boosting,-2.325708590111872,-2.600310802459717,5
Extreme Gradient Boosting,-1.415304935020491,-1.633827567100525,5
Extreme Gradient Boosting,-1.4093732376842594,-1.500679612159729,5
Extreme Gradient Boosting,-2.6852623228853463,-2.733227491378784,5
Extreme Gradient Boosting,-2.635616939296958,-1.8692173957824707,5
Extreme Gradient Boosting,-1.3859030337523468,-1.256121277809143,5
Extreme Gradient Boosting,-1.8026465968079968,-1.4284095764160156,5
Extreme Gradient Boosting,-1.0556956867709293,-1.064881682395935,5
Extreme Gradient Boosting,-1.6217142305536996,-2.0830025672912598,5
Extreme Gradient Boosting,-1.3266108732423414,-1.3904856443405151,5
Extreme Gradient Boosting,-1.1286208649028604,-1.3221672773361206,5
Extreme Gradient Boosting,-3.302921552819786,-2.6474807262420654,5
Extreme Gradient Boosting,-2.691578169406441,-3.1019480228424072,5
Extreme Gradient Boosting,-2.2476183878149794,-3.0584628582000732,5
Extreme Gradient Boosting,-3.6203410251864447,-3.4080593585968018,5
Extreme Gradient Boosting,-2.5986223809209954,-2.3470876216888428,5
Extreme Gradient Boosting,-2.9303729669440868,-2.6702117919921875,5
Extreme Gradient Boosting,-3.1782271514224525,-3.289414167404175,5
Extreme Gradient Boosting,-2.270552443792131,-2.9378819465637207,5
Extreme Gradient Boosting,-3.4401053391639986,-2.990748167037964,5
Extreme Gradient Boosting,-3.6472310978345055,-3.6918320655822754,5
Extreme Gradient Boosting,-3.1353471437504044,-2.9625587463378906,5
Extreme Gradient Boosting,-2.457678098889193,-2.343461036682129,5
Extreme Gradient Boosting,-1.6536721058017216,-2.72259783744812,5
Extreme Gradient Boosting,-3.6472310978345055,-3.239190101623535,5
Extreme Gradient Boosting,-1.1630496225248408,-1.3462084531784058,5
Extreme Gradient Boosting,-1.1808764741089726,-1.3189090490341187,5
Extreme Gradient Boosting,-1.9381605982067327,-2.0702319145202637,5
Extreme Gradient Boosting,-2.4934863088506534,-2.3747482299804688,5
Extreme Gradient Boosting,-1.6698969598127007,-1.8694031238555908,5
Extreme Gradient Boosting,-2.182199963303041,-2.2318925857543945,5
Extreme Gradient Boosting,-2.7592630971786845,-2.2768707275390625,5
Extreme Gradient Boosting,-2.1210586466718686,-2.5158462524414062,5
Extreme Gradient Boosting,-1.987977989665314,-2.275214910507202,5
Extreme Gradient Boosting,-2.4995431395917818,-2.6669881343841553,5
Extreme Gradient Boosting,-2.4308272469150642,-2.9493672847747803,5
Extreme Gradient Boosting,-3.09259777670544,-2.439008951187134,5
Extreme Gradient Boosting,-2.1081088952398566,-2.027346611022949,5
Extreme Gradient Boosting,-1.4855749296151965,-1.6187632083892822,5
Extreme Gradient Boosting,-1.883787384700319,-2.5059828758239746,5
Extreme Gradient Boosting,-2.3566470252815495,-3.1821939945220947,5
Extreme Gradient Boosting,-1.7176063992666837,-2.0302059650421143,5
Extreme Gradient Boosting,-2.550141932709222,-2.611673593521118,5
Extreme Gradient Boosting,-2.258697330779929,-2.119486093521118,5
Extreme Gradient Boosting,-3.8287505085021976,-3.8831655979156494,5
Extreme Gradient Boosting,-1.6379527351562522,-2.0025973320007324,5
Extreme Gradient Boosting,-2.9211605333956863,-2.5460898876190186,5
Extreme Gradient Boosting,-1.4722472768836088,-2.2921998500823975,5
Extreme Gradient Boosting,-1.7818010064165613,-2.074232339859009,5
Extreme Gradient Boosting,-1.512256636766295,-1.5666072368621826,5
Extreme Gradient Boosting,-2.8606575042266775,-2.418828010559082,5
Extreme Gradient Boosting,-1.3752808174958797,-1.6232130527496338,5
Extreme Gradient Boosting,-1.2400249421136365,-1.4426976442337036,5
Extreme Gradient Boosting,-1.936797812533807,-2.153472423553467,5
Extreme Gradient Boosting,-2.728175115284189,-1.778256893157959,5
Extreme Gradient Boosting,-2.3458067992518874,-1.5594651699066162,5
Extreme Gradient Boosting,-1.272659841843383,-1.330792784690857,5
Extreme Gradient Boosting,-1.006612713059657,-1.1559537649154663,5
Extreme Gradient Boosting,-1.385136327132139,-1.313097357749939,5
Extreme Gradient Boosting,-1.8887177216857802,-1.6950709819793701,5
Extreme Gradient Boosting,-1.9458635904251336,-1.8624868392944336,5
Extreme Gradient Boosting,-2.9206523063014074,-3.0216190814971924,5
Extreme Gradient Boosting,-1.069394064585742,-1.2986109256744385,5
Extreme Gradient Boosting,-3.4629936067206395,-2.7166173458099365,5
Extreme Gradient Boosting,-3.172776808882327,-2.643712282180786,5
Extreme Gradient Boosting,-2.7555635433899788,-2.0235178470611572,5
Extreme Gradient Boosting,-1.2185345221225936,-1.4334239959716797,5
Extreme Gradient Boosting,-1.840084037547579,-2.3274455070495605,5
Extreme Gradient Boosting,-1.8350242298439021,-1.979865550994873,5
Extreme Gradient Boosting,-1.0209515518818744,-1.280700445175171,5
Extreme Gradient Boosting,-1.4115626764192806,-1.3690414428710938,5
Extreme Gradient Boosting,-0.7705521408719755,-0.6507570147514343,5
Extreme Gradient Boosting,-1.4330573818946528,-1.4559270143508911,5
Extreme Gradient Boosting,-1.0111406945890653,-1.542332649230957,5
Extreme Gradient Boosting,-2.001001072492525,-1.9864959716796875,5
Extreme Gradient Boosting,-1.5708763680120374,-1.5750726461410522,5
Extreme Gradient Boosting,-3.054246410327101,-3.048222780227661,5
Extreme Gradient Boosting,-2.8108233787082515,-2.733041524887085,5
Extreme Gradient Boosting,-1.386590637896301,-1.7523419857025146,5
Extreme Gradient Boosting,-2.1225210730141013,-2.543870210647583,5
Extreme Gradient Boosting,-1.5438464586997465,-2.300769329071045,5
Extreme Gradient Boosting,-2.612904311968554,-2.1758413314819336,5
Extreme Gradient Boosting,-3.5378566631708024,-3.0847599506378174,5
Extreme Gradient Boosting,-1.7139014654061842,-2.077852964401245,5
Extreme Gradient Boosting,-1.9090244195663402,-1.8817899227142334,5
Extreme Gradient Boosting,-2.177111289133642,-3.3713107109069824,5
Extreme Gradient Boosting,-2.0990330852672687,-1.964755654335022,5
Extreme Gradient Boosting,-1.366206440166372,-1.5611299276351929,5
Extreme Gradient Boosting,-1.4386260150993235,-1.0752907991409302,5
Extreme Gradient Boosting,-2.2675571837562845,-2.1058757305145264,5
Extreme Gradient Boosting,-1.4609239012072235,-1.0792289972305298,5
Extreme Gradient Boosting,-1.8347593251696876,-1.6227054595947266,5
Extreme Gradient Boosting,-3.5624063821538914,-3.2475335597991943,5
Extreme Gradient Boosting,-2.1481523894209715,-2.086573362350464,5
Extreme Gradient Boosting,-1.3693953613978682,-1.5133479833602905,5
Extreme Gradient Boosting,-1.5310782741493767,-1.4711674451828003,5
Extreme Gradient Boosting,-1.318606216338379,-1.5796834230422974,5
Extreme Gradient Boosting,-2.0129990008635867,-0.6865884065628052,5
Extreme Gradient Boosting,-1.8019484611556353,-1.8085885047912598,5
Extreme Gradient Boosting,-2.119103556806872,-2.1439757347106934,5
Extreme Gradient Boosting,-1.4337063496845048,-1.6653227806091309,5
Extreme Gradient Boosting,-2.0598606483703086,-1.9828685522079468,5
Extreme Gradient Boosting,-2.7874427365568386,-2.747191905975342,5
Extreme Gradient Boosting,-1.709300425196423,-1.7782336473464966,5
Extreme Gradient Boosting,-2.2488337964546146,-1.7272377014160156,5
Extreme Gradient Boosting,-3.4366316559477377,-3.42400860786438,5
Extreme Gradient Boosting,-3.744840908818875,-3.9389076232910156,5
Extreme Gradient Boosting,-2.0948568608862326,-1.8464733362197876,5
Extreme Gradient Boosting,-2.258173837778395,-2.9779553413391113,5
Extreme Gradient Boosting,-1.7701752248722789,-1.5162967443466187,5
Extreme Gradient Boosting,-2.568749167088006,-2.2615761756896973,5
Extreme Gradient Boosting,-1.936404341844701,-2.077686071395874,5
Extreme Gradient Boosting,-2.443810430479706,-1.9027371406555176,5
Extreme Gradient Boosting,-1.4790145740873064,-1.5709222555160522,5
Extreme Gradient Boosting,-2.3758693662733776,-2.262521266937256,5
Extreme Gradient Boosting,-3.6924119784161333,-3.5360684394836426,5
Extreme Gradient Boosting,-2.626594359719023,-2.779292583465576,5
Extreme Gradient Boosting,-2.5444075781780136,-3.798081874847412,5
Extreme Gradient Boosting,-2.483384252706259,-2.535139560699463,5
Extreme Gradient Boosting,-3.6924119784161333,-3.326569080352783,5
Extreme Gradient Boosting,-2.9710072633433735,-2.7993433475494385,5
Extreme Gradient Boosting,-1.2545644486474818,-1.358886480331421,5
Extreme Gradient Boosting,-2.019028072917717,-2.4052696228027344,5
Extreme Gradient Boosting,-1.6524312761675333,-2.0844290256500244,5
Extreme Gradient Boosting,-3.290189204280069,-3.0102455615997314,5
Extreme Gradient Boosting,-2.3582852103076553,-2.882817268371582,5
Extreme Gradient Boosting,-3.4116117497612004,-3.6645166873931885,5
Extreme Gradient Boosting,-1.7613667161535187,-1.936746597290039,5
Extreme Gradient Boosting,-3.4116117497612004,-3.610687494277954,5
Extreme Gradient Boosting,-1.7083201719567802,-1.700024127960205,5
Extreme Gradient Boosting,-3.2402151004002007,-3.3097026348114014,5
Extreme Gradient Boosting,-1.4643518021071489,-1.9000626802444458,5
Extreme Gradient Boosting,-1.95795837174818,-1.8540043830871582,5
Extreme Gradient Boosting,-1.1848306140119889,-1.8328766822814941,5
Extreme Gradient Boosting,-4.059833781301273,-3.9228322505950928,5
Extreme Gradient Boosting,-3.3309007861959947,-3.1499545574188232,5
Extreme Gradient Boosting,-1.5279900670983446,-1.4503253698349,5
Extreme Gradient Boosting,-3.1090516644066044,-2.024993658065796,5
Extreme Gradient Boosting,-2.084073842416984,-2.340562105178833,5
Extreme Gradient Boosting,-1.5049121890283346,-1.693877935409546,5
Extreme Gradient Boosting,-1.5572116152486462,-1.2665461301803589,5
Extreme Gradient Boosting,-3.276542686022807,-2.984283208847046,5
Extreme Gradient Boosting,-0.9737395646276028,-1.7676929235458374,5
Extreme Gradient Boosting,-1.6374387034297335,-1.5895253419876099,5
Extreme Gradient Boosting,-0.7797693247910334,-1.4813144207000732,5
Extreme Gradient Boosting,-3.6368695830464484,-3.755056142807007,5
Extreme Gradient Boosting,-2.4796814387852613,-2.184323310852051,5
Extreme Gradient Boosting,-3.7618083196547483,-3.606754779815674,5
Extreme Gradient Boosting,-1.8884660362981867,-1.53310227394104,5
Extreme Gradient Boosting,-3.05329283374744,-2.847641944885254,5
Extreme Gradient Boosting,-1.428472864706594,-1.7121608257293701,5
Extreme Gradient Boosting,-2.4881639462888585,-1.8918001651763916,5
Extreme Gradient Boosting,-1.4262388316017447,-1.2446831464767456,5
Extreme Gradient Boosting,-2.152965298392503,-2.0830166339874268,5
Extreme Gradient Boosting,-2.2355646390433175,-1.9153417348861694,5
Extreme Gradient Boosting,-1.0460152967125962,-1.1506797075271606,5
Extreme Gradient Boosting,-1.5736750209710204,-2.0045454502105713,5
Extreme Gradient Boosting,0.3580642293861346,0.1030065193772316,5
Extreme Gradient Boosting,-0.40966424145785746,-0.1115378811955452,5
Extreme Gradient Boosting,-0.31923658554998896,-0.7072584629058838,5
Extreme Gradient Boosting,0.13858982128300762,0.3471047878265381,5
Extreme Gradient Boosting,-0.2703526265197312,-0.337295800447464,5
Extreme Gradient Boosting,0.2034251096067644,-0.17239205539226532,5
Extreme Gradient Boosting,0.23583851209189552,0.2770950496196747,5
Extreme Gradient Boosting,-0.8579133376664105,-0.7769850492477417,5
Extreme Gradient Boosting,-0.43783118657286935,0.5045560002326965,5
Extreme Gradient Boosting,0.3323074801803344,-0.304746150970459,5
Extreme Gradient Boosting,0.2733961152011059,0.15232212841510773,5
Extreme Gradient Boosting,-0.5442825169537446,-0.19483211636543274,5
Extreme Gradient Boosting,-1.7405367157549274,-1.5532801151275635,5
Extreme Gradient Boosting,-1.7473311829109102,-1.7723842859268188,5
Extreme Gradient Boosting,-2.703220329010491,-2.5643866062164307,5
Extreme Gradient Boosting,-2.327144451312569,-2.1555428504943848,5
Extreme Gradient Boosting,-1.1820723340995358,-1.0858049392700195,5
Extreme Gradient Boosting,-1.0801819981618899,-1.2558964490890503,5
Extreme Gradient Boosting,-1.5073537295089607,-1.7976969480514526,5
Extreme Gradient Boosting,-2.6216055516158603,-2.5774338245391846,5
Extreme Gradient Boosting,-1.7868132829404095,-1.8789279460906982,5
Extreme Gradient Boosting,-1.1009937914140275,-1.2607609033584595,5
Extreme Gradient Boosting,-3.2294115893983317,-3.285645008087158,5
Extreme Gradient Boosting,-1.2328253445920763,-1.5609629154205322,5
Extreme Gradient Boosting,-2.103347370511212,-2.4009363651275635,5
Extreme Gradient Boosting,-1.7300615156440644,-1.888415813446045,5
Extreme Gradient Boosting,-1.42625067509891,-1.1125714778900146,5
Extreme Gradient Boosting,-1.2812660713628026,-1.2988585233688354,5
Extreme Gradient Boosting,-1.649488441015367,-1.4833331108093262,5
Extreme Gradient Boosting,-0.9134224928394735,-1.3790948390960693,5
Extreme Gradient Boosting,-0.9468333037780922,-1.365697979927063,5
Extreme Gradient Boosting,-1.793068638288037,-1.569162130355835,5
Extreme Gradient Boosting,-1.4094344835568617,-1.2847603559494019,5
Extreme Gradient Boosting,-1.1431217053996168,-2.755624294281006,5
Extreme Gradient Boosting,-1.5966625231096632,-1.4358530044555664,5
Extreme Gradient Boosting,-1.4583509625515516,-2.127493143081665,5
Extreme Gradient Boosting,-0.7266296487986936,-0.8181617259979248,5
Extreme Gradient Boosting,-1.3551617678005954,-1.809620976448059,5
Extreme Gradient Boosting,-1.9406256000139548,-2.0780105590820312,5
Extreme Gradient Boosting,-1.8459806844208395,-1.6440865993499756,5
Extreme Gradient Boosting,-1.466507781947675,-1.7116076946258545,5
Extreme Gradient Boosting,-0.8317581654646831,-1.63593327999115,5
Extreme Gradient Boosting,-0.6591799251191045,-0.9631317853927612,5
Extreme Gradient Boosting,-1.025762740954669,-0.758202314376831,5
Extreme Gradient Boosting,-0.9800565288767592,-0.8606690764427185,5
Extreme Gradient Boosting,-2.385444450882969,-2.005790948867798,5
Extreme Gradient Boosting,-1.5167709261725162,-1.3555326461791992,5
Extreme Gradient Boosting,-1.0945491836072103,-1.0731104612350464,5
Extreme Gradient Boosting,-2.390077592912712,-3.0188002586364746,5
Extreme Gradient Boosting,-1.3089106800327817,-1.1313821077346802,5
Extreme Gradient Boosting,-1.5672159407631352,-1.5096981525421143,5
Extreme Gradient Boosting,-1.2413209034031176,-0.8461581468582153,5
