model,experiment,prediction,split #
Histogram-based Gradient Boosting,-2.0772161211350064,-2.3479687292774507,1
Histogram-based Gradient Boosting,-2.3969317709673565,-2.1761019454389094,1
Histogram-based Gradient Boosting,-1.9138112509675613,-2.4298308640180757,1
Histogram-based Gradient Boosting,-3.366321517882654,-2.451298348338145,1
Histogram-based Gradient Boosting,-1.3240188516817268,-1.7919315532273128,1
Histogram-based Gradient Boosting,-0.28950830319552845,-2.7573553480395314,1
Histogram-based Gradient Boosting,-1.4118568185099727,-1.2246075642321412,1
Histogram-based Gradient Boosting,-1.4103143043656896,-1.4503519995356686,1
Histogram-based Gradient Boosting,-1.1383767799226443,-0.875827791633381,1
Histogram-based Gradient Boosting,-1.2391607486734533,-1.121410935909561,1
Histogram-based Gradient Boosting,-1.496009274431816,-1.4828222073678636,1
Histogram-based Gradient Boosting,-2.885418369996712,-3.002029051644258,1
Histogram-based Gradient Boosting,-1.4091232046942341,-1.2243802744815437,1
Histogram-based Gradient Boosting,-2.123767317417046,-1.7893631589765164,1
Histogram-based Gradient Boosting,-2.8184713897478226,-2.7022816633503006,1
Histogram-based Gradient Boosting,-1.4610955316441951,-1.6745282009029208,1
Histogram-based Gradient Boosting,-1.8229892712376083,-1.5412598810304796,1
Histogram-based Gradient Boosting,-0.9582190949069228,-1.214356330675545,1
Histogram-based Gradient Boosting,-3.2351404478705748,-2.9070620732907515,1
Histogram-based Gradient Boosting,-1.5041031112940382,-1.6380939801904497,1
Histogram-based Gradient Boosting,-3.057527624268253,-2.8801422218896295,1
Histogram-based Gradient Boosting,-2.3531252756425936,-2.713515518888982,1
Histogram-based Gradient Boosting,-2.4318269168378195,-2.4738349180330967,1
Histogram-based Gradient Boosting,-1.7873296113427601,-2.4199798214349157,1
Histogram-based Gradient Boosting,-1.4349038067728495,-1.5890847186673691,1
Histogram-based Gradient Boosting,-1.694125814017541,-2.8075303294732965,1
Histogram-based Gradient Boosting,-0.6389033445220246,-0.650287147358437,1
Histogram-based Gradient Boosting,-1.7661589553081318,-1.9919267759688848,1
Histogram-based Gradient Boosting,-0.6704627883686575,-0.42438203933060975,1
Histogram-based Gradient Boosting,-0.5196118275771817,-0.42657681319977697,1
Histogram-based Gradient Boosting,-0.012750569114115418,-0.30049844613553583,1
Histogram-based Gradient Boosting,-0.27744790362250854,-0.3457594190205326,1
Histogram-based Gradient Boosting,-3.2691119889214533,-3.112129419602582,1
Histogram-based Gradient Boosting,-2.541474704475919,-2.540255771171167,1
Histogram-based Gradient Boosting,-3.0775844181294625,-3.1334876639636855,1
Histogram-based Gradient Boosting,-2.3140538776829995,-2.4484564325455787,1
Histogram-based Gradient Boosting,-1.894217061776159,-2.152453309615681,1
Histogram-based Gradient Boosting,-2.0174042079019414,-1.6179338026848962,1
Histogram-based Gradient Boosting,-1.4735211762278637,-1.6992866986599708,1
Histogram-based Gradient Boosting,-2.9238738790387533,-3.167971516519947,1
Histogram-based Gradient Boosting,-2.67596440114224,-2.979975590967559,1
Histogram-based Gradient Boosting,-2.5493325073158326,-3.0083904641725883,1
Histogram-based Gradient Boosting,-3.3308765956121587,-3.363597974076831,1
Histogram-based Gradient Boosting,-3.1413617595139014,-3.004879986410326,1
Histogram-based Gradient Boosting,-2.4751841978240816,-2.4900513695808377,1
Histogram-based Gradient Boosting,-3.366814432940472,-3.2646635206160597,1
Histogram-based Gradient Boosting,-3.4317548486561424,-3.451056866387089,1
Histogram-based Gradient Boosting,-3.9019276346378216,-3.647302948579047,1
Histogram-based Gradient Boosting,-2.7923263244120906,-2.439525559815156,1
Histogram-based Gradient Boosting,-2.861353792341514,-2.908622882083309,1
Histogram-based Gradient Boosting,-1.8336101498155517,-2.0447137733641454,1
Histogram-based Gradient Boosting,-2.7103007043055714,-2.4723998166964773,1
Histogram-based Gradient Boosting,-3.434121498561107,-3.3387867646597558,1
Histogram-based Gradient Boosting,-1.7089770353918146,-1.6126178829644318,1
Histogram-based Gradient Boosting,-2.635616939296958,-2.2469814227600624,1
Histogram-based Gradient Boosting,-3.434121498561107,-3.3227718608434005,1
Histogram-based Gradient Boosting,-1.4616237416558537,-0.8975480585155214,1
Histogram-based Gradient Boosting,-1.8026465968079968,-1.6755718080032487,1
Histogram-based Gradient Boosting,-1.3870823799964922,-1.5680512190693288,1
Histogram-based Gradient Boosting,-1.4729877775908402,-1.532416063668053,1
Histogram-based Gradient Boosting,-1.777268237794943,-1.5856418839481112,1
Histogram-based Gradient Boosting,-1.1202858432048246,-1.397875765157625,1
Histogram-based Gradient Boosting,-2.715845949095462,-2.989391235616193,1
Histogram-based Gradient Boosting,-1.1251042517136252,-1.3487345996795697,1
Histogram-based Gradient Boosting,-2.691578169406441,-2.9392980980123435,1
Histogram-based Gradient Boosting,-3.7342838339347466,-3.672739475089039,1
Histogram-based Gradient Boosting,-2.7186459189940226,-2.7779976119921983,1
Histogram-based Gradient Boosting,-2.2669235674490644,-2.6429677295124168,1
Histogram-based Gradient Boosting,-2.4555313487080666,-2.244813417342067,1
Histogram-based Gradient Boosting,-3.221262124613128,-2.5701455413757426,1
Histogram-based Gradient Boosting,-3.9730828630218453,-3.7966119145915718,1
Histogram-based Gradient Boosting,-1.4113517913995703,-1.4793421707266183,1
Histogram-based Gradient Boosting,-2.663203768289533,-2.5054650706721273,1
Histogram-based Gradient Boosting,-1.622950411914381,-1.6775139381803947,1
Histogram-based Gradient Boosting,-3.6472310978345055,-3.1622877292094307,1
Histogram-based Gradient Boosting,-3.135663383730844,-2.2316378394521474,1
Histogram-based Gradient Boosting,-1.1465151741161497,-1.0469271706466572,1
Histogram-based Gradient Boosting,-2.2875737313332407,-1.6635791970054816,1
Histogram-based Gradient Boosting,-1.7113615374852664,-1.9029892745157926,1
Histogram-based Gradient Boosting,-1.1808764741089726,-1.3562725224217997,1
Histogram-based Gradient Boosting,-1.1883246153441216,-1.2651686861797065,1
Histogram-based Gradient Boosting,-3.7105715966505453,-3.7402919788037448,1
Histogram-based Gradient Boosting,-3.688222835963096,-3.0643603687877565,1
Histogram-based Gradient Boosting,-2.4995431395917818,-2.7472275861862125,1
Histogram-based Gradient Boosting,-2.0061846218108834,-1.9075987314109812,1
Histogram-based Gradient Boosting,-3.7551664480113374,-3.0012118081878767,1
Histogram-based Gradient Boosting,-1.9555954093204297,-2.7414092766736844,1
Histogram-based Gradient Boosting,-2.3566470252815495,-2.8979424162004235,1
Histogram-based Gradient Boosting,-2.848471723996311,-2.6944393690458828,1
Histogram-based Gradient Boosting,-1.2684519185896421,-1.7403680163862278,1
Histogram-based Gradient Boosting,-2.4462457037304657,-2.7113919963432487,1
Histogram-based Gradient Boosting,-3.190894343543139,-2.719794232130323,1
Histogram-based Gradient Boosting,-1.5518607813097591,-1.5228895578935224,1
Histogram-based Gradient Boosting,-2.8197963948012763,-2.3761782682821764,1
Histogram-based Gradient Boosting,-1.6379527351562522,-1.946589430784087,1
Histogram-based Gradient Boosting,-2.9211605333956863,-2.879674944238386,1
Histogram-based Gradient Boosting,-2.0615953180564492,-1.9852026998832368,1
Histogram-based Gradient Boosting,-1.512256636766295,-1.5881146842429337,1
Histogram-based Gradient Boosting,-2.9187956800017982,-2.6375508787342588,1
Histogram-based Gradient Boosting,-1.7015723913432346,-1.4513575364042584,1
Histogram-based Gradient Boosting,-3.7834435403498214,-3.6814048946573146,1
Histogram-based Gradient Boosting,-1.3819820537899474,-1.2325683142677102,1
Histogram-based Gradient Boosting,-1.1134303475678107,-1.6079894149883378,1
Histogram-based Gradient Boosting,-3.2861198587119835,-3.063937918658995,1
Histogram-based Gradient Boosting,-1.6384460109776287,-2.259940525741173,1
Histogram-based Gradient Boosting,-1.5213971031085405,-1.7120503183723546,1
Histogram-based Gradient Boosting,-3.23633470688153,-2.890011643521369,1
Histogram-based Gradient Boosting,-1.3450596755542978,-1.4854204356721454,1
Histogram-based Gradient Boosting,-2.1142795046940637,-2.377866543227162,1
Histogram-based Gradient Boosting,-1.385136327132139,-1.0241880226151507,1
Histogram-based Gradient Boosting,-3.466783553422354,-3.1218150807123157,1
Histogram-based Gradient Boosting,-1.8887177216857802,-1.720322233830406,1
Histogram-based Gradient Boosting,-1.5213971031085405,-1.4026806401816165,1
Histogram-based Gradient Boosting,-1.3195712003583318,-1.2819574446823476,1
Histogram-based Gradient Boosting,-1.0807113206322263,-1.177446298911653,1
Histogram-based Gradient Boosting,-1.5625822596100025,-2.304285718747912,1
Histogram-based Gradient Boosting,-3.172776808882327,-2.948014734872218,1
Histogram-based Gradient Boosting,-1.2185345221225936,-1.877646659085437,1
Histogram-based Gradient Boosting,-1.840084037547579,-2.09114759528284,1
Histogram-based Gradient Boosting,-1.0209515518818744,-1.2618120569259483,1
Histogram-based Gradient Boosting,-1.7892523214132656,-1.7761371818925453,1
Histogram-based Gradient Boosting,-3.390442939572028,-3.4103233581470422,1
Histogram-based Gradient Boosting,-1.7625310634593319,-1.4766732257917097,1
Histogram-based Gradient Boosting,-3.1720823887102565,-3.0194285538697945,1
Histogram-based Gradient Boosting,-0.6074545522659878,-0.761859462667231,1
Histogram-based Gradient Boosting,-0.9349414936187838,-0.8386480226515676,1
Histogram-based Gradient Boosting,-4.219679806977318,-3.6991381137550317,1
Histogram-based Gradient Boosting,-2.9206284299141125,-2.5708619132707917,1
Histogram-based Gradient Boosting,-3.9600428565808334,-3.6115431937705487,1
Histogram-based Gradient Boosting,-2.5312982881059978,-2.3719823542935745,1
Histogram-based Gradient Boosting,-1.421235229471209,-2.003142286816043,1
Histogram-based Gradient Boosting,-3.437187483030755,-3.3656403658657768,1
Histogram-based Gradient Boosting,-1.7139014654061842,-2.261171838483388,1
Histogram-based Gradient Boosting,-1.6292558354409146,-1.704024777110045,1
Histogram-based Gradient Boosting,-2.4951902617888977,-2.703251540279555,1
Histogram-based Gradient Boosting,-1.4386260150993235,-1.4513519181447228,1
Histogram-based Gradient Boosting,-1.453797527240351,-2.406211962954187,1
Histogram-based Gradient Boosting,-3.5624063821538914,-3.3287145256356174,1
Histogram-based Gradient Boosting,-4.0490653862997,-3.781732837740352,1
Histogram-based Gradient Boosting,-1.4001202888111866,-1.430663617587545,1
Histogram-based Gradient Boosting,-1.9811271489159006,-1.8742095195404898,1
Histogram-based Gradient Boosting,-0.9279654459479447,-0.9161548206231522,1
Histogram-based Gradient Boosting,-1.493245786531943,-1.2966221758404701,1
Histogram-based Gradient Boosting,-2.174390400742264,-2.2487299927856768,1
Histogram-based Gradient Boosting,-1.409977601837042,-1.2991281249025266,1
Histogram-based Gradient Boosting,-0.975127284906683,-1.2652736323827831,1
Histogram-based Gradient Boosting,-1.8019484611556353,-1.9219962759725326,1
Histogram-based Gradient Boosting,-2.1834863402339466,-2.6670025596730214,1
Histogram-based Gradient Boosting,-1.2640972244503184,-1.9915027083456307,1
Histogram-based Gradient Boosting,-2.119103556806872,-2.379594940372107,1
Histogram-based Gradient Boosting,-3.542851120580754,-3.2191901249102126,1
Histogram-based Gradient Boosting,-1.0624918421054752,-1.0292447798104807,1
Histogram-based Gradient Boosting,-2.090032121190501,-1.98227289526163,1
Histogram-based Gradient Boosting,-1.5609490414532068,-1.191709985488615,1
Histogram-based Gradient Boosting,-1.3448674070651871,-1.5555933320518358,1
Histogram-based Gradient Boosting,-1.709300425196423,-1.9026389175450071,1
Histogram-based Gradient Boosting,-3.4366316559477377,-3.0788359829065706,1
Histogram-based Gradient Boosting,-2.0948568608862326,-1.948268724995888,1
Histogram-based Gradient Boosting,-2.2176402640700728,-2.464492756857582,1
Histogram-based Gradient Boosting,-2.6904826786431757,-3.506686244415494,1
Histogram-based Gradient Boosting,-2.258173837778395,-2.915696902883053,1
Histogram-based Gradient Boosting,-2.17663866294089,-2.669819129684782,1
Histogram-based Gradient Boosting,-3.6308973708676717,-3.86858069123049,1
Histogram-based Gradient Boosting,-2.7292012545882884,-2.450911982314226,1
Histogram-based Gradient Boosting,-2.443810430479706,-1.8252821902355891,1
Histogram-based Gradient Boosting,-2.540720473654946,-2.547313985664056,1
Histogram-based Gradient Boosting,-2.3758693662733776,-2.6118996476125287,1
Histogram-based Gradient Boosting,-1.945164608357066,-2.0144477828982046,1
Histogram-based Gradient Boosting,-2.300301079838426,-2.987934239512147,1
Histogram-based Gradient Boosting,-3.3980116731740355,-3.109864761111972,1
Histogram-based Gradient Boosting,-2.9710072633433735,-3.104085890043289,1
Histogram-based Gradient Boosting,-3.3466707249611667,-3.0957028840121334,1
Histogram-based Gradient Boosting,-3.290189204280069,-3.270634058372884,1
Histogram-based Gradient Boosting,-2.8201877676993385,-2.468040148366742,1
Histogram-based Gradient Boosting,-2.3582852103076553,-2.6767186068636866,1
Histogram-based Gradient Boosting,-2.1622159208236154,-2.886269147798618,1
Histogram-based Gradient Boosting,-1.7083201719567802,-1.7698590903459963,1
Histogram-based Gradient Boosting,-2.3460680222446215,-1.9306363590182818,1
Histogram-based Gradient Boosting,-1.753896033344213,-1.7681489106767083,1
Histogram-based Gradient Boosting,-1.0471006958966393,-1.2237108693125893,1
Histogram-based Gradient Boosting,-3.015555503033429,-2.756118106919535,1
Histogram-based Gradient Boosting,-1.8762488134939106,-1.941873043852706,1
Histogram-based Gradient Boosting,-2.2270013364351495,-2.030447563157941,1
Histogram-based Gradient Boosting,-1.6404184550270633,-1.7747757104713675,1
Histogram-based Gradient Boosting,-3.0455186942585932,-3.1508609765858493,1
Histogram-based Gradient Boosting,-2.4520022992105748,-2.4388604499437783,1
Histogram-based Gradient Boosting,-4.059833781301273,-3.8849125667379907,1
Histogram-based Gradient Boosting,-3.844232919056576,-3.7972051926783075,1
Histogram-based Gradient Boosting,-1.6613977234664838,-2.395984650853215,1
Histogram-based Gradient Boosting,-1.586700235918748,-1.408004412156053,1
Histogram-based Gradient Boosting,-3.5527489155241385,-3.4580218138733536,1
Histogram-based Gradient Boosting,-4.059833781301273,-3.8060509215740383,1
Histogram-based Gradient Boosting,-3.276542686022807,-2.9638121604992747,1
Histogram-based Gradient Boosting,-3.31795786632659,-3.3596589938197194,1
Histogram-based Gradient Boosting,-0.9490993255496558,-1.0318587562444663,1
Histogram-based Gradient Boosting,-0.8521750241183932,-1.2969858048267306,1
Histogram-based Gradient Boosting,-1.8074474879886533,-2.0303208127026346,1
Histogram-based Gradient Boosting,-1.47951268111869,-1.2431613927864307,1
Histogram-based Gradient Boosting,-1.170757605358798,-1.8639481602708177,1
Histogram-based Gradient Boosting,-1.4655690967005093,-1.6391938882865922,1
Histogram-based Gradient Boosting,-0.9737395646276028,-1.1212357747328507,1
Histogram-based Gradient Boosting,-1.951987303305516,-1.4217562978976286,1
Histogram-based Gradient Boosting,-1.6183307304435026,-2.0844144857269864,1
Histogram-based Gradient Boosting,-1.405215799824956,-1.2445897014514469,1
Histogram-based Gradient Boosting,-3.05329283374744,-2.996385045095671,1
Histogram-based Gradient Boosting,-1.514016684929528,-1.8122960235401702,1
Histogram-based Gradient Boosting,-2.8165949053280404,-2.531565451173908,1
Histogram-based Gradient Boosting,-3.360662949678316,-3.365940803073267,1
Histogram-based Gradient Boosting,-2.0703010191144675,-2.156423894498514,1
Histogram-based Gradient Boosting,-1.0460152967125962,-0.9159384453053466,1
Histogram-based Gradient Boosting,-2.017352405817494,-2.053491268756663,1
Histogram-based Gradient Boosting,-1.5736750209710204,-2.2261837422966617,1
Histogram-based Gradient Boosting,-1.7772835288524167,-1.887588117699226,1
Histogram-based Gradient Boosting,-3.8396725549649426,-3.7029210132791914,1
Histogram-based Gradient Boosting,-0.31923658554998896,-0.26705867153543733,1
Histogram-based Gradient Boosting,-0.8579133376664105,-0.35400950727484,1
Histogram-based Gradient Boosting,0.2034251096067644,-0.13963720867185211,1
Histogram-based Gradient Boosting,-0.3118025518663407,-0.1422800222357804,1
Histogram-based Gradient Boosting,0.27486911420534327,0.24565099784089373,1
Histogram-based Gradient Boosting,-1.9219867657940077,-2.5398534798348313,1
Histogram-based Gradient Boosting,-1.7655110123526006,-2.5028783173691793,1
Histogram-based Gradient Boosting,-1.1181615001713328,-1.4970869875009492,1
Histogram-based Gradient Boosting,-2.7286993920768685,-2.471572132556,1
Histogram-based Gradient Boosting,-2.297622719595401,-1.9456455007755957,1
Histogram-based Gradient Boosting,-3.4519129118061063,-3.2624012680542482,1
Histogram-based Gradient Boosting,-2.0424559224697187,-1.9486021750270417,1
Histogram-based Gradient Boosting,-1.0801819981618899,-1.5744217640277094,1
Histogram-based Gradient Boosting,-2.405003945642156,-2.069085218542092,1
Histogram-based Gradient Boosting,-1.9190397324043553,-1.802807596766348,1
Histogram-based Gradient Boosting,-2.3812985463366814,-2.183499947294237,1
Histogram-based Gradient Boosting,-2.088287115891733,-3.1167574140508516,1
Histogram-based Gradient Boosting,-1.573747505577719,-1.0899033873791941,1
Histogram-based Gradient Boosting,-1.1998361610596366,-1.3757886889287645,1
Histogram-based Gradient Boosting,-1.111999901692932,-1.3284357207513926,1
Histogram-based Gradient Boosting,-1.4597718515481843,-1.210883377758071,1
Histogram-based Gradient Boosting,-0.952771189748095,-0.8566073035279719,1
Histogram-based Gradient Boosting,-1.5966625231096632,-1.5028046876578438,1
Histogram-based Gradient Boosting,-1.3551617678005954,-1.5772759710604138,1
Histogram-based Gradient Boosting,-1.9406256000139548,-1.7035548097177995,1
Histogram-based Gradient Boosting,-0.7463040504271798,-2.1592765269766683,1
Histogram-based Gradient Boosting,-2.0401269907408133,-1.6772954948559509,1
Histogram-based Gradient Boosting,-1.6181431713572578,-1.4460927403101318,1
Histogram-based Gradient Boosting,-3.4341521813264824,-3.3566967623426707,1
Histogram-based Gradient Boosting,-0.9679951762893184,-1.0306243759720555,1
Histogram-based Gradient Boosting,-3.2172494016790187,-3.061491236882395,1
Histogram-based Gradient Boosting,-1.483088664742514,-1.5760156607398892,1
Histogram-based Gradient Boosting,-1.148825472087486,-0.9880990385741153,1
Histogram-based Gradient Boosting,-0.428471724353625,-0.6424169368664132,1
Histogram-based Gradient Boosting,-0.8317581654646831,-1.4111104156123873,1
Histogram-based Gradient Boosting,-0.6591799251191045,-0.9021049884639079,1
Histogram-based Gradient Boosting,-3.2503548803911073,-3.221700564930194,1
Histogram-based Gradient Boosting,-1.9652557068613081,-2.4808654703050856,1
Histogram-based Gradient Boosting,-1.031601943299423,-1.0440984110152793,1
Histogram-based Gradient Boosting,-1.63438498383371,-1.8717493451242835,1
Histogram-based Gradient Boosting,-1.7462641625323523,-1.3370057248445704,1
Histogram-based Gradient Boosting,-1.0945491836072103,-1.3497786690585751,1
Histogram-based Gradient Boosting,-1.0775646199327256,-1.2914651159816997,1
Histogram-based Gradient Boosting,-1.3089106800327817,-1.1804342590356844,1
Histogram-based Gradient Boosting,-1.3147618244158232,-2.04971056213736,1
Histogram-based Gradient Boosting,-2.5315835424986517,-2.417162488841995,1
Histogram-based Gradient Boosting,-2.703826191329584,-2.335365182041398,2
Histogram-based Gradient Boosting,-3.431262194557772,-3.808652890342432,2
Histogram-based Gradient Boosting,-3.7465335671940925,-3.6801157641669553,2
Histogram-based Gradient Boosting,-3.5076503600642033,-3.35531757900422,2
Histogram-based Gradient Boosting,-2.7922905193547125,-2.808622245761707,2
Histogram-based Gradient Boosting,-2.858166273095228,-2.7061197487461857,2
Histogram-based Gradient Boosting,-3.6845481800874196,-3.9321202053688626,2
Histogram-based Gradient Boosting,-0.737425984358659,-1.2015194811205214,2
Histogram-based Gradient Boosting,-1.0745636623476162,-1.1904354443700793,2
Histogram-based Gradient Boosting,-1.5530374141251506,-1.2694817472461226,2
Histogram-based Gradient Boosting,-1.3629507222657735,-1.055351089368825,2
Histogram-based Gradient Boosting,-1.6443425309821194,-1.2332169144478087,2
Histogram-based Gradient Boosting,-3.2180472636163895,-2.953586469263566,2
Histogram-based Gradient Boosting,-1.0225392132375182,-1.2768400568001796,2
Histogram-based Gradient Boosting,-1.4187942485435616,-1.2548505292727836,2
Histogram-based Gradient Boosting,-0.9172087828988489,-1.0621637199518876,2
Histogram-based Gradient Boosting,-1.8730671060734179,-1.7904329170990039,2
Histogram-based Gradient Boosting,-3.8326531224143645,-3.777625709483993,2
Histogram-based Gradient Boosting,-2.617367632441655,-2.462387146518605,2
Histogram-based Gradient Boosting,-3.399950007606853,-3.13285195007052,2
Histogram-based Gradient Boosting,-2.808030042713029,-2.447842967218497,2
Histogram-based Gradient Boosting,-3.2834449518405893,-3.1388361182083555,2
Histogram-based Gradient Boosting,-3.1597853454922076,-2.759892776259506,2
Histogram-based Gradient Boosting,-2.66118307205398,-2.4711626225552745,2
Histogram-based Gradient Boosting,-2.772379350111858,-2.6684365863373154,2
Histogram-based Gradient Boosting,-3.2036005297986074,-2.6997998090693067,2
Histogram-based Gradient Boosting,-2.6396789104480054,-1.6113745917259397,2
Histogram-based Gradient Boosting,-2.461494632742434,-2.4281131407733594,2
Histogram-based Gradient Boosting,-2.198253243671017,-2.381634628515989,2
Histogram-based Gradient Boosting,-2.9142603715445343,-2.726295013296104,2
Histogram-based Gradient Boosting,-2.736709137429952,-2.4195493162027306,2
Histogram-based Gradient Boosting,-2.1155432005946873,-2.6606407596143065,2
Histogram-based Gradient Boosting,0.05304456027413388,-0.7142434655428868,2
Histogram-based Gradient Boosting,-0.3696586894071177,-0.44127024439428436,2
Histogram-based Gradient Boosting,-1.5018248431082857,-2.101886677844017,2
Histogram-based Gradient Boosting,-0.5987130334578719,-0.450239953999621,2
Histogram-based Gradient Boosting,-0.7019607372542168,-0.08679422657689885,2
Histogram-based Gradient Boosting,-3.0110100837480736,-0.5431513542459099,2
Histogram-based Gradient Boosting,-0.9300930772084189,-1.5142819166408474,2
Histogram-based Gradient Boosting,-0.14570591755806434,-0.23569305756522074,2
Histogram-based Gradient Boosting,-0.3135898872515433,-0.41423015506833766,2
Histogram-based Gradient Boosting,-1.8033790498935367,-1.7954298556046824,2
Histogram-based Gradient Boosting,-2.8170555006405635,-2.7118349807032973,2
Histogram-based Gradient Boosting,-2.7515330963273232,-2.500980401024486,2
Histogram-based Gradient Boosting,-3.4785088685395653,-3.311062544866245,2
Histogram-based Gradient Boosting,-3.447382880362,-2.968167201379768,2
Histogram-based Gradient Boosting,-2.97249382976246,-2.578848526620459,2
Histogram-based Gradient Boosting,-2.7237372356215404,-2.8479438063429177,2
Histogram-based Gradient Boosting,-1.9112124620769755,-2.6042130689373746,2
Histogram-based Gradient Boosting,-2.3339531661956356,-2.451899418737124,2
Histogram-based Gradient Boosting,-3.20721692140729,-3.0192248784060483,2
Histogram-based Gradient Boosting,-3.2474583508182433,-2.663249077986559,2
Histogram-based Gradient Boosting,-2.704319008875443,-3.0831904561426846,2
Histogram-based Gradient Boosting,-2.325708590111872,-2.606602748283789,2
Histogram-based Gradient Boosting,-1.800655814770182,-2.1030951383945244,2
Histogram-based Gradient Boosting,-1.9785756664607834,-1.8099218142423825,2
Histogram-based Gradient Boosting,-0.9910136950037374,-1.2543321357526949,2
Histogram-based Gradient Boosting,-1.1386989940333996,-1.5954591846729775,2
Histogram-based Gradient Boosting,-1.3158802108242549,-1.7313342223374444,2
Histogram-based Gradient Boosting,-2.586212054867284,-2.317812702310043,2
Histogram-based Gradient Boosting,-1.3859030337523468,-1.6806391160082892,2
Histogram-based Gradient Boosting,-2.8807530211105905,-3.236931702311983,2
Histogram-based Gradient Boosting,-2.6799272800459657,-1.6121117942181182,2
Histogram-based Gradient Boosting,-1.1286208649028604,-1.2341432236744379,2
Histogram-based Gradient Boosting,-3.6203410251864447,-3.3314979893686134,2
Histogram-based Gradient Boosting,-2.3083760229550343,-2.9396581070678924,2
Histogram-based Gradient Boosting,-3.3114386993585976,-3.0928120130231944,2
Histogram-based Gradient Boosting,-3.1782271514224525,-2.8496500866047674,2
Histogram-based Gradient Boosting,-1.5554661639976504,-2.238529379897618,2
Histogram-based Gradient Boosting,-1.7568408124580226,-1.7215678342140832,2
Histogram-based Gradient Boosting,-1.3160847906164357,-1.618171996534658,2
Histogram-based Gradient Boosting,-3.5222913974306227,-3.1938957558098187,2
Histogram-based Gradient Boosting,-1.0232314473246815,-0.8939236583813436,2
Histogram-based Gradient Boosting,-1.2543892714743548,-1.308374871064213,2
Histogram-based Gradient Boosting,-1.935943656763284,-2.1437239134041763,2
Histogram-based Gradient Boosting,-3.216247878762871,-2.45725720948488,2
Histogram-based Gradient Boosting,-1.5942049925158137,-2.011891206748066,2
Histogram-based Gradient Boosting,-1.41390601215094,-1.5032842451399218,2
Histogram-based Gradient Boosting,-3.0415646563875622,-3.2943464015041957,2
Histogram-based Gradient Boosting,-2.182199963303041,-2.5948055957690355,2
Histogram-based Gradient Boosting,-3.2996658499018485,-3.2327372071368643,2
Histogram-based Gradient Boosting,-2.5339607001524365,-2.127584465771542,2
Histogram-based Gradient Boosting,-2.1210586466718686,-2.4915945446251304,2
Histogram-based Gradient Boosting,-2.2826863141215226,-1.9902834142777477,2
Histogram-based Gradient Boosting,-3.285204336328503,-3.2374895161976562,2
Histogram-based Gradient Boosting,-2.2175363341456173,-2.505990509907149,2
Histogram-based Gradient Boosting,-1.5650446341096866,-2.2076937840613304,2
Histogram-based Gradient Boosting,-3.20266873961377,-2.914519199106003,2
Histogram-based Gradient Boosting,-3.40015839520823,-2.87240220321361,2
Histogram-based Gradient Boosting,-3.688222835963096,-3.5843752333675605,2
Histogram-based Gradient Boosting,-2.287736284945912,-2.5202226635437075,2
Histogram-based Gradient Boosting,-1.7176063992666837,-2.0368852632296313,2
Histogram-based Gradient Boosting,-2.082759927050954,-2.38320150568621,2
Histogram-based Gradient Boosting,-2.8326132427713318,-2.752376763117511,2
Histogram-based Gradient Boosting,-2.258697330779929,-2.29535883963091,2
Histogram-based Gradient Boosting,-2.618445069067542,-2.4216287435177986,2
Histogram-based Gradient Boosting,-3.4398948173744337,-3.297197005498669,2
Histogram-based Gradient Boosting,-1.4722472768836088,-2.1216379679392325,2
Histogram-based Gradient Boosting,-1.3149788474841408,-1.3486811602554807,2
Histogram-based Gradient Boosting,-2.8606575042266775,-2.209246512838432,2
Histogram-based Gradient Boosting,-3.9030899869919438,-3.5650950460438042,2
Histogram-based Gradient Boosting,-1.936797812533807,-2.013804443401718,2
Histogram-based Gradient Boosting,-1.272659841843383,-1.2654933785570235,2
Histogram-based Gradient Boosting,-1.0474177734305667,-1.1620322430734897,2
Histogram-based Gradient Boosting,-1.4273499677206534,-1.3894980635757008,2
Histogram-based Gradient Boosting,-3.7834435403498214,-3.684559959674667,2
Histogram-based Gradient Boosting,-1.006612713059657,-1.1169517482443088,2
Histogram-based Gradient Boosting,-3.739785461604827,-3.803091648520578,2
Histogram-based Gradient Boosting,-1.9705460914481276,-1.5097716377577954,2
Histogram-based Gradient Boosting,-2.8343485837796827,-1.9447743411558038,2
Histogram-based Gradient Boosting,-1.3434220574020639,-1.2240289438460747,2
Histogram-based Gradient Boosting,-2.9206523063014074,-2.910511119616484,2
Histogram-based Gradient Boosting,-1.4441845681180592,-1.4797859815930539,2
Histogram-based Gradient Boosting,-1.9429726110972225,-1.5753308957209478,2
Histogram-based Gradient Boosting,-1.6993207301372903,-1.4476065862401535,2
Histogram-based Gradient Boosting,-2.646263945417837,-2.115469632924094,2
Histogram-based Gradient Boosting,-2.635540187918821,-2.2929262525045764,2
Histogram-based Gradient Boosting,-2.7555635433899788,-2.062791998222395,2
Histogram-based Gradient Boosting,-2.0630158256502544,-1.9034659668893503,2
Histogram-based Gradient Boosting,-3.7469892929465796,-3.623607304746297,2
Histogram-based Gradient Boosting,-2.4368442826786825,-2.5278420217214657,2
Histogram-based Gradient Boosting,-1.9011407722544549,-1.7583493272162876,2
Histogram-based Gradient Boosting,-1.4257747559860434,-1.6477443617841898,2
Histogram-based Gradient Boosting,-1.737359048801603,-1.8974493955293574,2
Histogram-based Gradient Boosting,-0.6538319472043919,-0.9014640956443657,2
Histogram-based Gradient Boosting,-1.4330573818946528,-1.6357102240834196,2
Histogram-based Gradient Boosting,-1.0111406945890653,-1.5925006667529562,2
Histogram-based Gradient Boosting,-2.7906820711849507,-2.502297727130929,2
Histogram-based Gradient Boosting,-2.034185120528877,-2.3265594325426906,2
Histogram-based Gradient Boosting,-2.5910208366914373,-2.4618705321794945,2
Histogram-based Gradient Boosting,-1.9945993491296803,-2.259030847565402,2
Histogram-based Gradient Boosting,-2.9753058553179503,-2.4695818491789745,2
Histogram-based Gradient Boosting,-3.0607359079332865,-3.7205032568755816,2
Histogram-based Gradient Boosting,-2.0978386037648766,-2.1435087687342476,2
Histogram-based Gradient Boosting,-1.2158410977813483,-1.7199950865953115,2
Histogram-based Gradient Boosting,-3.392655441034186,-3.0217306226016314,2
Histogram-based Gradient Boosting,-3.6688623296866587,-3.684967489290678,2
Histogram-based Gradient Boosting,-1.2394237537905008,-1.175694267596286,2
Histogram-based Gradient Boosting,-1.366206440166372,-1.6123171460566186,2
Histogram-based Gradient Boosting,-1.2503305415619155,-1.2728833694646309,2
Histogram-based Gradient Boosting,-1.3168403571338247,-1.525718739687021,2
Histogram-based Gradient Boosting,-3.6688623296866587,-2.8365247935601245,2
Histogram-based Gradient Boosting,-2.2675571837562845,-1.9506535919899082,2
Histogram-based Gradient Boosting,-1.4609239012072235,-1.230730529025013,2
Histogram-based Gradient Boosting,-1.302742708063045,-1.4660421643216965,2
Histogram-based Gradient Boosting,-1.2189474946453842,-1.0502993039060171,2
Histogram-based Gradient Boosting,-1.0193030390019762,-1.0340124318526176,2
Histogram-based Gradient Boosting,-3.2740051086991615,-3.1597856404054316,2
Histogram-based Gradient Boosting,-2.04835547456192,-1.9942758647276477,2
Histogram-based Gradient Boosting,-1.8171279243372191,-2.1074743263813622,2
Histogram-based Gradient Boosting,-2.653759917660552,-2.119854750645422,2
Histogram-based Gradient Boosting,-2.5884932589587586,-2.2458085742818796,2
Histogram-based Gradient Boosting,-3.3707035768809224,-3.7961677544325623,2
Histogram-based Gradient Boosting,-2.540720473654946,-2.2819893248574985,2
Histogram-based Gradient Boosting,-1.4467153895386817,-1.669984587227222,2
Histogram-based Gradient Boosting,-3.233202110369878,-2.88387788061218,2
Histogram-based Gradient Boosting,-2.2313771400186773,-2.635949983227054,2
Histogram-based Gradient Boosting,-1.2545644486474818,-1.4380089330643415,2
Histogram-based Gradient Boosting,-1.6524312761675333,-1.9731572996802889,2
Histogram-based Gradient Boosting,-3.290189204280069,-2.9514767335112286,2
Histogram-based Gradient Boosting,-2.1032881447661516,-2.461937169674341,2
Histogram-based Gradient Boosting,-3.8817848914990014,-3.942372193023322,2
Histogram-based Gradient Boosting,-2.5041654897477077,-2.6104453589437524,2
Histogram-based Gradient Boosting,-1.5226715493865826,-1.9094184300365944,2
Histogram-based Gradient Boosting,-1.4643518021071489,-1.8257875216672412,2
Histogram-based Gradient Boosting,-1.1848306140119889,-1.7412575592595332,2
Histogram-based Gradient Boosting,-2.1980100109869287,-2.3255600972408526,2
Histogram-based Gradient Boosting,-1.2662407394987067,-1.3684404185785748,2
Histogram-based Gradient Boosting,-2.0118859545996086,-1.6572807885967618,2
Histogram-based Gradient Boosting,-3.1090516644066044,-2.6957811621784593,2
Histogram-based Gradient Boosting,-2.084073842416984,-2.2877902293192265,2
Histogram-based Gradient Boosting,-1.9644153443855357,-2.0291352814592725,2
Histogram-based Gradient Boosting,-1.5895913565043294,-1.8582869871341061,2
Histogram-based Gradient Boosting,-1.4566894173821427,-1.6556893850455165,2
Histogram-based Gradient Boosting,-1.6895586727819518,-2.020743941396067,2
Histogram-based Gradient Boosting,-2.22015815118179,-1.8814136166566573,2
Histogram-based Gradient Boosting,-2.9620793251113042,-3.057022820626902,2
Histogram-based Gradient Boosting,-2.0742842332450646,-1.4660406511610125,2
Histogram-based Gradient Boosting,-1.9412408278950934,-1.9567960278856218,2
Histogram-based Gradient Boosting,-3.184747097908846,-3.5498023098793,2
Histogram-based Gradient Boosting,-1.9603652993893874,-1.7004722975932098,2
Histogram-based Gradient Boosting,-1.8196475705694013,-1.7309716488735865,2
Histogram-based Gradient Boosting,-1.5281785967617054,-0.8735749344152677,2
Histogram-based Gradient Boosting,-2.8559441417598115,-3.1051118240762445,2
Histogram-based Gradient Boosting,-0.7856945313640958,-0.9193756821416738,2
Histogram-based Gradient Boosting,-3.0397590359811644,-3.1980481202340765,2
Histogram-based Gradient Boosting,-1.2025079170212445,-1.390625830019606,2
Histogram-based Gradient Boosting,-1.5350740375460707,-1.815513330315205,2
Histogram-based Gradient Boosting,-1.2183710988289476,-1.165537439731415,2
Histogram-based Gradient Boosting,-1.6362623936895822,-2.0696861778073132,2
Histogram-based Gradient Boosting,-1.3132997440363454,-1.225478859798678,2
Histogram-based Gradient Boosting,-2.0008832971741093,-1.7093652149426264,2
Histogram-based Gradient Boosting,-2.314076075024747,-2.1270090607568077,2
Histogram-based Gradient Boosting,-2.3822676402388554,-1.450627638133807,2
Histogram-based Gradient Boosting,-3.6368695830464484,-3.7314986632986473,2
Histogram-based Gradient Boosting,-2.4796814387852613,-2.065468720434253,2
Histogram-based Gradient Boosting,-1.8884660362981867,-1.77360593573455,2
Histogram-based Gradient Boosting,-2.122395441870392,-1.994634745103803,2
Histogram-based Gradient Boosting,-1.4262388316017447,-1.3756057959683479,2
Histogram-based Gradient Boosting,-3.3625502994733605,-3.084742804707968,2
Histogram-based Gradient Boosting,-1.1895507451644802,-1.6163323451523228,2
Histogram-based Gradient Boosting,0.23583851209189552,-0.14763424447057447,2
Histogram-based Gradient Boosting,-0.9486409221793155,-0.8130212139157749,2
Histogram-based Gradient Boosting,0.011790398005349874,0.10519418263963658,2
Histogram-based Gradient Boosting,0.23583851209189552,0.14612900613441404,2
Histogram-based Gradient Boosting,-0.8579133376664105,-0.7236546756841129,2
Histogram-based Gradient Boosting,-0.002962342870760633,0.045979360702226545,2
Histogram-based Gradient Boosting,-0.03690399983927772,0.10774902837550843,2
Histogram-based Gradient Boosting,0.004405968258246192,0.0699876008703965,2
Histogram-based Gradient Boosting,-0.43783118657286935,0.24066215139024635,2
Histogram-based Gradient Boosting,0.2733961152011059,0.19409031818644912,2
Histogram-based Gradient Boosting,-2.2749377863952085,-1.8646466691296877,2
Histogram-based Gradient Boosting,-3.3347136412278577,-3.295717928635217,2
Histogram-based Gradient Boosting,-2.1512701073865577,-2.0142419780931125,2
Histogram-based Gradient Boosting,-0.8847086972378616,-1.0867589476416186,2
Histogram-based Gradient Boosting,-1.6163219968838958,-1.6953445678590955,2
Histogram-based Gradient Boosting,-1.816712585545078,-1.945610320385781,2
Histogram-based Gradient Boosting,-3.915670428497184,-3.3376102737115474,2
Histogram-based Gradient Boosting,-1.621304790891127,-1.4431884673494177,2
Histogram-based Gradient Boosting,-1.1009937914140275,-0.8357760153738389,2
Histogram-based Gradient Boosting,-1.6115607525200502,-1.7100086073414258,2
Histogram-based Gradient Boosting,-3.2294115893983317,-2.848975877090789,2
Histogram-based Gradient Boosting,-1.2328253445920763,-1.6326861645192174,2
Histogram-based Gradient Boosting,-3.8233531994782193,-3.6388948708947915,2
Histogram-based Gradient Boosting,-1.1286832686838821,-1.3114230973701504,2
Histogram-based Gradient Boosting,-1.5290505627346085,-1.2897833634131892,2
Histogram-based Gradient Boosting,-1.28375174993668,-1.1442047979442935,2
Histogram-based Gradient Boosting,-1.540907293954747,-1.2727388103257016,2
Histogram-based Gradient Boosting,-0.9468333037780922,-1.287200301041856,2
Histogram-based Gradient Boosting,-3.151893437607053,-3.2691161028302447,2
Histogram-based Gradient Boosting,-0.9422704336465716,-1.0029986089344813,2
Histogram-based Gradient Boosting,-1.2755333695267534,-1.2240604791889138,2
Histogram-based Gradient Boosting,-0.6082262842300837,-0.9564950672849105,2
Histogram-based Gradient Boosting,-0.9568598388437015,-0.8547381319794245,2
Histogram-based Gradient Boosting,-1.8459806844208395,-1.5001139479016325,2
Histogram-based Gradient Boosting,-1.1291381497161614,-1.4410996219609307,2
Histogram-based Gradient Boosting,-2.6212424559235727,-2.929589012604431,2
Histogram-based Gradient Boosting,-0.9172146296835499,-1.1709414995350929,2
Histogram-based Gradient Boosting,-1.466507781947675,-1.2615318812516043,2
Histogram-based Gradient Boosting,-3.295634963777275,-3.279819353923684,2
Histogram-based Gradient Boosting,-1.7283368624549476,-1.2588417002458212,2
Histogram-based Gradient Boosting,-1.0748372190236377,-0.8673974718215337,2
Histogram-based Gradient Boosting,-1.1827941397057182,-1.2202163009483855,2
Histogram-based Gradient Boosting,-1.025762740954669,-0.8653622187432888,2
Histogram-based Gradient Boosting,-0.6143935172969877,-1.15143615320764,2
Histogram-based Gradient Boosting,-0.37949908787793823,-0.65983449606081,2
Histogram-based Gradient Boosting,-1.048516497297764,-1.2151850823523167,2
Histogram-based Gradient Boosting,-0.9402445883836209,-1.1564881521935793,2
Histogram-based Gradient Boosting,-1.530055677420101,-1.2474921766298976,2
Histogram-based Gradient Boosting,-1.0026227122886122,-1.283383358519303,2
Histogram-based Gradient Boosting,-2.192341601117107,-1.897422924986122,2
Histogram-based Gradient Boosting,-3.241946952668458,-3.0309647085012292,2
Histogram-based Gradient Boosting,-1.475460019768368,-1.4537751803984813,2
Histogram-based Gradient Boosting,-1.011455146773862,-1.1254083011809306,2
Histogram-based Gradient Boosting,-1.5672159407631352,-1.5218704834213872,2
Histogram-based Gradient Boosting,-1.2413209034031176,-0.965173275062056,2
Histogram-based Gradient Boosting,-1.4154063781902113,-1.306136890076364,2
Histogram-based Gradient Boosting,-3.3694633107167937,-2.9416476074181657,2
Histogram-based Gradient Boosting,-3.8301933583825565,-3.7031419882046177,2
Histogram-based Gradient Boosting,-2.3146334389286793,-2.4654170487857563,3
Histogram-based Gradient Boosting,-2.881231480327938,-2.1111947186510385,3
Histogram-based Gradient Boosting,-2.158822044993741,-2.012336603026346,3
Histogram-based Gradient Boosting,-2.218903098366632,-1.8713549694619624,3
Histogram-based Gradient Boosting,-2.1263969370231783,-1.8234720397029283,3
Histogram-based Gradient Boosting,-1.9492654506102318,-1.9800084148274961,3
Histogram-based Gradient Boosting,-3.3692782873859213,-3.156776146747295,3
Histogram-based Gradient Boosting,-3.120277513484956,-2.931242981563262,3
Histogram-based Gradient Boosting,-0.3239443747054647,-1.3859373961425228,3
Histogram-based Gradient Boosting,-1.2059345608151744,-1.4886404159673075,3
Histogram-based Gradient Boosting,-1.520097156387571,-1.22352708480551,3
Histogram-based Gradient Boosting,-0.9452141888163385,-1.141695471474807,3
Histogram-based Gradient Boosting,-1.414958380703708,-1.2002455774495866,3
Histogram-based Gradient Boosting,-1.680228158144333,-1.556169748275239,3
Histogram-based Gradient Boosting,-1.5498899805881399,-1.4056390768744635,3
Histogram-based Gradient Boosting,-3.4108437941069076,-3.3741446435444447,3
Histogram-based Gradient Boosting,-1.833927238128002,-1.962766280936727,3
Histogram-based Gradient Boosting,-2.3529321054630254,-2.1780187320495474,3
Histogram-based Gradient Boosting,-1.778416668028348,-1.418478815935663,3
Histogram-based Gradient Boosting,-1.6571034663893656,-1.0960853800491388,3
Histogram-based Gradient Boosting,-1.1631032781134523,-1.1905465091834697,3
Histogram-based Gradient Boosting,-1.4201920378605053,-1.3765714795290132,3
Histogram-based Gradient Boosting,-1.5041031112940382,-1.591509852606338,3
Histogram-based Gradient Boosting,-1.2696661993818519,-1.339847023075908,3
Histogram-based Gradient Boosting,-1.3607499667563296,-1.9928863721934609,3
Histogram-based Gradient Boosting,-2.9688776583453143,-2.4564012955802883,3
Histogram-based Gradient Boosting,-2.0569241023003397,-2.1952203526995198,3
Histogram-based Gradient Boosting,-1.1061070209631036,-1.5078582920114287,3
Histogram-based Gradient Boosting,-3.3816182003459216,-3.3018937174654113,3
Histogram-based Gradient Boosting,0.14443509497441417,-0.1733350984747773,3
Histogram-based Gradient Boosting,-1.0877694915519545,-0.6448088960396665,3
Histogram-based Gradient Boosting,-0.4049916766527308,-0.04680424908399684,3
Histogram-based Gradient Boosting,-0.6945493884044287,-0.5668081781815032,3
Histogram-based Gradient Boosting,-1.1159606660259742,-0.7570197672802493,3
Histogram-based Gradient Boosting,-1.9304209166838449,-2.07110591200735,3
Histogram-based Gradient Boosting,-1.9101052340727014,-2.4614101123793977,3
Histogram-based Gradient Boosting,-1.1005815755977664,-1.0448757560739241,3
Histogram-based Gradient Boosting,-2.2017306515457955,-1.604169788451583,3
Histogram-based Gradient Boosting,-2.2432421390383843,-2.571165978569445,3
Histogram-based Gradient Boosting,-2.1223515198479075,-2.2491052633839748,3
Histogram-based Gradient Boosting,-2.209721593275448,-1.838529392310236,3
Histogram-based Gradient Boosting,-3.579179826019102,-3.516474724134511,3
Histogram-based Gradient Boosting,-3.349843097267282,-2.857880503179937,3
Histogram-based Gradient Boosting,-3.1381335734004905,-2.974277521762788,3
Histogram-based Gradient Boosting,-2.9119908501955227,-3.225007747538813,3
Histogram-based Gradient Boosting,-2.4909497090997137,-2.6253872200492547,3
Histogram-based Gradient Boosting,-3.3458359767686834,-3.4795267334646764,3
Histogram-based Gradient Boosting,-1.415304935020491,-1.6104600632392385,3
Histogram-based Gradient Boosting,-2.845233778250056,-2.541984668726093,3
Histogram-based Gradient Boosting,-2.6732644443606475,-2.3670954514695146,3
Histogram-based Gradient Boosting,-1.0599038235929437,-1.1191652139255497,3
Histogram-based Gradient Boosting,-2.048440290036772,-1.7104301338498653,3
Histogram-based Gradient Boosting,-2.6852623228853463,-2.5700158022742285,3
Histogram-based Gradient Boosting,-3.0605406542001403,-3.2058039586854137,3
Histogram-based Gradient Boosting,-1.5372443207314632,-1.3706096379833443,3
Histogram-based Gradient Boosting,-2.3478691638008677,-2.232183252891196,3
Histogram-based Gradient Boosting,-1.183812038624167,-1.3466355349994819,3
Histogram-based Gradient Boosting,-1.4100025284401918,-2.062728660354724,3
Histogram-based Gradient Boosting,-1.4197155850010228,-1.3077047013352232,3
Histogram-based Gradient Boosting,-3.6203410251864447,-3.508260466197956,3
Histogram-based Gradient Boosting,-2.5986223809209954,-2.874310233028953,3
Histogram-based Gradient Boosting,-3.52120992195253,-3.685169070169947,3
Histogram-based Gradient Boosting,-3.5222913974306227,-3.7240034647548343,3
Histogram-based Gradient Boosting,-3.2590502255091702,-3.007920428610345,3
Histogram-based Gradient Boosting,-3.6472310978345055,-3.319932547721264,3
Histogram-based Gradient Boosting,-3.9730828630218453,-3.593919134222833,3
Histogram-based Gradient Boosting,-2.2317936703338876,-2.273173300954151,3
Histogram-based Gradient Boosting,-1.9704478542261563,-1.9858886531197637,3
Histogram-based Gradient Boosting,-1.7751555586449395,-2.1617395180209407,3
Histogram-based Gradient Boosting,-3.848875409949318,-3.701947680301844,3
Histogram-based Gradient Boosting,-1.6698969598127007,-2.0474696090378366,3
Histogram-based Gradient Boosting,-2.236090057320799,-2.1656777182067404,3
Histogram-based Gradient Boosting,-2.644753893986956,-2.790542067228981,3
Histogram-based Gradient Boosting,-2.470173263354167,-2.196872230922912,3
Histogram-based Gradient Boosting,-3.688222835963096,-3.313739229516536,3
Histogram-based Gradient Boosting,-1.987977989665314,-2.5320259486419943,3
Histogram-based Gradient Boosting,-3.159004262647741,-2.976480179457156,3
Histogram-based Gradient Boosting,-2.4308272469150642,-2.886782725303679,3
Histogram-based Gradient Boosting,-4.441291429466834,-3.8890826966697327,3
Histogram-based Gradient Boosting,-4.043611115346274,-3.8064155256541596,3
Histogram-based Gradient Boosting,-3.1495014132834878,-2.9281816907939406,3
Histogram-based Gradient Boosting,-2.7669040895368373,-2.638814276851525,3
Histogram-based Gradient Boosting,-1.262358754468822,-1.4566075562130454,3
Histogram-based Gradient Boosting,-3.231239100298885,-3.3197082169345897,3
Histogram-based Gradient Boosting,-3.690448608815449,-3.558644141695473,3
Histogram-based Gradient Boosting,-3.3960495196322524,-3.371279529720954,3
Histogram-based Gradient Boosting,-1.7818010064165613,-1.5044471000788455,3
Histogram-based Gradient Boosting,-1.7565625592771141,-1.4687997537575053,3
Histogram-based Gradient Boosting,-1.3580712288885752,-1.2210703525349815,3
Histogram-based Gradient Boosting,-3.333901540815397,-3.2630956567783485,3
Histogram-based Gradient Boosting,-1.3752808174958797,-1.6056626825958817,3
Histogram-based Gradient Boosting,-2.3662117992181373,-1.9638640509417347,3
Histogram-based Gradient Boosting,-1.2400249421136365,-1.7813173563762132,3
Histogram-based Gradient Boosting,-1.3982848993986936,-1.5340980739495835,3
Histogram-based Gradient Boosting,-1.4975728800155672,-1.24981659977701,3
Histogram-based Gradient Boosting,-3.3980931244651527,-2.887285573927308,3
Histogram-based Gradient Boosting,-2.258862588858495,-2.3352684485067328,3
Histogram-based Gradient Boosting,-1.556016572040716,-1.8470009146254802,3
Histogram-based Gradient Boosting,-1.2174698965346429,-1.1759988934336012,3
Histogram-based Gradient Boosting,-1.945720453842236,-2.2946506381409026,3
Histogram-based Gradient Boosting,-3.5459650539173615,-3.450924468238853,3
Histogram-based Gradient Boosting,-2.0116848782875407,-2.7646937941118197,3
Histogram-based Gradient Boosting,-3.5459650539173615,-3.6306067997085085,3
Histogram-based Gradient Boosting,-1.2175444827866113,-1.591291091586554,3
Histogram-based Gradient Boosting,-3.926105768520805,-3.8699140426210423,3
Histogram-based Gradient Boosting,-3.4629936067206395,-3.241373738796165,3
Histogram-based Gradient Boosting,-1.8350242298439021,-2.1599032050286993,3
Histogram-based Gradient Boosting,-2.5142250705986213,-2.337767389088558,3
Histogram-based Gradient Boosting,-2.1469087646472067,-2.1257707050827572,3
Histogram-based Gradient Boosting,-1.4115626764192806,-1.3200861578371859,3
Histogram-based Gradient Boosting,-1.015474675864504,-1.0736982150918166,3
Histogram-based Gradient Boosting,-1.2563082695173393,-1.4129103626541888,3
Histogram-based Gradient Boosting,-2.809138225804324,-2.4858144002141853,3
Histogram-based Gradient Boosting,-2.9171991963522217,-2.735845798954356,3
Histogram-based Gradient Boosting,-1.0937551186817627,-1.3865343491643376,3
Histogram-based Gradient Boosting,-0.7705521408719755,-0.6923557690639831,3
Histogram-based Gradient Boosting,-2.1372208240925845,-2.7798746615596834,3
Histogram-based Gradient Boosting,-0.664255515397868,-1.0638286459361188,3
Histogram-based Gradient Boosting,-1.5708763680120374,-1.5253869485941147,3
Histogram-based Gradient Boosting,-2.1782870563447125,-2.3774503323248157,3
Histogram-based Gradient Boosting,-3.352587686654944,-3.093465968588009,3
Histogram-based Gradient Boosting,-1.386590637896301,-1.5541175807727177,3
Histogram-based Gradient Boosting,-2.1225210730141013,-2.666599940896593,3
Histogram-based Gradient Boosting,-2.2151887800651093,-2.2650423758394234,3
Histogram-based Gradient Boosting,-2.7597061620105943,-2.046323163474138,3
Histogram-based Gradient Boosting,-1.3544637580442256,-1.646176212100339,3
Histogram-based Gradient Boosting,-2.4706410072083687,-2.213583508299989,3
Histogram-based Gradient Boosting,-3.7938003909509543,-3.782372625595229,3
Histogram-based Gradient Boosting,-1.167232267440179,-1.4008925215033128,3
Histogram-based Gradient Boosting,-2.672496188704653,-1.915655504877547,3
Histogram-based Gradient Boosting,-1.8793987946410835,-1.9273415164038983,3
Histogram-based Gradient Boosting,-1.4486812373435975,-1.533796893035277,3
Histogram-based Gradient Boosting,-1.4180277802789096,-0.9226050114144916,3
Histogram-based Gradient Boosting,-2.1481523894209715,-2.324729492590478,3
Histogram-based Gradient Boosting,-1.1598011320770079,-1.0559013477361143,3
Histogram-based Gradient Boosting,-1.2297848289673887,-0.8594313985458917,3
Histogram-based Gradient Boosting,-2.062592350526869,-2.2944802898060255,3
Histogram-based Gradient Boosting,-1.8162387276731846,-1.2165606549082162,3
Histogram-based Gradient Boosting,-2.0129990008635867,-1.2253948296907582,3
Histogram-based Gradient Boosting,-1.3284164293502903,-1.2843039883088356,3
Histogram-based Gradient Boosting,-2.3465562136207656,-1.95137981781963,3
Histogram-based Gradient Boosting,-1.1177693107076099,-1.0379867349278826,3
Histogram-based Gradient Boosting,-2.3087676366549488,-1.7315273426112066,3
Histogram-based Gradient Boosting,-1.917076538816309,-1.5976223196656694,3
Histogram-based Gradient Boosting,-1.0639605458204757,-0.8741470013769367,3
Histogram-based Gradient Boosting,-1.396090167895999,-1.801413067496968,3
Histogram-based Gradient Boosting,-2.7874427365568386,-3.1243302751107285,3
Histogram-based Gradient Boosting,-2.0995080091454192,-1.9613552129083116,3
Histogram-based Gradient Boosting,-1.2530119718858257,-0.9827632654652109,3
Histogram-based Gradient Boosting,-3.744840908818875,-3.688046251334803,3
Histogram-based Gradient Boosting,-1.7701752248722789,-1.7654263255117644,3
Histogram-based Gradient Boosting,-1.936404341844701,-2.3781884423344,3
Histogram-based Gradient Boosting,-1.7448404020099417,-1.9571421868238426,3
Histogram-based Gradient Boosting,-1.5811083204741387,-2.1802039610122277,3
Histogram-based Gradient Boosting,-1.4790145740873064,-1.5326410226759757,3
Histogram-based Gradient Boosting,-1.2111861770342556,-1.5013485786538499,3
Histogram-based Gradient Boosting,-3.6924119784161333,-3.3581421284018296,3
Histogram-based Gradient Boosting,-4.034798298974088,-3.8781888066974286,3
Histogram-based Gradient Boosting,-3.233202110369878,-3.029156458699711,3
Histogram-based Gradient Boosting,-2.345229430009625,-1.999412932614339,3
Histogram-based Gradient Boosting,-3.3358640560027224,-3.087721081533755,3
Histogram-based Gradient Boosting,-2.5444075781780136,-3.263731702317408,3
Histogram-based Gradient Boosting,-2.804329449939637,-2.048623005407199,3
Histogram-based Gradient Boosting,-2.019028072917717,-2.143914235386713,3
Histogram-based Gradient Boosting,-3.4116117497612004,-3.2494576669473574,3
Histogram-based Gradient Boosting,-3.7268829315132583,-3.5672313572736196,3
Histogram-based Gradient Boosting,-1.7613667161535187,-1.9542985347322013,3
Histogram-based Gradient Boosting,-3.4116117497612004,-3.5803163519849193,3
Histogram-based Gradient Boosting,-1.6345122959030371,-1.5032208397431037,3
Histogram-based Gradient Boosting,-2.43241576499949,-1.8487674246567678,3
Histogram-based Gradient Boosting,-2.025135764586199,-2.1875607184017394,3
Histogram-based Gradient Boosting,-1.356590498479473,-1.2605795628215442,3
Histogram-based Gradient Boosting,-1.5951494590693263,-1.7079668730949906,3
Histogram-based Gradient Boosting,-3.600326278518962,-3.90375631993263,3
Histogram-based Gradient Boosting,-1.6819366650372385,-1.6041636274875162,3
Histogram-based Gradient Boosting,-2.1956618739690814,-2.3123721577313123,3
Histogram-based Gradient Boosting,-1.5049121890283346,-2.0271237786470024,3
Histogram-based Gradient Boosting,-2.695416849848479,-2.4224788152428665,3
Histogram-based Gradient Boosting,-1.5145266747759671,-1.7532113427270717,3
Histogram-based Gradient Boosting,-3.6546223480637448,-3.5836618398738986,3
Histogram-based Gradient Boosting,-1.8057322630823986,-1.9765188650608265,3
Histogram-based Gradient Boosting,-1.5363868405196788,-1.7554591120076373,3
Histogram-based Gradient Boosting,-3.184747097908846,-3.382304236773549,3
Histogram-based Gradient Boosting,-1.1026053129321816,-1.1776776312584838,3
Histogram-based Gradient Boosting,-1.6189896501583372,-1.4341137864555509,3
Histogram-based Gradient Boosting,-1.2862388841839494,-1.6462208334348187,3
Histogram-based Gradient Boosting,-3.064232839852069,-3.310011937489167,3
Histogram-based Gradient Boosting,-1.9643120034496402,-1.5478740181633908,3
Histogram-based Gradient Boosting,-0.7797693247910334,-0.8518906983942899,3
Histogram-based Gradient Boosting,-2.2355646390433175,-1.2548226312558504,3
Histogram-based Gradient Boosting,-1.9362137770978871,-2.1792525412724664,3
Histogram-based Gradient Boosting,-2.190142441306164,-1.825607883066043,3
Histogram-based Gradient Boosting,-2.006498035079166,-1.8819416649543765,3
Histogram-based Gradient Boosting,-1.428472864706594,-1.4915663477539187,3
Histogram-based Gradient Boosting,-2.035715142789073,-2.033595655507394,3
Histogram-based Gradient Boosting,-2.152965298392503,-2.3580516730313716,3
Histogram-based Gradient Boosting,-2.2355646390433175,-1.7556471574181163,3
Histogram-based Gradient Boosting,-1.9499388302923257,-2.1201741877263385,3
Histogram-based Gradient Boosting,0.25792460161657743,0.0803794812543207,3
Histogram-based Gradient Boosting,0.013270809352243309,-0.06944142491912925,3
Histogram-based Gradient Boosting,-0.39778171004309776,-0.07286684860243056,3
Histogram-based Gradient Boosting,0.11059120541434526,-0.03738025417687663,3
Histogram-based Gradient Boosting,-0.2703526265197312,-0.15928613998173252,3
Histogram-based Gradient Boosting,0.25792460161657743,0.05122213042428136,3
Histogram-based Gradient Boosting,-0.9893876757536758,-0.34983557417652106,3
Histogram-based Gradient Boosting,-1.181419364072578,-1.3352541295247167,3
Histogram-based Gradient Boosting,-1.7473311829109102,-1.7648476327965543,3
Histogram-based Gradient Boosting,-1.4739374796247893,-1.3915453970738383,3
Histogram-based Gradient Boosting,-1.5923333763280876,-1.5609744650746025,3
Histogram-based Gradient Boosting,-1.098047311203653,-1.0708683303022906,3
Histogram-based Gradient Boosting,-1.5941100276318725,-1.022927711043314,3
Histogram-based Gradient Boosting,-2.327144451312569,-2.067284760158117,3
Histogram-based Gradient Boosting,-1.1820723340995358,-0.9229909636922918,3
Histogram-based Gradient Boosting,-3.915670428497184,-3.932891636426216,3
Histogram-based Gradient Boosting,-3.525699217034543,-3.548228652470568,3
Histogram-based Gradient Boosting,-1.5073537295089607,-1.8722650738677984,3
Histogram-based Gradient Boosting,-3.4519129118061063,-3.1790282785110415,3
Histogram-based Gradient Boosting,-2.5479760718766045,-2.283766820713671,3
Histogram-based Gradient Boosting,-1.7868132829404095,-1.8881984754414398,3
Histogram-based Gradient Boosting,-1.862548056774303,-1.5809311170422948,3
Histogram-based Gradient Boosting,-1.7236216619186897,-2.11041332453065,3
Histogram-based Gradient Boosting,-1.1814755688597112,-1.6062751520339043,3
Histogram-based Gradient Boosting,-1.455583530702784,-1.3297807027548942,3
Histogram-based Gradient Boosting,-1.852111989478871,-2.449854023853991,3
Histogram-based Gradient Boosting,-2.103347370511212,-2.3074024403841396,3
Histogram-based Gradient Boosting,-2.3872497229566574,-2.231229173476055,3
Histogram-based Gradient Boosting,-1.947863458882499,-2.439011484201518,3
Histogram-based Gradient Boosting,-2.176623074126691,-2.0523748986169434,3
Histogram-based Gradient Boosting,-1.10868225389701,-1.4318465656809412,3
Histogram-based Gradient Boosting,-1.4753372030036505,-2.096781684588996,3
Histogram-based Gradient Boosting,-1.5323301209746991,-1.714437622060786,3
Histogram-based Gradient Boosting,-1.6539166652584223,-1.978028987173683,3
Histogram-based Gradient Boosting,-1.649488441015367,-1.4690557605569992,3
Histogram-based Gradient Boosting,-1.5240818424273839,-1.2151468772764171,3
Histogram-based Gradient Boosting,-1.7563417007657087,-1.6870818947215191,3
Histogram-based Gradient Boosting,-1.4094344835568617,-1.35076121909867,3
Histogram-based Gradient Boosting,-0.8769725367904692,-1.0451165228287767,3
Histogram-based Gradient Boosting,-1.629049819754814,-1.8197408109684066,3
Histogram-based Gradient Boosting,-1.4583509625515516,-1.9890608564829082,3
Histogram-based Gradient Boosting,-1.5398588190217488,-1.2933665982845313,3
Histogram-based Gradient Boosting,-0.7266296487986936,-0.6326038859783365,3
Histogram-based Gradient Boosting,-1.8036577587890321,-1.2022706357753445,3
Histogram-based Gradient Boosting,-1.1400317683551704,-0.5504250530528754,3
Histogram-based Gradient Boosting,-2.723197328038221,-2.021134198418119,3
Histogram-based Gradient Boosting,-2.761915740881935,-1.5365639058329852,3
Histogram-based Gradient Boosting,-1.7998312883961207,-1.2467111832011264,3
Histogram-based Gradient Boosting,-3.1791288900792822,-3.0911759443474023,3
Histogram-based Gradient Boosting,-1.450536715424269,-1.983352967318558,3
Histogram-based Gradient Boosting,-0.5935262904426333,-0.9954999589850908,3
Histogram-based Gradient Boosting,-3.121373090381552,-2.1888247570843653,3
Histogram-based Gradient Boosting,-2.428366273865067,-1.9923486347973662,3
Histogram-based Gradient Boosting,-3.7648251925435416,-3.5074552214577848,3
Histogram-based Gradient Boosting,-3.4495551653497865,-3.6000512595137146,3
Histogram-based Gradient Boosting,-2.114518460874232,-2.2934924733054975,3
Histogram-based Gradient Boosting,-1.5167709261725162,-1.4333943815474592,3
Histogram-based Gradient Boosting,-1.4158076024067474,-1.4957418004011487,3
Histogram-based Gradient Boosting,-2.390077592912712,-3.012316385518498,3
Histogram-based Gradient Boosting,-1.0940337585544895,-1.3744554108687816,3
Histogram-based Gradient Boosting,-1.9812071611751474,-1.8787020250656616,3
Histogram-based Gradient Boosting,-2.064990291304019,-2.3699310446806545,4
Histogram-based Gradient Boosting,-3.5076503600642033,-2.9168926477606947,4
Histogram-based Gradient Boosting,-1.7636611133035243,-2.7091778501382016,4
Histogram-based Gradient Boosting,-1.8035334240706482,-1.945172706592743,4
Histogram-based Gradient Boosting,-3.1408689109724577,-2.5509014398433045,4
Histogram-based Gradient Boosting,-2.559953281626918,-2.387346640928866,4
Histogram-based Gradient Boosting,-2.642729293000293,-2.379029877199824,4
Histogram-based Gradient Boosting,-1.169002914533462,-1.4544501375550658,4
Histogram-based Gradient Boosting,-1.5424726897801078,-1.4545686503101374,4
Histogram-based Gradient Boosting,-1.641711232958164,-1.8746742383904547,4
Histogram-based Gradient Boosting,-1.524080623031204,-1.6013213111638605,4
Histogram-based Gradient Boosting,-1.5083613986405884,-1.5331194705018445,4
Histogram-based Gradient Boosting,-1.7190338740193807,-1.7292298575407454,4
Histogram-based Gradient Boosting,-0.32212322804184973,-1.1727547079065763,4
Histogram-based Gradient Boosting,-1.374139089297611,-1.0969147808782436,4
Histogram-based Gradient Boosting,-1.6390957814475864,-1.3125217676665568,4
Histogram-based Gradient Boosting,-1.103883331173482,-1.1352015505635176,4
Histogram-based Gradient Boosting,-1.9196885629650766,-1.605878376710726,4
Histogram-based Gradient Boosting,-0.22901321309844905,-0.9489209526148996,4
Histogram-based Gradient Boosting,-1.339883282003717,-1.5367337012417805,4
Histogram-based Gradient Boosting,-1.0225392132375182,-1.1288722920054954,4
Histogram-based Gradient Boosting,-1.1345513868310089,-1.6709527218823501,4
Histogram-based Gradient Boosting,-1.0056334760903496,-1.0914004596550473,4
Histogram-based Gradient Boosting,-1.3355656611938254,-1.549623956292611,4
Histogram-based Gradient Boosting,-2.341290856803062,-2.3898283720200686,4
Histogram-based Gradient Boosting,-1.3897810295006061,-1.657874945345662,4
Histogram-based Gradient Boosting,-1.8960550708053778,-1.9382405513734708,4
Histogram-based Gradient Boosting,-2.808030042713029,-2.4897845298301386,4
Histogram-based Gradient Boosting,-1.8194641482091292,-2.148694386966897,4
Histogram-based Gradient Boosting,-2.151509814945314,-2.6622238033677186,4
Histogram-based Gradient Boosting,-2.272602230242758,-2.0325225780540257,4
Histogram-based Gradient Boosting,-3.0391954244610955,-3.3307562661163495,4
Histogram-based Gradient Boosting,-3.876468483448327,-3.7538751258182645,4
Histogram-based Gradient Boosting,-0.40674416735366103,-0.18989741226370588,4
Histogram-based Gradient Boosting,-0.5732799306060785,-0.7467191918067513,4
Histogram-based Gradient Boosting,0.20995355888867073,0.046206343200098504,4
Histogram-based Gradient Boosting,-0.7545795752718538,-0.35877524851757914,4
Histogram-based Gradient Boosting,-0.28184511787174465,-0.9602295849995488,4
Histogram-based Gradient Boosting,-0.08363954432116573,-0.374839817337859,4
Histogram-based Gradient Boosting,-1.1235679872330004,-1.515944271502235,4
Histogram-based Gradient Boosting,-0.3417701012907816,-0.47368240354311475,4
Histogram-based Gradient Boosting,-2.2882000233155653,-2.4343613585828794,4
Histogram-based Gradient Boosting,-2.004293876429448,-2.590166454372293,4
Histogram-based Gradient Boosting,-3.6800158253354924,-3.696518373792023,4
Histogram-based Gradient Boosting,-3.2691119889214533,-2.407206232523421,4
Histogram-based Gradient Boosting,-2.465962973225779,-2.815186570718454,4
Histogram-based Gradient Boosting,-2.1460708341762897,-2.1279824257091446,4
Histogram-based Gradient Boosting,-1.1731208384522849,-1.7103569016611428,4
Histogram-based Gradient Boosting,-1.7426626842914594,-1.8090520178768723,4
Histogram-based Gradient Boosting,-1.9615865844075526,-2.1057127095478116,4
Histogram-based Gradient Boosting,-2.8170555006405635,-2.229631463159923,4
Histogram-based Gradient Boosting,-2.0468682910310587,-2.650583337996011,4
Histogram-based Gradient Boosting,-2.2415951055389973,-3.3580738646812938,4
Histogram-based Gradient Boosting,-2.557865138098485,-3.2249993837991298,4
Histogram-based Gradient Boosting,-2.6991941581253336,-2.367755724594644,4
Histogram-based Gradient Boosting,-3.447382880362,-3.246149626022462,4
Histogram-based Gradient Boosting,-2.991150818979587,-2.9213439153139444,4
Histogram-based Gradient Boosting,-2.778538031513268,-2.661445976248737,4
Histogram-based Gradient Boosting,-1.4326336990343642,-2.009550458766677,4
Histogram-based Gradient Boosting,-1.3360910210889294,-1.7595980251499748,4
Histogram-based Gradient Boosting,-2.174597252967641,-2.058839418533813,4
Histogram-based Gradient Boosting,-2.861353792341514,-2.8465770397606827,4
Histogram-based Gradient Boosting,-1.4861381638460753,-2.1424199827718797,4
Histogram-based Gradient Boosting,-1.5372443207314632,-1.5317705631947893,4
Histogram-based Gradient Boosting,-1.7028254486283225,-1.6378889000651777,4
Histogram-based Gradient Boosting,-1.3104931690369908,-1.438035063878639,4
Histogram-based Gradient Boosting,-3.7342838339347466,-3.5301129585846485,4
Histogram-based Gradient Boosting,-2.01828162271433,-2.4414287830205823,4
Histogram-based Gradient Boosting,-3.52120992195253,-2.8316628574430136,4
Histogram-based Gradient Boosting,-2.2476183878149794,-2.8132197680251645,4
Histogram-based Gradient Boosting,-3.007286136495451,-2.8704677825700617,4
Histogram-based Gradient Boosting,-2.8871236492020507,-2.4610342080500116,4
Histogram-based Gradient Boosting,-1.2227575127427186,-1.596051217812447,4
Histogram-based Gradient Boosting,-2.270552443792131,-2.6986354570476503,4
Histogram-based Gradient Boosting,-2.5342163548062593,-2.3251783018493284,4
Histogram-based Gradient Boosting,-3.4401053391639986,-2.972526993775514,4
Histogram-based Gradient Boosting,-2.810836301965318,-2.7649507894478837,4
Histogram-based Gradient Boosting,-3.384203503318252,-3.72249345361181,4
Histogram-based Gradient Boosting,-3.1353471437504044,-2.841627105401312,4
Histogram-based Gradient Boosting,-1.5623567401916558,-1.5693575288280661,4
Histogram-based Gradient Boosting,-1.706119540338668,-2.181735517093791,4
Histogram-based Gradient Boosting,-1.9381605982067327,-2.0323043193521166,4
Histogram-based Gradient Boosting,-3.4161712191583424,-3.1209712853703633,4
Histogram-based Gradient Boosting,-2.7592630971786845,-2.7336270364380355,4
Histogram-based Gradient Boosting,-1.2376574055894478,-1.4925147604252407,4
Histogram-based Gradient Boosting,-2.248890796910272,-2.3354923789202564,4
Histogram-based Gradient Boosting,-3.159004262647741,-3.3392401329322534,4
Histogram-based Gradient Boosting,-3.3388889969343114,-3.2849412070911734,4
Histogram-based Gradient Boosting,-2.9741896629359488,-2.2016069884184266,4
Histogram-based Gradient Boosting,-2.0364325385907973,-2.445575112912035,4
Histogram-based Gradient Boosting,-3.246574755779347,-3.1804198584995094,4
Histogram-based Gradient Boosting,-3.4715139529702097,-2.7528707565139907,4
Histogram-based Gradient Boosting,-1.4855749296151965,-1.688738310721419,4
Histogram-based Gradient Boosting,-1.7310907007998717,-2.0762914030548085,4
Histogram-based Gradient Boosting,-1.883787384700319,-2.0907585095047247,4
Histogram-based Gradient Boosting,-2.8667990786740405,-2.4069664940235076,4
Histogram-based Gradient Boosting,-3.8287505085021976,-3.7695475670187784,4
Histogram-based Gradient Boosting,-1.6253102968663857,-1.9715844094131887,4
Histogram-based Gradient Boosting,-2.3552642027188186,-2.2397688585485382,4
Histogram-based Gradient Boosting,-3.3960495196322524,-3.384599596498284,4
Histogram-based Gradient Boosting,-1.6668842660690988,-2.0797627136862613,4
Histogram-based Gradient Boosting,-1.7883466398341077,-2.104205364160661,4
Histogram-based Gradient Boosting,-1.7883466398341077,-1.9976780404521113,4
Histogram-based Gradient Boosting,-2.020315121682196,-1.9446182509774255,4
Histogram-based Gradient Boosting,-2.1620771953880977,-2.07651873462083,4
Histogram-based Gradient Boosting,-2.2414236426625673,-2.048900020236911,4
Histogram-based Gradient Boosting,-1.7340876483093817,-2.579559861101,4
Histogram-based Gradient Boosting,-3.48241354468584,-3.2420608727126172,4
Histogram-based Gradient Boosting,-4.026482380351305,-3.6940353435529296,4
Histogram-based Gradient Boosting,-3.7834435403498214,-3.505348490343115,4
Histogram-based Gradient Boosting,-2.0731453982830836,-1.8388686698805528,4
Histogram-based Gradient Boosting,-2.000920332458684,-2.141181014208297,4
Histogram-based Gradient Boosting,-1.1738116279378035,-1.6649680322883558,4
Histogram-based Gradient Boosting,-3.739785461604827,-3.6273133996486906,4
Histogram-based Gradient Boosting,-1.5838670484167507,-1.8547058167433281,4
Histogram-based Gradient Boosting,-1.3173301868582306,-1.3656406111602972,4
Histogram-based Gradient Boosting,-2.5037832349706837,-2.408660052684915,4
Histogram-based Gradient Boosting,-2.2151453721747094,-1.7556461898510403,4
Histogram-based Gradient Boosting,-1.479191830676853,-1.5781874888558607,4
Histogram-based Gradient Boosting,-1.2662523005170878,-1.635214806677536,4
Histogram-based Gradient Boosting,-1.42943857964666,-1.7082393383377839,4
Histogram-based Gradient Boosting,-3.4629936067206395,-3.3178566765333084,4
Histogram-based Gradient Boosting,-3.6572596108178765,-3.774983440565004,4
Histogram-based Gradient Boosting,-1.9930514957526793,-2.248171002785473,4
Histogram-based Gradient Boosting,-3.0153277959856664,-2.215290924155219,4
Histogram-based Gradient Boosting,-1.790442094293253,-2.124267783382726,4
Histogram-based Gradient Boosting,-2.049666891178964,-1.9809392703726267,4
Histogram-based Gradient Boosting,-2.484467237840419,-2.5200054145272004,4
Histogram-based Gradient Boosting,-2.099963060637607,-2.2677437178997275,4
Histogram-based Gradient Boosting,-2.7671936491741276,-3.246912819256825,4
Histogram-based Gradient Boosting,-3.2877805976748804,-3.2558310123992844,4
Histogram-based Gradient Boosting,-1.9745795534681516,-2.005869934360851,4
Histogram-based Gradient Boosting,-1.064270917741021,-1.0488525398657167,4
Histogram-based Gradient Boosting,-1.1441412885613946,-1.1778325429554775,4
Histogram-based Gradient Boosting,-2.1469087646472067,-1.8435458399583642,4
Histogram-based Gradient Boosting,-0.5687544073603336,-0.6438650744782645,4
Histogram-based Gradient Boosting,-1.3467292946628289,-1.585775698122745,4
Histogram-based Gradient Boosting,-1.4215944093236903,-1.724077592540272,4
Histogram-based Gradient Boosting,-2.001001072492525,-1.5150013930441633,4
Histogram-based Gradient Boosting,-1.1521693207507044,-0.6588783808620219,4
Histogram-based Gradient Boosting,-3.054246410327101,-2.8135745166058483,4
Histogram-based Gradient Boosting,-1.982318834323383,-1.6133832601034266,4
Histogram-based Gradient Boosting,-2.244039132061237,-2.592487590435295,4
Histogram-based Gradient Boosting,-2.8108233787082515,-2.760770709551751,4
Histogram-based Gradient Boosting,-1.86662075613132,-1.9793985175676259,4
Histogram-based Gradient Boosting,-3.030623697854625,-2.8656173288674784,4
Histogram-based Gradient Boosting,-1.6958725916338202,-2.3781587352641087,4
Histogram-based Gradient Boosting,-3.5378566631708024,-2.6363582964113994,4
Histogram-based Gradient Boosting,-1.5110863339963716,-2.39171386860973,4
Histogram-based Gradient Boosting,-2.177111289133642,-2.6984985354773268,4
Histogram-based Gradient Boosting,-1.881362165893176,-2.0713057224327227,4
Histogram-based Gradient Boosting,-2.0990330852672687,-1.840143261497645,4
Histogram-based Gradient Boosting,-1.4436245197644126,-2.191015754330425,4
Histogram-based Gradient Boosting,-3.6688623296866587,-3.7648319945878943,4
Histogram-based Gradient Boosting,-2.8947429719805546,-3.0341815094179947,4
Histogram-based Gradient Boosting,-2.2689882869552584,-3.1096310135687495,4
Histogram-based Gradient Boosting,-0.7420831923821466,-1.4617401505326393,4
Histogram-based Gradient Boosting,-0.9642747859315978,-1.3901436007594794,4
Histogram-based Gradient Boosting,-1.3693953613978682,-1.4513308428494558,4
Histogram-based Gradient Boosting,-1.5310782741493767,-1.4764236725789288,4
Histogram-based Gradient Boosting,-1.1301967317733737,-0.9363832167488247,4
Histogram-based Gradient Boosting,-1.0225594503600544,-0.9759922910124197,4
Histogram-based Gradient Boosting,-1.8626742516440307,-1.4697056445058367,4
Histogram-based Gradient Boosting,-1.8035282856682657,-1.7041484093935217,4
Histogram-based Gradient Boosting,-3.6419813498697473,-3.69383669853454,4
Histogram-based Gradient Boosting,-1.4399552960568784,-1.49047640638879,4
Histogram-based Gradient Boosting,-3.119103556806872,-2.6556154934894676,4
Histogram-based Gradient Boosting,-2.0598606483703086,-2.0638410286816575,4
Histogram-based Gradient Boosting,-1.1984184440476704,-1.2459801410158864,4
Histogram-based Gradient Boosting,-1.394827676426251,-1.9964740375858345,4
Histogram-based Gradient Boosting,-2.2488337964546146,-1.8581461516087623,4
Histogram-based Gradient Boosting,-3.8997432135729384,-3.8436248615714064,4
Histogram-based Gradient Boosting,-1.7550940407409845,-1.6010970491440935,4
Histogram-based Gradient Boosting,-3.744840908818875,-3.643786486048418,4
Histogram-based Gradient Boosting,-1.6434286328720604,-1.7413058999906852,4
Histogram-based Gradient Boosting,-2.8398575372186334,-2.4187993070570353,4
Histogram-based Gradient Boosting,-3.233202110369878,-2.9905136373504972,4
Histogram-based Gradient Boosting,-2.626594359719023,-2.9235254409262725,4
Histogram-based Gradient Boosting,-2.2405786779424,-2.462621349768814,4
Histogram-based Gradient Boosting,-2.483384252706259,-2.2029709142667664,4
Histogram-based Gradient Boosting,-1.8175258287604161,-2.0576893081857768,4
Histogram-based Gradient Boosting,-2.993441546294603,-2.2949292109061314,4
Histogram-based Gradient Boosting,-2.1317533670782356,-3.1211030191288773,4
Histogram-based Gradient Boosting,-2.0864005407417032,-1.7805354545053946,4
Histogram-based Gradient Boosting,-1.593236649552128,-1.5301913194083112,4
Histogram-based Gradient Boosting,-2.579721210352638,-2.198174913925243,4
Histogram-based Gradient Boosting,-1.8668031693530753,-1.7006398217431251,4
Histogram-based Gradient Boosting,-1.928979817650206,-1.9353722507241344,4
Histogram-based Gradient Boosting,-1.7246442506203672,-1.2438592661234824,4
Histogram-based Gradient Boosting,-1.5372075124674875,-1.3088665310723844,4
Histogram-based Gradient Boosting,-4.056947918112584,-3.8997826941280733,4
Histogram-based Gradient Boosting,-1.694880975742639,-2.6405194210881566,4
Histogram-based Gradient Boosting,-3.3309007861959947,-3.2341326422518124,4
Histogram-based Gradient Boosting,-2.5783960731301687,-2.6100754820412,4
Histogram-based Gradient Boosting,-1.7581838126622393,-1.5338782177826247,4
Histogram-based Gradient Boosting,-1.4333467694862632,-1.4759647933203033,4
Histogram-based Gradient Boosting,-1.0942289641451028,-1.2485824318629273,4
Histogram-based Gradient Boosting,-1.5572116152486462,-1.373001713884967,4
Histogram-based Gradient Boosting,-2.432175336754664,-2.480598360720401,4
Histogram-based Gradient Boosting,-2.833475754814589,-2.322967521238522,4
Histogram-based Gradient Boosting,-2.292547184423849,-2.5045079001187847,4
Histogram-based Gradient Boosting,-0.6894774956008592,-1.178830364201376,4
Histogram-based Gradient Boosting,-3.7727484977747765,-3.6982642980070057,4
Histogram-based Gradient Boosting,-2.1639051839291805,-1.9203233719784891,4
Histogram-based Gradient Boosting,-3.312017362295172,-3.7336910027813657,4
Histogram-based Gradient Boosting,-1.2672463833090828,-1.5005708253654426,4
Histogram-based Gradient Boosting,-1.2165796349138172,-1.457257637316417,4
Histogram-based Gradient Boosting,-2.809660176396059,-2.4535492334685913,4
Histogram-based Gradient Boosting,-2.850003549488979,-2.9329348356841067,4
Histogram-based Gradient Boosting,-1.5097699255058308,-1.9172474951956682,4
Histogram-based Gradient Boosting,-1.6374387034297335,-1.7877309284047203,4
Histogram-based Gradient Boosting,-1.309961996475505,-1.770125665939478,4
Histogram-based Gradient Boosting,-1.2800471306587051,-1.9140902148615269,4
Histogram-based Gradient Boosting,-3.05329283374744,-2.7718811126588254,4
Histogram-based Gradient Boosting,-2.4881639462888585,-1.8666661842566348,4
Histogram-based Gradient Boosting,-1.391500388590343,-1.52029610174695,4
Histogram-based Gradient Boosting,-2.3371392715991264,-2.2603114994532554,4
Histogram-based Gradient Boosting,-1.4541338573389984,-1.251801889910375,4
Histogram-based Gradient Boosting,-3.3625502994733605,-3.28090222486111,4
Histogram-based Gradient Boosting,0.016216578776438208,0.2486941384517736,4
Histogram-based Gradient Boosting,-1.34349300583641,-2.0901298382089193,4
Histogram-based Gradient Boosting,-0.40966424145785746,-0.23413922762321673,4
Histogram-based Gradient Boosting,0.26528954569788904,-0.003290612500578131,4
Histogram-based Gradient Boosting,-0.202317609683526,0.052965316285427236,4
Histogram-based Gradient Boosting,0.23141740977050707,0.18910096043337882,4
Histogram-based Gradient Boosting,-0.5442825169537446,0.05693673693149776,4
Histogram-based Gradient Boosting,-3.6464665167152384,-3.697796910860596,4
Histogram-based Gradient Boosting,-1.5200924815934278,-1.721166910581058,4
Histogram-based Gradient Boosting,-1.2407370006641907,-1.537727743519302,4
Histogram-based Gradient Boosting,-0.9771273167949791,-1.1493519908341838,4
Histogram-based Gradient Boosting,-1.7181996551162337,-1.8501319769973361,4
Histogram-based Gradient Boosting,-1.6790364719823858,-1.7752073932638879,4
Histogram-based Gradient Boosting,-1.5671957242975716,-1.8936662044933013,4
Histogram-based Gradient Boosting,-2.642143447351316,-2.1657588071425247,4
Histogram-based Gradient Boosting,-1.621304790891127,-1.778627274433994,4
Histogram-based Gradient Boosting,-1.492201494031574,-1.5382863895376955,4
Histogram-based Gradient Boosting,-2.1235976234646596,-2.145663035963094,4
Histogram-based Gradient Boosting,-2.7488910409678486,-2.2179071015115244,4
Histogram-based Gradient Boosting,-2.2038635814094025,-2.170886595182716,4
Histogram-based Gradient Boosting,-2.6216055516158603,-2.5631103795218935,4
Histogram-based Gradient Boosting,-1.6695950343945678,-1.7901706765651608,4
Histogram-based Gradient Boosting,-1.7472661616036533,-1.3217381159850914,4
Histogram-based Gradient Boosting,-1.42625067509891,-1.2526859196494096,4
Histogram-based Gradient Boosting,-1.4753372030036505,-1.947941091986704,4
Histogram-based Gradient Boosting,-1.3198484161479276,-1.0957605494371487,4
Histogram-based Gradient Boosting,-0.9134224928394735,-0.8137347327527097,4
Histogram-based Gradient Boosting,-2.14182332020342,-2.444733184037543,4
Histogram-based Gradient Boosting,-0.8959678728621829,-1.1986118989275187,4
Histogram-based Gradient Boosting,-1.1543394167845993,-1.3925010454876983,4
Histogram-based Gradient Boosting,-0.5052921847488494,-1.3591935833441395,4
Histogram-based Gradient Boosting,-1.0181181552809078,-1.2104705415018429,4
Histogram-based Gradient Boosting,-2.2646029664100515,-2.199979952963993,4
Histogram-based Gradient Boosting,-1.042642722079717,-1.411880741589427,4
Histogram-based Gradient Boosting,-3.1791288900792822,-2.3108855528995753,4
Histogram-based Gradient Boosting,-0.4819145002205912,-0.8982201056257219,4
Histogram-based Gradient Boosting,-0.2468343715025799,-0.6242041134534657,4
Histogram-based Gradient Boosting,-3.20055468102406,-3.1971613960972123,4
Histogram-based Gradient Boosting,-1.3068936298450675,-1.382027407490845,4
Histogram-based Gradient Boosting,-1.0884067327209506,-1.0598626027395863,4
Histogram-based Gradient Boosting,-3.431262194557772,-3.6493502832137272,5
Histogram-based Gradient Boosting,-1.9492654506102318,-2.192682164345327,5
Histogram-based Gradient Boosting,-1.6844526576962697,-1.7015105294420654,5
Histogram-based Gradient Boosting,-2.403452823620798,-2.309733730477433,5
Histogram-based Gradient Boosting,-2.3969317709673565,-2.2953184375077837,5
Histogram-based Gradient Boosting,-2.423624898245491,-1.8252498492442828,5
Histogram-based Gradient Boosting,-2.2593946471787434,-1.9944352565766577,5
Histogram-based Gradient Boosting,-1.7253486984128064,-2.162483705745755,5
Histogram-based Gradient Boosting,-1.5321588732385725,-2.0745893223331313,5
Histogram-based Gradient Boosting,-1.5393527377902698,-0.8625036273941946,5
Histogram-based Gradient Boosting,-1.7566657394319904,-1.851665204197868,5
Histogram-based Gradient Boosting,-0.9407520429016281,-1.355701399819961,5
Histogram-based Gradient Boosting,-1.820599175381769,-1.6752812023402832,5
Histogram-based Gradient Boosting,-1.2247774230710238,-1.1831017831369524,5
Histogram-based Gradient Boosting,-1.6021765542362365,-2.2931390238336564,5
Histogram-based Gradient Boosting,-1.1938637358837367,-1.6717016451493776,5
Histogram-based Gradient Boosting,-1.4985127097581414,-1.350771418915907,5
Histogram-based Gradient Boosting,-1.221874373746708,-1.513829142996119,5
Histogram-based Gradient Boosting,-1.1131158581897997,-1.1393100561119736,5
Histogram-based Gradient Boosting,-1.9996117840097518,-1.5485021875321754,5
Histogram-based Gradient Boosting,-3.694349887124185,-3.319112117998318,5
Histogram-based Gradient Boosting,-2.7929079641438137,-3.2501419976551196,5
Histogram-based Gradient Boosting,-2.2025638997362065,-2.426559888086295,5
Histogram-based Gradient Boosting,-2.6092962251353855,-2.18467094915359,5
Histogram-based Gradient Boosting,-2.5901613502180045,-2.811700703257677,5
Histogram-based Gradient Boosting,-0.7406200937095554,-0.7756455879579647,5
Histogram-based Gradient Boosting,-0.2659675601094114,-0.5063754919985436,5
Histogram-based Gradient Boosting,-0.19201915469350456,-0.4584407958951202,5
Histogram-based Gradient Boosting,0.1297019665778856,-0.556309258842589,5
Histogram-based Gradient Boosting,-0.16542042319834802,0.010702127951969655,5
Histogram-based Gradient Boosting,0.20849296776590773,-0.13165133939205065,5
Histogram-based Gradient Boosting,-2.9107287853445634,-2.348808734991304,5
Histogram-based Gradient Boosting,-2.7785748071197123,-2.2256882737742374,5
Histogram-based Gradient Boosting,-2.931358924489361,-2.0510405229734308,5
Histogram-based Gradient Boosting,-1.5397653155309607,-1.991526191631824,5
Histogram-based Gradient Boosting,-1.8094490244732577,-1.9382157157943345,5
Histogram-based Gradient Boosting,-3.0166281405425486,-3.1731751431844435,5
Histogram-based Gradient Boosting,-1.2279630916135922,-1.9097333000305343,5
Histogram-based Gradient Boosting,-1.4817410394981543,-1.9416108797340093,5
Histogram-based Gradient Boosting,-3.810574259769909,-3.6844227466691333,5
Histogram-based Gradient Boosting,-2.5090165872531767,-2.299744914601258,5
Histogram-based Gradient Boosting,-3.20721692140729,-2.7475581449806183,5
Histogram-based Gradient Boosting,-1.1468871297310963,-1.9751358503835914,5
Histogram-based Gradient Boosting,-3.1668739337041876,-2.860546176904434,5
Histogram-based Gradient Boosting,-3.310333372786738,-2.7640462698901715,5
Histogram-based Gradient Boosting,-3.310333372786738,-3.2981388112075427,5
Histogram-based Gradient Boosting,-1.624154843179839,-2.445511282830194,5
Histogram-based Gradient Boosting,-2.6788398129059168,-2.758755819849075,5
Histogram-based Gradient Boosting,-3.130720745231321,-3.1709503876687526,5
Histogram-based Gradient Boosting,-2.492075482831661,-1.7640181936537833,5
Histogram-based Gradient Boosting,-2.7233828886420643,-2.3816629601732315,5
Histogram-based Gradient Boosting,-1.8319016673890882,-1.8670354315184574,5
Histogram-based Gradient Boosting,-2.186006727498246,-2.5896454993367217,5
Histogram-based Gradient Boosting,-1.4093732376842594,-1.4605771978718707,5
Histogram-based Gradient Boosting,-2.617794503701521,-2.4752621606121075,5
Histogram-based Gradient Boosting,-1.6037557432468053,-1.6657499760418095,5
Histogram-based Gradient Boosting,-1.4542413778154994,-2.1403165599665472,5
Histogram-based Gradient Boosting,-2.9864932974615632,-2.2049166975781924,5
Histogram-based Gradient Boosting,-1.115836390766966,-1.0174097588521895,5
Histogram-based Gradient Boosting,-3.873453012328298,-3.6498725793274622,5
Histogram-based Gradient Boosting,-1.4370923600242806,-1.8707065997842887,5
Histogram-based Gradient Boosting,-3.008152176256889,-1.9136023964455524,5
Histogram-based Gradient Boosting,-1.6435374468814823,-2.2446488201254864,5
Histogram-based Gradient Boosting,-1.0556956867709293,-1.2992266149117113,5
Histogram-based Gradient Boosting,-1.6217142305536996,-1.7080420380850698,5
Histogram-based Gradient Boosting,-1.2886807788238237,-1.6442061080633787,5
Histogram-based Gradient Boosting,-1.3266108732423414,-1.486569080076458,5
Histogram-based Gradient Boosting,-1.392520817816124,-1.8209033779623807,5
Histogram-based Gradient Boosting,-3.302921552819786,-3.2894779305735447,5
Histogram-based Gradient Boosting,-2.3918623308235594,-2.5570466199867483,5
Histogram-based Gradient Boosting,-2.5038360209902844,-2.6490397227163727,5
Histogram-based Gradient Boosting,-1.794765718416369,-2.0546159530511816,5
Histogram-based Gradient Boosting,-3.302921552819786,-2.9849314335870187,5
Histogram-based Gradient Boosting,-2.9303729669440868,-2.58368609380701,5
Histogram-based Gradient Boosting,-2.487130374543647,-2.6671338197614007,5
Histogram-based Gradient Boosting,-2.498525274280529,-2.4486789381305,5
Histogram-based Gradient Boosting,-2.457678098889193,-2.062157595924168,5
Histogram-based Gradient Boosting,-1.547722797531173,-1.8925229464653248,5
Histogram-based Gradient Boosting,-1.6536721058017216,-2.077371277746357,5
Histogram-based Gradient Boosting,-3.2590502255091702,-2.5636707439934914,5
Histogram-based Gradient Boosting,-1.1630496225248408,-1.1897732152189604,5
Histogram-based Gradient Boosting,-2.4934863088506534,-2.173807037392628,5
Histogram-based Gradient Boosting,-1.5862250860093259,-1.8730875850041713,5
Histogram-based Gradient Boosting,-2.988535711454289,-3.4195340496268893,5
Histogram-based Gradient Boosting,-3.339134521996131,-2.9962128740900917,5
Histogram-based Gradient Boosting,-1.5371060964041248,-1.7908442412186385,5
Histogram-based Gradient Boosting,-3.09259777670544,-2.2832726253298254,5
Histogram-based Gradient Boosting,-2.1081088952398566,-1.7646879073405923,5
Histogram-based Gradient Boosting,-2.848471723996311,-2.3717743533100784,5
Histogram-based Gradient Boosting,-2.999290941959355,-2.6498726859347626,5
Histogram-based Gradient Boosting,-2.4911353637922846,-2.6064965271770832,5
Histogram-based Gradient Boosting,-2.0559062448512155,-3.317286930203911,5
Histogram-based Gradient Boosting,-1.7478447295977892,-2.022397026004069,5
Histogram-based Gradient Boosting,-1.4886987965534475,-2.0907748524227414,5
Histogram-based Gradient Boosting,-2.550141932709222,-2.4682313712019672,5
Histogram-based Gradient Boosting,-2.362468744313884,-2.104805322175274,5
Histogram-based Gradient Boosting,-1.6846961468463335,-1.7823519559447514,5
Histogram-based Gradient Boosting,-1.955139967558483,-1.9855754908029033,5
Histogram-based Gradient Boosting,-2.2625101343415968,-2.1123629415200935,5
Histogram-based Gradient Boosting,-2.110664900131247,-2.6458779538955826,5
Histogram-based Gradient Boosting,-1.9070646816834933,-1.8812078814875997,5
Histogram-based Gradient Boosting,-1.7983538696326367,-1.7919801579656796,5
Histogram-based Gradient Boosting,-3.508144052188851,-3.572154698624938,5
Histogram-based Gradient Boosting,-2.772360579555891,-2.4119891193316385,5
Histogram-based Gradient Boosting,-2.728175115284189,-1.8073975133245037,5
Histogram-based Gradient Boosting,-1.012145447578458,-1.2290894864406319,5
Histogram-based Gradient Boosting,-1.8211763195496429,-2.597654179086824,5
Histogram-based Gradient Boosting,-2.728175115284189,-2.2015282085724897,5
Histogram-based Gradient Boosting,-2.3458067992518874,-1.5592418758078124,5
Histogram-based Gradient Boosting,-1.1893279510795818,-0.8750771169297825,5
Histogram-based Gradient Boosting,-2.5430732387631334,-2.301461113696521,5
Histogram-based Gradient Boosting,-2.4117878095891196,-2.152656085289791,5
Histogram-based Gradient Boosting,-1.2834663142150111,-1.5870747087523922,5
Histogram-based Gradient Boosting,-1.8555915719713854,-1.681512867485446,5
Histogram-based Gradient Boosting,-1.2303723324828062,-1.4511541732529554,5
Histogram-based Gradient Boosting,-1.9458635904251336,-1.7240658665547872,5
Histogram-based Gradient Boosting,-1.069394064585742,-1.430969157663545,5
Histogram-based Gradient Boosting,-1.8441291379223155,-1.9755587738811962,5
Histogram-based Gradient Boosting,-1.9718622007532294,-1.8257323538596557,5
Histogram-based Gradient Boosting,-2.176441984856953,-2.1913211830498684,5
Histogram-based Gradient Boosting,-1.4782087030212006,-1.5744437015250021,5
Histogram-based Gradient Boosting,-2.6148556108775285,-2.4204536254587454,5
Histogram-based Gradient Boosting,-1.8011659603551675,-2.4258094929809815,5
Histogram-based Gradient Boosting,-3.289282825523282,-3.176588822116376,5
Histogram-based Gradient Boosting,-1.6517269019834395,-1.8126129421085446,5
Histogram-based Gradient Boosting,-1.98115226552214,-1.7704109271714445,5
Histogram-based Gradient Boosting,-3.1720823887102565,-2.89175215530439,5
Histogram-based Gradient Boosting,-1.3267843126055872,-1.5226319678593554,5
Histogram-based Gradient Boosting,-2.648503823177817,-2.2011338594915384,5
Histogram-based Gradient Boosting,-0.9637364568210032,-1.3200301512020693,5
Histogram-based Gradient Boosting,-1.4285635434183963,-1.4798059533069972,5
Histogram-based Gradient Boosting,-2.00821940080217,-1.624622564530912,5
Histogram-based Gradient Boosting,-2.536796608945731,-2.013576810429858,5
Histogram-based Gradient Boosting,-3.7986028756795487,-3.6493668101142362,5
Histogram-based Gradient Boosting,-2.8641555620169683,-2.483163636837729,5
Histogram-based Gradient Boosting,-3.7692522846397316,-3.346187043360557,5
Histogram-based Gradient Boosting,-2.560133846538238,-2.374383762644863,5
Histogram-based Gradient Boosting,-1.5438464586997465,-1.939436189871319,5
Histogram-based Gradient Boosting,-2.2062980891288984,-2.095002796663595,5
Histogram-based Gradient Boosting,-2.612904311968554,-2.2400785652443034,5
Histogram-based Gradient Boosting,-2.806163575333855,-2.6602147824606637,5
Histogram-based Gradient Boosting,-1.9090244195663402,-1.9902554127605563,5
Histogram-based Gradient Boosting,-3.644312909802797,-4.06204190613273,5
Histogram-based Gradient Boosting,-2.647947017470284,-2.7345945919404624,5
Histogram-based Gradient Boosting,-3.9453409907865007,-3.581924815724871,5
Histogram-based Gradient Boosting,-2.0893959764848726,-1.9307409928413857,5
Histogram-based Gradient Boosting,-1.297434930657182,-1.473022399775007,5
Histogram-based Gradient Boosting,-1.2327435377262763,-1.217297577239967,5
Histogram-based Gradient Boosting,-1.3310146489007124,-0.9422409765573325,5
Histogram-based Gradient Boosting,-1.8347593251696876,-1.701170573105801,5
Histogram-based Gradient Boosting,-1.1843962080688974,-1.6570097477057018,5
Histogram-based Gradient Boosting,-1.763658215013675,-1.9903075874663747,5
Histogram-based Gradient Boosting,-1.318606216338379,-1.3315228006490192,5
Histogram-based Gradient Boosting,-1.270721247267063,-1.3510288706222726,5
Histogram-based Gradient Boosting,-1.0144370432648293,-1.5445780142950796,5
Histogram-based Gradient Boosting,-0.7242679085347501,-1.1082697194087756,5
Histogram-based Gradient Boosting,-3.312493333735544,-2.903034957934642,5
Histogram-based Gradient Boosting,-1.9341938240909706,-1.8808763394649315,5
Histogram-based Gradient Boosting,-1.4337063496845048,-1.69954537440514,5
Histogram-based Gradient Boosting,-1.215596170273078,-1.7141318207424208,5
Histogram-based Gradient Boosting,-1.543738042979891,-1.7250574463605797,5
Histogram-based Gradient Boosting,-1.351662241081682,-1.6243922490708829,5
Histogram-based Gradient Boosting,-2.329956957829961,-2.232921313888443,5
Histogram-based Gradient Boosting,-1.525605260081181,-1.9092741876833663,5
Histogram-based Gradient Boosting,-2.436631774638256,-2.384890430658094,5
Histogram-based Gradient Boosting,-2.568749167088006,-2.0842947264259952,5
Histogram-based Gradient Boosting,-2.0916278587378,-1.1402215220843241,5
Histogram-based Gradient Boosting,-1.9715416460145745,-1.8180775429542255,5
Histogram-based Gradient Boosting,-1.785391290725075,-1.8669643980793855,5
Histogram-based Gradient Boosting,-3.3980116731740355,-2.9907512862903745,5
Histogram-based Gradient Boosting,-2.8217593886833527,-2.6551231369366377,5
Histogram-based Gradient Boosting,-1.7709615792854492,-1.8508343567017917,5
Histogram-based Gradient Boosting,-4.034834060338741,-3.555046448979766,5
Histogram-based Gradient Boosting,-3.6924119784161333,-2.756807601526641,5
Histogram-based Gradient Boosting,-2.033677685255944,-1.8760078604007333,5
Histogram-based Gradient Boosting,-2.7386203038591304,-2.664769654184452,5
Histogram-based Gradient Boosting,-3.2402151004002007,-3.483495276447551,5
Histogram-based Gradient Boosting,-1.3308187576670196,-1.4719063938274908,5
Histogram-based Gradient Boosting,-2.26736728311359,-3.279537747816967,5
Histogram-based Gradient Boosting,-1.95795837174818,-1.9458227246501731,5
Histogram-based Gradient Boosting,-2.0645418092014314,-1.986482122264715,5
Histogram-based Gradient Boosting,-1.7139992395270756,-1.7166313011853092,5
Histogram-based Gradient Boosting,-2.1633711620778806,-2.3832971487344143,5
Histogram-based Gradient Boosting,-2.7766733448672327,-2.466219627501608,5
Histogram-based Gradient Boosting,-3.3036200184447138,-3.2895954675574965,5
Histogram-based Gradient Boosting,-1.5279900670983446,-1.6566117083680745,5
Histogram-based Gradient Boosting,-4.059833781301273,-3.771745687171478,5
Histogram-based Gradient Boosting,-2.5585788782984222,-2.1707778431064684,5
Histogram-based Gradient Boosting,-1.5650830494456354,-1.6221143746470323,5
Histogram-based Gradient Boosting,-3.393048191942752,-3.177290045444772,5
Histogram-based Gradient Boosting,-1.2054304558342028,-1.1924664827640568,5
Histogram-based Gradient Boosting,-1.6663570851479517,-1.0898942691654958,5
Histogram-based Gradient Boosting,-1.717711472714874,-2.0648452173063037,5
Histogram-based Gradient Boosting,-1.6159918285387698,-1.5177624620629795,5
Histogram-based Gradient Boosting,-1.1149880354485275,-0.8827473993265769,5
Histogram-based Gradient Boosting,-0.9751054096242024,-1.1304882165045103,5
Histogram-based Gradient Boosting,-1.2067214626499687,-1.2314653448835418,5
Histogram-based Gradient Boosting,-1.8161267212970162,-1.9837369981208914,5
Histogram-based Gradient Boosting,-2.5945173784671853,-2.7488489021611953,5
Histogram-based Gradient Boosting,-1.7997913808340749,-1.86164212503195,5
Histogram-based Gradient Boosting,-2.5255934458757454,-2.2004405844731756,5
Histogram-based Gradient Boosting,-1.740666799910411,-1.7599811924087958,5
Histogram-based Gradient Boosting,-3.0397590359811644,-2.579163181104491,5
Histogram-based Gradient Boosting,-1.4562179644760493,-1.7887787113615716,5
Histogram-based Gradient Boosting,-3.7618083196547483,-3.640904242980173,5
Histogram-based Gradient Boosting,-3.3010769020010144,-3.42125665144839,5
Histogram-based Gradient Boosting,-1.1090605687339063,-1.3495951549621934,5
Histogram-based Gradient Boosting,-1.8486158063184404,-2.0598690685585135,5
Histogram-based Gradient Boosting,-1.3627172000570675,-1.4959016341951765,5
Histogram-based Gradient Boosting,-1.9765773961271407,-2.0218372207436803,5
Histogram-based Gradient Boosting,-2.740096874062147,-2.2742180283875086,5
Histogram-based Gradient Boosting,-2.464359595395084,-2.5215076577967057,5
Histogram-based Gradient Boosting,0.3580642293861346,-0.08541027261423001,5
Histogram-based Gradient Boosting,0.10764671163334447,-0.0028687036237122544,5
Histogram-based Gradient Boosting,0.13858982128300762,0.09904924868926472,5
Histogram-based Gradient Boosting,-0.004427072779599359,0.15308030176620915,5
Histogram-based Gradient Boosting,0.2461448119736277,-0.07421950940045678,5
Histogram-based Gradient Boosting,0.3323074801803344,-0.24858039343344823,5
Histogram-based Gradient Boosting,-1.7405367157549274,-1.9634613625420967,5
Histogram-based Gradient Boosting,-3.1657421077804533,-3.2551396428758874,5
Histogram-based Gradient Boosting,-1.1505417041520314,-1.2110557756657354,5
Histogram-based Gradient Boosting,-1.6314222073485498,-2.008817076707994,5
Histogram-based Gradient Boosting,-2.703220329010491,-2.7687442599261356,5
Histogram-based Gradient Boosting,-1.315440666986884,-1.5302786561970254,5
Histogram-based Gradient Boosting,-2.5395917281791975,-2.098338836810926,5
Histogram-based Gradient Boosting,-2.789746241172472,-2.61347671770334,5
Histogram-based Gradient Boosting,-1.1078591195735359,-1.1508140553196633,5
Histogram-based Gradient Boosting,-1.7300615156440644,-1.849339680595738,5
Histogram-based Gradient Boosting,-1.2812660713628026,-1.2072287225880844,5
Histogram-based Gradient Boosting,-1.5674558687076858,-1.428766309379329,5
Histogram-based Gradient Boosting,-1.3469740509457453,-1.125485984407612,5
Histogram-based Gradient Boosting,-1.3041517533417322,-1.5002195305218589,5
Histogram-based Gradient Boosting,-1.2818579528648468,-1.1939628629988106,5
Histogram-based Gradient Boosting,-1.6322137070153477,-1.7548904837863049,5
Histogram-based Gradient Boosting,-1.3198484161479276,-1.6612157575797613,5
Histogram-based Gradient Boosting,-1.3198484161479276,-1.277090596341382,5
Histogram-based Gradient Boosting,-1.793068638288037,-1.6266114470147757,5
Histogram-based Gradient Boosting,-1.7854705731329945,-1.5866451740884726,5
Histogram-based Gradient Boosting,-1.1431217053996168,-2.622823931545357,5
Histogram-based Gradient Boosting,-1.2491101104442828,-1.7759382621759014,5
Histogram-based Gradient Boosting,-1.8070894000718147,-1.6606279374179045,5
Histogram-based Gradient Boosting,-0.7476890179412806,-1.0345989706488339,5
Histogram-based Gradient Boosting,-2.348164353297759,-1.668556947384056,5
Histogram-based Gradient Boosting,-2.451728539243243,-2.040546865302457,5
Histogram-based Gradient Boosting,-1.3991403077454354,-1.5495547783187695,5
Histogram-based Gradient Boosting,-0.8609839615611586,-0.8111228220873371,5
Histogram-based Gradient Boosting,-0.8837798009584171,-0.870758190168179,5
Histogram-based Gradient Boosting,-1.5600709478109722,-1.6058745198791382,5
Histogram-based Gradient Boosting,-2.0560190796534115,-1.0560255385280617,5
Histogram-based Gradient Boosting,-0.9800565288767592,-1.2920500452010015,5
Histogram-based Gradient Boosting,-0.6158874808696795,-0.8192032181115048,5
Histogram-based Gradient Boosting,-2.385444450882969,-2.4451295444024526,5
Histogram-based Gradient Boosting,-0.14567163968046612,-1.6339300020638798,5
Histogram-based Gradient Boosting,-1.2028902052841348,-1.560629919863803,5
Histogram-based Gradient Boosting,-1.4806961523875994,-1.9249129386628863,5
Histogram-based Gradient Boosting,-1.6643405451853508,-1.737192213639757,5
Histogram-based Gradient Boosting,-1.7793995024399858,-1.7084387975882789,5
Histogram-based Gradient Boosting,-1.137767503887176,-1.129909806631403,5
Histogram-based Gradient Boosting,-0.988626069420939,-1.168569674518187,5
