model,experiment,prediction,split #
Kernel Ridge Regression,-2.0772161211350064,-2.318659664786651,1
Kernel Ridge Regression,-2.881231480327938,-2.2926010637517606,1
Kernel Ridge Regression,-1.9138112509675613,-2.111076405906772,1
Kernel Ridge Regression,-3.431262194557772,-3.540361587426162,1
Kernel Ridge Regression,-1.9492654506102318,-2.400765463871096,1
Kernel Ridge Regression,-2.642729293000293,-2.413478615012991,1
Kernel Ridge Regression,-1.169002914533462,-1.6458939475584486,1
Kernel Ridge Regression,-2.403452823620798,-2.2957035108757395,1
Kernel Ridge Regression,-1.9492654506102318,-2.2819896406290923,1
Kernel Ridge Regression,-2.858166273095228,-2.777191134752286,1
Kernel Ridge Regression,-1.7253486984128064,-2.259983218839295,1
Kernel Ridge Regression,-3.6845481800874196,-4.121710371882102,1
Kernel Ridge Regression,-1.4118568185099727,-1.161269123328438,1
Kernel Ridge Regression,-1.641711232958164,-2.4171641123678924,1
Kernel Ridge Regression,-1.5083613986405884,-1.0422755614306993,1
Kernel Ridge Regression,-1.2391607486734533,-1.0316641383093952,1
Kernel Ridge Regression,-1.820599175381769,-1.5268656324322478,1
Kernel Ridge Regression,-1.2247774230710238,-1.0096577165189444,1
Kernel Ridge Regression,-1.5498899805881399,-1.6384723907405032,1
Kernel Ridge Regression,-1.0225392132375182,-1.1038665726754857,1
Kernel Ridge Regression,-1.778416668028348,-1.5452974970427817,1
Kernel Ridge Regression,-1.1131158581897997,-0.7904259807312428,1
Kernel Ridge Regression,-1.4187942485435616,-1.440235544047539,1
Kernel Ridge Regression,-1.9996117840097518,-1.6259698581428665,1
Kernel Ridge Regression,-1.4201920378605053,-1.8326498795980797,1
Kernel Ridge Regression,-2.3531252756425936,-2.4925849927401487,1
Kernel Ridge Regression,-1.3607499667563296,-2.0398246097930723,1
Kernel Ridge Regression,-2.2025638997362065,-2.9894069337852898,1
Kernel Ridge Regression,-1.7873296113427601,-2.4812555341599136,1
Kernel Ridge Regression,-2.6092962251353855,-2.2125040824704456,1
Kernel Ridge Regression,-2.151509814945314,-2.376193581166035,1
Kernel Ridge Regression,-1.4349038067728495,-1.9103088777434323,1
Kernel Ridge Regression,-3.3816182003459216,-3.653953296760278,1
Kernel Ridge Regression,-1.0877694915519545,-0.9534717861960189,1
Kernel Ridge Regression,-0.7545795752718538,-0.17656893488128844,1
Kernel Ridge Regression,-2.004293876429448,-2.238449264935525,1
Kernel Ridge Regression,-2.9107287853445634,-2.089286043280879,1
Kernel Ridge Regression,-1.2279630916135922,-2.154061983287363,1
Kernel Ridge Regression,-2.7515330963273232,-2.2904586526425987,1
Kernel Ridge Regression,-2.209721593275448,-2.0044921262071966,1
Kernel Ridge Regression,-2.9238738790387533,-3.3179721338376424,1
Kernel Ridge Regression,-3.579179826019102,-4.250034430521737,1
Kernel Ridge Regression,-3.447382880362,-3.450289254352981,1
Kernel Ridge Regression,-2.2415951055389973,-4.021849258743714,1
Kernel Ridge Regression,-2.4751841978240816,-2.375783343684816,1
Kernel Ridge Regression,-3.310333372786738,-3.1315507788071386,1
Kernel Ridge Regression,-2.704319008875443,-2.614342862894091,1
Kernel Ridge Regression,-1.3360910210889294,-1.9697245101969827,1
Kernel Ridge Regression,-2.7233828886420643,-2.5599817089068893,1
Kernel Ridge Regression,-2.6732644443606475,-1.8511468324787188,1
Kernel Ridge Regression,-1.3158802108242549,-1.9467683562876346,1
Kernel Ridge Regression,-1.115836390766966,-1.4808836528654865,1
Kernel Ridge Regression,-3.0605406542001403,-3.2245280718808544,1
Kernel Ridge Regression,-1.4861381638460753,-2.3786592567668094,1
Kernel Ridge Regression,-1.4370923600242806,-1.6554709568333692,1
Kernel Ridge Regression,-3.008152176256889,-1.8747242180619423,1
Kernel Ridge Regression,-2.8807530211105905,-2.877172879472937,1
Kernel Ridge Regression,-1.3870823799964922,-1.9694810530799032,1
Kernel Ridge Regression,-1.4729877775908402,-1.7502899070619833,1
Kernel Ridge Regression,-1.4197155850010228,-1.166630099501731,1
Kernel Ridge Regression,-2.01828162271433,-2.0644057034038497,1
Kernel Ridge Regression,-2.691578169406441,-2.843443908979566,1
Kernel Ridge Regression,-3.6203410251864447,-4.016993166100917,1
Kernel Ridge Regression,-3.52120992195253,-3.889865138838047,1
Kernel Ridge Regression,-2.4555313487080666,-2.279575312000617,1
Kernel Ridge Regression,-1.2227575127427186,-1.9953974989702488,1
Kernel Ridge Regression,-3.5222913974306227,-3.675972301609022,1
Kernel Ridge Regression,-3.6472310978345055,-3.126694686165308,1
Kernel Ridge Regression,-3.9730828630218453,-4.471213923293931,1
Kernel Ridge Regression,-1.1630496225248408,-1.6373824757141051,1
Kernel Ridge Regression,-3.5222913974306227,-3.066667657232756,1
Kernel Ridge Regression,-1.1465151741161497,-1.4563778303952724,1
Kernel Ridge Regression,-2.2875737313332407,-1.6583200819872843,1
Kernel Ridge Regression,-1.5942049925158137,-1.8082957104364539,1
Kernel Ridge Regression,-3.848875409949318,-3.64801644168881,1
Kernel Ridge Regression,-1.6698969598127007,-2.253900481161054,1
Kernel Ridge Regression,-3.7105715966505453,-4.057851206140754,1
Kernel Ridge Regression,-2.7592630971786845,-2.573771045323099,1
Kernel Ridge Regression,-3.159004262647741,-2.3622584067413754,1
Kernel Ridge Regression,-1.2376574055894478,-1.8080703672320055,1
Kernel Ridge Regression,-2.248890796910272,-2.457879930549268,1
Kernel Ridge Regression,-2.9741896629359488,-2.1836001193042307,1
Kernel Ridge Regression,-3.246574755779347,-2.9393675544269513,1
Kernel Ridge Regression,-1.5371060964041248,-1.991995227126722,1
Kernel Ridge Regression,-3.688222835963096,-3.735639646143568,1
Kernel Ridge Regression,-2.999290941959355,-2.4092619683015357,1
Kernel Ridge Regression,-1.4855749296151965,-1.957001882156078,1
Kernel Ridge Regression,-1.7478447295977892,-2.4111459576656102,1
Kernel Ridge Regression,-1.4886987965534475,-1.927739103242402,1
Kernel Ridge Regression,-1.262358754468822,-1.6435612902125172,1
Kernel Ridge Regression,-2.4462457037304657,-2.4072204185721944,1
Kernel Ridge Regression,-1.5518607813097591,-1.827486150106438,1
Kernel Ridge Regression,-3.231239100298885,-3.571130569122545,1
Kernel Ridge Regression,-1.6846961468463335,-1.9816860505549414,1
Kernel Ridge Regression,-1.6379527351562522,-1.9555685794281317,1
Kernel Ridge Regression,-1.955139967558483,-2.0490038370925276,1
Kernel Ridge Regression,-3.3960495196322524,-3.3043985293311025,1
Kernel Ridge Regression,-3.508144052188851,-3.2103721411113497,1
Kernel Ridge Regression,-2.772360579555891,-2.364503325995855,1
Kernel Ridge Regression,-1.3982848993986936,-2.1176559752626645,1
Kernel Ridge Regression,-2.258862588858495,-1.916316681444755,1
Kernel Ridge Regression,-2.5430732387631334,-1.9194191285695297,1
Kernel Ridge Regression,-1.3819820537899474,-2.03326869361274,1
Kernel Ridge Regression,-1.5213971031085405,-1.453534425147268,1
Kernel Ridge Regression,-3.23633470688153,-2.351310029047795,1
Kernel Ridge Regression,-1.3450596755542978,-2.0176134804255526,1
Kernel Ridge Regression,-1.3173301868582306,-1.935768045309942,1
Kernel Ridge Regression,-1.385136327132139,-1.4830076623603645,1
Kernel Ridge Regression,-2.2151453721747094,-1.9244385867276605,1
Kernel Ridge Regression,-1.2303723324828062,-1.7237551099251505,1
Kernel Ridge Regression,-1.3195712003583318,-1.8056627634865663,1
Kernel Ridge Regression,-1.8441291379223155,-2.211790969284266,1
Kernel Ridge Regression,-1.9429726110972225,-2.3008642576102147,1
Kernel Ridge Regression,-1.0807113206322263,-1.783656341696883,1
Kernel Ridge Regression,-3.926105768520805,-3.6453834947394625,1
Kernel Ridge Regression,-2.635540187918821,-2.2122179159565576,1
Kernel Ridge Regression,-2.176441984856953,-2.1298721840364294,1
Kernel Ridge Regression,-3.4629936067206395,-3.3857671730765446,1
Kernel Ridge Regression,-1.2185345221225936,-1.8293539642950236,1
Kernel Ridge Regression,-3.289282825523282,-3.258639145812481,1
Kernel Ridge Regression,-3.0153277959856664,-2.3509473194180828,1
Kernel Ridge Regression,-1.8350242298439021,-2.1317561733998787,1
Kernel Ridge Regression,-1.7892523214132656,-1.7397012580185276,1
Kernel Ridge Regression,-3.1720823887102565,-2.8021044991315733,1
Kernel Ridge Regression,-1.4285635434183963,-1.5480934994550637,1
Kernel Ridge Regression,-1.0937551186817627,-1.3346968715101468,1
Kernel Ridge Regression,-1.0111406945890653,-1.8227327308679833,1
Kernel Ridge Regression,-1.1521693207507044,-0.9644336918950387,1
Kernel Ridge Regression,-2.8108233787082515,-2.3754854602499904,1
Kernel Ridge Regression,-2.1225210730141013,-2.9396251878329736,1
Kernel Ridge Regression,-2.8641555620169683,-2.323309388088944,1
Kernel Ridge Regression,-1.9945993491296803,-2.440261400256702,1
Kernel Ridge Regression,-2.2062980891288984,-2.312697964967242,1
Kernel Ridge Regression,-1.7139014654061842,-2.2906915431765356,1
Kernel Ridge Regression,-2.0978386037648766,-2.028409836093658,1
Kernel Ridge Regression,-1.2158410977813483,-2.0957276226310455,1
Kernel Ridge Regression,-1.5110863339963716,-2.095227325829569,1
Kernel Ridge Regression,-3.7938003909509543,-3.351122314869187,1
Kernel Ridge Regression,-1.3168403571338247,-1.7050563998115251,1
Kernel Ridge Regression,-1.453797527240351,-2.4608238349341605,1
Kernel Ridge Regression,-1.4609239012072235,-1.9436159190208855,1
Kernel Ridge Regression,-1.763658215013675,-2.050225088094521,1
Kernel Ridge Regression,-2.1834863402339466,-2.527758704266887,1
Kernel Ridge Regression,-3.6419813498697473,-3.311119649414529,1
Kernel Ridge Regression,-1.543738042979891,-1.374779402450372,1
Kernel Ridge Regression,-2.090032121190501,-1.8289234779607284,1
Kernel Ridge Regression,-2.7874427365568386,-2.741913613143751,1
Kernel Ridge Regression,-1.1984184440476704,-1.3576867447534084,1
Kernel Ridge Regression,-1.8171279243372191,-2.192635997701302,1
Kernel Ridge Regression,-3.4366316559477377,-2.988908089416924,1
Kernel Ridge Regression,-2.2176402640700728,-2.218475884874408,1
Kernel Ridge Regression,-2.540720473654946,-2.1662998127137882,1
Kernel Ridge Regression,-2.443810430479706,-1.803770509551529,1
Kernel Ridge Regression,-1.5811083204741387,-1.815940630769063,1
Kernel Ridge Regression,-1.6434286328720604,-1.8951224485929146,1
Kernel Ridge Regression,-1.2111861770342556,-2.1336819678031134,1
Kernel Ridge Regression,-1.7709615792854492,-1.7035175564156475,1
Kernel Ridge Regression,-4.034834060338741,-3.9828774430870624,1
Kernel Ridge Regression,-2.626594359719023,-2.4987972822694076,1
Kernel Ridge Regression,-1.945164608357066,-2.0465371961240066,1
Kernel Ridge Regression,-2.993441546294603,-2.4879681204907342,1
Kernel Ridge Regression,-2.9710072633433735,-2.2872846436877694,1
Kernel Ridge Regression,-2.8201877676993385,-2.7753205030457764,1
Kernel Ridge Regression,-2.1622159208236154,-2.347185875460582,1
Kernel Ridge Regression,-2.0864005407417032,-1.9170214640730023,1
Kernel Ridge Regression,-3.7268829315132583,-3.660665883090587,1
Kernel Ridge Regression,-2.7386203038591304,-2.5775505059525017,1
Kernel Ridge Regression,-1.4643518021071489,-1.774221959406475,1
Kernel Ridge Regression,-2.26736728311359,-3.021982483080933,1
Kernel Ridge Regression,-2.0645418092014314,-1.895099510667933,1
Kernel Ridge Regression,-1.8668031693530753,-1.6817028827226181,1
Kernel Ridge Regression,-1.1848306140119889,-1.7773244065310791,1
Kernel Ridge Regression,-1.928979817650206,-1.9630587206262362,1
Kernel Ridge Regression,-2.2270013364351495,-2.0275706409298095,1
Kernel Ridge Regression,-2.1980100109869287,-2.2588120304080235,1
Kernel Ridge Regression,-1.6404184550270633,-1.7416041144958854,1
Kernel Ridge Regression,-4.056947918112584,-3.7447699443914644,1
Kernel Ridge Regression,-1.5279900670983446,-1.8084296974269023,1
Kernel Ridge Regression,-3.1090516644066044,-1.960171563831409,1
Kernel Ridge Regression,-2.5585788782984222,-2.2625737729379694,1
Kernel Ridge Regression,-1.4333467694862632,-2.049177144992825,1
Kernel Ridge Regression,-1.5145266747759671,-2.3305329828948516,1
Kernel Ridge Regression,-1.6613977234664838,-2.626286292677719,1
Kernel Ridge Regression,-3.5527489155241385,-3.422558384394563,1
Kernel Ridge Regression,-3.276542686022807,-2.5766895692788694,1
Kernel Ridge Regression,-1.2054304558342028,-1.9319728160947989,1
Kernel Ridge Regression,-3.6546223480637448,-3.3337072449938603,1
Kernel Ridge Regression,-2.9620793251113042,-2.5339620688246782,1
Kernel Ridge Regression,-1.9603652993893874,-1.8387979223976458,1
Kernel Ridge Regression,-0.8521750241183932,-1.5700464707075525,1
Kernel Ridge Regression,-1.1149880354485275,-1.0839264060854248,1
Kernel Ridge Regression,-3.184747097908846,-2.764501208722578,1
Kernel Ridge Regression,-1.2067214626499687,-1.8475855344456136,1
Kernel Ridge Regression,-1.5281785967617054,-1.720022099157518,1
Kernel Ridge Regression,-1.1026053129321816,-1.4594561581571668,1
Kernel Ridge Regression,-1.8161267212970162,-1.983982203802043,1
Kernel Ridge Regression,-0.7856945313640958,-1.698015677367266,1
Kernel Ridge Regression,-1.6189896501583372,-1.2678512659809371,1
Kernel Ridge Regression,-2.850003549488979,-2.889429113734934,1
Kernel Ridge Regression,-1.5097699255058308,-1.9817372873393424,1
Kernel Ridge Regression,-1.740666799910411,-1.7625461413225025,1
Kernel Ridge Regression,-1.405215799824956,-1.1788863337627618,1
Kernel Ridge Regression,-1.514016684929528,-2.044594298691834,1
Kernel Ridge Regression,-2.006498035079166,-2.1709125990564644,1
Kernel Ridge Regression,-1.4262388316017447,-1.7440760789500587,1
Kernel Ridge Regression,-3.3625502994733605,-2.9594684232384907,1
Kernel Ridge Regression,-2.740096874062147,-2.410190807795857,1
Kernel Ridge Regression,-0.9486409221793155,-1.2626678240316664,1
Kernel Ridge Regression,0.13858982128300762,0.29374538474837664,1
Kernel Ridge Regression,-0.8579133376664105,-0.9216469595397143,1
Kernel Ridge Regression,-0.3118025518663407,-0.004731285262323581,1
Kernel Ridge Regression,-0.03690399983927772,0.12283215002662473,1
Kernel Ridge Regression,-3.6464665167152384,-3.2679681572267896,1
Kernel Ridge Regression,-1.181419364072578,-1.7170705066730534,1
Kernel Ridge Regression,-1.7655110123526006,-2.46822298105792,1
Kernel Ridge Regression,-2.7286993920768685,-2.281210234256065,1
Kernel Ridge Regression,-0.9771273167949791,-1.483369776668468,1
Kernel Ridge Regression,-3.1657421077804533,-2.9126549581858967,1
Kernel Ridge Regression,-1.6314222073485498,-1.8537311957309726,1
Kernel Ridge Regression,-1.621304790891127,-1.918243116035569,1
Kernel Ridge Regression,-2.327144451312569,-2.149484505513499,1
Kernel Ridge Regression,-1.492201494031574,-1.6322765895988027,1
Kernel Ridge Regression,-1.1820723340995358,-1.2021121782135253,1
Kernel Ridge Regression,-3.4519129118061063,-2.9457565972299165,1
Kernel Ridge Regression,-2.5395917281791975,-2.041435853390169,1
Kernel Ridge Regression,-2.405003945642156,-2.0854084218363695,1
Kernel Ridge Regression,-1.621304790891127,-1.84009655957367,1
Kernel Ridge Regression,-2.6216055516158603,-2.180165256852021,1
Kernel Ridge Regression,-1.7868132829404095,-1.6795095080030666,1
Kernel Ridge Regression,-1.6115607525200502,-1.8431990066982777,1
Kernel Ridge Regression,-1.455583530702784,-1.568919195452736,1
Kernel Ridge Regression,-1.7300615156440644,-1.807478714662821,1
Kernel Ridge Regression,-1.4753372030036505,-1.9709553174465668,1
Kernel Ridge Regression,-1.6322137070153477,-2.2014944573444097,1
Kernel Ridge Regression,-1.3198484161479276,-1.2845787830671043,1
Kernel Ridge Regression,-1.4094344835568617,-1.1350089259885294,1
Kernel Ridge Regression,-0.8769725367904692,-0.7048445146020299,1
Kernel Ridge Regression,-1.629049819754814,-2.4484889336181936,1
Kernel Ridge Regression,-0.9422704336465716,-1.1771719931895746,1
Kernel Ridge Regression,-1.4583509625515516,-1.9544419387016205,1
Kernel Ridge Regression,-0.7476890179412806,-0.8178468679068942,1
Kernel Ridge Regression,-1.3551617678005954,-1.491182089434119,1
Kernel Ridge Regression,-2.0401269907408133,-1.2680654043232948,1
Kernel Ridge Regression,-1.8459806844208395,-1.1405019690332665,1
Kernel Ridge Regression,-2.2646029664100515,-1.6357034631573697,1
Kernel Ridge Regression,-2.6212424559235727,-2.431975554873361,1
Kernel Ridge Regression,-3.4341521813264824,-2.980222700285424,1
Kernel Ridge Regression,-1.7998312883961207,-1.3053690105053306,1
Kernel Ridge Regression,-0.8317581654646831,-1.123844352661422,1
Kernel Ridge Regression,-2.0560190796534115,-1.4262465617678686,1
Kernel Ridge Regression,-1.0026227122886122,-1.6490653427732695,1
Kernel Ridge Regression,-1.9652557068613081,-2.3329000306188163,1
Kernel Ridge Regression,-3.4495551653497865,-2.904460035010402,1
Kernel Ridge Regression,-3.241946952668458,-2.7773320077469066,1
Kernel Ridge Regression,-1.3068936298450675,-1.8696401813515422,1
Kernel Ridge Regression,-1.475460019768368,-1.6504490353344181,1
Kernel Ridge Regression,-1.0945491836072103,-1.3689844325028844,1
Kernel Ridge Regression,-1.0884067327209506,-1.4370524073897286,1
Kernel Ridge Regression,-1.0940337585544895,-1.646523496241116,1
Kernel Ridge Regression,-3.8301933583825565,-3.3586807922042112,1
Kernel Ridge Regression,-2.3969317709673565,-2.2932738935606434,2
Kernel Ridge Regression,-3.1408689109724577,-2.8256769837434232,2
Kernel Ridge Regression,-2.423624898245491,-1.8598659665842607,2
Kernel Ridge Regression,-2.7922905193547125,-2.5174605868936393,2
Kernel Ridge Regression,-3.120277513484956,-2.6571047103250347,2
Kernel Ridge Regression,-1.5424726897801078,-1.147108900638405,2
Kernel Ridge Regression,-1.5393527377902698,-0.6514739880153142,2
Kernel Ridge Regression,-0.32212322804184973,-1.204125705799382,2
Kernel Ridge Regression,-1.4091232046942341,-1.5685114883524793,2
Kernel Ridge Regression,-1.339883282003717,-1.5685249803563153,2
Kernel Ridge Regression,-2.8184713897478226,-2.6593592739743803,2
Kernel Ridge Regression,-1.4610955316441951,-1.8303821897128643,2
Kernel Ridge Regression,-1.6571034663893656,-1.4005273120641961,2
Kernel Ridge Regression,-1.8730671060734179,-1.989642713688517,2
Kernel Ridge Regression,-1.5041031112940382,-1.9323557971201737,2
Kernel Ridge Regression,-3.057527624268253,-2.407609667033686,2
Kernel Ridge Regression,-3.399950007606853,-3.030257472202539,2
Kernel Ridge Regression,-2.808030042713029,-2.404267332769212,2
Kernel Ridge Regression,-2.4318269168378195,-2.3132934012111175,2
Kernel Ridge Regression,-2.461494632742434,-2.2639930961550796,2
Kernel Ridge Regression,-2.272602230242758,-1.993334695990841,2
Kernel Ridge Regression,-2.198253243671017,-2.5663788678180257,2
Kernel Ridge Regression,-3.0391954244610955,-2.763309907816848,2
Kernel Ridge Regression,-2.736709137429952,-2.094142122695688,2
Kernel Ridge Regression,-3.876468483448327,-4.095938388904555,2
Kernel Ridge Regression,-2.1155432005946873,-2.7060229912487106,2
Kernel Ridge Regression,0.05304456027413388,-1.2064152537335824,2
Kernel Ridge Regression,-0.16542042319834802,-0.23303010719638362,2
Kernel Ridge Regression,-0.5196118275771817,-0.5501929031678818,2
Kernel Ridge Regression,-0.5987130334578719,-0.32420553931422713,2
Kernel Ridge Regression,-0.9300930772084189,-1.4839534894828894,2
Kernel Ridge Regression,-0.6945493884044287,-0.44015087768485106,2
Kernel Ridge Regression,-0.08363954432116573,-0.16949247752179186,2
Kernel Ridge Regression,-0.012750569114115418,-0.7425366493484367,2
Kernel Ridge Regression,-0.3417701012907816,-0.27029990422690187,2
Kernel Ridge Regression,0.20849296776590773,0.026456436694453522,2
Kernel Ridge Regression,-2.2882000233155653,-2.272096170435492,2
Kernel Ridge Regression,-3.6800158253354924,-3.652351510772484,2
Kernel Ridge Regression,-1.8033790498935367,-2.2167985464189224,2
Kernel Ridge Regression,-3.2691119889214533,-3.3735052685733065,2
Kernel Ridge Regression,-1.9101052340727014,-2.2117267012915685,2
Kernel Ridge Regression,-2.8170555006405635,-2.4165805974907846,2
Kernel Ridge Regression,-2.3140538776829995,-2.186566335286691,2
Kernel Ridge Regression,-1.7426626842914594,-1.986725719842081,2
Kernel Ridge Regression,-1.1005815755977664,-1.375695889149541,2
Kernel Ridge Regression,-3.349843097267282,-2.5850782855034575,2
Kernel Ridge Regression,-2.5090165872531767,-2.0894433728802673,2
Kernel Ridge Regression,-2.97249382976246,-2.299771928687462,2
Kernel Ridge Regression,-3.20721692140729,-2.39094736080554,2
Kernel Ridge Regression,-2.4909497090997137,-2.1516838505304667,2
Kernel Ridge Regression,-2.991150818979587,-2.5720676886536173,2
Kernel Ridge Regression,-3.366814432940472,-2.7204858345660705,2
Kernel Ridge Regression,-1.624154843179839,-2.0402853847961806,2
Kernel Ridge Regression,-3.130720745231321,-3.2513345977148127,2
Kernel Ridge Regression,-0.9910136950037374,-1.7472328684556615,2
Kernel Ridge Regression,-2.861353792341514,-3.1233870108934587,2
Kernel Ridge Regression,-1.0599038235929437,-1.253525218290017,2
Kernel Ridge Regression,-2.186006727498246,-2.155203437489355,2
Kernel Ridge Regression,-1.6037557432468053,-1.6836952387807216,2
Kernel Ridge Regression,-3.434121498561107,-3.2603653937108508,2
Kernel Ridge Regression,-1.5372443207314632,-1.76273727107165,2
Kernel Ridge Regression,-1.6435374468814823,-2.295140361254636,2
Kernel Ridge Regression,-1.1251042517136252,-1.3293293440954521,2
Kernel Ridge Regression,-1.2886807788238237,-1.7497131822184642,2
Kernel Ridge Regression,-3.302921552819786,-2.952656277579358,2
Kernel Ridge Regression,-2.2476183878149794,-2.692282976586281,2
Kernel Ridge Regression,-3.6203410251864447,-3.3803482743033992,2
Kernel Ridge Regression,-2.5038360209902844,-2.7543581348707757,2
Kernel Ridge Regression,-2.5986223809209954,-3.2246860667684,2
Kernel Ridge Regression,-2.3083760229550343,-2.406963127767103,2
Kernel Ridge Regression,-2.8871236492020507,-2.524285308294499,2
Kernel Ridge Regression,-3.221262124613128,-2.6792588877329457,2
Kernel Ridge Regression,-3.2590502255091702,-2.9164696699185946,2
Kernel Ridge Regression,-1.4113517913995703,-1.919814367278942,2
Kernel Ridge Regression,-3.6472310978345055,-3.138609739721721,2
Kernel Ridge Regression,-1.2543892714743548,-1.8633042625959906,2
Kernel Ridge Regression,-3.216247878762871,-2.885431392749921,2
Kernel Ridge Regression,-1.7751555586449395,-1.9068037704285974,2
Kernel Ridge Regression,-2.182199963303041,-2.5964233823672647,2
Kernel Ridge Regression,-3.688222835963096,-3.12883996455263,2
Kernel Ridge Regression,-2.1210586466718686,-2.567538101096339,2
Kernel Ridge Regression,-2.0061846218108834,-2.1630289473939506,2
Kernel Ridge Regression,-2.287736284945912,-2.9602676911345895,2
Kernel Ridge Regression,-1.9555954093204297,-2.8834952971523125,2
Kernel Ridge Regression,-2.8326132427713318,-2.473742927183686,2
Kernel Ridge Regression,-2.848471723996311,-3.3166957404367894,2
Kernel Ridge Regression,-2.550141932709222,-2.272893128639341,2
Kernel Ridge Regression,-2.618445069067542,-2.5752789003023295,2
Kernel Ridge Regression,-2.8197963948012763,-2.7149230237339097,2
Kernel Ridge Regression,-1.6253102968663857,-2.0880671460733202,2
Kernel Ridge Regression,-3.690448608815449,-3.520277776163808,2
Kernel Ridge Regression,-1.7818010064165613,-1.737329804706019,2
Kernel Ridge Regression,-3.3960495196322524,-3.113483947143795,2
Kernel Ridge Regression,-1.7565625592771141,-1.5584950540506446,2
Kernel Ridge Regression,-1.3580712288885752,-1.243622154541284,2
Kernel Ridge Regression,-2.0615953180564492,-2.145300373739855,2
Kernel Ridge Regression,-2.1620771953880977,-1.9444505751943444,2
Kernel Ridge Regression,-2.2414236426625673,-2.158043710583647,2
Kernel Ridge Regression,-1.2400249421136365,-1.7745996017364805,2
Kernel Ridge Regression,-1.7015723913432346,-1.477843260815189,2
Kernel Ridge Regression,-1.7340876483093817,-2.0580598933256056,2
Kernel Ridge Regression,-2.728175115284189,-2.120148543613709,2
Kernel Ridge Regression,-1.272659841843383,-1.8900757170374929,2
Kernel Ridge Regression,-1.1893279510795818,-1.2790458863450311,2
Kernel Ridge Regression,-1.6384460109776287,-2.4791911186612454,2
Kernel Ridge Regression,-3.5459650539173615,-3.2479923918359415,2
Kernel Ridge Regression,-3.739785461604827,-3.81181959974837,2
Kernel Ridge Regression,-1.9705460914481276,-1.6405419433800459,2
Kernel Ridge Regression,-3.5459650539173615,-2.996429343256458,2
Kernel Ridge Regression,-2.1142795046940637,-1.94612561943421,2
Kernel Ridge Regression,-2.8343485837796827,-1.748748689542512,2
Kernel Ridge Regression,-1.2834663142150111,-1.492327613997932,2
Kernel Ridge Regression,-1.2175444827866113,-2.0395046721732255,2
Kernel Ridge Regression,-1.8887177216857802,-1.8094904099693023,2
Kernel Ridge Regression,-2.646263945417837,-2.14147827958121,2
Kernel Ridge Regression,-2.7555635433899788,-2.258813426252863,2
Kernel Ridge Regression,-1.790442094293253,-1.8961908529338531,2
Kernel Ridge Regression,-1.3267843126055872,-1.656927342659345,2
Kernel Ridge Regression,-2.5142250705986213,-2.077311180781618,2
Kernel Ridge Regression,-2.648503823177817,-2.225729326694114,2
Kernel Ridge Regression,-2.7671936491741276,-2.51145300296702,2
Kernel Ridge Regression,-1.4115626764192806,-1.5455288769241067,2
Kernel Ridge Regression,-1.9011407722544549,-1.5608639668370685,2
Kernel Ridge Regression,-3.390442939572028,-2.993074596926789,2
Kernel Ridge Regression,-1.7625310634593319,-1.358340954852407,2
Kernel Ridge Regression,-1.064270917741021,-1.557521632573092,2
Kernel Ridge Regression,-1.2563082695173393,-0.9997980696616917,2
Kernel Ridge Regression,-2.9171991963522217,-2.586280767906847,2
Kernel Ridge Regression,-1.737359048801603,-1.5524497874452763,2
Kernel Ridge Regression,-0.9349414936187838,-1.4389228776016676,2
Kernel Ridge Regression,-0.6538319472043919,-1.062038547311987,2
Kernel Ridge Regression,-1.4215944093236903,-1.4824223854347718,2
Kernel Ridge Regression,-3.9600428565808334,-3.5727371059271054,2
Kernel Ridge Regression,-3.030623697854625,-2.52243338210463,2
Kernel Ridge Regression,-3.7692522846397316,-3.4447895191056306,2
Kernel Ridge Regression,-1.421235229471209,-2.18595755719529,2
Kernel Ridge Regression,-3.5378566631708024,-2.5781419188201493,2
Kernel Ridge Regression,-2.806163575333855,-2.775072958819398,2
Kernel Ridge Regression,-2.4951902617888977,-2.563546480350773,2
Kernel Ridge Regression,-1.881362165893176,-2.002244616894539,2
Kernel Ridge Regression,-3.6688623296866587,-3.121977683787664,2
Kernel Ridge Regression,-1.2327435377262763,-1.863145721876812,2
Kernel Ridge Regression,-1.366206440166372,-1.5977354631923495,2
Kernel Ridge Regression,-1.4386260150993235,-2.0181193013152763,2
Kernel Ridge Regression,-1.2503305415619155,-1.9529443118378298,2
Kernel Ridge Regression,-2.8947429719805546,-2.394974206932612,2
Kernel Ridge Regression,-0.9642747859315978,-1.2347883311544887,2
Kernel Ridge Regression,-1.2297848289673887,-0.9783672556097809,2
Kernel Ridge Regression,-1.493245786531943,-1.0695426877273615,2
Kernel Ridge Regression,-1.1301967317733737,-0.4846596054442287,2
Kernel Ridge Regression,-1.0225594503600544,-0.8302791774520291,2
Kernel Ridge Regression,-1.8626742516440307,-1.2506630155749345,2
Kernel Ridge Regression,-1.8019484611556353,-1.6848048377606846,2
Kernel Ridge Regression,-1.3284164293502903,-1.0156370526396596,2
Kernel Ridge Regression,-1.1177693107076099,-1.34882644324309,2
Kernel Ridge Regression,-1.917076538816309,-1.6188366260148088,2
Kernel Ridge Regression,-1.0639605458204757,-1.0339535437316334,2
Kernel Ridge Regression,-1.709300425196423,-1.9483750997756948,2
Kernel Ridge Regression,-2.2488337964546146,-1.5649309909280449,2
Kernel Ridge Regression,-2.0948568608862326,-2.176811859481231,2
Kernel Ridge Regression,-1.525605260081181,-2.296812507872544,2
Kernel Ridge Regression,-2.653759917660552,-2.094289495887357,2
Kernel Ridge Regression,-3.3707035768809224,-3.4501768957630867,2
Kernel Ridge Regression,-2.258173837778395,-2.3998731719411515,2
Kernel Ridge Regression,-3.6308973708676717,-3.3222293089427204,2
Kernel Ridge Regression,-2.7292012545882884,-2.263237962476386,2
Kernel Ridge Regression,-2.8217593886833527,-2.366789072382658,2
Kernel Ridge Regression,-4.034798298974088,-3.9851412297437117,2
Kernel Ridge Regression,-1.8175258287604161,-2.2410207485435496,2
Kernel Ridge Regression,-3.6924119784161333,-3.61717489098102,2
Kernel Ridge Regression,-2.804329449939637,-2.3583429290713402,2
Kernel Ridge Regression,-1.2545644486474818,-1.7473130983776208,2
Kernel Ridge Regression,-3.4116117497612004,-3.2933735908110835,2
Kernel Ridge Regression,-2.43241576499949,-1.964223624790681,2
Kernel Ridge Regression,-1.593236649552128,-1.3000970635459366,2
Kernel Ridge Regression,-2.579721210352638,-2.32814855835516,2
Kernel Ridge Regression,-1.95795837174818,-1.8527487813297059,2
Kernel Ridge Regression,-1.753896033344213,-1.6277477998813552,2
Kernel Ridge Regression,-1.0471006958966393,-1.0167179691883392,2
Kernel Ridge Regression,-3.015555503033429,-2.761349001640319,2
Kernel Ridge Regression,-1.5951494590693263,-1.7827213793196917,2
Kernel Ridge Regression,-1.7139992395270756,-1.7175463898421315,2
Kernel Ridge Regression,-1.5372075124674875,-1.4468879896779425,2
Kernel Ridge Regression,-3.0455186942585932,-2.9856644746801164,2
Kernel Ridge Regression,-1.694880975742639,-2.34259794160882,2
Kernel Ridge Regression,-2.695416849848479,-2.2239991866375943,2
Kernel Ridge Regression,-1.5572116152486462,-2.267498694470784,2
Kernel Ridge Regression,-1.5650830494456354,-2.202323704993792,2
Kernel Ridge Regression,-1.6895586727819518,-1.7357163906140967,2
Kernel Ridge Regression,-1.8057322630823986,-1.5996197675162893,2
Kernel Ridge Regression,-1.6663570851479517,-1.7367252869527707,2
Kernel Ridge Regression,-2.0742842332450646,-1.7988004452376067,2
Kernel Ridge Regression,-0.9490993255496558,-1.2410768823261495,2
Kernel Ridge Regression,-1.9412408278950934,-1.4514054381336567,2
Kernel Ridge Regression,-3.184747097908846,-2.827559580571518,2
Kernel Ridge Regression,-0.9751054096242024,-1.8593760071674073,2
Kernel Ridge Regression,-2.8559441417598115,-1.9609119802854256,2
Kernel Ridge Regression,-3.7727484977747765,-3.490471501372097,2
Kernel Ridge Regression,-2.1639051839291805,-1.772268314734708,2
Kernel Ridge Regression,-1.7997913808340749,-1.5697453027495918,2
Kernel Ridge Regression,-1.4655690967005093,-1.8753289788033154,2
Kernel Ridge Regression,-2.809660176396059,-2.2392539123682207,2
Kernel Ridge Regression,-1.4562179644760493,-1.6286517438552206,2
Kernel Ridge Regression,-2.0008832971741093,-1.9310375155188346,2
Kernel Ridge Regression,-2.314076075024747,-2.1279685555182253,2
Kernel Ridge Regression,-1.8884660362981867,-1.996726812943315,2
Kernel Ridge Regression,-3.05329283374744,-2.6848056026647527,2
Kernel Ridge Regression,-1.428472864706594,-1.5010919003203878,2
Kernel Ridge Regression,-3.360662949678316,-3.0875745985661895,2
Kernel Ridge Regression,-2.0703010191144675,-2.0285832520997484,2
Kernel Ridge Regression,-3.3625502994733605,-3.186659311454113,2
Kernel Ridge Regression,-1.34349300583641,-1.5176366043367882,2
Kernel Ridge Regression,0.3580642293861346,0.11709703773804137,2
Kernel Ridge Regression,0.013270809352243309,-0.7080737794163898,2
Kernel Ridge Regression,-0.202317609683526,0.008890291575937681,2
Kernel Ridge Regression,-0.8579133376664105,-1.1108427753169599,2
Kernel Ridge Regression,0.011790398005349874,0.4441461177759489,2
Kernel Ridge Regression,0.2034251096067644,0.14798918659311067,2
Kernel Ridge Regression,-0.002962342870760633,0.4133994452778147,2
Kernel Ridge Regression,0.3323074801803344,-0.4411262150304429,2
Kernel Ridge Regression,-0.5442825169537446,-0.38383929846308007,2
Kernel Ridge Regression,-1.7405367157549274,-1.838959752490882,2
Kernel Ridge Regression,-1.7473311829109102,-1.8356174182276588,2
Kernel Ridge Regression,-0.8847086972378616,-0.9945147609592082,2
Kernel Ridge Regression,-1.098047311203653,-1.7170186632561633,2
Kernel Ridge Regression,-2.703220329010491,-2.7391457934108043,2
Kernel Ridge Regression,-1.315440666986884,-1.4246847814494226,2
Kernel Ridge Regression,-1.6163219968838958,-1.9977289532756908,2
Kernel Ridge Regression,-3.915670428497184,-3.5272884743625044,2
Kernel Ridge Regression,-2.0424559224697187,-1.9925293078934683,2
Kernel Ridge Regression,-1.1078591195735359,-1.5283747084192214,2
Kernel Ridge Regression,-3.2294115893983317,-2.9581328413611656,2
Kernel Ridge Regression,-1.2328253445920763,-1.559121380917242,2
Kernel Ridge Regression,-2.103347370511212,-2.127923364952334,2
Kernel Ridge Regression,-1.7472661616036533,-1.4477229151829132,2
Kernel Ridge Regression,-2.088287115891733,-3.182448314400359,2
Kernel Ridge Regression,-1.5674558687076858,-1.3427489418976801,2
Kernel Ridge Regression,-1.649488441015367,-1.4361279946372925,2
Kernel Ridge Regression,-1.28375174993668,-0.7101161858058003,2
Kernel Ridge Regression,-0.9134224928394735,-0.39524328629560834,2
Kernel Ridge Regression,-1.7854705731329945,-1.3096648423392434,2
Kernel Ridge Regression,-1.7563417007657087,-1.5953885186121495,2
Kernel Ridge Regression,-1.2491101104442828,-1.538101602044481,2
Kernel Ridge Regression,-1.8070894000718147,-1.3753101178255651,2
Kernel Ridge Regression,-1.1543394167845993,-1.3417355724304372,2
Kernel Ridge Regression,-0.5052921847488494,-1.1418949569856496,2
Kernel Ridge Regression,-0.8837798009584171,-1.2533690285894536,2
Kernel Ridge Regression,-1.1400317683551704,-0.7650862325670218,2
Kernel Ridge Regression,-2.723197328038221,-2.072496187884046,2
Kernel Ridge Regression,-3.1791288900792822,-2.475265183784872,2
Kernel Ridge Regression,-1.1827941397057182,-1.3279072934795506,2
Kernel Ridge Regression,-1.025762740954669,-1.5070816103810882,2
Kernel Ridge Regression,-2.385444450882969,-1.6086175834988223,2
Kernel Ridge Regression,-3.7648251925435416,-3.045069971165809,2
Kernel Ridge Regression,-1.530055677420101,-1.5474283565239517,2
Kernel Ridge Regression,-1.5167709261725162,-1.0832872490533276,2
Kernel Ridge Regression,-0.988626069420939,-1.1985843700336343,2
Kernel Ridge Regression,-1.5672159407631352,-1.6828359055862308,2
Kernel Ridge Regression,-2.5315835424986517,-1.9112726652909995,2
Kernel Ridge Regression,-2.703826191329584,-2.312224264342831,3
Kernel Ridge Regression,-3.431262194557772,-3.8589254975180225,3
Kernel Ridge Regression,-2.064990291304019,-2.2228308926325013,3
Kernel Ridge Regression,-3.7465335671940925,-3.5711771536131423,3
Kernel Ridge Regression,-1.8035334240706482,-1.869397991898417,3
Kernel Ridge Regression,-2.559953281626918,-2.5490491135344584,3
Kernel Ridge Regression,-2.218903098366632,-2.22782525533281,3
Kernel Ridge Regression,-2.1263969370231783,-2.2907662607537134,3
Kernel Ridge Regression,-3.366321517882654,-2.5165757929896486,3
Kernel Ridge Regression,-0.737425984358659,-1.1102310087182516,3
Kernel Ridge Regression,-1.520097156387571,-0.79148386032454,3
Kernel Ridge Regression,-1.4103143043656896,-1.347055857908174,3
Kernel Ridge Regression,-1.3629507222657735,-0.6778415156138493,3
Kernel Ridge Regression,-2.885418369996712,-2.899446892381647,3
Kernel Ridge Regression,-1.680228158144333,-1.4762655524258292,3
Kernel Ridge Regression,-1.833927238128002,-2.240751600957097,3
Kernel Ridge Regression,-2.3529321054630254,-2.1150970572845367,3
Kernel Ridge Regression,-1.221874373746708,-1.5670361098852368,3
Kernel Ridge Regression,-0.9172087828988489,-1.2017048426961026,3
Kernel Ridge Regression,-1.8229892712376083,-1.5242040178638163,3
Kernel Ridge Regression,-1.8960550708053778,-2.26406133363335,3
Kernel Ridge Regression,-2.808030042713029,-2.5901715318377896,3
Kernel Ridge Regression,-1.8194641482091292,-2.0383122254293227,3
Kernel Ridge Regression,-3.1597853454922076,-2.593884223013184,3
Kernel Ridge Regression,-2.9688776583453143,-2.3784334622520404,3
Kernel Ridge Regression,-1.694125814017541,-1.975443800543104,3
Kernel Ridge Regression,-0.4049916766527308,0.4106965634831212,3
Kernel Ridge Regression,-0.7019607372542168,-0.29268350099384577,3
Kernel Ridge Regression,-0.28184511787174465,-0.4072845637776581,3
Kernel Ridge Regression,-0.3135898872515433,-0.6330940960147302,3
Kernel Ridge Regression,-2.541474704475919,-2.3914616361626813,3
Kernel Ridge Regression,-1.5397653155309607,-2.2004708422242913,3
Kernel Ridge Regression,-3.0775844181294625,-3.3394405151339797,3
Kernel Ridge Regression,-1.894217061776159,-2.0222904117749962,3
Kernel Ridge Regression,-2.2017306515457955,-1.831770047080731,3
Kernel Ridge Regression,-2.2432421390383843,-2.426729861069809,3
Kernel Ridge Regression,-2.1223515198479075,-2.620521533023883,3
Kernel Ridge Regression,-3.810574259769909,-3.9475653618123445,3
Kernel Ridge Regression,-2.0468682910310587,-2.602521564967823,3
Kernel Ridge Regression,-3.1381335734004905,-2.6877360552676066,3
Kernel Ridge Regression,-2.5493325073158326,-2.9286317631707846,3
Kernel Ridge Regression,-2.7237372356215404,-2.7168936935849217,3
Kernel Ridge Regression,-3.2474583508182433,-3.66332616770449,3
Kernel Ridge Regression,-3.1413617595139014,-2.6142944263617025,3
Kernel Ridge Regression,-2.6788398129059168,-3.0615541488637206,3
Kernel Ridge Regression,-2.778538031513268,-1.958126389472767,3
Kernel Ridge Regression,-1.4326336990343642,-1.8687330177640291,3
Kernel Ridge Regression,-1.800655814770182,-1.940947415309921,3
Kernel Ridge Regression,-2.492075482831661,-2.1912385474902507,3
Kernel Ridge Regression,-1.9785756664607834,-2.000247753549246,3
Kernel Ridge Regression,-1.8336101498155517,-2.021324909352394,3
Kernel Ridge Regression,-2.845233778250056,-2.1949512386655314,3
Kernel Ridge Regression,-2.174597252967641,-1.9795004779027963,3
Kernel Ridge Regression,-1.4542413778154994,-2.1624779181214038,3
Kernel Ridge Regression,-2.6852623228853463,-2.420298444350429,3
Kernel Ridge Regression,-3.873453012328298,-3.7473422731367307,3
Kernel Ridge Regression,-1.7089770353918146,-1.613286491221281,3
Kernel Ridge Regression,-2.586212054867284,-2.3977694424332725,3
Kernel Ridge Regression,-2.635616939296958,-1.6855008887661498,3
Kernel Ridge Regression,-1.0556956867709293,-0.8632407320783031,3
Kernel Ridge Regression,-1.6217142305536996,-1.5666207965554975,3
Kernel Ridge Regression,-1.3104931690369908,-1.3761004318610048,3
Kernel Ridge Regression,-1.4100025284401918,-1.9710602458528115,3
Kernel Ridge Regression,-1.1286208649028604,-1.5164728183099925,3
Kernel Ridge Regression,-3.7342838339347466,-3.4918957465921636,3
Kernel Ridge Regression,-3.52120992195253,-2.542970719983117,3
Kernel Ridge Regression,-2.9303729669440868,-2.653738180123476,3
Kernel Ridge Regression,-3.3114386993585976,-2.496305025318584,3
Kernel Ridge Regression,-2.270552443792131,-2.5511389128984376,3
Kernel Ridge Regression,-2.457678098889193,-1.9048158780031414,3
Kernel Ridge Regression,-1.547722797531173,-1.8118178378137983,3
Kernel Ridge Regression,-1.5623567401916558,-1.4619896055562265,3
Kernel Ridge Regression,-1.3160847906164357,-1.9469372420782562,3
Kernel Ridge Regression,-1.7113615374852664,-1.820416868990847,3
Kernel Ridge Regression,-1.9381605982067327,-2.1091674066481403,3
Kernel Ridge Regression,-1.5862250860093259,-1.7186088333817509,3
Kernel Ridge Regression,-3.4161712191583424,-3.065841521127794,3
Kernel Ridge Regression,-3.0415646563875622,-2.6012911411566932,3
Kernel Ridge Regression,-2.236090057320799,-2.508293100969169,3
Kernel Ridge Regression,-2.644753893986956,-3.2963807206615385,3
Kernel Ridge Regression,-2.470173263354167,-2.8344032991704253,3
Kernel Ridge Regression,-1.5650446341096866,-2.1689016480512677,3
Kernel Ridge Regression,-2.4995431395917818,-2.4137184382418013,3
Kernel Ridge Regression,-2.4308272469150642,-2.805642669802829,3
Kernel Ridge Regression,-3.4715139529702097,-2.281897383862521,3
Kernel Ridge Regression,-3.09259777670544,-2.19250401215276,3
Kernel Ridge Regression,-2.1081088952398566,-2.1888993436744286,3
Kernel Ridge Regression,-3.7551664480113374,-3.5408502731321505,3
Kernel Ridge Regression,-1.883787384700319,-2.3450959037405568,3
Kernel Ridge Regression,-1.7176063992666837,-2.094324680948084,3
Kernel Ridge Regression,-1.2684519185896421,-1.9379402051037573,3
Kernel Ridge Regression,-3.190894343543139,-2.4862489125088842,3
Kernel Ridge Regression,-2.362468744313884,-2.09569033924204,3
Kernel Ridge Regression,-3.8287505085021976,-4.07111326752603,3
Kernel Ridge Regression,-2.9211605333956863,-2.7239883734845733,3
Kernel Ridge Regression,-2.110664900131247,-2.598333829809853,3
Kernel Ridge Regression,-1.9070646816834933,-2.092097313859128,3
Kernel Ridge Regression,-2.3662117992181373,-2.297279176902066,3
Kernel Ridge Regression,-1.936797812533807,-1.988282383043952,3
Kernel Ridge Regression,-3.3980931244651527,-2.314392581248619,3
Kernel Ridge Regression,-1.012145447578458,-1.6384541507884265,3
Kernel Ridge Regression,-1.8211763195496429,-2.650715459062056,3
Kernel Ridge Regression,-2.0731453982830836,-2.1444789431099665,3
Kernel Ridge Regression,-2.000920332458684,-2.1026545116626423,3
Kernel Ridge Regression,-1.0474177734305667,-1.9968814142214555,3
Kernel Ridge Regression,-3.7834435403498214,-3.0490869857795957,3
Kernel Ridge Regression,-1.1738116279378035,-1.7373232444741902,3
Kernel Ridge Regression,-1.1134303475678107,-1.754700992167237,3
Kernel Ridge Regression,-3.2861198587119835,-2.3496608061547235,3
Kernel Ridge Regression,-1.945720453842236,-2.2856319518805677,3
Kernel Ridge Regression,-1.006612713059657,-1.8950733786134961,3
Kernel Ridge Regression,-3.739785461604827,-3.3161459810994103,3
Kernel Ridge Regression,-2.5037832349706837,-1.752265773763078,3
Kernel Ridge Regression,-2.4117878095891196,-2.338879783754116,3
Kernel Ridge Regression,-1.8555915719713854,-1.3370552548197026,3
Kernel Ridge Regression,-2.9206523063014074,-2.7372513104743845,3
Kernel Ridge Regression,-1.069394064585742,-1.4254875691660231,3
Kernel Ridge Regression,-1.4441845681180592,-1.4428653168577057,3
Kernel Ridge Regression,-1.42943857964666,-1.973796276571946,3
Kernel Ridge Regression,-1.6993207301372903,-1.2028772916064696,3
Kernel Ridge Regression,-3.6572596108178765,-3.646737720371391,3
Kernel Ridge Regression,-3.172776808882327,-2.795126066702636,3
Kernel Ridge Regression,-1.4782087030212006,-1.657210214753377,3
Kernel Ridge Regression,-2.049666891178964,-1.9639774208232694,3
Kernel Ridge Regression,-3.1720823887102565,-3.067843049744546,3
Kernel Ridge Regression,-3.7469892929465796,-3.8892523708606177,3
Kernel Ridge Regression,-1.4257747559860434,-1.52456545501704,3
Kernel Ridge Regression,-0.9637364568210032,-1.7654611629201042,3
Kernel Ridge Regression,-2.1372208240925845,-2.500155567451536,3
Kernel Ridge Regression,-0.664255515397868,-1.2057695738362213,3
Kernel Ridge Regression,-2.001001072492525,-1.7367005335504615,3
Kernel Ridge Regression,-1.5708763680120374,-1.34614196028339,3
Kernel Ridge Regression,-3.352587686654944,-3.0786780394668156,3
Kernel Ridge Regression,-1.386590637896301,-1.940762187518125,3
Kernel Ridge Regression,-2.7906820711849507,-2.6204133091541664,3
Kernel Ridge Regression,-2.5910208366914373,-2.24752939358779,3
Kernel Ridge Regression,-3.437187483030755,-3.351395022509749,3
Kernel Ridge Regression,-1.5438464586997465,-2.039631281205253,3
Kernel Ridge Regression,-2.612904311968554,-2.0570090288953438,3
Kernel Ridge Regression,-1.9090244195663402,-1.8170210036444487,3
Kernel Ridge Regression,-3.644312909802797,-4.172804343625366,3
Kernel Ridge Regression,-1.167232267440179,-1.5110073845479874,3
Kernel Ridge Regression,-2.672496188704653,-1.635086508598576,3
Kernel Ridge Regression,-2.0893959764848726,-2.017032176869755,3
Kernel Ridge Regression,-2.0990330852672687,-2.1906585061849384,3
Kernel Ridge Regression,-1.2394237537905008,-1.869434647980107,3
Kernel Ridge Regression,-1.4486812373435975,-2.07271825582729,3
Kernel Ridge Regression,-3.6688623296866587,-2.9216402195416578,3
Kernel Ridge Regression,-1.8347593251696876,-1.387266200674425,3
Kernel Ridge Regression,-3.5624063821538914,-3.1148593001189866,3
Kernel Ridge Regression,-2.2689882869552584,-2.8762958283203375,3
Kernel Ridge Regression,-2.1481523894209715,-2.5885474844150025,3
Kernel Ridge Regression,-1.5310782741493767,-1.5664194443370008,3
Kernel Ridge Regression,-1.318606216338379,-1.3509686835760846,3
Kernel Ridge Regression,-1.0193030390019762,-1.1935355287710792,3
Kernel Ridge Regression,-1.270721247267063,-1.4484791939818535,3
Kernel Ridge Regression,-1.409977601837042,-1.2483694163534338,3
Kernel Ridge Regression,-2.0129990008635867,-1.5339461237917362,3
Kernel Ridge Regression,-3.312493333735544,-3.1188104788094506,3
Kernel Ridge Regression,-1.8035282856682657,-1.6956291388531781,3
Kernel Ridge Regression,-2.3465562136207656,-1.8299509383474728,3
Kernel Ridge Regression,-1.215596170273078,-2.0708466462496276,3
Kernel Ridge Regression,-1.351662241081682,-1.8798558523110103,3
Kernel Ridge Regression,-1.7550940407409845,-2.25826646681562,3
Kernel Ridge Regression,-1.7701752248722789,-1.8232237442575823,3
Kernel Ridge Regression,-2.17663866294089,-2.8354850525328033,3
Kernel Ridge Regression,-2.568749167088006,-2.3292485365823055,3
Kernel Ridge Regression,-1.936404341844701,-2.5028748658945332,3
Kernel Ridge Regression,-1.7448404020099417,-2.078477313788241,3
Kernel Ridge Regression,-1.4467153895386817,-2.181651007692203,3
Kernel Ridge Regression,-2.0916278587378,-1.4266108858523268,3
Kernel Ridge Regression,-2.540720473654946,-2.129990950328157,3
Kernel Ridge Regression,-1.9715416460145745,-2.384934615540068,3
Kernel Ridge Regression,-3.3980116731740355,-2.534430399626153,3
Kernel Ridge Regression,-2.3758693662733776,-2.728222071580113,3
Kernel Ridge Regression,-3.233202110369878,-2.632084560410256,3
Kernel Ridge Regression,-3.3980116731740355,-2.6845192301383776,3
Kernel Ridge Regression,-3.3466707249611667,-2.566578979782321,3
Kernel Ridge Regression,-3.290189204280069,-2.426236377356723,3
Kernel Ridge Regression,-3.8817848914990014,-4.236910264610714,3
Kernel Ridge Regression,-2.3460680222446215,-1.731784447592382,3
Kernel Ridge Regression,-1.5226715493865826,-1.8169989378939846,3
Kernel Ridge Regression,-1.3308187576670196,-1.5060353393878998,3
Kernel Ridge Regression,-1.2662407394987067,-1.2582150314637488,3
Kernel Ridge Regression,-2.1633711620778806,-2.190817031488848,3
Kernel Ridge Regression,-2.7766733448672327,-2.211835419292626,3
Kernel Ridge Regression,-1.6819366650372385,-2.2934452411161246,3
Kernel Ridge Regression,-2.5783960731301687,-2.8706638268328533,3
Kernel Ridge Regression,-2.084073842416984,-2.3644273108816733,3
Kernel Ridge Regression,-1.9644153443855357,-2.5380536401945832,3
Kernel Ridge Regression,-1.5049121890283346,-1.8688392978979849,3
Kernel Ridge Regression,-1.7581838126622393,-2.113656088087154,3
Kernel Ridge Regression,-1.0942289641451028,-1.461789660153059,3
Kernel Ridge Regression,-1.5895913565043294,-1.957271612245215,3
Kernel Ridge Regression,-2.432175336754664,-2.5055803196493187,3
Kernel Ridge Regression,-4.059833781301273,-4.090444674666465,3
Kernel Ridge Regression,-2.22015815118179,-1.6185766097322016,3
Kernel Ridge Regression,-3.31795786632659,-2.9669228707121604,3
Kernel Ridge Regression,-2.833475754814589,-1.941082139458537,3
Kernel Ridge Regression,-2.292547184423849,-2.2774050172724287,3
Kernel Ridge Regression,-3.312017362295172,-3.264958894771979,3
Kernel Ridge Regression,-1.2862388841839494,-1.7104741117088196,3
Kernel Ridge Regression,-0.9737395646276028,-1.2858681684945452,3
Kernel Ridge Regression,-1.9643120034496402,-1.633858652587449,3
Kernel Ridge Regression,-3.0397590359811644,-2.686064224146044,3
Kernel Ridge Regression,-3.05329283374744,-2.8792833047239412,3
Kernel Ridge Regression,-1.9362137770978871,-2.0842922053052746,3
Kernel Ridge Regression,-2.8165949053280404,-2.642966506701235,3
Kernel Ridge Regression,-2.035715142789073,-2.1367299907496005,3
Kernel Ridge Regression,-2.152965298392503,-2.310356320065466,3
Kernel Ridge Regression,-1.0460152967125962,-1.2340923400212134,3
Kernel Ridge Regression,-1.391500388590343,-1.9374724044968161,3
Kernel Ridge Regression,-1.9499388302923257,-2.0520734672824474,3
Kernel Ridge Regression,-1.9765773961271407,-1.9923062920796255,3
Kernel Ridge Regression,-1.1895507451644802,-1.7469520398043699,3
Kernel Ridge Regression,-2.017352405817494,-2.3419118537954944,3
Kernel Ridge Regression,-1.5736750209710204,-2.277882999519065,3
Kernel Ridge Regression,-0.40966424145785746,0.08150478667807448,3
Kernel Ridge Regression,0.26528954569788904,-0.16878634550282356,3
Kernel Ridge Regression,0.10764671163334447,0.507152084958733,3
Kernel Ridge Regression,0.11059120541434526,-0.17249903667776323,3
Kernel Ridge Regression,-0.2703526265197312,0.04295172408338033,3
Kernel Ridge Regression,0.2461448119736277,0.9037649433646706,3
Kernel Ridge Regression,0.23583851209189552,0.20038487888929524,3
Kernel Ridge Regression,-0.43783118657286935,-0.14002571613204395,3
Kernel Ridge Regression,-1.9219867657940077,-1.7248900711487352,3
Kernel Ridge Regression,-2.2749377863952085,-1.7006853486343942,3
Kernel Ridge Regression,-1.4739374796247893,-1.2656426260786304,3
Kernel Ridge Regression,-1.5923333763280876,-1.5208961956078113,3
Kernel Ridge Regression,-3.915670428497184,-3.497405686209234,3
Kernel Ridge Regression,-2.7488910409678486,-1.8577064128459497,3
Kernel Ridge Regression,-2.2038635814094025,-2.64579403253866,3
Kernel Ridge Regression,-1.5073537295089607,-1.6319573046398759,3
Kernel Ridge Regression,-1.862548056774303,-1.8663054440229985,3
Kernel Ridge Regression,-1.7236216619186897,-2.0695890518694995,3
Kernel Ridge Regression,-1.6695950343945678,-1.869479274240625,3
Kernel Ridge Regression,-1.852111989478871,-2.219084835957517,3
Kernel Ridge Regression,-1.1286832686838821,-1.1699216274432445,3
Kernel Ridge Regression,-1.5290505627346085,-1.0805282557322329,3
Kernel Ridge Regression,-1.2812660713628026,-1.1527426532797165,3
Kernel Ridge Regression,-1.573747505577719,-0.7270953549966706,3
Kernel Ridge Regression,-1.3041517533417322,-1.1912957158716821,3
Kernel Ridge Regression,-0.9468333037780922,-0.8433421963749126,3
Kernel Ridge Regression,-1.5398588190217488,-1.3297138487615072,3
Kernel Ridge Regression,-2.14182332020342,-2.6058457121917087,3
Kernel Ridge Regression,-0.8959678728621829,-1.580004980939222,3
Kernel Ridge Regression,-0.8609839615611586,-0.5074536920726374,3
Kernel Ridge Regression,-0.7463040504271798,-2.3146993854722453,3
Kernel Ridge Regression,-1.0181181552809078,-1.0203133918562486,3
Kernel Ridge Regression,-3.2172494016790187,-2.993393903119589,3
Kernel Ridge Regression,-1.483088664742514,-1.3536946297561911,3
Kernel Ridge Regression,-1.0748372190236377,-1.014303176843292,3
Kernel Ridge Regression,-0.6591799251191045,-0.6072535390958649,3
Kernel Ridge Regression,-0.6143935172969877,-1.1027354911877936,3
Kernel Ridge Regression,-0.9800565288767592,-1.4252346663550526,3
Kernel Ridge Regression,-1.2028902052841348,-1.9088647248218322,3
Kernel Ridge Regression,-1.0775646199327256,-0.7617414691544795,3
Kernel Ridge Regression,-1.011455146773862,-1.5199554212103905,3
Kernel Ridge Regression,-1.3147618244158232,-2.0633526548820385,3
Kernel Ridge Regression,-3.5076503600642033,-2.971409928434225,4
Kernel Ridge Regression,-2.3146334389286793,-2.508710514797208,4
Kernel Ridge Regression,-1.6844526576962697,-1.9010713951628737,4
Kernel Ridge Regression,-2.158822044993741,-2.0583430443563464,4
Kernel Ridge Regression,-2.3969317709673565,-2.4975040339902534,4
Kernel Ridge Regression,-3.3692782873859213,-3.57282021698843,4
Kernel Ridge Regression,-1.0745636623476162,-1.0628042112595288,4
Kernel Ridge Regression,-1.5321588732385725,-1.7493007157091056,4
Kernel Ridge Regression,-1.524080623031204,-1.2866013020712082,4
Kernel Ridge Regression,-0.9452141888163385,-0.8362338316307867,4
Kernel Ridge Regression,-1.374139089297611,-0.9551812471586194,4
Kernel Ridge Regression,-1.6390957814475864,-0.6534961117614015,4
Kernel Ridge Regression,-1.103883331173482,-0.7369484299967235,4
Kernel Ridge Regression,-1.496009274431816,-1.3221801972544278,4
Kernel Ridge Regression,-1.6021765542362365,-2.3507110042632893,4
Kernel Ridge Regression,-3.4108437941069076,-3.0625644404562284,4
Kernel Ridge Regression,-1.1938637358837367,-1.4545320469761973,4
Kernel Ridge Regression,-2.123767317417046,-1.5742677020056985,4
Kernel Ridge Regression,-1.4985127097581414,-1.7052325844016476,4
Kernel Ridge Regression,-1.0056334760903496,-1.2093439879370467,4
Kernel Ridge Regression,-1.0225392132375182,-1.0975934647678387,4
Kernel Ridge Regression,-1.3355656611938254,-1.3738125294886325,4
Kernel Ridge Regression,-2.341290856803062,-2.4811965769995217,4
Kernel Ridge Regression,-1.3897810295006061,-1.4912670056868145,4
Kernel Ridge Regression,-1.1631032781134523,-1.155579712328925,4
Kernel Ridge Regression,-1.5041031112940382,-1.7408114795852652,4
Kernel Ridge Regression,-3.8326531224143645,-3.3272511899171584,4
Kernel Ridge Regression,-2.7929079641438137,-3.6718981504029085,4
Kernel Ridge Regression,-2.0569241023003397,-1.9753901970346506,4
Kernel Ridge Regression,-2.66118307205398,-2.2516092617556147,4
Kernel Ridge Regression,-1.1061070209631036,-1.6741676721186223,4
Kernel Ridge Regression,-0.7406200937095554,-0.6304709010702683,4
Kernel Ridge Regression,-0.19201915469350456,-0.5007698307289365,4
Kernel Ridge Regression,-0.3696586894071177,0.010176830137054615,4
Kernel Ridge Regression,-1.5018248431082857,-1.6260508127548445,4
Kernel Ridge Regression,-0.5732799306060785,-0.6458581744327696,4
Kernel Ridge Regression,0.20995355888867073,-0.02409559349214252,4
Kernel Ridge Regression,-0.14570591755806434,0.0013704771832370177,4
Kernel Ridge Regression,-1.1235679872330004,-0.8644712300606927,4
Kernel Ridge Regression,-0.27744790362250854,-0.8512815252116477,4
Kernel Ridge Regression,-3.2691119889214533,-2.7549219672115877,4
Kernel Ridge Regression,-1.9304209166838449,-1.6503110103101937,4
Kernel Ridge Regression,-2.465962973225779,-2.571995757851815,4
Kernel Ridge Regression,-2.1460708341762897,-1.7963339571099985,4
Kernel Ridge Regression,-1.8094490244732577,-1.960802498661016,4
Kernel Ridge Regression,-1.9615865844075526,-2.2810160727668487,4
Kernel Ridge Regression,-3.0166281405425486,-3.068186546171607,4
Kernel Ridge Regression,-1.4817410394981543,-2.078256974859411,4
Kernel Ridge Regression,-2.8170555006405635,-2.5117693656586546,4
Kernel Ridge Regression,-2.557865138098485,-3.132172514829394,4
Kernel Ridge Regression,-3.3308765956121587,-2.866522771858116,4
Kernel Ridge Regression,-3.1668739337041876,-2.57674884008743,4
Kernel Ridge Regression,-3.4317548486561424,-3.9165090127444517,4
Kernel Ridge Regression,-1.415304935020491,-1.4791233402609174,4
Kernel Ridge Regression,-1.8319016673890882,-1.6706674130832746,4
Kernel Ridge Regression,-2.861353792341514,-2.896998876122281,4
Kernel Ridge Regression,-2.617794503701521,-1.8740419548110339,4
Kernel Ridge Regression,-2.7103007043055714,-1.9070693048096303,4
Kernel Ridge Regression,-2.048440290036772,-2.265772501885298,4
Kernel Ridge Regression,-3.434121498561107,-2.974051031272353,4
Kernel Ridge Regression,-1.8026465968079968,-1.721988145542984,4
Kernel Ridge Regression,-1.777268237794943,-1.2775430779024748,4
Kernel Ridge Regression,-1.183812038624167,-1.5537621426245476,4
Kernel Ridge Regression,-1.7028254486283225,-1.8739757167309485,4
Kernel Ridge Regression,-1.392520817816124,-1.9207610927212087,4
Kernel Ridge Regression,-2.6799272800459657,-2.117918714473391,4
Kernel Ridge Regression,-3.7342838339347466,-4.205003806032231,4
Kernel Ridge Regression,-3.007286136495451,-2.8476719499785172,4
Kernel Ridge Regression,-1.794765718416369,-2.205760406715333,4
Kernel Ridge Regression,-2.2669235674490644,-2.684477897983199,4
Kernel Ridge Regression,-3.302921552819786,-2.8617954112841772,4
Kernel Ridge Regression,-2.487130374543647,-2.5162518950652464,4
Kernel Ridge Regression,-2.5342163548062593,-2.2980190779036205,4
Kernel Ridge Regression,-3.4401053391639986,-2.8832508451616796,4
Kernel Ridge Regression,-2.810836301965318,-2.445345012119841,4
Kernel Ridge Regression,-1.6536721058017216,-1.827109706774444,4
Kernel Ridge Regression,-2.663203768289533,-2.513606211224362,4
Kernel Ridge Regression,-1.7568408124580226,-2.050906797586791,4
Kernel Ridge Regression,-3.2590502255091702,-2.330680001864703,4
Kernel Ridge Regression,-3.135663383730844,-2.065030258893446,4
Kernel Ridge Regression,-1.9704478542261563,-1.9514381107296939,4
Kernel Ridge Regression,-1.0232314473246815,-1.142045153035874,4
Kernel Ridge Regression,-1.935943656763284,-2.0397003167800065,4
Kernel Ridge Regression,-1.706119540338668,-2.1956444159486774,4
Kernel Ridge Regression,-1.1883246153441216,-1.3487180001253245,4
Kernel Ridge Regression,-2.5339607001524365,-2.0707674708472696,4
Kernel Ridge Regression,-2.2826863141215226,-2.2167904176469824,4
Kernel Ridge Regression,-3.40015839520823,-2.465686085397642,4
Kernel Ridge Regression,-2.0364325385907973,-2.857416632472219,4
Kernel Ridge Regression,-2.848471723996311,-2.234982855367355,4
Kernel Ridge Regression,-2.7669040895368373,-2.458779946179809,4
Kernel Ridge Regression,-2.4911353637922846,-2.2913489825926865,4
Kernel Ridge Regression,-2.258697330779929,-1.9091270741054132,4
Kernel Ridge Regression,-2.2625101343415968,-2.028400691833535,4
Kernel Ridge Regression,-2.3552642027188186,-1.9919346106443363,4
Kernel Ridge Regression,-1.7883466398341077,-1.708998103789986,4
Kernel Ridge Regression,-2.020315121682196,-1.8279455193174066,4
Kernel Ridge Regression,-1.7983538696326367,-1.8837151037668596,4
Kernel Ridge Regression,-3.333901540815397,-2.93532956682745,4
Kernel Ridge Regression,-1.512256636766295,-1.5262603839205369,4
Kernel Ridge Regression,-3.9030899869919438,-3.7813841797449164,4
Kernel Ridge Regression,-2.728175115284189,-1.6674789662785305,4
Kernel Ridge Regression,-3.7834435403498214,-3.1576836623700277,4
Kernel Ridge Regression,-1.556016572040716,-2.177491024048166,4
Kernel Ridge Regression,-2.3458067992518874,-1.555728443108541,4
Kernel Ridge Regression,-1.4273499677206534,-2.1521610819351675,4
Kernel Ridge Regression,-1.5838670484167507,-1.8522067235231054,4
Kernel Ridge Regression,-1.3434220574020639,-1.5672624629965812,4
Kernel Ridge Regression,-1.2662523005170878,-1.7706370047233173,4
Kernel Ridge Regression,-1.9718622007532294,-2.060264564105851,4
Kernel Ridge Regression,-1.9930514957526793,-2.0871680107193664,4
Kernel Ridge Regression,-1.8011659603551675,-2.1435341379451733,4
Kernel Ridge Regression,-1.840084037547579,-2.1477710495366233,4
Kernel Ridge Regression,-1.6517269019834395,-1.7033259818987148,4
Kernel Ridge Regression,-1.98115226552214,-1.860597631091612,4
Kernel Ridge Regression,-3.2877805976748804,-3.375074803724228,4
Kernel Ridge Regression,-2.4368442826786825,-2.530511913617204,4
Kernel Ridge Regression,-1.9745795534681516,-2.111584167888625,4
Kernel Ridge Regression,-1.1441412885613946,-1.4814537906638179,4
Kernel Ridge Regression,-0.6074545522659878,-1.1529961577873913,4
Kernel Ridge Regression,-2.1469087646472067,-1.663008215557979,4
Kernel Ridge Regression,-1.3467292946628289,-1.1985172838116418,4
Kernel Ridge Regression,-0.7705521408719755,-0.740023109699661,4
Kernel Ridge Regression,-2.00821940080217,-1.6376782734437296,4
Kernel Ridge Regression,-3.054246410327101,-2.712994456443299,4
Kernel Ridge Regression,-3.7986028756795487,-3.270903359766011,4
Kernel Ridge Regression,-2.244039132061237,-2.595614264899055,4
Kernel Ridge Regression,-2.9206284299141125,-2.4659131945578086,4
Kernel Ridge Regression,-1.6958725916338202,-2.100989480490471,4
Kernel Ridge Regression,-2.5312982881059978,-2.4336840249594704,4
Kernel Ridge Regression,-2.2151887800651093,-2.497409390099765,4
Kernel Ridge Regression,-2.034185120528877,-2.2654580220419147,4
Kernel Ridge Regression,-2.560133846538238,-2.5856715961480887,4
Kernel Ridge Regression,-3.0607359079332865,-3.6609877791470895,4
Kernel Ridge Regression,-3.9453409907865007,-3.4575582259513125,4
Kernel Ridge Regression,-3.392655441034186,-2.5629257835342667,4
Kernel Ridge Regression,-1.4436245197644126,-2.0007576830405647,4
Kernel Ridge Regression,-3.6688623296866587,-2.2449639882589087,4
Kernel Ridge Regression,-1.4180277802789096,-1.3039998863485873,4
Kernel Ridge Regression,-1.2189474946453842,-1.33845821386677,4
Kernel Ridge Regression,-1.1598011320770079,-0.8275115530009209,4
Kernel Ridge Regression,-1.9811271489159006,-1.7491963005407658,4
Kernel Ridge Regression,-0.9279654459479447,-0.8617839766300399,4
Kernel Ridge Regression,-1.8162387276731846,-1.0190556258235837,4
Kernel Ridge Regression,-0.975127284906683,-0.9197702241891013,4
Kernel Ridge Regression,-1.0144370432648293,-1.6141607146258061,4
Kernel Ridge Regression,-0.7242679085347501,-0.7672342988020695,4
Kernel Ridge Regression,-1.2640972244503184,-1.9370288326568046,4
Kernel Ridge Regression,-3.542851120580754,-3.0271614784474483,4
Kernel Ridge Regression,-3.119103556806872,-2.218065848990769,4
Kernel Ridge Regression,-2.0598606483703086,-1.7750985927176959,4
Kernel Ridge Regression,-2.329956957829961,-1.9524161060190004,4
Kernel Ridge Regression,-2.3087676366549488,-1.487925174271981,4
Kernel Ridge Regression,-1.5609490414532068,-1.6626421742489896,4
Kernel Ridge Regression,-1.396090167895999,-1.9270861639060797,4
Kernel Ridge Regression,-2.04835547456192,-1.6912997159986958,4
Kernel Ridge Regression,-1.3448674070651871,-1.3886397726372925,4
Kernel Ridge Regression,-3.8997432135729384,-3.7589889864064148,4
Kernel Ridge Regression,-2.6904826786431757,-2.8643565439904988,4
Kernel Ridge Regression,-2.5884932589587586,-2.270692247955224,4
Kernel Ridge Regression,-2.436631774638256,-1.9057685338875454,4
Kernel Ridge Regression,-3.744840908818875,-3.177621122950319,4
Kernel Ridge Regression,-1.4790145740873064,-2.1876915516376116,4
Kernel Ridge Regression,-2.345229430009625,-2.5045750770931345,4
Kernel Ridge Regression,-3.233202110369878,-2.5314785237082984,4
Kernel Ridge Regression,-2.2405786779424,-2.7552756145196367,4
Kernel Ridge Regression,-2.300301079838426,-3.0350488187976765,4
Kernel Ridge Regression,-2.483384252706259,-2.5878446509324853,4
Kernel Ridge Regression,-2.019028072917717,-2.4796251440564085,4
Kernel Ridge Regression,-2.1317533670782356,-3.5312396071167864,4
Kernel Ridge Regression,-2.3582852103076553,-2.7908545097027426,4
Kernel Ridge Regression,-3.4116117497612004,-2.988012131453561,4
Kernel Ridge Regression,-1.7613667161535187,-2.0200553995790793,4
Kernel Ridge Regression,-2.025135764586199,-2.0354426729396766,4
Kernel Ridge Regression,-1.8762488134939106,-2.1660568299957466,4
Kernel Ridge Regression,-2.0118859545996086,-2.3395518284029704,4
Kernel Ridge Regression,-2.4520022992105748,-2.0901151030318887,4
Kernel Ridge Regression,-3.3036200184447138,-2.803515054096999,4
Kernel Ridge Regression,-4.059833781301273,-3.429684474192186,4
Kernel Ridge Regression,-3.3309007861959947,-2.340815640458959,4
Kernel Ridge Regression,-2.1956618739690814,-2.1733846768722342,4
Kernel Ridge Regression,-3.844232919056576,-3.116779633056535,4
Kernel Ridge Regression,-1.4566894173821427,-1.7911627683838776,4
Kernel Ridge Regression,-1.586700235918748,-1.9384887026002546,4
Kernel Ridge Regression,-1.8196475705694013,-1.845008211101361,4
Kernel Ridge Regression,-1.8074474879886533,-1.6688264274945765,4
Kernel Ridge Regression,-1.47951268111869,-1.3113717076486802,4
Kernel Ridge Regression,-1.170757605358798,-2.1772134148924396,4
Kernel Ridge Regression,-3.0397590359811644,-3.008586600150987,4
Kernel Ridge Regression,-2.5945173784671853,-2.164023710043309,4
Kernel Ridge Regression,-1.2672463833090828,-1.7119799604874524,4
Kernel Ridge Regression,-1.2025079170212445,-1.7464382880036455,4
Kernel Ridge Regression,-1.2165796349138172,-1.2354916271383578,4
Kernel Ridge Regression,-1.6362623936895822,-1.7142091184063943,4
Kernel Ridge Regression,-1.6374387034297335,-1.4270356999603384,4
Kernel Ridge Regression,-0.7797693247910334,-0.9685415258510506,4
Kernel Ridge Regression,-1.951987303305516,-1.601752699937958,4
Kernel Ridge Regression,-1.309961996475505,-1.8661966895947355,4
Kernel Ridge Regression,-2.2355646390433175,-1.3277502983265168,4
Kernel Ridge Regression,-2.3822676402388554,-1.4750762325436755,4
Kernel Ridge Regression,-3.6368695830464484,-3.499421775916832,4
Kernel Ridge Regression,-3.7618083196547483,-3.545707803600046,4
Kernel Ridge Regression,-3.3010769020010144,-3.2772447812793812,4
Kernel Ridge Regression,-1.1090605687339063,-1.5807368279124874,4
Kernel Ridge Regression,-2.3371392715991264,-2.177169466738133,4
Kernel Ridge Regression,-1.3627172000570675,-1.5552707572363262,4
Kernel Ridge Regression,-0.39778171004309776,0.01194930982129705,4
Kernel Ridge Regression,-0.004427072779599359,0.18017531273939236,4
Kernel Ridge Regression,0.23141740977050707,0.3984081299008193,4
Kernel Ridge Regression,0.004405968258246192,-0.2959823605355658,4
Kernel Ridge Regression,-0.9893876757536758,-1.2153544443654978,4
Kernel Ridge Regression,-2.1512701073865577,-1.8913072045901242,4
Kernel Ridge Regression,-1.6790364719823858,-1.7777150564264574,4
Kernel Ridge Regression,-2.642143447351316,-1.6301908145697273,4
Kernel Ridge Regression,-2.1235976234646596,-1.9086035370534182,4
Kernel Ridge Regression,-3.525699217034543,-3.1628955807022905,4
Kernel Ridge Regression,-1.9190397324043553,-1.4321152037042384,4
Kernel Ridge Regression,-2.5479760718766045,-1.9108326949727794,4
Kernel Ridge Regression,-2.3812985463366814,-1.9745580601114545,4
Kernel Ridge Regression,-1.1009937914140275,-1.1651651024166967,4
Kernel Ridge Regression,-2.3872497229566574,-2.3067632639021065,4
Kernel Ridge Regression,-1.947863458882499,-2.293573559052948,4
Kernel Ridge Regression,-1.4753372030036505,-2.5326024385082615,4
Kernel Ridge Regression,-1.1998361610596366,-1.2763026411880682,4
Kernel Ridge Regression,-1.3469740509457453,-0.9478450083110022,4
Kernel Ridge Regression,-1.3198484161479276,-0.9933661343346984,4
Kernel Ridge Regression,-1.2818579528648468,-1.1123135498614263,4
Kernel Ridge Regression,-1.3198484161479276,-1.2297680260604005,4
Kernel Ridge Regression,-1.793068638288037,-1.5884712231366367,4
Kernel Ridge Regression,-1.1431217053996168,-3.065752210289551,4
Kernel Ridge Regression,-1.5966625231096632,-1.1764312536901884,4
Kernel Ridge Regression,-2.348164353297759,-1.6800015487802342,4
Kernel Ridge Regression,-1.2755333695267534,-1.232797380913864,4
Kernel Ridge Regression,-2.451728539243243,-2.3945444441295813,4
Kernel Ridge Regression,-1.8036577587890321,-1.2370342925053777,4
Kernel Ridge Regression,-1.3991403077454354,-1.068808289588469,4
Kernel Ridge Regression,-0.9568598388437015,-0.7671231541917698,4
Kernel Ridge Regression,-1.042642722079717,-0.9979014066426517,4
Kernel Ridge Regression,-0.9679951762893184,-1.5213064332448227,4
Kernel Ridge Regression,-1.5600709478109722,-1.3571470353853936,4
Kernel Ridge Regression,-2.761915740881935,-1.5225702453001293,4
Kernel Ridge Regression,-0.428471724353625,-0.8806587020374856,4
Kernel Ridge Regression,-3.1791288900792822,-1.8023434495776574,4
Kernel Ridge Regression,-1.7283368624549476,-1.5366937066061588,4
Kernel Ridge Regression,-3.2503548803911073,-2.298534237897506,4
Kernel Ridge Regression,-0.37949908787793823,-1.3086046665858504,4
Kernel Ridge Regression,-0.6158874808696795,-0.9729173732251615,4
Kernel Ridge Regression,-1.048516497297764,-0.8203814478389326,4
Kernel Ridge Regression,-3.121373090381552,-2.586679947492345,4
Kernel Ridge Regression,-3.20055468102406,-3.1445888508156115,4
Kernel Ridge Regression,-0.9402445883836209,-1.7667581228676077,4
Kernel Ridge Regression,-1.4806961523875994,-1.5173213974960855,4
Kernel Ridge Regression,-1.6643405451853508,-1.7680219349229427,4
Kernel Ridge Regression,-2.114518460874232,-2.0477951392007263,4
Kernel Ridge Regression,-1.63438498383371,-1.60059097133636,4
Kernel Ridge Regression,-1.7462641625323523,-1.272133338458825,4
Kernel Ridge Regression,-1.4158076024067474,-1.492371464459203,4
Kernel Ridge Regression,-2.390077592912712,-2.543985927520703,4
Kernel Ridge Regression,-1.9812071611751474,-1.912759553283891,4
Kernel Ridge Regression,-1.7636611133035243,-2.4759188050814034,5
Kernel Ridge Regression,-3.5076503600642033,-3.3379170765629356,5
Kernel Ridge Regression,-2.2593946471787434,-2.0092547496668414,5
Kernel Ridge Regression,-1.3240188516817268,-1.8482396558995782,5
Kernel Ridge Regression,-0.28950830319552845,-2.8694609772493633,5
Kernel Ridge Regression,-0.3239443747054647,-1.1613267171414146,5
Kernel Ridge Regression,-1.2059345608151744,-1.7762024717955334,5
Kernel Ridge Regression,-1.7190338740193807,-2.5226142201406745,5
Kernel Ridge Regression,-1.5530374141251506,-1.3313295007036814,5
Kernel Ridge Regression,-1.1383767799226443,-0.49118102899476324,5
Kernel Ridge Regression,-1.6443425309821194,-1.1268342246356058,5
Kernel Ridge Regression,-1.414958380703708,-1.1994948822694498,5
Kernel Ridge Regression,-1.7566657394319904,-2.2480667487786943,5
Kernel Ridge Regression,-0.9407520429016281,-1.2771787749588213,5
Kernel Ridge Regression,-1.9196885629650766,-1.5360922350419997,5
Kernel Ridge Regression,-0.22901321309844905,-0.7583893281160619,5
Kernel Ridge Regression,-3.2180472636163895,-2.7505308569277402,5
Kernel Ridge Regression,-1.1345513868310089,-1.5189787203555882,5
Kernel Ridge Regression,-1.2696661993818519,-1.253737271042452,5
Kernel Ridge Regression,-0.9582190949069228,-1.0113838919729787,5
Kernel Ridge Regression,-3.2351404478705748,-2.6680728150754627,5
Kernel Ridge Regression,-3.694349887124185,-3.9467732986907933,5
Kernel Ridge Regression,-2.617367632441655,-2.40741322451483,5
Kernel Ridge Regression,-3.2834449518405893,-3.599926541583781,5
Kernel Ridge Regression,-2.772379350111858,-2.276807203711391,5
Kernel Ridge Regression,-3.2036005297986074,-3.3253790702216444,5
Kernel Ridge Regression,-2.6396789104480054,-1.8177782803705593,5
Kernel Ridge Regression,-2.5901613502180045,-2.354491096401018,5
Kernel Ridge Regression,-2.9142603715445343,-2.5514739958937174,5
Kernel Ridge Regression,0.14443509497441417,-0.4705373510801446,5
Kernel Ridge Regression,-0.2659675601094114,-0.30176316514861334,5
Kernel Ridge Regression,-0.6389033445220246,-0.3184908162434861,5
Kernel Ridge Regression,-1.7661589553081318,-1.6379727410779086,5
Kernel Ridge Regression,-0.40674416735366103,-0.6947833047792147,5
Kernel Ridge Regression,0.1297019665778856,-0.40642060450547224,5
Kernel Ridge Regression,-0.6704627883686575,-0.421975658502423,5
Kernel Ridge Regression,-3.0110100837480736,-0.3399313302770466,5
Kernel Ridge Regression,-1.1159606660259742,-1.5555146992260291,5
Kernel Ridge Regression,-2.7785748071197123,-1.976620120964919,5
Kernel Ridge Regression,-2.931358924489361,-1.9933477720610138,5
Kernel Ridge Regression,-1.1731208384522849,-1.6964905982406258,5
Kernel Ridge Regression,-2.0174042079019414,-1.5557593627519521,5
Kernel Ridge Regression,-1.4735211762278637,-1.573682731939794,5
Kernel Ridge Regression,-3.4785088685395653,-2.74085591965227,5
Kernel Ridge Regression,-2.67596440114224,-2.818177806102169,5
Kernel Ridge Regression,-2.6991941581253336,-2.6980934853034007,5
Kernel Ridge Regression,-3.447382880362,-3.9547235489460646,5
Kernel Ridge Regression,-3.20721692140729,-2.7136485392999674,5
Kernel Ridge Regression,-1.9112124620769755,-2.3133065232213212,5
Kernel Ridge Regression,-2.3339531661956356,-2.501663733440683,5
Kernel Ridge Regression,-1.1468871297310963,-1.9232903578007003,5
Kernel Ridge Regression,-2.9119908501955227,-2.6316042110743494,5
Kernel Ridge Regression,-3.310333372786738,-2.968201563847596,5
Kernel Ridge Regression,-3.9019276346378216,-4.452580615270934,5
Kernel Ridge Regression,-3.3458359767686834,-3.5537898547135445,5
Kernel Ridge Regression,-2.325708590111872,-1.8623832456999847,5
Kernel Ridge Regression,-2.7923263244120906,-2.610591275995581,5
Kernel Ridge Regression,-1.1386989940333996,-1.5655260718801651,5
Kernel Ridge Regression,-1.4093732376842594,-1.4247948363925715,5
Kernel Ridge Regression,-2.9864932974615632,-1.6850715846488633,5
Kernel Ridge Regression,-1.5372443207314632,-1.7747482602677631,5
Kernel Ridge Regression,-1.4616237416558537,-1.2795883876914134,5
Kernel Ridge Regression,-2.3478691638008677,-1.7319858259190783,5
Kernel Ridge Regression,-1.3859030337523468,-1.4886649937102772,5
Kernel Ridge Regression,-1.1202858432048246,-1.5355560740568581,5
Kernel Ridge Regression,-2.715845949095462,-2.7140684182003945,5
Kernel Ridge Regression,-1.3266108732423414,-1.5663146824844816,5
Kernel Ridge Regression,-2.3918623308235594,-2.5912294583596207,5
Kernel Ridge Regression,-2.7186459189940226,-2.6958868977167922,5
Kernel Ridge Regression,-3.1782271514224525,-2.629397623487485,5
Kernel Ridge Regression,-2.498525274280529,-2.170368700147279,5
Kernel Ridge Regression,-1.5554661639976504,-2.188292069333614,5
Kernel Ridge Regression,-3.384203503318252,-3.8449809924363967,5
Kernel Ridge Regression,-3.1353471437504044,-3.0896350359048563,5
Kernel Ridge Regression,-3.9730828630218453,-3.4936921733382156,5
Kernel Ridge Regression,-1.622950411914381,-2.010299673384977,5
Kernel Ridge Regression,-2.2317936703338876,-1.9057704065816887,5
Kernel Ridge Regression,-1.1808764741089726,-1.3646971550177545,5
Kernel Ridge Regression,-1.41390601215094,-1.5436356179699036,5
Kernel Ridge Regression,-2.4934863088506534,-2.226223878536312,5
Kernel Ridge Regression,-3.2996658499018485,-2.3960298762949646,5
Kernel Ridge Regression,-2.988535711454289,-3.715511801129046,5
Kernel Ridge Regression,-3.688222835963096,-3.740589728199153,5
Kernel Ridge Regression,-1.987977989665314,-2.4995147185527076,5
Kernel Ridge Regression,-3.285204336328503,-2.7528469632239037,5
Kernel Ridge Regression,-2.2175363341456173,-2.549305008761165,5
Kernel Ridge Regression,-3.159004262647741,-2.417470390327331,5
Kernel Ridge Regression,-3.20266873961377,-3.466042256838665,5
Kernel Ridge Regression,-3.3388889969343114,-2.3182885211228657,5
Kernel Ridge Regression,-3.339134521996131,-2.218718215243132,5
Kernel Ridge Regression,-4.441291429466834,-4.238446794523887,5
Kernel Ridge Regression,-4.043611115346274,-3.948068439064177,5
Kernel Ridge Regression,-3.1495014132834878,-3.004869860346526,5
Kernel Ridge Regression,-1.7310907007998717,-2.1012707861048114,5
Kernel Ridge Regression,-2.0559062448512155,-3.601221681955687,5
Kernel Ridge Regression,-2.3566470252815495,-2.6134789169795423,5
Kernel Ridge Regression,-2.8667990786740405,-2.233044126201251,5
Kernel Ridge Regression,-2.082759927050954,-2.2054416864498934,5
Kernel Ridge Regression,-3.4398948173744337,-2.68060014426324,5
Kernel Ridge Regression,-1.4722472768836088,-2.3420787598571065,5
Kernel Ridge Regression,-1.3149788474841408,-1.601318621353738,5
Kernel Ridge Regression,-1.6668842660690988,-2.3226033582491232,5
Kernel Ridge Regression,-1.7883466398341077,-2.1190614037880615,5
Kernel Ridge Regression,-2.8606575042266775,-2.0649106780430024,5
Kernel Ridge Regression,-1.3752808174958797,-1.7071363249675917,5
Kernel Ridge Regression,-2.9187956800017982,-2.389724585534285,5
Kernel Ridge Regression,-3.7834435403498214,-3.6035910322277105,5
Kernel Ridge Regression,-1.4975728800155672,-1.9121844232152023,5
Kernel Ridge Regression,-3.48241354468584,-2.660392453509946,5
Kernel Ridge Regression,-4.026482380351305,-3.231666348048545,5
Kernel Ridge Regression,-1.2174698965346429,-1.8344430680424215,5
Kernel Ridge Regression,-2.0116848782875407,-2.446750704652171,5
Kernel Ridge Regression,-3.466783553422354,-3.0431025262615594,5
Kernel Ridge Regression,-1.5213971031085405,-1.0116693351146533,5
Kernel Ridge Regression,-1.9458635904251336,-1.6473225307560502,5
Kernel Ridge Regression,-1.479191830676853,-1.719983188390079,5
Kernel Ridge Regression,-3.4629936067206395,-2.9355665573383796,5
Kernel Ridge Regression,-1.5625822596100025,-2.1878683035674107,5
Kernel Ridge Regression,-2.6148556108775285,-2.6339698722891174,5
Kernel Ridge Regression,-1.0209515518818744,-1.348948429489484,5
Kernel Ridge Regression,-2.484467237840419,-2.0572622827633746,5
Kernel Ridge Regression,-2.1469087646472067,-1.9580804135579428,5
Kernel Ridge Regression,-2.099963060637607,-2.393859635535498,5
Kernel Ridge Regression,-2.0630158256502544,-1.8585101076792325,5
Kernel Ridge Regression,-1.015474675864504,-1.544350866047079,5
Kernel Ridge Regression,-2.809138225804324,-1.9904524347696384,5
Kernel Ridge Regression,-0.5687544073603336,-1.095447157389606,5
Kernel Ridge Regression,-1.4330573818946528,-1.3145629760372985,5
Kernel Ridge Regression,-2.536796608945731,-1.8162426454222191,5
Kernel Ridge Regression,-1.982318834323383,-1.8739822576601017,5
Kernel Ridge Regression,-4.219679806977318,-3.974335021425549,5
Kernel Ridge Regression,-1.86662075613132,-2.26620076131777,5
Kernel Ridge Regression,-2.1782870563447125,-2.2829284124131544,5
Kernel Ridge Regression,-2.7597061620105943,-1.986071238592738,5
Kernel Ridge Regression,-1.3544637580442256,-1.596055073172199,5
Kernel Ridge Regression,-2.9753058553179503,-2.5790357186275066,5
Kernel Ridge Regression,-2.647947017470284,-2.764606338863745,5
Kernel Ridge Regression,-1.6292558354409146,-2.019177755304419,5
Kernel Ridge Regression,-2.4706410072083687,-1.87175788159825,5
Kernel Ridge Regression,-2.177111289133642,-2.264778021229562,5
Kernel Ridge Regression,-1.297434930657182,-1.5916283588737294,5
Kernel Ridge Regression,-1.3310146489007124,-1.20161219345194,5
Kernel Ridge Regression,-1.8793987946410835,-1.8372653890921145,5
Kernel Ridge Regression,-2.2675571837562845,-2.184592838907816,5
Kernel Ridge Regression,-4.0490653862997,-3.7309024509215907,5
Kernel Ridge Regression,-1.4001202888111866,-1.409979612616723,5
Kernel Ridge Regression,-1.1843962080688974,-1.2625597389108951,5
Kernel Ridge Regression,-1.302742708063045,-1.2792873900066206,5
Kernel Ridge Regression,-0.7420831923821466,-1.6555798785421787,5
Kernel Ridge Regression,-2.062592350526869,-2.6238472419106955,5
Kernel Ridge Regression,-1.3693953613978682,-1.3827722322645344,5
Kernel Ridge Regression,-2.174390400742264,-2.349299770548616,5
Kernel Ridge Regression,-1.4399552960568784,-1.9406774754699276,5
Kernel Ridge Regression,-1.9341938240909706,-1.7719032895393343,5
Kernel Ridge Regression,-2.119103556806872,-2.5368389709296326,5
Kernel Ridge Regression,-1.4337063496845048,-1.996645049694727,5
Kernel Ridge Regression,-1.0624918421054752,-1.6332398966866817,5
Kernel Ridge Regression,-3.2740051086991615,-3.1331907925386795,5
Kernel Ridge Regression,-2.0995080091454192,-1.7108895854616535,5
Kernel Ridge Regression,-1.394827676426251,-2.1466688074389815,5
Kernel Ridge Regression,-1.2530119718858257,-1.368965900513527,5
Kernel Ridge Regression,-3.744840908818875,-3.631047858863357,5
Kernel Ridge Regression,-1.785391290725075,-2.263422439307046,5
Kernel Ridge Regression,-3.6924119784161333,-3.4013219155667995,5
Kernel Ridge Regression,-3.233202110369878,-2.563403057893428,5
Kernel Ridge Regression,-2.8398575372186334,-2.584757370118165,5
Kernel Ridge Regression,-3.3358640560027224,-3.1809188655779836,5
Kernel Ridge Regression,-2.5444075781780136,-3.7521927601158156,5
Kernel Ridge Regression,-2.2313771400186773,-2.5859859677488153,5
Kernel Ridge Regression,-2.033677685255944,-2.1358536614621983,5
Kernel Ridge Regression,-1.6524312761675333,-1.9951224259750313,5
Kernel Ridge Regression,-3.290189204280069,-2.35496948010847,5
Kernel Ridge Regression,-2.1032881447661516,-2.174060888927209,5
Kernel Ridge Regression,-2.5041654897477077,-2.9143887617321824,5
Kernel Ridge Regression,-1.7083201719567802,-1.8962239631991609,5
Kernel Ridge Regression,-1.6345122959030371,-1.9521915374225958,5
Kernel Ridge Regression,-3.2402151004002007,-3.0636593531959297,5
Kernel Ridge Regression,-1.356590498479473,-1.4473202545412045,5
Kernel Ridge Regression,-1.7246442506203672,-1.306589019055487,5
Kernel Ridge Regression,-3.600326278518962,-3.5865943465910552,5
Kernel Ridge Regression,-4.059833781301273,-3.442498367662876,5
Kernel Ridge Regression,-3.393048191942752,-2.4559763825641445,5
Kernel Ridge Regression,-1.717711472714874,-1.803398638772108,5
Kernel Ridge Regression,-1.5363868405196788,-2.0722859374382083,5
Kernel Ridge Regression,-1.6159918285387698,-1.4186116766905292,5
Kernel Ridge Regression,-0.6894774956008592,-1.6918511466610395,5
Kernel Ridge Regression,-2.5255934458757454,-2.4125187164946933,5
Kernel Ridge Regression,-3.064232839852069,-2.9837926110330084,5
Kernel Ridge Regression,-1.5350740375460707,-1.7522404744605717,5
Kernel Ridge Regression,-1.2183710988289476,-1.5089196422512026,5
Kernel Ridge Regression,-1.3132997440363454,-1.2267222768913715,5
Kernel Ridge Regression,-1.2800471306587051,-1.763435092920011,5
Kernel Ridge Regression,-1.6183307304435026,-1.9604179924136198,5
Kernel Ridge Regression,-2.4796814387852613,-1.9771975020019363,5
Kernel Ridge Regression,-2.190142441306164,-1.8297776282956537,5
Kernel Ridge Regression,-2.122395441870392,-1.846505279391038,5
Kernel Ridge Regression,-2.4881639462888585,-1.9344350676531947,5
Kernel Ridge Regression,-2.2355646390433175,-1.7380053157905766,5
Kernel Ridge Regression,-1.8486158063184404,-1.8228875755424387,5
Kernel Ridge Regression,-1.7772835288524167,-1.6691936183399447,5
Kernel Ridge Regression,-1.4541338573389984,-1.4268402392700736,5
Kernel Ridge Regression,-3.8396725549649426,-3.688922197620756,5
Kernel Ridge Regression,-2.464359595395084,-2.328183205841401,5
Kernel Ridge Regression,0.016216578776438208,-0.047077374375836034,5
Kernel Ridge Regression,0.25792460161657743,-0.06843168660114152,5
Kernel Ridge Regression,0.23583851209189552,0.0836148482352328,5
Kernel Ridge Regression,-0.31923658554998896,-0.5145332553227345,5
Kernel Ridge Regression,0.25792460161657743,0.06217433420269547,5
Kernel Ridge Regression,0.2733961152011059,0.26092650928655337,5
Kernel Ridge Regression,0.27486911420534327,0.5032798883567087,5
Kernel Ridge Regression,-1.5200924815934278,-1.656418622197588,5
Kernel Ridge Regression,-3.3347136412278577,-2.992628198127907,5
Kernel Ridge Regression,-1.1181615001713328,-2.0494387618291556,5
Kernel Ridge Regression,-1.2407370006641907,-1.7610760615554133,5
Kernel Ridge Regression,-1.7181996551162337,-1.776631115551,5
Kernel Ridge Regression,-1.1505417041520314,-1.3762890994734085,5
Kernel Ridge Regression,-1.5671957242975716,-1.649528569444828,5
Kernel Ridge Regression,-1.5941100276318725,-1.235557863986213,5
Kernel Ridge Regression,-2.297622719595401,-1.5954049181209307,5
Kernel Ridge Regression,-1.816712585545078,-2.154824199744757,5
Kernel Ridge Regression,-1.0801819981618899,-2.1048441079520477,5
Kernel Ridge Regression,-2.789746241172472,-2.4949781024504896,5
Kernel Ridge Regression,-3.4519129118061063,-3.2413898507962275,5
Kernel Ridge Regression,-1.1814755688597112,-1.99595440561409,5
Kernel Ridge Regression,-3.8233531994782193,-3.739246917120564,5
Kernel Ridge Regression,-2.176623074126691,-2.8180962806072145,5
Kernel Ridge Regression,-1.10868225389701,-1.1099620204983842,5
Kernel Ridge Regression,-1.42625067509891,-1.1266896715935695,5
Kernel Ridge Regression,-1.5323301209746991,-1.7248377751522759,5
Kernel Ridge Regression,-1.6539166652584223,-2.471249523499179,5
Kernel Ridge Regression,-1.111999901692932,-1.2301745138528761,5
Kernel Ridge Regression,-1.4597718515481843,-1.0754695279935134,5
Kernel Ridge Regression,-1.5240818424273839,-1.148130185626846,5
Kernel Ridge Regression,-1.540907293954747,-0.6891012622868385,5
Kernel Ridge Regression,-3.151893437607053,-2.9350649494721606,5
Kernel Ridge Regression,-0.952771189748095,-1.3957048752941796,5
Kernel Ridge Regression,-0.7266296487986936,-1.088267296511701,5
Kernel Ridge Regression,-0.6082262842300837,-0.9468011666389233,5
Kernel Ridge Regression,-1.9406256000139548,-1.2650988544910815,5
Kernel Ridge Regression,-1.1291381497161614,-1.6016962072641714,5
Kernel Ridge Regression,-1.6181431713572578,-1.5397656466737488,5
Kernel Ridge Regression,-0.9172146296835499,-1.725336266910357,5
Kernel Ridge Regression,-1.148825472087486,-1.4345742788808145,5
Kernel Ridge Regression,-1.466507781947675,-1.6425883879413912,5
Kernel Ridge Regression,-3.295634963777275,-2.7540562037143843,5
Kernel Ridge Regression,-1.450536715424269,-1.5380591211385006,5
Kernel Ridge Regression,-0.5935262904426333,-1.3260743152791594,5
Kernel Ridge Regression,-0.4819145002205912,-1.4109565750309647,5
Kernel Ridge Regression,-0.14567163968046612,-1.730681585095962,5
Kernel Ridge Regression,-0.2468343715025799,-1.257262617829039,5
Kernel Ridge Regression,-2.428366273865067,-1.916252205330609,5
Kernel Ridge Regression,-2.192341601117107,-1.650299902582137,5
Kernel Ridge Regression,-1.031601943299423,-1.0778181435554266,5
Kernel Ridge Regression,-1.7793995024399858,-1.5457706357797012,5
Kernel Ridge Regression,-1.137767503887176,-1.4637263075539269,5
Kernel Ridge Regression,-1.3089106800327817,-1.004697384212868,5
Kernel Ridge Regression,-1.2413209034031176,-1.2649741324698984,5
Kernel Ridge Regression,-1.4154063781902113,-1.022620753400482,5
Kernel Ridge Regression,-3.3694633107167937,-2.6793096765033075,5
