model,experiment,prediction,split #
Light Gradient Boosting,-3.431262194557772,-3.959572015345606,1
Light Gradient Boosting,-2.3969317709673565,-2.225857991941521,1
Light Gradient Boosting,-3.5076503600642033,-3.0671794538269705,1
Light Gradient Boosting,-1.7636611133035243,-2.256137946637286,1
Light Gradient Boosting,-2.642729293000293,-2.38811835951037,1
Light Gradient Boosting,-2.423624898245491,-1.667616395625278,1
Light Gradient Boosting,-2.1263969370231783,-1.9901198283119446,1
Light Gradient Boosting,-1.9492654506102318,-2.107207520751667,1
Light Gradient Boosting,-2.7922905193547125,-2.8380135305477094,1
Light Gradient Boosting,-1.3240188516817268,-1.811192378458881,1
Light Gradient Boosting,-0.737425984358659,-1.32586119430334,1
Light Gradient Boosting,-0.3239443747054647,-1.2038389259198494,1
Light Gradient Boosting,-1.4118568185099727,-1.217054447414039,1
Light Gradient Boosting,-1.5083613986405884,-1.5885471836987597,1
Light Gradient Boosting,-1.374139089297611,-1.318028187146331,1
Light Gradient Boosting,-1.414958380703708,-1.3298193119692812,1
Light Gradient Boosting,-1.9196885629650766,-1.708978977483938,1
Light Gradient Boosting,-1.496009274431816,-1.7162473204988355,1
Light Gradient Boosting,-1.2247774230710238,-1.2469809039705178,1
Light Gradient Boosting,-0.22901321309844905,-1.1395455618260604,1
Light Gradient Boosting,-1.6021765542362365,-2.0414169995665357,1
Light Gradient Boosting,-1.4091232046942341,-1.034948304926969,1
Light Gradient Boosting,-2.123767317417046,-1.7233097911224533,1
Light Gradient Boosting,-1.4985127097581414,-1.5600480078715422,1
Light Gradient Boosting,-1.0225392132375182,-1.0764604143799432,1
Light Gradient Boosting,-1.221874373746708,-1.4324043791894616,1
Light Gradient Boosting,-0.9172087828988489,-1.051470714650983,1
Light Gradient Boosting,-1.8229892712376083,-1.6248215042220204,1
Light Gradient Boosting,-1.3897810295006061,-1.4183765881404073,1
Light Gradient Boosting,-1.1631032781134523,-1.1824554351782792,1
Light Gradient Boosting,-1.5041031112940382,-1.5221050391151847,1
Light Gradient Boosting,-1.2696661993818519,-1.2606092730098177,1
Light Gradient Boosting,-3.2351404478705748,-2.417853586335812,1
Light Gradient Boosting,-1.5041031112940382,-1.789692410219971,1
Light Gradient Boosting,-1.8960550708053778,-2.0305959618523977,1
Light Gradient Boosting,-2.808030042713029,-2.647658847974341,1
Light Gradient Boosting,-1.3607499667563296,-2.03288859870566,1
Light Gradient Boosting,-2.0569241023003397,-2.0779045800341733,1
Light Gradient Boosting,-2.198253243671017,-2.8065708300590653,1
Light Gradient Boosting,-3.3816182003459216,-3.427225583062512,1
Light Gradient Boosting,-0.7406200937095554,-0.9259177098931356,1
Light Gradient Boosting,-1.694125814017541,-2.7954140464208597,1
Light Gradient Boosting,0.1297019665778856,-0.43913655023634246,1
Light Gradient Boosting,-0.5732799306060785,-0.9569509876074046,1
Light Gradient Boosting,-0.5987130334578719,-0.3619996250955509,1
Light Gradient Boosting,-1.8033790498935367,-1.8433290890063831,1
Light Gradient Boosting,-3.2691119889214533,-3.1061812860744498,1
Light Gradient Boosting,-1.4735211762278637,-1.9366962832020989,1
Light Gradient Boosting,-3.810574259769909,-3.680317995209273,1
Light Gradient Boosting,-2.97249382976246,-2.5811908133554224,1
Light Gradient Boosting,-3.447382880362,-2.873622275414238,1
Light Gradient Boosting,-3.3308765956121587,-3.527891468134087,1
Light Gradient Boosting,-1.9112124620769755,-2.4132276796546357,1
Light Gradient Boosting,-2.3339531661956356,-2.58537805984452,1
Light Gradient Boosting,-3.310333372786738,-3.0054546814253755,1
Light Gradient Boosting,-3.310333372786738,-3.295119413169033,1
Light Gradient Boosting,-2.704319008875443,-3.0980969667096168,1
Light Gradient Boosting,-2.325708590111872,-2.3086255085118945,1
Light Gradient Boosting,-1.800655814770182,-1.8802362432938828,1
Light Gradient Boosting,-2.7233828886420643,-2.634209107115283,1
Light Gradient Boosting,-0.9910136950037374,-1.2100850915102896,1
Light Gradient Boosting,-1.8336101498155517,-1.9214639549008736,1
Light Gradient Boosting,-2.617794503701521,-2.2735885107908924,1
Light Gradient Boosting,-2.7103007043055714,-2.265978686137815,1
Light Gradient Boosting,-2.9864932974615632,-2.108768449986773,1
Light Gradient Boosting,-1.115836390766966,-1.386862805271292,1
Light Gradient Boosting,-3.0605406542001403,-3.2295122490253214,1
Light Gradient Boosting,-1.4370923600242806,-1.7296604858596796,1
Light Gradient Boosting,-1.4729877775908402,-1.6480976881506584,1
Light Gradient Boosting,-1.1202858432048246,-1.458915404462286,1
Light Gradient Boosting,-1.183812038624167,-1.436335198590468,1
Light Gradient Boosting,-1.0556956867709293,-1.4129260563066064,1
Light Gradient Boosting,-2.715845949095462,-2.858389458179859,1
Light Gradient Boosting,-1.3104931690369908,-1.5815930502881188,1
Light Gradient Boosting,-1.4100025284401918,-2.2815871730550423,1
Light Gradient Boosting,-2.6799272800459657,-1.7406171213898036,1
Light Gradient Boosting,-1.1286208649028604,-1.3802898886572832,1
Light Gradient Boosting,-3.302921552819786,-2.495457774709189,1
Light Gradient Boosting,-3.7342838339347466,-3.6645071332854577,1
Light Gradient Boosting,-3.52120992195253,-2.9732664690584887,1
Light Gradient Boosting,-2.3083760229550343,-2.5087833371742274,1
Light Gradient Boosting,-3.52120992195253,-3.5436796432503868,1
Light Gradient Boosting,-2.270552443792131,-2.48524660367897,1
Light Gradient Boosting,-3.6472310978345055,-3.2281991762147926,1
Light Gradient Boosting,-2.810836301965318,-2.4973627815563444,1
Light Gradient Boosting,-1.5554661639976504,-1.981591019409539,1
Light Gradient Boosting,-3.1353471437504044,-2.839354150021337,1
Light Gradient Boosting,-3.6472310978345055,-3.2586147809201687,1
Light Gradient Boosting,-3.135663383730844,-2.26489953331124,1
Light Gradient Boosting,-1.7751555586449395,-1.9554310813385998,1
Light Gradient Boosting,-1.9381605982067327,-2.0661438835140387,1
Light Gradient Boosting,-1.5862250860093259,-1.750554010152002,1
Light Gradient Boosting,-2.236090057320799,-2.1784494117938165,1
Light Gradient Boosting,-3.688222835963096,-3.508600017037172,1
Light Gradient Boosting,-3.285204336328503,-3.167589654469963,1
Light Gradient Boosting,-3.40015839520823,-2.945536211333031,1
Light Gradient Boosting,-3.3388889969343114,-3.1267536252206103,1
Light Gradient Boosting,-3.246574755779347,-2.963547895408406,1
Light Gradient Boosting,-4.441291429466834,-3.7519116893193014,1
Light Gradient Boosting,-2.287736284945912,-2.3044592093935625,1
Light Gradient Boosting,-3.4715139529702097,-2.657339287166366,1
Light Gradient Boosting,-2.1081088952398566,-1.805039802853913,1
Light Gradient Boosting,-1.7310907007998717,-1.7702636046705016,1
Light Gradient Boosting,-1.883787384700319,-2.0646988546708918,1
Light Gradient Boosting,-2.8326132427713318,-2.79176628116329,1
Light Gradient Boosting,-2.4462457037304657,-2.8028652464813133,1
Light Gradient Boosting,-1.5518607813097591,-1.7014408885158019,1
Light Gradient Boosting,-1.6846961468463335,-1.8352898774667004,1
Light Gradient Boosting,-1.4722472768836088,-2.0504204892511555,1
Light Gradient Boosting,-1.7565625592771141,-1.4437483861583311,1
Light Gradient Boosting,-1.3580712288885752,-1.2442481072013625,1
Light Gradient Boosting,-1.7015723913432346,-1.5062997178725601,1
Light Gradient Boosting,-3.9030899869919438,-3.8189757804683193,1
Light Gradient Boosting,-2.772360579555891,-2.4068175950104242,1
Light Gradient Boosting,-3.7834435403498214,-3.5122146273332224,1
Light Gradient Boosting,-4.026482380351305,-3.7941603001565487,1
Light Gradient Boosting,-1.012145447578458,-1.251393891845735,1
Light Gradient Boosting,-2.0731453982830836,-1.6768449200516027,1
Light Gradient Boosting,-3.7834435403498214,-3.5548191900847073,1
Light Gradient Boosting,-1.945720453842236,-2.341781058057289,1
Light Gradient Boosting,-1.5213971031085405,-1.688858559559289,1
Light Gradient Boosting,-3.739785461604827,-3.6881579718505244,1
Light Gradient Boosting,-3.23633470688153,-2.891312028494437,1
Light Gradient Boosting,-2.0116848782875407,-2.2963679782601,1
Light Gradient Boosting,-2.5037832349706837,-2.12087282259778,1
Light Gradient Boosting,-3.5459650539173615,-3.349009710309607,1
Light Gradient Boosting,-2.1142795046940637,-2.3345890813398404,1
Light Gradient Boosting,-2.8343485837796827,-1.9365799134844386,1
Light Gradient Boosting,-1.2834663142150111,-1.7045134801359612,1
Light Gradient Boosting,-1.8887177216857802,-1.7206743992795686,1
Light Gradient Boosting,-1.8555915719713854,-1.6704418280389959,1
Light Gradient Boosting,-1.5213971031085405,-1.3729811247395343,1
Light Gradient Boosting,-2.9206523063014074,-2.971021704107017,1
Light Gradient Boosting,-1.2662523005170878,-1.4269201100445466,1
Light Gradient Boosting,-1.0807113206322263,-1.1790425719707032,1
Light Gradient Boosting,-3.4629936067206395,-2.506830984658935,1
Light Gradient Boosting,-2.646263945417837,-2.4630477894476663,1
Light Gradient Boosting,-3.6572596108178765,-3.680946841715258,1
Light Gradient Boosting,-1.9718622007532294,-1.8574486236348875,1
Light Gradient Boosting,-3.289282825523282,-3.0794271422576354,1
Light Gradient Boosting,-1.7892523214132656,-1.788836492156881,1
Light Gradient Boosting,-2.099963060637607,-2.46892091021101,1
Light Gradient Boosting,-1.9745795534681516,-2.476758460410322,1
Light Gradient Boosting,-0.9637364568210032,-1.29501668033856,1
Light Gradient Boosting,-0.5687544073603336,-0.7281265308661504,1
Light Gradient Boosting,-0.9349414936187838,-0.9059626963796945,1
Light Gradient Boosting,-2.8108233787082515,-2.772306425791822,1
Light Gradient Boosting,-1.421235229471209,-1.864491569318202,1
Light Gradient Boosting,-1.3544637580442256,-1.4955969254479013,1
Light Gradient Boosting,-2.560133846538238,-2.5222524286399377,1
Light Gradient Boosting,-2.2062980891288984,-2.2208741964358896,1
Light Gradient Boosting,-3.644312909802797,-4.1257909922957685,1
Light Gradient Boosting,-1.1843962080688974,-1.6564097508310833,1
Light Gradient Boosting,-0.975127284906683,-1.2266992585920482,1
Light Gradient Boosting,-0.7242679085347501,-1.1187347149888642,1
Light Gradient Boosting,-1.4337063496845048,-1.702407960503188,1
Light Gradient Boosting,-1.1177693107076099,-1.0573283871144912,1
Light Gradient Boosting,-1.396090167895999,-1.8567901035781327,1
Light Gradient Boosting,-1.1984184440476704,-1.2247438641831248,1
Light Gradient Boosting,-1.709300425196423,-1.900323624988794,1
Light Gradient Boosting,-2.0948568608862326,-1.8578979113637395,1
Light Gradient Boosting,-3.8997432135729384,-3.8456575396742534,1
Light Gradient Boosting,-2.653759917660552,-2.229944926752107,1
Light Gradient Boosting,-2.6904826786431757,-3.392115867926908,1
Light Gradient Boosting,-3.3707035768809224,-3.850500260532813,1
Light Gradient Boosting,-2.258173837778395,-2.8137089132633553,1
Light Gradient Boosting,-1.7701752248722789,-1.6018526322443771,1
Light Gradient Boosting,-1.936404341844701,-2.20172582760724,1
Light Gradient Boosting,-1.4790145740873064,-1.7022550643829288,1
Light Gradient Boosting,-2.8217593886833527,-2.7792554517591865,1
Light Gradient Boosting,-4.034834060338741,-3.6098056696980105,1
Light Gradient Boosting,-3.233202110369878,-2.817464287862044,1
Light Gradient Boosting,-1.8175258287604161,-1.9756297327387267,1
Light Gradient Boosting,-2.993441546294603,-2.368917717668931,1
Light Gradient Boosting,-2.2313771400186773,-2.3371779706527933,1
Light Gradient Boosting,-2.3582852103076553,-2.879882107550729,1
Light Gradient Boosting,-3.4116117497612004,-3.4001054509117066,1
Light Gradient Boosting,-3.7268829315132583,-3.3438008105851975,1
Light Gradient Boosting,-2.3460680222446215,-1.746906797866748,1
Light Gradient Boosting,-2.43241576499949,-1.7234453186067258,1
Light Gradient Boosting,-2.0645418092014314,-1.7934059585716753,1
Light Gradient Boosting,-1.7246442506203672,-1.1318619142583064,1
Light Gradient Boosting,-1.5372075124674875,-1.3952990468087043,1
Light Gradient Boosting,-2.1633711620778806,-2.1382779008075774,1
Light Gradient Boosting,-2.0118859545996086,-1.6597444370107677,1
Light Gradient Boosting,-1.6819366650372385,-1.5756170987391203,1
Light Gradient Boosting,-4.059833781301273,-3.925260018579173,1
Light Gradient Boosting,-3.3309007861959947,-3.0951603514310224,1
Light Gradient Boosting,-1.4333467694862632,-1.386267042429406,1
Light Gradient Boosting,-1.4566894173821427,-1.622717022919263,1
Light Gradient Boosting,-2.0742842332450646,-1.8092802479249932,1
Light Gradient Boosting,-3.184747097908846,-3.3709980878987444,1
Light Gradient Boosting,-0.6894774956008592,-1.231418277829127,1
Light Gradient Boosting,-1.47951268111869,-1.2804213933582775,1
Light Gradient Boosting,-1.1026053129321816,-1.3947036242930533,1
Light Gradient Boosting,-0.7856945313640958,-1.1707015628906772,1
Light Gradient Boosting,-1.6189896501583372,-1.4571389311706722,1
Light Gradient Boosting,-2.809660176396059,-2.3791732771659766,1
Light Gradient Boosting,-2.850003549488979,-3.038210959361838,1
Light Gradient Boosting,-1.740666799910411,-1.6808848425226572,1
Light Gradient Boosting,-0.9737395646276028,-1.1985156958385963,1
Light Gradient Boosting,-0.7797693247910334,-1.1112795963913733,1
Light Gradient Boosting,-1.951987303305516,-1.4243789011755659,1
Light Gradient Boosting,-1.3132997440363454,-1.1048545154043665,1
Light Gradient Boosting,-1.2800471306587051,-1.6262817043035467,1
Light Gradient Boosting,-2.3822676402388554,-1.5399964803313548,1
Light Gradient Boosting,-3.05329283374744,-2.9414026378812306,1
Light Gradient Boosting,-2.4796814387852613,-2.0943657603932437,1
Light Gradient Boosting,-2.740096874062147,-2.3367188596977693,1
Light Gradient Boosting,-3.3625502994733605,-3.3398780536366024,1
Light Gradient Boosting,-3.8396725549649426,-3.7898424043305066,1
Light Gradient Boosting,0.016216578776438208,0.2408419094965435,1
Light Gradient Boosting,0.25792460161657743,0.13708677985358408,1
Light Gradient Boosting,0.3580642293861346,-0.12923495753381667,1
Light Gradient Boosting,0.23583851209189552,-0.041238609744334034,1
Light Gradient Boosting,-0.40966424145785746,-0.048264516348765815,1
Light Gradient Boosting,-0.9893876757536758,-0.4136152886195626,1
Light Gradient Boosting,-0.5442825169537446,-0.17005995978175265,1
Light Gradient Boosting,-3.6464665167152384,-3.7323522293055773,1
Light Gradient Boosting,-1.5923333763280876,-1.7330465456560906,1
Light Gradient Boosting,-2.297622719595401,-2.003628142261553,1
Light Gradient Boosting,-2.327144451312569,-2.1164450976019307,1
Light Gradient Boosting,-2.2038635814094025,-2.335819669666687,1
Light Gradient Boosting,-2.405003945642156,-1.9508593101463703,1
Light Gradient Boosting,-2.6216055516158603,-2.462383030226879,1
Light Gradient Boosting,-2.3812985463366814,-2.1620372975175592,1
Light Gradient Boosting,-1.7868132829404095,-2.0934204935000524,1
Light Gradient Boosting,-1.1009937914140275,-0.9811488513021759,1
Light Gradient Boosting,-1.6695950343945678,-1.7567286909697748,1
Light Gradient Boosting,-2.103347370511212,-2.308678873317327,1
Light Gradient Boosting,-1.7300615156440644,-1.874141512195019,1
Light Gradient Boosting,-1.5290505627346085,-1.4141831710821064,1
Light Gradient Boosting,-1.1998361610596366,-1.6179701897479926,1
Light Gradient Boosting,-1.649488441015367,-1.4161735328431997,1
Light Gradient Boosting,-0.9134224928394735,-0.9492007001217359,1
Light Gradient Boosting,-1.3198484161479276,-1.5293016021806956,1
Light Gradient Boosting,-1.7563417007657087,-1.6999576286665414,1
Light Gradient Boosting,-0.8769725367904692,-1.118773470014056,1
Light Gradient Boosting,-1.5966625231096632,-1.4900910107535292,1
Light Gradient Boosting,-1.5398588190217488,-1.183335401722891,1
Light Gradient Boosting,-0.8959678728621829,-1.2716854929953956,1
Light Gradient Boosting,-1.8459806844208395,-1.3422099028650192,1
Light Gradient Boosting,-3.4341521813264824,-3.1550851501981936,1
Light Gradient Boosting,-1.483088664742514,-1.763673446396051,1
Light Gradient Boosting,-1.148825472087486,-0.9078286016697323,1
Light Gradient Boosting,-3.295634963777275,-3.355369821196543,1
Light Gradient Boosting,-2.761915740881935,-1.6051512926601872,1
Light Gradient Boosting,-3.1791288900792822,-3.445057765911189,1
Light Gradient Boosting,-2.0560190796534115,-1.1240563265575292,1
Light Gradient Boosting,-0.14567163968046612,-1.539143925266586,1
Light Gradient Boosting,-2.428366273865067,-2.01353236245388,1
Light Gradient Boosting,-2.192341601117107,-1.8540502421814307,1
Light Gradient Boosting,-2.114518460874232,-2.4636840930207136,1
Light Gradient Boosting,-1.0945491836072103,-1.3181062598047193,1
Light Gradient Boosting,-1.137767503887176,-1.36827216355069,1
Light Gradient Boosting,-1.0940337585544895,-1.3921929224132508,1
Light Gradient Boosting,-0.988626069420939,-1.2203842767834316,1
Light Gradient Boosting,-1.3147618244158232,-1.7110003793977564,1
Light Gradient Boosting,-3.3694633107167937,-2.290275109244517,1
Light Gradient Boosting,-3.8301933583825565,-3.694877632495296,1
Light Gradient Boosting,-2.703826191329584,-2.3573613560201863,2
Light Gradient Boosting,-2.064990291304019,-2.4408259766315585,2
Light Gradient Boosting,-2.3146334389286793,-2.844591024171322,2
Light Gradient Boosting,-2.403452823620798,-2.2970183693796407,2
Light Gradient Boosting,-3.5076503600642033,-3.3989909673194645,2
Light Gradient Boosting,-2.2593946471787434,-1.8908836636636221,2
Light Gradient Boosting,-1.524080623031204,-1.28425246393751,2
Light Gradient Boosting,-1.5393527377902698,-0.8856620380913423,2
Light Gradient Boosting,-1.6443425309821194,-1.108036171158224,2
Light Gradient Boosting,-1.7566657394319904,-1.7370782575655048,2
Light Gradient Boosting,-1.680228158144333,-1.7210240750293617,2
Light Gradient Boosting,-1.5498899805881399,-1.4797860828857592,2
Light Gradient Boosting,-1.1938637358837367,-1.355108956327233,2
Light Gradient Boosting,-1.1345513868310089,-1.6768377521765458,2
Light Gradient Boosting,-2.8184713897478226,-2.8612124993164727,2
Light Gradient Boosting,-1.778416668028348,-1.5401522614693495,2
Light Gradient Boosting,-1.4610955316441951,-1.532344557244186,2
Light Gradient Boosting,-1.6571034663893656,-1.098774911810002,2
Light Gradient Boosting,-1.4201920378605053,-1.5501280994632194,2
Light Gradient Boosting,-2.617367632441655,-2.6690416604921388,2
Light Gradient Boosting,-2.808030042713029,-2.617812419174653,2
Light Gradient Boosting,-2.6092962251353855,-2.1252297367674204,2
Light Gradient Boosting,-2.66118307205398,-2.5611473160520655,2
Light Gradient Boosting,-2.151509814945314,-2.16859595050587,2
Light Gradient Boosting,-2.772379350111858,-2.738135163648016,2
Light Gradient Boosting,-2.272602230242758,-2.06700639154839,2
Light Gradient Boosting,-2.9142603715445343,-2.5909752698064343,2
Light Gradient Boosting,-3.0391954244610955,-3.1728264082659057,2
Light Gradient Boosting,-1.0877694915519545,-0.4238259827908116,2
Light Gradient Boosting,-0.4049916766527308,-0.06335855574035101,2
Light Gradient Boosting,-0.7019607372542168,0.012787826653650879,2
Light Gradient Boosting,-0.9300930772084189,-1.577431586809937,2
Light Gradient Boosting,-0.6945493884044287,-0.31161663222415725,2
Light Gradient Boosting,-2.7785748071197123,-2.2231060895099684,2
Light Gradient Boosting,-1.9304209166838449,-1.7143454358956725,2
Light Gradient Boosting,-1.5397653155309607,-1.791221658126267,2
Light Gradient Boosting,-2.1460708341762897,-2.091301353925739,2
Light Gradient Boosting,-1.9101052340727014,-2.400390925955772,2
Light Gradient Boosting,-2.3140538776829995,-2.6450396455145317,2
Light Gradient Boosting,-1.7426626842914594,-1.9499864981792066,2
Light Gradient Boosting,-3.0166281405425486,-3.224008142644318,2
Light Gradient Boosting,-2.9238738790387533,-2.9324610395263684,2
Light Gradient Boosting,-2.0468682910310587,-2.8070800612209097,2
Light Gradient Boosting,-3.447382880362,-3.2330629728850124,2
Light Gradient Boosting,-2.67596440114224,-3.23499722937151,2
Light Gradient Boosting,-2.2415951055389973,-3.098673941464667,2
Light Gradient Boosting,-2.557865138098485,-3.108105839038056,2
Light Gradient Boosting,-3.1668739337041876,-2.811067992601364,2
Light Gradient Boosting,-2.4909497090997137,-2.592194123471338,2
Light Gradient Boosting,-3.1413617595139014,-2.904498276497714,2
Light Gradient Boosting,-1.624154843179839,-2.5551278173688368,2
Light Gradient Boosting,-3.4317548486561424,-3.4675006690843118,2
Light Gradient Boosting,-1.3360910210889294,-1.71900835193857,2
Light Gradient Boosting,-3.130720745231321,-3.2520876041907965,2
Light Gradient Boosting,-1.415304935020491,-1.6069994738393345,2
Light Gradient Boosting,-1.0599038235929437,-1.0894405775118725,2
Light Gradient Boosting,-3.873453012328298,-3.7874471828117673,2
Light Gradient Boosting,-3.434121498561107,-3.4206137457236987,2
Light Gradient Boosting,-1.7089770353918146,-1.741083681612101,2
Light Gradient Boosting,-1.6217142305536996,-1.7122142074420559,2
Light Gradient Boosting,-1.4197155850010228,-1.380474584083369,2
Light Gradient Boosting,-2.5038360209902844,-2.8629496571653354,2
Light Gradient Boosting,-1.794765718416369,-1.9480482750489962,2
Light Gradient Boosting,-3.302921552819786,-2.87927942930689,2
Light Gradient Boosting,-2.487130374543647,-2.6260020544368423,2
Light Gradient Boosting,-1.2227575127427186,-1.7569599177068693,2
Light Gradient Boosting,-3.3114386993585976,-2.552232175948863,2
Light Gradient Boosting,-3.4401053391639986,-3.0489321907834017,2
Light Gradient Boosting,-3.9730828630218453,-3.6232857372314684,2
Light Gradient Boosting,-2.457678098889193,-2.420152176912373,2
Light Gradient Boosting,-1.547722797531173,-1.7233476399155,2
Light Gradient Boosting,-1.6536721058017216,-2.2845003460641045,2
Light Gradient Boosting,-2.663203768289533,-2.3189649039585936,2
Light Gradient Boosting,-3.2590502255091702,-2.570819692477337,2
Light Gradient Boosting,-1.3160847906164357,-1.6499236674196927,2
Light Gradient Boosting,-2.2317936703338876,-2.0465104986716334,2
Light Gradient Boosting,-1.9704478542261563,-1.8925789203359575,2
Light Gradient Boosting,-1.7113615374852664,-2.0042520888080144,2
Light Gradient Boosting,-1.0232314473246815,-0.9343563469572859,2
Light Gradient Boosting,-3.848875409949318,-3.9099479204493983,2
Light Gradient Boosting,-3.0415646563875622,-3.3766737460380005,2
Light Gradient Boosting,-2.644753893986956,-2.759289653224834,2
Light Gradient Boosting,-2.988535711454289,-3.4018882365216623,2
Light Gradient Boosting,-2.5339607001524365,-2.1271464422949036,2
Light Gradient Boosting,-2.0364325385907973,-2.303161744719718,2
Light Gradient Boosting,-1.5371060964041248,-1.8080082875212071,2
Light Gradient Boosting,-2.848471723996311,-2.5644942588454223,2
Light Gradient Boosting,-3.1495014132834878,-3.000388011299685,2
Light Gradient Boosting,-2.3566470252815495,-2.845932870363462,2
Light Gradient Boosting,-2.258697330779929,-2.1777926033619233,2
Light Gradient Boosting,-3.690448608815449,-3.5999777538037456,2
Light Gradient Boosting,-2.2625101343415968,-2.1130109729928033,2
Light Gradient Boosting,-3.3960495196322524,-3.2897920892141026,2
Light Gradient Boosting,-1.9070646816834933,-2.074447942673364,2
Light Gradient Boosting,-1.7983538696326367,-1.704152308417796,2
Light Gradient Boosting,-3.333901540815397,-2.8141933701539936,2
Light Gradient Boosting,-1.7340876483093817,-2.6626662840512836,2
Light Gradient Boosting,-2.728175115284189,-1.997591453244927,2
Light Gradient Boosting,-1.556016572040716,-1.8989072830978782,2
Light Gradient Boosting,-2.000920332458684,-2.271521388448206,2
Light Gradient Boosting,-1.0474177734305667,-1.2023392994726019,2
Light Gradient Boosting,-1.6384460109776287,-2.027170352985077,2
Light Gradient Boosting,-1.3450596755542978,-1.5817971410282479,2
Light Gradient Boosting,-1.385136327132139,-1.2550481919000522,2
Light Gradient Boosting,-1.2175444827866113,-1.639844201274232,2
Light Gradient Boosting,-1.3434220574020639,-1.4059859449185044,2
Light Gradient Boosting,-1.42943857964666,-1.7984595504951517,2
Light Gradient Boosting,-1.9429726110972225,-2.1926959808338733,2
Light Gradient Boosting,-1.9930514957526793,-2.3303315682675754,2
Light Gradient Boosting,-1.8011659603551675,-2.2632307036884503,2
Light Gradient Boosting,-1.2185345221225936,-1.676453538004155,2
Light Gradient Boosting,-3.1720823887102565,-2.8681477679263825,2
Light Gradient Boosting,-2.1469087646472067,-2.2771131390148485,2
Light Gradient Boosting,-2.648503823177817,-2.428892375912817,2
Light Gradient Boosting,-2.7671936491741276,-3.009525966505621,2
Light Gradient Boosting,-3.390442939572028,-3.4062400575194927,2
Light Gradient Boosting,-1.064270917741021,-0.9934165046282085,2
Light Gradient Boosting,-2.809138225804324,-2.1768702857660966,2
Light Gradient Boosting,-2.9171991963522217,-2.6978327615150595,2
Light Gradient Boosting,-2.1469087646472067,-1.7299021583966954,2
Light Gradient Boosting,-2.536796608945731,-2.0179837030350454,2
Light Gradient Boosting,-3.054246410327101,-2.9532331553954165,2
Light Gradient Boosting,-2.9206284299141125,-2.5075903411091924,2
Light Gradient Boosting,-3.030623697854625,-3.000455947382555,2
Light Gradient Boosting,-2.8641555620169683,-2.468739067063104,2
Light Gradient Boosting,-2.5312982881059978,-2.176474483921207,2
Light Gradient Boosting,-2.7597061620105943,-1.950441344874568,2
Light Gradient Boosting,-2.034185120528877,-2.2110432041177717,2
Light Gradient Boosting,-3.437187483030755,-3.4086791637878116,2
Light Gradient Boosting,-2.806163575333855,-2.8915782098442824,2
Light Gradient Boosting,-2.647947017470284,-2.7644641881942684,2
Light Gradient Boosting,-1.6292558354409146,-1.7378874090371708,2
Light Gradient Boosting,-3.9453409907865007,-3.397422595540528,2
Light Gradient Boosting,-3.7938003909509543,-3.819618138089556,2
Light Gradient Boosting,-2.177111289133642,-2.9574278306848214,2
Light Gradient Boosting,-1.881362165893176,-2.1526535235384334,2
Light Gradient Boosting,-2.0893959764848726,-2.0701061317398275,2
Light Gradient Boosting,-1.4436245197644126,-2.2736773252147597,2
Light Gradient Boosting,-1.4486812373435975,-1.7884008013255326,2
Light Gradient Boosting,-1.3168403571338247,-1.3263129486477885,2
Light Gradient Boosting,-1.453797527240351,-2.3413668609780656,2
Light Gradient Boosting,-1.8347593251696876,-1.5938155290705225,2
Light Gradient Boosting,-2.8947429719805546,-2.8984595499782957,2
Light Gradient Boosting,-1.763658215013675,-2.073418443605398,2
Light Gradient Boosting,-0.9279654459479447,-0.9470298188068147,2
Light Gradient Boosting,-1.8162387276731846,-1.3340956462559446,2
Light Gradient Boosting,-1.0193030390019762,-1.0094530792837368,2
Light Gradient Boosting,-1.2640972244503184,-2.189651185009661,2
Light Gradient Boosting,-1.4399552960568784,-1.5789855204857228,2
Light Gradient Boosting,-2.119103556806872,-2.236283555703297,2
Light Gradient Boosting,-1.215596170273078,-1.7376290792277116,2
Light Gradient Boosting,-1.917076538816309,-1.96161801905529,2
Light Gradient Boosting,-1.5609490414532068,-1.2625105844544953,2
Light Gradient Boosting,-2.0995080091454192,-2.1628474240831914,2
Light Gradient Boosting,-1.3448674070651871,-1.5001484627979833,2
Light Gradient Boosting,-2.17663866294089,-2.7584507033079055,2
Light Gradient Boosting,-2.7292012545882884,-2.4899923623923397,2
Light Gradient Boosting,-1.4467153895386817,-1.6350615867943863,2
Light Gradient Boosting,-2.540720473654946,-2.4147893429627136,2
Light Gradient Boosting,-1.7709615792854492,-1.867370666026228,2
Light Gradient Boosting,-3.6924119784161333,-3.3754386769413767,2
Light Gradient Boosting,-3.233202110369878,-3.113739855560373,2
Light Gradient Boosting,-2.345229430009625,-2.0981553563864828,2
Light Gradient Boosting,-3.3358640560027224,-3.1833851357128014,2
Light Gradient Boosting,-2.626594359719023,-2.6865226403209546,2
Light Gradient Boosting,-2.483384252706259,-2.46476439499365,2
Light Gradient Boosting,-3.3980116731740355,-3.07302030911599,2
Light Gradient Boosting,-2.9710072633433735,-2.890475110400007,2
Light Gradient Boosting,-1.2545644486474818,-1.48024501533576,2
Light Gradient Boosting,-3.290189204280069,-3.0819753974053885,2
Light Gradient Boosting,-2.1032881447661516,-2.2287604225695645,2
Light Gradient Boosting,-2.8201877676993385,-2.227126419791392,2
Light Gradient Boosting,-3.8817848914990014,-3.9163329934569946,2
Light Gradient Boosting,-3.4116117497612004,-3.647574429293561,2
Light Gradient Boosting,-1.5226715493865826,-1.9623310637521623,2
Light Gradient Boosting,-2.7386203038591304,-2.6180123908504243,2
Light Gradient Boosting,-1.95795837174818,-1.9706706236733562,2
Light Gradient Boosting,-1.7139992395270756,-1.8465688177043489,2
Light Gradient Boosting,-1.6404184550270633,-1.9246565012063013,2
Light Gradient Boosting,-4.056947918112584,-3.5762082897004097,2
Light Gradient Boosting,-2.1956618739690814,-2.386292520260048,2
Light Gradient Boosting,-1.9644153443855357,-2.2942513571056105,2
Light Gradient Boosting,-3.844232919056576,-3.8122832311862775,2
Light Gradient Boosting,-3.393048191942752,-3.1075075818896987,2
Light Gradient Boosting,-3.276542686022807,-2.9204197442931283,2
Light Gradient Boosting,-1.2067214626499687,-1.1115891637467958,2
Light Gradient Boosting,-1.5281785967617054,-0.9409358451044556,2
Light Gradient Boosting,-1.2672463833090828,-1.732996508080929,2
Light Gradient Boosting,-1.2862388841839494,-1.8501572863896578,2
Light Gradient Boosting,-1.4655690967005093,-1.8551572245251626,2
Light Gradient Boosting,-1.5350740375460707,-1.7992929704826441,2
Light Gradient Boosting,-1.6362623936895822,-2.0470790482691434,2
Light Gradient Boosting,-1.6374387034297335,-1.6936982061119863,2
Light Gradient Boosting,-1.9643120034496402,-1.5378407922083535,2
Light Gradient Boosting,-2.0008832971741093,-1.6813286716337772,2
Light Gradient Boosting,-2.314076075024747,-1.9520435019595468,2
Light Gradient Boosting,-3.6368695830464484,-3.691367155961183,2
Light Gradient Boosting,-3.7618083196547483,-3.587950320754378,2
Light Gradient Boosting,-1.8884660362981867,-1.794828370570686,2
Light Gradient Boosting,-3.3010769020010144,-3.2789693328641247,2
Light Gradient Boosting,-2.006498035079166,-2.1465205048988376,2
Light Gradient Boosting,-2.8165949053280404,-2.6612068736484438,2
Light Gradient Boosting,-1.4262388316017447,-1.4388805766749686,2
Light Gradient Boosting,-2.3371392715991264,-2.1408396245124846,2
Light Gradient Boosting,-3.3625502994733605,-2.905225463776256,2
Light Gradient Boosting,-1.9499388302923257,-2.117737278290588,2
Light Gradient Boosting,-1.9765773961271407,-1.9606569959261053,2
Light Gradient Boosting,-2.464359595395084,-2.539903099598453,2
Light Gradient Boosting,0.26528954569788904,-0.03448441549484462,2
Light Gradient Boosting,-0.202317609683526,-0.03894539682637997,2
Light Gradient Boosting,0.011790398005349874,0.14217128749864008,2
Light Gradient Boosting,-0.002962342870760633,0.22976685924140047,2
Light Gradient Boosting,0.23141740977050707,0.10837948865607148,2
Light Gradient Boosting,0.004405968258246192,0.07917562386294397,2
Light Gradient Boosting,0.2733961152011059,0.11883317078296,2
Light Gradient Boosting,-1.9219867657940077,-2.148512118718164,2
Light Gradient Boosting,-1.7405367157549274,-1.84010654259577,2
Light Gradient Boosting,-1.5200924815934278,-1.6106821715176707,2
Light Gradient Boosting,-0.9771273167949791,-1.0741632795358789,2
Light Gradient Boosting,-1.098047311203653,-1.3816377120811971,2
Light Gradient Boosting,-2.703220329010491,-2.65573709979032,2
Light Gradient Boosting,-2.642143447351316,-1.9576095783614476,2
Light Gradient Boosting,-1.6163219968838958,-1.6749561773407904,2
Light Gradient Boosting,-1.492201494031574,-1.8119415989135266,2
Light Gradient Boosting,-1.1820723340995358,-1.0409040259057372,2
Light Gradient Boosting,-3.4519129118061063,-3.290100132079955,2
Light Gradient Boosting,-3.915670428497184,-3.412103924938741,2
Light Gradient Boosting,-2.7488910409678486,-2.1057095063115376,2
Light Gradient Boosting,-1.621304790891127,-1.6632470211956358,2
Light Gradient Boosting,-1.6115607525200502,-1.7570357713337037,2
Light Gradient Boosting,-1.7236216619186897,-2.034940556281828,2
Light Gradient Boosting,-1.10868225389701,-1.1255631927588658,2
Light Gradient Boosting,-1.5674558687076858,-1.4169839947331635,2
Light Gradient Boosting,-1.3198484161479276,-1.136262995318655,2
Light Gradient Boosting,-1.3198484161479276,-1.3254122327642495,2
Light Gradient Boosting,-1.793068638288037,-1.8668410431143752,2
Light Gradient Boosting,-1.7854705731329945,-1.3341411855867125,2
Light Gradient Boosting,-1.4094344835568617,-1.325272810001487,2
Light Gradient Boosting,-1.2755333695267534,-1.3047728271695453,2
Light Gradient Boosting,-2.451728539243243,-2.518913783625935,2
Light Gradient Boosting,-1.8036577587890321,-1.4558149257094657,2
Light Gradient Boosting,-1.3551617678005954,-1.8149933594249044,2
Light Gradient Boosting,-0.5052921847488494,-1.2593622174023058,2
Light Gradient Boosting,-0.7463040504271798,-2.2281033805940194,2
Light Gradient Boosting,-2.0401269907408133,-1.6757889242239399,2
Light Gradient Boosting,-1.0181181552809078,-1.0007265938978134,2
Light Gradient Boosting,-1.1400317683551704,-0.63449436992383,2
Light Gradient Boosting,-0.9679951762893184,-0.8429298392227051,2
Light Gradient Boosting,-1.466507781947675,-1.1843855617402672,2
Light Gradient Boosting,-1.7283368624549476,-0.9304337264936962,2
Light Gradient Boosting,-3.2503548803911073,-2.95582337366188,2
Light Gradient Boosting,-0.9800565288767592,-1.1777708339115223,2
Light Gradient Boosting,-0.9402445883836209,-1.1279277510416932,2
Light Gradient Boosting,-1.6643405451853508,-1.8694967723223814,2
Light Gradient Boosting,-1.031601943299423,-1.1212344056851318,2
Light Gradient Boosting,-3.241946952668458,-3.1608699899477544,2
Light Gradient Boosting,-1.475460019768368,-1.4886764868614348,2
Light Gradient Boosting,-1.4154063781902113,-1.4669320444674756,2
Light Gradient Boosting,-2.5315835424986517,-1.9895398954257155,2
Light Gradient Boosting,-2.0772161211350064,-2.1527403252788866,3
Light Gradient Boosting,-3.1408689109724577,-2.7645090703654476,3
Light Gradient Boosting,-2.881231480327938,-2.29353717929607,3
Light Gradient Boosting,-1.9138112509675613,-2.2510805198965906,3
Light Gradient Boosting,-2.559953281626918,-2.5164251404487157,3
Light Gradient Boosting,-2.218903098366632,-2.0871578079230635,3
Light Gradient Boosting,-1.169002914533462,-1.4137200781027628,3
Light Gradient Boosting,-2.3969317709673565,-2.202514418738793,3
Light Gradient Boosting,-1.5424726897801078,-1.0726086967570923,3
Light Gradient Boosting,-1.520097156387571,-1.1798359140916344,3
Light Gradient Boosting,-1.4103143043656896,-1.1803950612444718,3
Light Gradient Boosting,-1.339883282003717,-1.508047859627839,3
Light Gradient Boosting,-1.833927238128002,-1.8236903158615594,3
Light Gradient Boosting,-3.2180472636163895,-2.9351107461492316,3
Light Gradient Boosting,-1.1131158581897997,-1.0846844908516018,3
Light Gradient Boosting,-2.341290856803062,-2.26993552749327,3
Light Gradient Boosting,-1.8730671060734179,-2.0874623576287474,3
Light Gradient Boosting,-2.3531252756425936,-2.7822484928846176,3
Light Gradient Boosting,-3.399950007606853,-3.0524781779803845,3
Light Gradient Boosting,-2.2025638997362065,-2.5496426031929427,3
Light Gradient Boosting,-1.8194641482091292,-2.2259347809409147,3
Light Gradient Boosting,-3.2834449518405893,-3.0508162947441844,3
Light Gradient Boosting,-2.461494632742434,-2.5803814573070283,3
Light Gradient Boosting,-1.4349038067728495,-1.8351561537655843,3
Light Gradient Boosting,-3.876468483448327,-3.7930163757169626,3
Light Gradient Boosting,-2.1155432005946873,-2.70173041115312,3
Light Gradient Boosting,-0.6389033445220246,-0.4381531043964181,3
Light Gradient Boosting,-0.19201915469350456,-0.2285933990592006,3
Light Gradient Boosting,-0.40674416735366103,-0.07834064714165395,3
Light Gradient Boosting,-0.16542042319834802,0.12426361394306983,3
Light Gradient Boosting,-1.5018248431082857,-1.3747380819763446,3
Light Gradient Boosting,-0.5196118275771817,-0.437377491648366,3
Light Gradient Boosting,-0.7545795752718538,-0.2671967374873724,3
Light Gradient Boosting,-3.0110100837480736,-0.47990018073989593,3
Light Gradient Boosting,-1.1235679872330004,-0.6681548443314106,3
Light Gradient Boosting,0.20849296776590773,-0.057368788012768186,3
Light Gradient Boosting,-2.9107287853445634,-2.105651309895107,3
Light Gradient Boosting,-3.2691119889214533,-2.634812251936183,3
Light Gradient Boosting,-2.541474704475919,-2.227962389278885,3
Light Gradient Boosting,-3.0775844181294625,-3.088002890375102,3
Light Gradient Boosting,-1.8094490244732577,-1.900183576084069,3
Light Gradient Boosting,-1.9615865844075526,-2.003529038062219,3
Light Gradient Boosting,-1.4817410394981543,-1.981050360447581,3
Light Gradient Boosting,-2.2432421390383843,-2.3424992482178624,3
Light Gradient Boosting,-2.6991941581253336,-2.458410514244338,3
Light Gradient Boosting,-3.20721692140729,-2.832350069607636,3
Light Gradient Boosting,-3.9019276346378216,-3.5089898339695815,3
Light Gradient Boosting,-2.778538031513268,-2.550211028836734,3
Light Gradient Boosting,-3.3458359767686834,-3.4699818736833357,3
Light Gradient Boosting,-2.845233778250056,-2.587613615600024,3
Light Gradient Boosting,-1.1386989940333996,-1.3065201171146155,3
Light Gradient Boosting,-2.861353792341514,-2.7181438612591022,3
Light Gradient Boosting,-1.4093732376842594,-1.599280655652535,3
Light Gradient Boosting,-2.048440290036772,-1.8479851268675762,3
Light Gradient Boosting,-1.4542413778154994,-2.1931331405549233,3
Light Gradient Boosting,-1.5372443207314632,-1.5744052358013358,3
Light Gradient Boosting,-2.586212054867284,-2.141064597242528,3
Light Gradient Boosting,-3.008152176256889,-1.9219277460448898,3
Light Gradient Boosting,-1.4616237416558537,-0.941866615161316,3
Light Gradient Boosting,-2.3478691638008677,-2.045855964391014,3
Light Gradient Boosting,-2.8807530211105905,-3.1704836444329643,3
Light Gradient Boosting,-1.3870823799964922,-1.4215443761764759,3
Light Gradient Boosting,-1.777268237794943,-1.491901356077656,3
Light Gradient Boosting,-1.7028254486283225,-1.6581858877453401,3
Light Gradient Boosting,-1.2886807788238237,-1.5478146184433461,3
Light Gradient Boosting,-2.691578169406441,-2.993759765544254,3
Light Gradient Boosting,-3.6203410251864447,-3.436664148065586,3
Light Gradient Boosting,-2.7186459189940226,-2.7576955401345997,3
Light Gradient Boosting,-2.8871236492020507,-2.2255519843015468,3
Light Gradient Boosting,-3.5222913974306227,-3.5877649719443947,3
Light Gradient Boosting,-3.384203503318252,-3.5562895913367214,3
Light Gradient Boosting,-1.4113517913995703,-1.971519239908264,3
Light Gradient Boosting,-1.622950411914381,-1.4051951501126883,3
Light Gradient Boosting,-1.1630496225248408,-1.2881500622106123,3
Light Gradient Boosting,-3.5222913974306227,-3.228028876162813,3
Light Gradient Boosting,-1.2543892714743548,-1.373807720209587,3
Light Gradient Boosting,-3.216247878762871,-2.85775935489631,3
Light Gradient Boosting,-1.41390601215094,-1.2847033106093149,3
Light Gradient Boosting,-1.1883246153441216,-1.2961608235912443,3
Light Gradient Boosting,-3.4161712191583424,-3.179271891601994,3
Light Gradient Boosting,-2.1210586466718686,-2.377422922225786,3
Light Gradient Boosting,-2.2175363341456173,-2.720718760249451,3
Light Gradient Boosting,-3.159004262647741,-3.240184094694391,3
Light Gradient Boosting,-2.0061846218108834,-2.106160791475198,3
Light Gradient Boosting,-2.4308272469150642,-2.8267976249732936,3
Light Gradient Boosting,-3.339134521996131,-2.946900736504967,3
Light Gradient Boosting,-3.09259777670544,-2.428681822229368,3
Light Gradient Boosting,-1.9555954093204297,-2.660629143843671,3
Light Gradient Boosting,-1.7478447295977892,-2.0878420910902658,3
Light Gradient Boosting,-1.4886987965534475,-1.983207603212344,3
Light Gradient Boosting,-2.550141932709222,-2.5695587933347572,3
Light Gradient Boosting,-2.618445069067542,-2.531015490388482,3
Light Gradient Boosting,-2.3552642027188186,-1.900664479747827,3
Light Gradient Boosting,-1.7883466398341077,-1.8626235012041052,3
Light Gradient Boosting,-2.0615953180564492,-2.002619874653074,3
Light Gradient Boosting,-1.512256636766295,-1.6296765813502487,3
Light Gradient Boosting,-2.9187956800017982,-2.5275726431764527,3
Light Gradient Boosting,-3.508144052188851,-3.5842459983858905,3
Light Gradient Boosting,-1.3982848993986936,-1.6667293602620614,3
Light Gradient Boosting,-1.936797812533807,-2.024228589893765,3
Light Gradient Boosting,-2.258862588858495,-2.372825597963968,3
Light Gradient Boosting,-2.728175115284189,-2.3666220275753065,3
Light Gradient Boosting,-2.3458067992518874,-1.7516527358692615,3
Light Gradient Boosting,-2.5430732387631334,-2.1603427045954637,3
Light Gradient Boosting,-1.1738116279378035,-1.753519640161505,3
Light Gradient Boosting,-1.3819820537899474,-1.3176161843683072,3
Light Gradient Boosting,-1.2174698965346429,-1.1870512232054762,3
Light Gradient Boosting,-1.069394064585742,-1.5875696183332193,3
Light Gradient Boosting,-1.3195712003583318,-1.2873741942713115,3
Light Gradient Boosting,-3.926105768520805,-3.9693109342861317,3
Light Gradient Boosting,-1.5625822596100025,-1.9344259369137382,3
Light Gradient Boosting,-3.172776808882327,-3.0157585693876086,3
Light Gradient Boosting,-3.4629936067206395,-3.1989769701427644,3
Light Gradient Boosting,-2.7555635433899788,-2.005406027538083,3
Light Gradient Boosting,-2.6148556108775285,-2.4551517012779986,3
Light Gradient Boosting,-1.840084037547579,-2.144386983102185,3
Light Gradient Boosting,-1.8350242298439021,-2.1728085519328353,3
Light Gradient Boosting,-1.98115226552214,-1.8650234111722517,3
Light Gradient Boosting,-1.0209515518818744,-1.2337548985371793,3
Light Gradient Boosting,-2.049666891178964,-1.892643393816497,3
Light Gradient Boosting,-2.5142250705986213,-2.547178889094677,3
Light Gradient Boosting,-1.4115626764192806,-1.4981936925970063,3
Light Gradient Boosting,-2.4368442826786825,-2.4740413646285377,3
Light Gradient Boosting,-1.9011407722544549,-1.6614870892959777,3
Light Gradient Boosting,-1.2563082695173393,-1.3499877171803893,3
Light Gradient Boosting,-1.4285635434183963,-1.5315641522316614,3
Light Gradient Boosting,-1.0937551186817627,-1.6419884582725202,3
Light Gradient Boosting,-0.7705521408719755,-0.7680684546116475,3
Light Gradient Boosting,-2.00821940080217,-1.7202820672763022,3
Light Gradient Boosting,-2.1372208240925845,-2.7439718578349095,3
Light Gradient Boosting,-1.4215944093236903,-1.8300311939223315,3
Light Gradient Boosting,-1.4330573818946528,-1.6598524392094858,3
Light Gradient Boosting,-3.352587686654944,-3.0908053165982667,3
Light Gradient Boosting,-3.7692522846397316,-3.3317835760613415,3
Light Gradient Boosting,-2.2151887800651093,-2.1480804264199724,3
Light Gradient Boosting,-1.9090244195663402,-2.1298075954615774,3
Light Gradient Boosting,-1.5110863339963716,-2.0040034770819837,3
Light Gradient Boosting,-2.0990330852672687,-1.9959471455336613,3
Light Gradient Boosting,-1.3310146489007124,-1.120935188803941,3
Light Gradient Boosting,-3.6688623296866587,-3.657538437666526,3
Light Gradient Boosting,-1.366206440166372,-1.5357212639327855,3
Light Gradient Boosting,-1.4386260150993235,-1.2507099873876903,3
Light Gradient Boosting,-2.2675571837562845,-2.1908585549055304,3
Light Gradient Boosting,-3.5624063821538914,-3.241374018296349,3
Light Gradient Boosting,-2.062592350526869,-2.457166142338623,3
Light Gradient Boosting,-1.3693953613978682,-1.3274206826399446,3
Light Gradient Boosting,-1.5310782741493767,-1.5547331100552944,3
Light Gradient Boosting,-1.270721247267063,-1.5024585927428489,3
Light Gradient Boosting,-1.3284164293502903,-1.2841711213755027,3
Light Gradient Boosting,-3.312493333735544,-2.956807726311814,3
Light Gradient Boosting,-3.6419813498697473,-3.4756467188820985,3
Light Gradient Boosting,-1.9341938240909706,-1.723495733051899,3
Light Gradient Boosting,-1.351662241081682,-1.4124322701639724,3
Light Gradient Boosting,-1.0624918421054752,-1.1388229927968712,3
Light Gradient Boosting,-2.0598606483703086,-1.9736432103519548,3
Light Gradient Boosting,-2.329956957829961,-2.1304689086499673,3
Light Gradient Boosting,-2.090032121190501,-1.838240112997936,3
Light Gradient Boosting,-2.04835547456192,-1.8592785633842348,3
Light Gradient Boosting,-3.4366316559477377,-3.0413814122369405,3
Light Gradient Boosting,-3.744840908818875,-3.698683077606229,3
Light Gradient Boosting,-2.568749167088006,-1.980161624303126,3
Light Gradient Boosting,-1.7448404020099417,-1.6964369739867007,3
Light Gradient Boosting,-1.9715416460145745,-1.816908270946836,3
Light Gradient Boosting,-1.6434286328720604,-1.7969392915472922,3
Light Gradient Boosting,-4.034798298974088,-3.9811002200056076,3
Light Gradient Boosting,-2.300301079838426,-3.0144069105519367,3
Light Gradient Boosting,-3.6924119784161333,-2.639790506266871,3
Light Gradient Boosting,-2.033677685255944,-2.042704485040356,3
Light Gradient Boosting,-2.804329449939637,-2.0846200114490516,3
Light Gradient Boosting,-3.290189204280069,-3.0754838997790404,3
Light Gradient Boosting,-2.1622159208236154,-2.7396909160022918,3
Light Gradient Boosting,-1.7613667161535187,-1.9177672056609183,3
Light Gradient Boosting,-1.3308187576670196,-1.6183051099977213,3
Light Gradient Boosting,-1.356590498479473,-1.305519493591561,3
Light Gradient Boosting,-1.1848306140119889,-1.7284723030929314,3
Light Gradient Boosting,-3.015555503033429,-2.922458806886555,3
Light Gradient Boosting,-1.5951494590693263,-1.8663876399496255,3
Light Gradient Boosting,-2.2270013364351495,-2.103208663862253,3
Light Gradient Boosting,-2.4520022992105748,-2.469322498180306,3
Light Gradient Boosting,-3.3036200184447138,-3.3266546768481056,3
Light Gradient Boosting,-4.059833781301273,-3.806457370098983,3
Light Gradient Boosting,-1.5049121890283346,-1.8918102582752003,3
Light Gradient Boosting,-1.7581838126622393,-1.3727414728674203,3
Light Gradient Boosting,-1.0942289641451028,-1.3108619716786012,3
Light Gradient Boosting,-2.695416849848479,-2.561354782939362,3
Light Gradient Boosting,-1.5895913565043294,-1.8213221141298035,3
Light Gradient Boosting,-2.432175336754664,-2.3337899968415954,3
Light Gradient Boosting,-1.6613977234664838,-1.9809893567532477,3
Light Gradient Boosting,-1.586700235918748,-1.4958376793489059,3
Light Gradient Boosting,-1.2054304558342028,-1.280135010969393,3
Light Gradient Boosting,-2.9620793251113042,-2.895210341365171,3
Light Gradient Boosting,-3.31795786632659,-3.4813691702494403,3
Light Gradient Boosting,-2.833475754814589,-2.332800413098671,3
Light Gradient Boosting,-1.9603652993893874,-1.859920456895109,3
Light Gradient Boosting,-0.8521750241183932,-1.0002379914243364,3
Light Gradient Boosting,-1.8074474879886533,-1.877748449313451,3
Light Gradient Boosting,-0.9751054096242024,-1.06949341290141,3
Light Gradient Boosting,-3.184747097908846,-3.1189101412058573,3
Light Gradient Boosting,-3.312017362295172,-3.5528092466409715,3
Light Gradient Boosting,-1.2025079170212445,-1.5382364074993444,3
Light Gradient Boosting,-1.2165796349138172,-1.4339179274843123,3
Light Gradient Boosting,-1.2183710988289476,-1.423155092465925,3
Light Gradient Boosting,-2.2355646390433175,-1.304778704854056,3
Light Gradient Boosting,-1.9362137770978871,-2.032608834758575,3
Light Gradient Boosting,-2.4881639462888585,-1.8912554786874247,3
Light Gradient Boosting,-1.1090605687339063,-1.3026198174764025,3
Light Gradient Boosting,-1.8486158063184404,-2.0431526413877457,3
Light Gradient Boosting,-1.3627172000570675,-1.3356733012293602,3
Light Gradient Boosting,-2.017352405817494,-1.9088866540205467,3
Light Gradient Boosting,-1.7772835288524167,-1.9378778667446623,3
Light Gradient Boosting,-0.9486409221793155,-0.7777686782375801,3
Light Gradient Boosting,-0.39778171004309776,-0.00043287663622417665,3
Light Gradient Boosting,0.11059120541434526,-0.03416733862448708,3
Light Gradient Boosting,-0.2703526265197312,-0.24190578557833087,3
Light Gradient Boosting,0.2034251096067644,-0.054010845065773944,3
Light Gradient Boosting,-0.004427072779599359,-0.12199688097154655,3
Light Gradient Boosting,0.2461448119736277,0.044398671020421554,3
Light Gradient Boosting,-0.8579133376664105,-0.5296639666651266,3
Light Gradient Boosting,-0.3118025518663407,0.07725290376536903,3
Light Gradient Boosting,-1.181419364072578,-1.2424243037702412,3
Light Gradient Boosting,-1.7655110123526006,-2.576332712984264,3
Light Gradient Boosting,-3.3347136412278577,-3.259969891437226,3
Light Gradient Boosting,-1.4739374796247893,-1.3065194193794099,3
Light Gradient Boosting,-1.2407370006641907,-1.7674715458239412,3
Light Gradient Boosting,-1.6790364719823858,-1.6695601847233104,3
Light Gradient Boosting,-1.1505417041520314,-1.3685175891965895,3
Light Gradient Boosting,-1.5671957242975716,-1.9633332495839757,3
Light Gradient Boosting,-0.8847086972378616,-1.111095087001332,3
Light Gradient Boosting,-1.315440666986884,-1.6301374555919252,3
Light Gradient Boosting,-1.816712585545078,-2.006722232459783,3
Light Gradient Boosting,-2.1235976234646596,-2.22227057199127,3
Light Gradient Boosting,-2.0424559224697187,-2.1197679462817853,3
Light Gradient Boosting,-1.9190397324043553,-1.6928247667125154,3
Light Gradient Boosting,-1.1078591195735359,-1.1558262356777216,3
Light Gradient Boosting,-1.1814755688597112,-1.7037105764496403,3
Light Gradient Boosting,-2.088287115891733,-3.032926799450918,3
Light Gradient Boosting,-1.1286832686838821,-1.4160821180152083,3
Light Gradient Boosting,-2.176623074126691,-2.158717946193865,3
Light Gradient Boosting,-1.4753372030036505,-1.6982258298373458,3
Light Gradient Boosting,-1.6539166652584223,-1.9117637933880813,3
Light Gradient Boosting,-1.8070894000718147,-1.4984735238051947,3
Light Gradient Boosting,-0.952771189748095,-0.9506485390690739,3
Light Gradient Boosting,-0.9422704336465716,-0.9718430560885584,3
Light Gradient Boosting,-0.7476890179412806,-0.9942630383539388,3
Light Gradient Boosting,-0.7266296487986936,-0.5450097365036968,3
Light Gradient Boosting,-2.2646029664100515,-2.0691163294894963,3
Light Gradient Boosting,-3.2172494016790187,-3.100811751469579,3
Light Gradient Boosting,-1.5600709478109722,-1.4005523089323866,3
Light Gradient Boosting,-0.4819145002205912,-0.9927834090601698,3
Light Gradient Boosting,-0.37949908787793823,-0.9993074224054375,3
Light Gradient Boosting,-2.385444450882969,-2.27127235216341,3
Light Gradient Boosting,-3.7648251925435416,-3.39943558169166,3
Light Gradient Boosting,-1.9652557068613081,-2.088757301144825,3
Light Gradient Boosting,-3.4495551653497865,-3.350047074058371,3
Light Gradient Boosting,-1.5167709261725162,-1.2967342202806227,3
Light Gradient Boosting,-1.0884067327209506,-1.019265760340441,3
Light Gradient Boosting,-1.3089106800327817,-1.3225349610916437,3
Light Gradient Boosting,-1.9812071611751474,-1.640686469990308,3
Light Gradient Boosting,-1.2413209034031176,-1.0011838757402143,3
Light Gradient Boosting,-1.8035334240706482,-2.0164814014306227,4
Light Gradient Boosting,-1.6844526576962697,-1.8036930595601537,4
Light Gradient Boosting,-2.158822044993741,-2.088502024884407,4
Light Gradient Boosting,-3.366321517882654,-2.5029956220022727,4
Light Gradient Boosting,-1.7253486984128064,-2.1603456059192685,4
Light Gradient Boosting,-3.6845481800874196,-4.001460615821476,4
Light Gradient Boosting,-1.641711232958164,-1.9848626472752626,4
Light Gradient Boosting,-1.2059345608151744,-1.3268396838031147,4
Light Gradient Boosting,-1.7190338740193807,-1.9700021920360353,4
Light Gradient Boosting,-0.32212322804184973,-1.1674677576750183,4
Light Gradient Boosting,-1.3629507222657735,-1.0485466035110302,4
Light Gradient Boosting,-0.9452141888163385,-1.0846172898963469,4
Light Gradient Boosting,-1.1383767799226443,-0.8967388570611026,4
Light Gradient Boosting,-1.6390957814475864,-1.111813824321101,4
Light Gradient Boosting,-1.103883331173482,-1.2461535242880901,4
Light Gradient Boosting,-2.885418369996712,-2.536853527844837,4
Light Gradient Boosting,-3.4108437941069076,-3.51886407942298,4
Light Gradient Boosting,-1.0225392132375182,-1.206601811113744,4
Light Gradient Boosting,-1.9996117840097518,-1.6321007949924002,4
Light Gradient Boosting,-3.8326531224143645,-3.841761598422135,4
Light Gradient Boosting,-1.7873296113427601,-2.430255870957304,4
Light Gradient Boosting,-3.1597853454922076,-2.89834080346659,4
Light Gradient Boosting,-1.1061070209631036,-1.4631467591767569,4
Light Gradient Boosting,-3.2036005297986074,-2.7536194818337574,4
Light Gradient Boosting,-2.5901613502180045,-2.7863259914771135,4
Light Gradient Boosting,0.14443509497441417,-0.3208867607170391,4
Light Gradient Boosting,-0.2659675601094114,-0.40924778895780817,4
Light Gradient Boosting,0.05304456027413388,-1.2457613426203658,4
Light Gradient Boosting,-0.3696586894071177,-0.42927592344233734,4
Light Gradient Boosting,-0.6704627883686575,-0.92846855972387,4
Light Gradient Boosting,0.20995355888867073,-0.17966266195268418,4
Light Gradient Boosting,-0.14570591755806434,-0.19461167083038644,4
Light Gradient Boosting,-0.28184511787174465,-1.1132174217791697,4
Light Gradient Boosting,-0.08363954432116573,-0.4461612411204801,4
Light Gradient Boosting,-0.3135898872515433,-0.6400265745971484,4
Light Gradient Boosting,-1.1159606660259742,-2.1984027522743994,4
Light Gradient Boosting,-2.2882000233155653,-2.6532317951992446,4
Light Gradient Boosting,-0.27744790362250854,-0.7431480630758046,4
Light Gradient Boosting,-2.465962973225779,-2.8237045882022995,4
Light Gradient Boosting,-2.8170555006405635,-2.6329396441053596,4
Light Gradient Boosting,-1.1005815755977664,-1.1287245105912898,4
Light Gradient Boosting,-2.8170555006405635,-2.621529352947219,4
Light Gradient Boosting,-3.20721692140729,-2.8726462203124004,4
Light Gradient Boosting,-1.1468871297310963,-2.1660141556501045,4
Light Gradient Boosting,-2.9119908501955227,-3.2253545283308824,4
Light Gradient Boosting,-2.991150818979587,-2.7924944380793586,4
Light Gradient Boosting,-2.4751841978240816,-2.9028398237439745,4
Light Gradient Boosting,-1.4326336990343642,-1.9366303332098396,4
Light Gradient Boosting,-1.9785756664607834,-1.7552322716131201,4
Light Gradient Boosting,-2.861353792341514,-3.2208729618191216,4
Light Gradient Boosting,-2.6732644443606475,-2.4460339364590733,4
Light Gradient Boosting,-1.3158802108242549,-1.5996049658311398,4
Light Gradient Boosting,-2.186006727498246,-2.4911686826787487,4
Light Gradient Boosting,-1.6037557432468053,-1.6991444778067832,4
Light Gradient Boosting,-2.6852623228853463,-2.5434996087780934,4
Light Gradient Boosting,-1.5372443207314632,-1.2187861705326468,4
Light Gradient Boosting,-2.635616939296958,-2.266162160701197,4
Light Gradient Boosting,-3.434121498561107,-2.9226949608097317,4
Light Gradient Boosting,-1.3859030337523468,-1.6323892706327687,4
Light Gradient Boosting,-1.1251042517136252,-1.3174608570492299,4
Light Gradient Boosting,-1.3266108732423414,-1.2221957282437035,4
Light Gradient Boosting,-3.7342838339347466,-3.807741076001787,4
Light Gradient Boosting,-2.2476183878149794,-2.547866143587304,4
Light Gradient Boosting,-3.007286136495451,-2.950618819096814,4
Light Gradient Boosting,-2.9303729669440868,-2.6718063067435263,4
Light Gradient Boosting,-2.498525274280529,-2.244269925959107,4
Light Gradient Boosting,-3.221262124613128,-2.8120178074809776,4
Light Gradient Boosting,-2.5342163548062593,-2.3829685154741074,4
Light Gradient Boosting,-3.2590502255091702,-2.6196322232217044,4
Light Gradient Boosting,-1.5623567401916558,-1.794036918554138,4
Light Gradient Boosting,-1.1808764741089726,-1.3395964446648791,4
Light Gradient Boosting,-1.5942049925158137,-1.9157954314300587,4
Light Gradient Boosting,-2.4934863088506534,-2.337915058009851,4
Light Gradient Boosting,-3.7105715966505453,-3.833059283874726,4
Light Gradient Boosting,-3.2996658499018485,-3.2227053456517627,4
Light Gradient Boosting,-2.7592630971786845,-2.338023337344876,4
Light Gradient Boosting,-2.470173263354167,-2.1746181604433517,4
Light Gradient Boosting,-2.2826863141215226,-1.6121494756205643,4
Light Gradient Boosting,-1.987977989665314,-2.7090443615618387,4
Light Gradient Boosting,-1.2376574055894478,-1.5470980174132691,4
Light Gradient Boosting,-2.248890796910272,-1.9893218967223503,4
Light Gradient Boosting,-3.20266873961377,-2.6521096090977676,4
Light Gradient Boosting,-2.9741896629359488,-2.449780556243225,4
Light Gradient Boosting,-2.999290941959355,-2.611580118894289,4
Light Gradient Boosting,-3.7551664480113374,-3.0403128369170846,4
Light Gradient Boosting,-2.7669040895368373,-2.4982291146958606,4
Light Gradient Boosting,-1.4855749296151965,-1.693819246186391,4
Light Gradient Boosting,-2.082759927050954,-2.2855740326831886,4
Light Gradient Boosting,-3.190894343543139,-2.625247137238976,4
Light Gradient Boosting,-1.955139967558483,-1.878976247233781,4
Light Gradient Boosting,-2.110664900131247,-2.66153172053907,4
Light Gradient Boosting,-1.7818010064165613,-1.5475203932312565,4
Light Gradient Boosting,-3.3960495196322524,-3.484367132331503,4
Light Gradient Boosting,-1.7883466398341077,-1.9567403107541228,4
Light Gradient Boosting,-2.3662117992181373,-2.317652513461727,4
Light Gradient Boosting,-1.2400249421136365,-1.7171003447776345,4
Light Gradient Boosting,-1.8211763195496429,-2.692129743239293,4
Light Gradient Boosting,-3.7834435403498214,-3.787140133904114,4
Light Gradient Boosting,-1.272659841843383,-1.2738280981014194,4
Light Gradient Boosting,-1.1893279510795818,-1.2150612132039627,4
Light Gradient Boosting,-1.4273499677206534,-1.4675586280942485,4
Light Gradient Boosting,-3.5459650539173615,-3.5623933537325057,4
Light Gradient Boosting,-2.2151453721747094,-1.7973214743897599,4
Light Gradient Boosting,-1.4441845681180592,-1.4677202797495463,4
Light Gradient Boosting,-1.4782087030212006,-1.725974252017146,4
Light Gradient Boosting,-1.6517269019834395,-1.5988833582639288,4
Light Gradient Boosting,-1.790442094293253,-2.1157449661752694,4
Light Gradient Boosting,-2.0630158256502544,-2.0910537922793746,4
Light Gradient Boosting,-3.2877805976748804,-3.456434006476496,4
Light Gradient Boosting,-3.7469892929465796,-3.8318610893602365,4
Light Gradient Boosting,-1.015474675864504,-1.1704974378688058,4
Light Gradient Boosting,-1.7625310634593319,-1.4141675402202911,4
Light Gradient Boosting,-1.4257747559860434,-1.4549677667490832,4
Light Gradient Boosting,-3.1720823887102565,-2.9095223884035857,4
Light Gradient Boosting,-1.737359048801603,-1.6878361631928402,4
Light Gradient Boosting,-1.3467292946628289,-1.449827403094413,4
Light Gradient Boosting,-0.6538319472043919,-0.9696460516780476,4
Light Gradient Boosting,-1.0111406945890653,-1.623045905206419,4
Light Gradient Boosting,-1.5708763680120374,-1.380251253691074,4
Light Gradient Boosting,-1.982318834323383,-1.7543489278076936,4
Light Gradient Boosting,-2.244039132061237,-2.7548278059129636,4
Light Gradient Boosting,-1.86662075613132,-2.1544680279590867,4
Light Gradient Boosting,-3.9600428565808334,-3.555884508990152,4
Light Gradient Boosting,-1.386590637896301,-1.666717558823837,4
Light Gradient Boosting,-1.6958725916338202,-2.2007900716289694,4
Light Gradient Boosting,-2.5910208366914373,-2.813867534912193,4
Light Gradient Boosting,-2.612904311968554,-2.1651665742274515,4
Light Gradient Boosting,-1.7139014654061842,-2.2919155286055806,4
Light Gradient Boosting,-2.0978386037648766,-2.2296065785170356,4
Light Gradient Boosting,-1.2158410977813483,-1.7062800645345269,4
Light Gradient Boosting,-1.167232267440179,-1.5596762698836357,4
Light Gradient Boosting,-2.672496188704653,-2.0017992092062378,4
Light Gradient Boosting,-3.6688623296866587,-3.6096714748262038,4
Light Gradient Boosting,-1.8793987946410835,-1.9912356032537057,4
Light Gradient Boosting,-1.2503305415619155,-1.3377533803121961,4
Light Gradient Boosting,-1.4001202888111866,-1.2906986672167338,4
Light Gradient Boosting,-1.4180277802789096,-1.0221700216390748,4
Light Gradient Boosting,-1.1598011320770079,-1.2858591765572658,4
Light Gradient Boosting,-1.9811271489159006,-1.8462687376447078,4
Light Gradient Boosting,-0.9642747859315978,-1.3861673101180412,4
Light Gradient Boosting,-1.2297848289673887,-0.81305062993902,4
Light Gradient Boosting,-1.318606216338379,-1.415692227576343,4
Light Gradient Boosting,-1.1301967317733737,-0.9122087736198901,4
Light Gradient Boosting,-2.174390400742264,-2.024092036368827,4
Light Gradient Boosting,-1.0225594503600544,-1.0637937969246538,4
Light Gradient Boosting,-2.0129990008635867,-1.2344988140478925,4
Light Gradient Boosting,-2.1834863402339466,-2.50419976149008,4
Light Gradient Boosting,-1.8035282856682657,-1.6397858054521035,4
Light Gradient Boosting,-2.3465562136207656,-1.9378855851010373,4
Light Gradient Boosting,-3.542851120580754,-3.38664628628262,4
Light Gradient Boosting,-1.543738042979891,-1.7170812158034034,4
Light Gradient Boosting,-3.2740051086991615,-3.4193580658742313,4
Light Gradient Boosting,-1.0639605458204757,-0.9724550748065579,4
Light Gradient Boosting,-2.7874427365568386,-2.817357281772613,4
Light Gradient Boosting,-1.8171279243372191,-2.1853231589258186,4
Light Gradient Boosting,-1.525605260081181,-1.9974338166536258,4
Light Gradient Boosting,-2.5884932589587586,-2.2687986368536754,4
Light Gradient Boosting,-2.540720473654946,-2.1947193617902387,4
Light Gradient Boosting,-2.436631774638256,-2.1366027866646227,4
Light Gradient Boosting,-2.443810430479706,-1.9368130610559642,4
Light Gradient Boosting,-3.744840908818875,-3.4809651035056275,4
Light Gradient Boosting,-1.5811083204741387,-2.0114046339562197,4
Light Gradient Boosting,-3.3980116731740355,-2.888404276600646,4
Light Gradient Boosting,-1.2111861770342556,-1.6799265207256908,4
Light Gradient Boosting,-2.5444075781780136,-3.1508060332541192,4
Light Gradient Boosting,-2.2405786779424,-2.6990413069880743,4
Light Gradient Boosting,-3.3466707249611667,-2.8688372030899685,4
Light Gradient Boosting,-1.7083201719567802,-1.6796409205340024,4
Light Gradient Boosting,-1.593236649552128,-1.6811384305573887,4
Light Gradient Boosting,-2.26736728311359,-3.159535172180891,4
Light Gradient Boosting,-2.025135764586199,-2.046893656415425,4
Light Gradient Boosting,-1.753896033344213,-1.9448742198636972,4
Light Gradient Boosting,-1.8668031693530753,-1.5836121698223773,4
Light Gradient Boosting,-1.0471006958966393,-1.250709880769453,4
Light Gradient Boosting,-1.928979817650206,-1.8890771092208198,4
Light Gradient Boosting,-1.8762488134939106,-2.280513925330739,4
Light Gradient Boosting,-1.694880975742639,-2.347510731949293,4
Light Gradient Boosting,-1.5279900670983446,-1.4799876360588027,4
Light Gradient Boosting,-2.5783960731301687,-2.913885531633373,4
Light Gradient Boosting,-3.1090516644066044,-2.5765877971437274,4
Light Gradient Boosting,-2.5585788782984222,-2.2346571770425627,4
Light Gradient Boosting,-1.5572116152486462,-1.269567444214721,4
Light Gradient Boosting,-1.5650830494456354,-1.3349388746360427,4
Light Gradient Boosting,-1.6895586727819518,-2.018689674640358,4
Light Gradient Boosting,-4.059833781301273,-3.961718868742092,4
Light Gradient Boosting,-1.8057322630823986,-2.0090174789590893,4
Light Gradient Boosting,-0.9490993255496558,-1.0730851090928888,4
Light Gradient Boosting,-2.292547184423849,-2.5981521423745266,4
Light Gradient Boosting,-1.717711472714874,-1.8627898929847855,4
Light Gradient Boosting,-1.9412408278950934,-1.9464138879521715,4
Light Gradient Boosting,-1.8196475705694013,-1.8331676704416988,4
Light Gradient Boosting,-1.6159918285387698,-1.330473928936275,4
Light Gradient Boosting,-1.1149880354485275,-0.926327166453219,4
Light Gradient Boosting,-1.8161267212970162,-1.7393804028014486,4
Light Gradient Boosting,-1.7997913808340749,-1.4944043479193703,4
Light Gradient Boosting,-1.309961996475505,-1.750311614718242,4
Light Gradient Boosting,-3.0397590359811644,-2.8698461403316813,4
Light Gradient Boosting,-1.6183307304435026,-1.7812133739335023,4
Light Gradient Boosting,-2.190142441306164,-1.7017591803157726,4
Light Gradient Boosting,-2.122395441870392,-1.860130387624566,4
Light Gradient Boosting,-3.05329283374744,-2.6941771330902418,4
Light Gradient Boosting,-2.035715142789073,-1.9294365705541905,4
Light Gradient Boosting,-2.152965298392503,-2.0720999051945936,4
Light Gradient Boosting,-2.0703010191144675,-1.9645781358929546,4
Light Gradient Boosting,-2.2355646390433175,-1.8078409684386367,4
Light Gradient Boosting,-1.391500388590343,-1.9101001251793333,4
Light Gradient Boosting,-1.1895507451644802,-1.6151747051394407,4
Light Gradient Boosting,0.013270809352243309,0.030393398455353188,4
Light Gradient Boosting,-0.31923658554998896,-0.33194196217256716,4
Light Gradient Boosting,0.13858982128300762,0.12394150432237072,4
Light Gradient Boosting,-0.8579133376664105,-0.7283196722626715,4
Light Gradient Boosting,0.23583851209189552,0.046493475536721826,4
Light Gradient Boosting,0.25792460161657743,-0.16009886412119598,4
Light Gradient Boosting,-0.03690399983927772,0.05351394150952804,4
Light Gradient Boosting,0.3323074801803344,-0.27195381718227296,4
Light Gradient Boosting,0.27486911420534327,0.15534579530742415,4
Light Gradient Boosting,-1.7473311829109102,-1.7333165608386378,4
Light Gradient Boosting,-1.1181615001713328,-1.5564060270762652,4
Light Gradient Boosting,-2.1512701073865577,-2.0134460686453224,4
Light Gradient Boosting,-3.525699217034543,-3.3049951997187783,4
Light Gradient Boosting,-3.4519129118061063,-3.159056972635067,4
Light Gradient Boosting,-2.5479760718766045,-2.1731728123767686,4
Light Gradient Boosting,-1.862548056774303,-1.6102268342171502,4
Light Gradient Boosting,-1.2328253445920763,-1.5333567028841577,4
Light Gradient Boosting,-1.455583530702784,-1.2180861335524826,4
Light Gradient Boosting,-1.852111989478871,-2.278052265698114,4
Light Gradient Boosting,-2.3872497229566574,-1.9096960723359735,4
Light Gradient Boosting,-1.7472661616036533,-1.3908711015960868,4
Light Gradient Boosting,-3.8233531994782193,-3.7296859410064576,4
Light Gradient Boosting,-1.947863458882499,-2.285231041211512,4
Light Gradient Boosting,-1.42625067509891,-1.1652008381555026,4
Light Gradient Boosting,-1.2812660713628026,-0.9997097780906196,4
Light Gradient Boosting,-1.573747505577719,-1.17463003895797,4
Light Gradient Boosting,-1.2818579528648468,-1.1450189348515774,4
Light Gradient Boosting,-1.4597718515481843,-1.3370490100006365,4
Light Gradient Boosting,-1.6322137070153477,-1.8962171734016366,4
Light Gradient Boosting,-1.540907293954747,-1.0973013149090927,4
Light Gradient Boosting,-1.629049819754814,-1.9979411917222276,4
Light Gradient Boosting,-1.1431217053996168,-2.705896685967501,4
Light Gradient Boosting,-3.151893437607053,-3.5700937798596155,4
Light Gradient Boosting,-2.14182332020342,-2.2153243228467563,4
Light Gradient Boosting,-2.348164353297759,-2.1062229029547606,4
Light Gradient Boosting,-1.3991403077454354,-1.5279555515584926,4
Light Gradient Boosting,-0.8609839615611586,-0.7031094868675655,4
Light Gradient Boosting,-0.9568598388437015,-0.6296354036716526,4
Light Gradient Boosting,-1.6181431713572578,-1.1733048530455144,4
Light Gradient Boosting,-0.9172146296835499,-1.0954498411136457,4
Light Gradient Boosting,-2.723197328038221,-2.589926867640926,4
Light Gradient Boosting,-0.8317581654646831,-1.3351822410415566,4
Light Gradient Boosting,-1.450536715424269,-1.869046832722073,4
Light Gradient Boosting,-1.0748372190236377,-0.9083972395631656,4
Light Gradient Boosting,-0.5935262904426333,-0.9931254568774881,4
Light Gradient Boosting,-1.025762740954669,-0.8931571540181166,4
Light Gradient Boosting,-0.6143935172969877,-1.0973971646493956,4
Light Gradient Boosting,-1.2028902052841348,-1.2703326081191897,4
Light Gradient Boosting,-0.2468343715025799,-0.682453672118192,4
Light Gradient Boosting,-3.121373090381552,-3.184008597902814,4
Light Gradient Boosting,-1.0026227122886122,-1.100198875049229,4
Light Gradient Boosting,-1.63438498383371,-1.6048400105691902,4
Light Gradient Boosting,-3.7465335671940925,-3.492791486520423,5
Light Gradient Boosting,-3.431262194557772,-3.633820243526103,5
Light Gradient Boosting,-1.9492654506102318,-2.2247519822275454,5
Light Gradient Boosting,-2.858166273095228,-2.7221712809129985,5
Light Gradient Boosting,-3.3692782873859213,-3.5030475835226738,5
Light Gradient Boosting,-3.120277513484956,-3.0370931984214913,5
Light Gradient Boosting,-0.28950830319552845,-2.4610694445284675,5
Light Gradient Boosting,-1.0745636623476162,-1.3096286856669261,5
Light Gradient Boosting,-1.5321588732385725,-1.991694113589944,5
Light Gradient Boosting,-1.5530374141251506,-1.19059994530739,5
Light Gradient Boosting,-0.9407520429016281,-1.3789517968810354,5
Light Gradient Boosting,-1.2391607486734533,-1.2094602140062618,5
Light Gradient Boosting,-1.820599175381769,-1.4870864178363183,5
Light Gradient Boosting,-2.3529321054630254,-2.114062818070426,5
Light Gradient Boosting,-1.0056334760903496,-1.1243015171105113,5
Light Gradient Boosting,-1.3355656611938254,-1.3612089550322795,5
Light Gradient Boosting,-1.4187942485435616,-1.1997374688619153,5
Light Gradient Boosting,-0.9582190949069228,-1.1034710597499267,5
Light Gradient Boosting,-3.057527624268253,-2.74035131742767,5
Light Gradient Boosting,-3.694349887124185,-3.6142466997351286,5
Light Gradient Boosting,-2.7929079641438137,-3.2866980080443673,5
Light Gradient Boosting,-2.4318269168378195,-2.348713410235762,5
Light Gradient Boosting,-2.9688776583453143,-2.2665968126886566,5
Light Gradient Boosting,-2.6396789104480054,-2.0390932555986288,5
Light Gradient Boosting,-2.736709137429952,-2.329913148692518,5
Light Gradient Boosting,-1.7661589553081318,-1.9045470223675605,5
Light Gradient Boosting,-0.012750569114115418,-0.3359676199834166,5
Light Gradient Boosting,-0.3417701012907816,-0.32751678630193154,5
Light Gradient Boosting,-2.004293876429448,-2.20455701549866,5
Light Gradient Boosting,-3.6800158253354924,-3.7533892891068428,5
Light Gradient Boosting,-2.931358924489361,-1.7900453577570166,5
Light Gradient Boosting,-1.1731208384522849,-1.4262265099727667,5
Light Gradient Boosting,-1.894217061776159,-2.0639182597290193,5
Light Gradient Boosting,-2.0174042079019414,-1.6141675644258147,5
Light Gradient Boosting,-1.2279630916135922,-1.5048801214900427,5
Light Gradient Boosting,-2.2017306515457955,-1.3203477596545696,5
Light Gradient Boosting,-2.7515330963273232,-2.2613248050706156,5
Light Gradient Boosting,-2.1223515198479075,-2.1817054469170505,5
Light Gradient Boosting,-2.209721593275448,-1.5683165626401705,5
Light Gradient Boosting,-3.4785088685395653,-3.204145616430009,5
Light Gradient Boosting,-3.579179826019102,-3.520407620322828,5
Light Gradient Boosting,-3.349843097267282,-3.0247951783995197,5
Light Gradient Boosting,-3.1381335734004905,-2.988426613832773,5
Light Gradient Boosting,-2.5493325073158326,-2.7510444328959704,5
Light Gradient Boosting,-2.5090165872531767,-2.391636219283838,5
Light Gradient Boosting,-2.7237372356215404,-2.4322033589768006,5
Light Gradient Boosting,-3.2474583508182433,-2.7268076882551995,5
Light Gradient Boosting,-3.366814432940472,-3.077457379510698,5
Light Gradient Boosting,-2.6788398129059168,-2.8361283452644503,5
Light Gradient Boosting,-2.7923263244120906,-2.468475492316815,5
Light Gradient Boosting,-2.492075482831661,-1.6183943268461818,5
Light Gradient Boosting,-2.174597252967641,-1.664833480246097,5
Light Gradient Boosting,-1.8319016673890882,-2.0140643373182736,5
Light Gradient Boosting,-1.4861381638460753,-1.9959364938661655,5
Light Gradient Boosting,-1.6435374468814823,-2.2394019807340486,5
Light Gradient Boosting,-1.8026465968079968,-1.8185243074491186,5
Light Gradient Boosting,-1.392520817816124,-1.8317346327623727,5
Light Gradient Boosting,-2.01828162271433,-2.4920471882504147,5
Light Gradient Boosting,-2.3918623308235594,-2.422384155139428,5
Light Gradient Boosting,-3.6203410251864447,-3.3952539595874787,5
Light Gradient Boosting,-2.5986223809209954,-2.8682737609699256,5
Light Gradient Boosting,-2.2669235674490644,-2.619234692753894,5
Light Gradient Boosting,-2.4555313487080666,-2.3602871441757616,5
Light Gradient Boosting,-3.1782271514224525,-3.181211188591557,5
Light Gradient Boosting,-3.9730828630218453,-3.786667761162279,5
Light Gradient Boosting,-1.7568408124580226,-1.7291031837210442,5
Light Gradient Boosting,-1.1465151741161497,-0.9496209679847025,5
Light Gradient Boosting,-2.2875737313332407,-1.9446052272947405,5
Light Gradient Boosting,-1.935943656763284,-2.437426967298109,5
Light Gradient Boosting,-1.706119540338668,-2.0957390081535254,5
Light Gradient Boosting,-1.6698969598127007,-2.0761540088328054,5
Light Gradient Boosting,-2.182199963303041,-2.6712989372172657,5
Light Gradient Boosting,-3.688222835963096,-2.922038438133169,5
Light Gradient Boosting,-1.5650446341096866,-2.1506435960477455,5
Light Gradient Boosting,-2.4995431395917818,-2.812490615429899,5
Light Gradient Boosting,-3.159004262647741,-3.1679504598222983,5
Light Gradient Boosting,-3.688222835963096,-3.524674615392161,5
Light Gradient Boosting,-4.043611115346274,-3.6639291472941857,5
Light Gradient Boosting,-2.4911353637922846,-2.4601514237774573,5
Light Gradient Boosting,-2.0559062448512155,-3.3012919231752957,5
Light Gradient Boosting,-1.7176063992666837,-1.8666818934933602,5
Light Gradient Boosting,-2.8667990786740405,-2.493139493983706,5
Light Gradient Boosting,-1.262358754468822,-1.3094668255017807,5
Light Gradient Boosting,-2.848471723996311,-3.1319771289731744,5
Light Gradient Boosting,-1.2684519185896421,-1.8897288893675044,5
Light Gradient Boosting,-3.4398948173744337,-3.23348848718671,5
Light Gradient Boosting,-2.362468744313884,-2.4867727739187617,5
Light Gradient Boosting,-3.231239100298885,-3.4310555729784467,5
Light Gradient Boosting,-3.8287505085021976,-3.833165830133424,5
Light Gradient Boosting,-2.8197963948012763,-2.584715585617954,5
Light Gradient Boosting,-1.6253102968663857,-2.037814674482884,5
Light Gradient Boosting,-1.6379527351562522,-1.9534452266210434,5
Light Gradient Boosting,-2.9211605333956863,-2.716681801814011,5
Light Gradient Boosting,-1.3149788474841408,-1.6065198783798331,5
Light Gradient Boosting,-1.6668842660690988,-2.1411017829477528,5
Light Gradient Boosting,-2.020315121682196,-1.874892013359379,5
Light Gradient Boosting,-2.8606575042266775,-2.053277109277076,5
Light Gradient Boosting,-2.1620771953880977,-2.00121700642004,5
Light Gradient Boosting,-1.3752808174958797,-1.612648620097054,5
Light Gradient Boosting,-2.2414236426625673,-2.2723884614142555,5
Light Gradient Boosting,-1.4975728800155672,-1.2957515295304407,5
Light Gradient Boosting,-3.48241354468584,-2.9850212297665393,5
Light Gradient Boosting,-3.3980931244651527,-2.9109995374526494,5
Light Gradient Boosting,-1.1134303475678107,-1.5787943617428422,5
Light Gradient Boosting,-3.2861198587119835,-2.67812665065523,5
Light Gradient Boosting,-1.006612713059657,-1.1432806544920098,5
Light Gradient Boosting,-3.739785461604827,-3.7187384833333907,5
Light Gradient Boosting,-1.5838670484167507,-1.5564169743072633,5
Light Gradient Boosting,-1.9705460914481276,-1.712655111205523,5
Light Gradient Boosting,-1.3173301868582306,-1.3313838551707273,5
Light Gradient Boosting,-2.4117878095891196,-2.1779187581652724,5
Light Gradient Boosting,-3.466783553422354,-3.1993435415782336,5
Light Gradient Boosting,-1.2303723324828062,-1.3095836632178721,5
Light Gradient Boosting,-1.9458635904251336,-1.5935891301773117,5
Light Gradient Boosting,-1.479191830676853,-1.467625975174281,5
Light Gradient Boosting,-1.8441291379223155,-2.0219702981527776,5
Light Gradient Boosting,-1.6993207301372903,-1.3969053135115055,5
Light Gradient Boosting,-2.635540187918821,-2.3162941265257704,5
Light Gradient Boosting,-2.176441984856953,-2.2230369665144707,5
Light Gradient Boosting,-3.0153277959856664,-2.1660251252473666,5
Light Gradient Boosting,-2.484467237840419,-2.3043665741171324,5
Light Gradient Boosting,-1.3267843126055872,-1.5966973996184408,5
Light Gradient Boosting,-1.1441412885613946,-1.2064017621455756,5
Light Gradient Boosting,-0.6074545522659878,-0.6717443170511119,5
Light Gradient Boosting,-0.664255515397868,-1.0765585516244836,5
Light Gradient Boosting,-2.001001072492525,-1.781951243469444,5
Light Gradient Boosting,-1.1521693207507044,-0.8272288842296063,5
Light Gradient Boosting,-3.7986028756795487,-3.517629957353089,5
Light Gradient Boosting,-4.219679806977318,-4.003255681780421,5
Light Gradient Boosting,-2.1782870563447125,-2.1804679706319408,5
Light Gradient Boosting,-2.1225210730141013,-2.5982178966267804,5
Light Gradient Boosting,-2.7906820711849507,-2.3878792206660586,5
Light Gradient Boosting,-1.5438464586997465,-1.807693683141411,5
Light Gradient Boosting,-1.9945993491296803,-2.1989778535558226,5
Light Gradient Boosting,-3.5378566631708024,-2.4617097814147866,5
Light Gradient Boosting,-2.9753058553179503,-2.4056683694457615,5
Light Gradient Boosting,-3.0607359079332865,-3.6473302478767895,5
Light Gradient Boosting,-2.4706410072083687,-1.9483388422059482,5
Light Gradient Boosting,-3.392655441034186,-2.8980338796957645,5
Light Gradient Boosting,-2.4951902617888977,-2.362475487238143,5
Light Gradient Boosting,-1.297434930657182,-1.5596557591558735,5
Light Gradient Boosting,-1.2327435377262763,-1.1487137147963484,5
Light Gradient Boosting,-1.2394237537905008,-1.1873961626316087,5
Light Gradient Boosting,-3.6688623296866587,-2.44090804510165,5
Light Gradient Boosting,-1.4609239012072235,-1.0848402908436594,5
Light Gradient Boosting,-4.0490653862997,-3.631966155722636,5
Light Gradient Boosting,-2.2689882869552584,-3.0550899319837352,5
Light Gradient Boosting,-1.302742708063045,-1.3339538108411682,5
Light Gradient Boosting,-1.2189474946453842,-1.2976522110175501,5
Light Gradient Boosting,-2.1481523894209715,-2.597457243343564,5
Light Gradient Boosting,-0.7420831923821466,-1.7804801357766373,5
Light Gradient Boosting,-1.493245786531943,-1.0150964751082103,5
Light Gradient Boosting,-1.8626742516440307,-1.2701040600920117,5
Light Gradient Boosting,-1.409977601837042,-1.1567425989191882,5
Light Gradient Boosting,-1.0144370432648293,-1.8165280059400521,5
Light Gradient Boosting,-1.8019484611556353,-1.7224922040153559,5
Light Gradient Boosting,-3.119103556806872,-2.389564199063454,5
Light Gradient Boosting,-2.3087676366549488,-1.829515920658031,5
Light Gradient Boosting,-1.394827676426251,-1.9146297177665343,5
Light Gradient Boosting,-2.2488337964546146,-1.8078157995853619,5
Light Gradient Boosting,-1.2530119718858257,-1.0932965478357637,5
Light Gradient Boosting,-2.2176402640700728,-2.261234795239951,5
Light Gradient Boosting,-1.7550940407409845,-1.5263026653531633,5
Light Gradient Boosting,-3.6308973708676717,-3.7086144092596642,5
Light Gradient Boosting,-2.0916278587378,-1.4742594114125631,5
Light Gradient Boosting,-1.785391290725075,-1.7225839847513664,5
Light Gradient Boosting,-2.3758693662733776,-2.3239874729357095,5
Light Gradient Boosting,-3.233202110369878,-3.0599002391008945,5
Light Gradient Boosting,-2.8398575372186334,-2.4702362997161273,5
Light Gradient Boosting,-1.945164608357066,-1.9411063839848937,5
Light Gradient Boosting,-2.019028072917717,-2.1856067786618865,5
Light Gradient Boosting,-2.1317533670782356,-2.824428605889618,5
Light Gradient Boosting,-1.6524312761675333,-2.1663200481915834,5
Light Gradient Boosting,-2.0864005407417032,-1.7560647761756534,5
Light Gradient Boosting,-2.5041654897477077,-2.546353158779952,5
Light Gradient Boosting,-1.6345122959030371,-1.804828547492116,5
Light Gradient Boosting,-3.2402151004002007,-3.2451679094154837,5
Light Gradient Boosting,-2.579721210352638,-2.4235773583197364,5
Light Gradient Boosting,-1.4643518021071489,-1.9087493954404973,5
Light Gradient Boosting,-2.1980100109869287,-2.551645980560308,5
Light Gradient Boosting,-1.2662407394987067,-1.1991185241895252,5
Light Gradient Boosting,-3.0455186942585932,-3.0263167123535815,5
Light Gradient Boosting,-3.600326278518962,-3.65401783080286,5
Light Gradient Boosting,-2.7766733448672327,-2.740730761101566,5
Light Gradient Boosting,-2.084073842416984,-2.292955583917642,5
Light Gradient Boosting,-1.5145266747759671,-1.557380033523373,5
Light Gradient Boosting,-3.5527489155241385,-3.412937391745771,5
Light Gradient Boosting,-3.6546223480637448,-3.6438904879443323,5
Light Gradient Boosting,-2.22015815118179,-1.9925844239405757,5
Light Gradient Boosting,-1.6663570851479517,-1.1252167957680024,5
Light Gradient Boosting,-1.5363868405196788,-1.6287805086181706,5
Light Gradient Boosting,-2.8559441417598115,-2.523502375787782,5
Light Gradient Boosting,-1.170757605358798,-1.5940398226712147,5
Light Gradient Boosting,-3.0397590359811644,-3.071852609342832,5
Light Gradient Boosting,-3.7727484977747765,-3.6610034279011785,5
Light Gradient Boosting,-2.5945173784671853,-2.7686691048361434,5
Light Gradient Boosting,-2.1639051839291805,-1.897021309529928,5
Light Gradient Boosting,-2.5255934458757454,-2.2725183986050976,5
Light Gradient Boosting,-3.064232839852069,-3.125310346004665,5
Light Gradient Boosting,-1.5097699255058308,-1.9993447194973062,5
Light Gradient Boosting,-1.4562179644760493,-1.6664746309586007,5
Light Gradient Boosting,-1.405215799824956,-1.174907171505118,5
Light Gradient Boosting,-1.514016684929528,-1.9740316610375963,5
Light Gradient Boosting,-1.428472864706594,-1.716735864429694,5
Light Gradient Boosting,-3.360662949678316,-3.3641237080804265,5
Light Gradient Boosting,-1.0460152967125962,-0.8733862626537134,5
Light Gradient Boosting,-1.5736750209710204,-2.160372144408294,5
Light Gradient Boosting,-1.4541338573389984,-1.313044230342544,5
Light Gradient Boosting,-1.34349300583641,-2.2851610401229108,5
Light Gradient Boosting,0.10764671163334447,0.20314037107730815,5
Light Gradient Boosting,-0.43783118657286935,0.2296591764281384,5
Light Gradient Boosting,-2.2749377863952085,-1.9987975952702834,5
Light Gradient Boosting,-2.7286993920768685,-2.2253515180435706,5
Light Gradient Boosting,-3.1657421077804533,-3.1704672932650344,5
Light Gradient Boosting,-1.7181996551162337,-2.0303251903689556,5
Light Gradient Boosting,-1.6314222073485498,-2.0325098154937176,5
Light Gradient Boosting,-1.5941100276318725,-0.9593669122615217,5
Light Gradient Boosting,-1.621304790891127,-1.7864465173458508,5
Light Gradient Boosting,-3.915670428497184,-3.813369573488369,5
Light Gradient Boosting,-2.5395917281791975,-1.989433812976696,5
Light Gradient Boosting,-1.0801819981618899,-1.5475230102008075,5
Light Gradient Boosting,-2.789746241172472,-2.5408181135470915,5
Light Gradient Boosting,-1.5073537295089607,-1.9554668832661104,5
Light Gradient Boosting,-3.2294115893983317,-3.1592986454442427,5
Light Gradient Boosting,-1.4753372030036505,-2.123555669807186,5
Light Gradient Boosting,-1.5323301209746991,-1.6125577542950822,5
Light Gradient Boosting,-1.3469740509457453,-1.3083029565166995,5
Light Gradient Boosting,-1.111999901692932,-1.2642349285157986,5
Light Gradient Boosting,-1.3041517533417322,-1.4347971373955937,5
Light Gradient Boosting,-1.28375174993668,-0.9895550134810489,5
Light Gradient Boosting,-1.5240818424273839,-1.048818398572714,5
Light Gradient Boosting,-0.9468333037780922,-1.2197709319742842,5
Light Gradient Boosting,-1.2491101104442828,-1.660291606463314,5
Light Gradient Boosting,-1.4583509625515516,-1.9187508722027566,5
Light Gradient Boosting,-1.1543394167845993,-1.1003874437986152,5
Light Gradient Boosting,-0.6082262842300837,-0.87652196365354,5
Light Gradient Boosting,-0.8837798009584171,-0.8341961509987019,5
Light Gradient Boosting,-1.9406256000139548,-1.9509982384991278,5
Light Gradient Boosting,-1.1291381497161614,-1.4766680166998358,5
Light Gradient Boosting,-1.042642722079717,-1.4104237610612247,5
Light Gradient Boosting,-2.6212424559235727,-2.9625737010575364,5
Light Gradient Boosting,-0.428471724353625,-0.8143807256976033,5
Light Gradient Boosting,-3.1791288900792822,-1.9046073769275738,5
Light Gradient Boosting,-1.7998312883961207,-1.5134289598701005,5
Light Gradient Boosting,-0.6591799251191045,-0.8794020408733408,5
Light Gradient Boosting,-1.1827941397057182,-1.3236638872227169,5
Light Gradient Boosting,-0.6158874808696795,-0.6895180242206497,5
Light Gradient Boosting,-1.048516497297764,-0.975625291321155,5
Light Gradient Boosting,-3.20055468102406,-3.247128989901829,5
Light Gradient Boosting,-1.530055677420101,-1.29047885348517,5
Light Gradient Boosting,-1.4806961523875994,-1.6860023465450946,5
Light Gradient Boosting,-1.7462641625323523,-1.44321711184352,5
Light Gradient Boosting,-1.7793995024399858,-1.6929625348560753,5
Light Gradient Boosting,-1.3068936298450675,-1.2680372821859578,5
Light Gradient Boosting,-1.0775646199327256,-1.2255256807313042,5
Light Gradient Boosting,-1.4158076024067474,-1.4325663384071512,5
Light Gradient Boosting,-2.390077592912712,-2.9931592209171853,5
Light Gradient Boosting,-1.011455146773862,-1.0294562741232942,5
Light Gradient Boosting,-1.5672159407631352,-1.4982627030729607,5
