model,experiment,prediction,split #
Stochastic Gradient Descent,-2.703826191329584,-2.2366182660566913,1
Stochastic Gradient Descent,-3.5076503600642033,-2.8799516175797595,1
Stochastic Gradient Descent,-2.881231480327938,-2.2299483288377657,1
Stochastic Gradient Descent,-1.9492654506102318,-2.300042512103626,1
Stochastic Gradient Descent,-2.158822044993741,-2.092486272061175,1
Stochastic Gradient Descent,-2.3969317709673565,-2.2793382174576338,1
Stochastic Gradient Descent,-2.1263969370231783,-2.1772077181158687,1
Stochastic Gradient Descent,-2.7922905193547125,-2.545159905607695,1
Stochastic Gradient Descent,-3.366321517882654,-2.3310373244730003,1
Stochastic Gradient Descent,-1.641711232958164,-2.47773102245478,1
Stochastic Gradient Descent,-1.524080623031204,-1.2908096539500495,1
Stochastic Gradient Descent,-1.5393527377902698,-0.618705255908092,1
Stochastic Gradient Descent,-1.6443425309821194,-0.9376192233024877,1
Stochastic Gradient Descent,-1.9196885629650766,-1.4149195504470464,1
Stochastic Gradient Descent,-1.496009274431816,-1.200796969312352,1
Stochastic Gradient Descent,-1.2247774230710238,-0.8668926040094747,1
Stochastic Gradient Descent,-0.22901321309844905,-0.5788432689014281,1
Stochastic Gradient Descent,-1.680228158144333,-1.5261263171360686,1
Stochastic Gradient Descent,-1.0225392132375182,-0.9801976663424957,1
Stochastic Gradient Descent,-1.4610955316441951,-1.7313905096871436,1
Stochastic Gradient Descent,-1.1131158581897997,-0.6987427534624003,1
Stochastic Gradient Descent,-1.9996117840097518,-1.5105902727313893,1
Stochastic Gradient Descent,-1.1631032781134523,-1.1977849737263784,1
Stochastic Gradient Descent,-3.2351404478705748,-2.570624541298407,1
Stochastic Gradient Descent,-1.8960550708053778,-2.2873082494907844,1
Stochastic Gradient Descent,-2.3531252756425936,-2.457786727842304,1
Stochastic Gradient Descent,-1.7873296113427601,-2.444683257832839,1
Stochastic Gradient Descent,-2.9688776583453143,-2.4049015974503356,1
Stochastic Gradient Descent,-3.0391954244610955,-2.778297113336254,1
Stochastic Gradient Descent,-2.736709137429952,-2.141773704899336,1
Stochastic Gradient Descent,-0.7406200937095554,-0.4198088169888956,1
Stochastic Gradient Descent,-1.694125814017541,-1.9601099589773419,1
Stochastic Gradient Descent,-1.5018248431082857,-1.6946841556299093,1
Stochastic Gradient Descent,-1.1159606660259742,-1.5225630369568555,1
Stochastic Gradient Descent,-2.2882000233155653,-2.216123252118592,1
Stochastic Gradient Descent,-1.1005815755977664,-1.36086489719337,1
Stochastic Gradient Descent,-1.4817410394981543,-2.039585204848129,1
Stochastic Gradient Descent,-2.2017306515457955,-1.859907117457348,1
Stochastic Gradient Descent,-2.9238738790387533,-3.232746685029377,1
Stochastic Gradient Descent,-2.67596440114224,-2.6668248260409877,1
Stochastic Gradient Descent,-2.557865138098485,-3.0788688985963106,1
Stochastic Gradient Descent,-3.20721692140729,-2.584832414759653,1
Stochastic Gradient Descent,-3.3308765956121587,-2.784928357069415,1
Stochastic Gradient Descent,-3.1668739337041876,-2.352649481119163,1
Stochastic Gradient Descent,-2.4909497090997137,-2.150253603288335,1
Stochastic Gradient Descent,-3.310333372786738,-2.829949808263722,1
Stochastic Gradient Descent,-2.704319008875443,-2.28192286182615,1
Stochastic Gradient Descent,-1.624154843179839,-1.9938735267181034,1
Stochastic Gradient Descent,-2.7923263244120906,-2.54884665858552,1
Stochastic Gradient Descent,-2.7233828886420643,-2.462974036946045,1
Stochastic Gradient Descent,-2.6732644443606475,-1.7286754252128644,1
Stochastic Gradient Descent,-2.186006727498246,-1.9482332584633946,1
Stochastic Gradient Descent,-1.4093732376842594,-1.5343587416380684,1
Stochastic Gradient Descent,-1.6037557432468053,-1.6354279594583836,1
Stochastic Gradient Descent,-2.048440290036772,-2.2140549466134556,1
Stochastic Gradient Descent,-1.5372443207314632,-1.704562681350993,1
Stochastic Gradient Descent,-1.7089770353918146,-1.700761884849369,1
Stochastic Gradient Descent,-1.4370923600242806,-1.610611919055873,1
Stochastic Gradient Descent,-3.008152176256889,-1.8889944244049997,1
Stochastic Gradient Descent,-1.3859030337523468,-1.3350175771248103,1
Stochastic Gradient Descent,-2.8807530211105905,-2.979438019992007,1
Stochastic Gradient Descent,-1.8026465968079968,-1.7679869273979272,1
Stochastic Gradient Descent,-1.1202858432048246,-1.5604306873554767,1
Stochastic Gradient Descent,-1.3104931690369908,-1.4344773337469252,1
Stochastic Gradient Descent,-2.2476183878149794,-2.723212044396141,1
Stochastic Gradient Descent,-3.6203410251864447,-3.29001767986281,1
Stochastic Gradient Descent,-2.5038360209902844,-2.7921009856680112,1
Stochastic Gradient Descent,-2.5986223809209954,-3.2041450582233346,1
Stochastic Gradient Descent,-2.4555313487080666,-2.2903897701298166,1
Stochastic Gradient Descent,-1.1465151741161497,-1.5061750701150474,1
Stochastic Gradient Descent,-1.2543892714743548,-1.6937109407314175,1
Stochastic Gradient Descent,-1.935943656763284,-1.9051895797259153,1
Stochastic Gradient Descent,-1.5942049925158137,-1.7720623681116852,1
Stochastic Gradient Descent,-1.706119540338668,-2.1710112678759765,1
Stochastic Gradient Descent,-1.1883246153441216,-1.3349349863303577,1
Stochastic Gradient Descent,-3.4161712191583424,-2.965223848292933,1
Stochastic Gradient Descent,-3.848875409949318,-3.6587840634546693,1
Stochastic Gradient Descent,-3.2996658499018485,-2.5541652881959314,1
Stochastic Gradient Descent,-2.644753893986956,-3.120970923662601,1
Stochastic Gradient Descent,-2.988535711454289,-3.8489906836982697,1
Stochastic Gradient Descent,-2.4995431395917818,-2.3335055781440164,1
Stochastic Gradient Descent,-3.20266873961377,-3.460229113352046,1
Stochastic Gradient Descent,-3.3388889969343114,-2.387230311926245,1
Stochastic Gradient Descent,-3.1495014132834878,-2.882538120533758,1
Stochastic Gradient Descent,-1.883787384700319,-2.3026290150576245,1
Stochastic Gradient Descent,-2.082759927050954,-2.0704460814171353,1
Stochastic Gradient Descent,-2.8326132427713318,-2.281924720411633,1
Stochastic Gradient Descent,-2.848471723996311,-3.2217963102232035,1
Stochastic Gradient Descent,-2.258697330779929,-1.9691194214066214,1
Stochastic Gradient Descent,-3.190894343543139,-2.3336238274269987,1
Stochastic Gradient Descent,-3.8287505085021976,-4.035519204140386,1
Stochastic Gradient Descent,-1.955139967558483,-2.0390624073209627,1
Stochastic Gradient Descent,-2.110664900131247,-2.5199954211481566,1
Stochastic Gradient Descent,-1.7883466398341077,-1.8184026972690472,1
Stochastic Gradient Descent,-2.0615953180564492,-2.005254642665507,1
Stochastic Gradient Descent,-2.3662117992181373,-2.2710763308155673,1
Stochastic Gradient Descent,-2.2414236426625673,-2.056953749680873,1
Stochastic Gradient Descent,-1.2400249421136365,-1.7230493843779955,1
Stochastic Gradient Descent,-3.508144052188851,-3.0652889112325234,1
Stochastic Gradient Descent,-3.7834435403498214,-3.4204474499304958,1
Stochastic Gradient Descent,-1.7340876483093817,-1.8763455114404257,1
Stochastic Gradient Descent,-1.4975728800155672,-1.9566740239984488,1
Stochastic Gradient Descent,-2.3458067992518874,-1.5238517497321242,1
Stochastic Gradient Descent,-1.4273499677206534,-1.9228662593429924,1
Stochastic Gradient Descent,-1.1738116279378035,-1.5089917425176662,1
Stochastic Gradient Descent,-3.5459650539173615,-2.98290052791001,1
Stochastic Gradient Descent,-3.23633470688153,-2.2998947141820754,1
Stochastic Gradient Descent,-3.739785461604827,-3.311341016219839,1
Stochastic Gradient Descent,-1.5838670484167507,-1.7672390777297693,1
Stochastic Gradient Descent,-2.0116848782875407,-2.4143732257544612,1
Stochastic Gradient Descent,-1.479191830676853,-1.8137598256323357,1
Stochastic Gradient Descent,-2.9206523063014074,-2.7536314154439068,1
Stochastic Gradient Descent,-3.4629936067206395,-2.873794094199354,1
Stochastic Gradient Descent,-2.646263945417837,-2.1907882804714194,1
Stochastic Gradient Descent,-2.6148556108775285,-2.6130987602208484,1
Stochastic Gradient Descent,-1.8350242298439021,-2.0792806160016872,1
Stochastic Gradient Descent,-1.6517269019834395,-1.6993434721273306,1
Stochastic Gradient Descent,-2.484467237840419,-2.0983579817381988,1
Stochastic Gradient Descent,-3.390442939572028,-3.0451013783511685,1
Stochastic Gradient Descent,-3.1720823887102565,-2.8761533479214587,1
Stochastic Gradient Descent,-1.2563082695173393,-1.0171275813747709,1
Stochastic Gradient Descent,-1.737359048801603,-1.568224482409656,1
Stochastic Gradient Descent,-1.3467292946628289,-1.3606682423672054,1
Stochastic Gradient Descent,-0.9349414936187838,-1.3360415487691666,1
Stochastic Gradient Descent,-2.1372208240925845,-2.4873917775752354,1
Stochastic Gradient Descent,-1.4215944093236903,-1.4453896884218989,1
Stochastic Gradient Descent,-1.4330573818946528,-1.4143929761494343,1
Stochastic Gradient Descent,-1.0111406945890653,-1.8133418759137252,1
Stochastic Gradient Descent,-3.054246410327101,-2.6075544563306825,1
Stochastic Gradient Descent,-3.030623697854625,-2.5556037044459012,1
Stochastic Gradient Descent,-2.8641555620169683,-2.3645020241729684,1
Stochastic Gradient Descent,-1.421235229471209,-2.2270399673963777,1
Stochastic Gradient Descent,-2.560133846538238,-2.4138919127928373,1
Stochastic Gradient Descent,-1.5438464586997465,-2.0000173959675105,1
Stochastic Gradient Descent,-2.2062980891288984,-2.2807647011786067,1
Stochastic Gradient Descent,-2.9753058553179503,-2.4655910198082034,1
Stochastic Gradient Descent,-1.9090244195663402,-1.8436373193972793,1
Stochastic Gradient Descent,-3.0607359079332865,-3.4739261813598548,1
Stochastic Gradient Descent,-2.647947017470284,-2.7909203676319203,1
Stochastic Gradient Descent,-3.9453409907865007,-3.4507077561400665,1
Stochastic Gradient Descent,-2.0978386037648766,-1.9066058176499958,1
Stochastic Gradient Descent,-2.672496188704653,-1.5408615099254372,1
Stochastic Gradient Descent,-2.0990330852672687,-2.1739268025083174,1
Stochastic Gradient Descent,-1.3310146489007124,-1.1412790462835736,1
Stochastic Gradient Descent,-1.453797527240351,-2.3074447157019695,1
Stochastic Gradient Descent,-1.4609239012072235,-1.6709213072650517,1
Stochastic Gradient Descent,-3.5624063821538914,-3.01316083411958,1
Stochastic Gradient Descent,-1.1843962080688974,-1.2158472847398356,1
Stochastic Gradient Descent,-0.7420831923821466,-1.4942297900889627,1
Stochastic Gradient Descent,-2.062592350526869,-2.58467338567597,1
Stochastic Gradient Descent,-1.3693953613978682,-1.3732222930818905,1
Stochastic Gradient Descent,-1.8162387276731846,-1.1656660530394396,1
Stochastic Gradient Descent,-1.493245786531943,-1.1329601651853685,1
Stochastic Gradient Descent,-1.4337063496845048,-1.9484689391072572,1
Stochastic Gradient Descent,-3.119103556806872,-2.3605130116625808,1
Stochastic Gradient Descent,-1.351662241081682,-1.796382344560062,1
Stochastic Gradient Descent,-1.917076538816309,-1.6262143999294,1
Stochastic Gradient Descent,-2.04835547456192,-1.743641733838165,1
Stochastic Gradient Descent,-1.709300425196423,-1.8974713401952965,1
Stochastic Gradient Descent,-1.8171279243372191,-2.200090383329338,1
Stochastic Gradient Descent,-2.2488337964546146,-1.5635669748924197,1
Stochastic Gradient Descent,-3.8997432135729384,-3.7337454457419335,1
Stochastic Gradient Descent,-1.936404341844701,-2.456964492110185,1
Stochastic Gradient Descent,-2.7292012545882884,-2.2170868894179194,1
Stochastic Gradient Descent,-2.0916278587378,-1.4243167358854414,1
Stochastic Gradient Descent,-2.540720473654946,-2.0246856161599323,1
Stochastic Gradient Descent,-1.785391290725075,-2.134033755812665,1
Stochastic Gradient Descent,-1.6434286328720604,-1.9233589561494193,1
Stochastic Gradient Descent,-1.2111861770342556,-1.953958996866919,1
Stochastic Gradient Descent,-3.6924119784161333,-3.2961985237214484,1
Stochastic Gradient Descent,-2.345229430009625,-2.3450911253074547,1
Stochastic Gradient Descent,-3.3358640560027224,-3.082375239125643,1
Stochastic Gradient Descent,-2.993441546294603,-2.5024661336495098,1
Stochastic Gradient Descent,-1.2545644486474818,-1.6699143197345285,1
Stochastic Gradient Descent,-3.4116117497612004,-2.8360799891529247,1
Stochastic Gradient Descent,-2.025135764586199,-2.0651266737257052,1
Stochastic Gradient Descent,-1.356590498479473,-1.4453119271590824,1
Stochastic Gradient Descent,-1.753896033344213,-1.6574744913734913,1
Stochastic Gradient Descent,-3.015555503033429,-2.7841980265815214,1
Stochastic Gradient Descent,-1.7139992395270756,-1.7111992251557202,1
Stochastic Gradient Descent,-2.1980100109869287,-2.198644586919358,1
Stochastic Gradient Descent,-3.600326278518962,-3.597920920498704,1
Stochastic Gradient Descent,-1.694880975742639,-2.1865844487369457,1
Stochastic Gradient Descent,-3.3309007861959947,-2.2255995344626824,1
Stochastic Gradient Descent,-3.1090516644066044,-1.671622687182493,1
Stochastic Gradient Descent,-2.5585788782984222,-2.0648103770731074,1
Stochastic Gradient Descent,-1.7581838126622393,-1.8970357974131595,1
Stochastic Gradient Descent,-3.844232919056576,-3.0237593326211893,1
Stochastic Gradient Descent,-1.5572116152486462,-1.981757243467853,1
Stochastic Gradient Descent,-1.4566894173821427,-1.7710824438046078,1
Stochastic Gradient Descent,-1.8057322630823986,-1.5763947588392353,1
Stochastic Gradient Descent,-2.292547184423849,-2.227806251017948,1
Stochastic Gradient Descent,-1.9412408278950934,-1.3008004169081733,1
Stochastic Gradient Descent,-1.8074474879886533,-1.5015868335408002,1
Stochastic Gradient Descent,-1.1026053129321816,-1.4002601735302875,1
Stochastic Gradient Descent,-1.170757605358798,-2.067383622684706,1
Stochastic Gradient Descent,-1.2672463833090828,-1.7066258125411464,1
Stochastic Gradient Descent,-1.7997913808340749,-1.6164758467476503,1
Stochastic Gradient Descent,-2.850003549488979,-2.985301947683784,1
Stochastic Gradient Descent,-1.309961996475505,-1.753146560443713,1
Stochastic Gradient Descent,-1.6183307304435026,-1.8048456674590792,1
Stochastic Gradient Descent,-3.05329283374744,-2.5810075594640254,1
Stochastic Gradient Descent,-2.8165949053280404,-2.4951349378245493,1
Stochastic Gradient Descent,-2.3371392715991264,-1.9803941593418992,1
Stochastic Gradient Descent,-3.3625502994733605,-2.9202657491534705,1
Stochastic Gradient Descent,-1.9765773961271407,-1.8472669477276693,1
Stochastic Gradient Descent,-1.5736750209710204,-2.0320932663572657,1
Stochastic Gradient Descent,-2.740096874062147,-2.3347123094913074,1
Stochastic Gradient Descent,-3.8396725549649426,-3.7339886430706533,1
Stochastic Gradient Descent,-1.34349300583641,-1.512093010800032,1
Stochastic Gradient Descent,0.23583851209189552,-0.04831958486798464,1
Stochastic Gradient Descent,0.013270809352243309,-0.6151252203346538,1
Stochastic Gradient Descent,-0.31923658554998896,-0.5292525986951783,1
Stochastic Gradient Descent,-0.2703526265197312,0.004565545523982972,1
Stochastic Gradient Descent,0.011790398005349874,0.3845026893983396,1
Stochastic Gradient Descent,0.2461448119736277,0.7973356990564605,1
Stochastic Gradient Descent,0.25792460161657743,-0.01451182021252842,1
Stochastic Gradient Descent,-0.03690399983927772,0.1186153914017017,1
Stochastic Gradient Descent,0.004405968258246192,-0.2803335083625892,1
Stochastic Gradient Descent,-0.43783118657286935,-0.06621092722789451,1
Stochastic Gradient Descent,0.3323074801803344,-0.3688299703619356,1
Stochastic Gradient Descent,0.27486911420534327,0.5557427731830293,1
Stochastic Gradient Descent,-1.9219867657940077,-1.768106303941282,1
Stochastic Gradient Descent,-1.181419364072578,-1.7467660157131857,1
Stochastic Gradient Descent,-1.7473311829109102,-1.895983469543079,1
Stochastic Gradient Descent,-1.1181615001713328,-1.9349985552688163,1
Stochastic Gradient Descent,-1.6790364719823858,-1.7742093978792413,1
Stochastic Gradient Descent,-2.642143447351316,-1.6911562642739868,1
Stochastic Gradient Descent,-1.315440666986884,-1.4804814646107414,1
Stochastic Gradient Descent,-1.621304790891127,-1.8449858706311184,1
Stochastic Gradient Descent,-3.4519129118061063,-2.85332103218277,1
Stochastic Gradient Descent,-2.1235976234646596,-1.8888955351146821,1
Stochastic Gradient Descent,-2.7488910409678486,-1.7987455693211862,1
Stochastic Gradient Descent,-1.5073537295089607,-1.5231512273901233,1
Stochastic Gradient Descent,-2.3812985463366814,-1.9163389172807375,1
Stochastic Gradient Descent,-1.455583530702784,-1.622610984012238,1
Stochastic Gradient Descent,-2.176623074126691,-2.8323471936346607,1
Stochastic Gradient Descent,-1.4753372030036505,-1.9353794031692824,1
Stochastic Gradient Descent,-1.111999901692932,-1.3554702976931485,1
Stochastic Gradient Descent,-1.2818579528648468,-1.1152081697966263,1
Stochastic Gradient Descent,-1.7563417007657087,-1.689084153196564,1
Stochastic Gradient Descent,-0.8959678728621829,-1.4137717646783725,1
Stochastic Gradient Descent,-1.1543394167845993,-1.252982607288797,1
Stochastic Gradient Descent,-0.8837798009584171,-1.0605813340308103,1
Stochastic Gradient Descent,-1.5600709478109722,-1.4730160007939224,1
Stochastic Gradient Descent,-1.466507781947675,-1.6222334546238155,1
Stochastic Gradient Descent,-3.295634963777275,-2.848169908854284,1
Stochastic Gradient Descent,-1.450536715424269,-1.540241043342481,1
Stochastic Gradient Descent,-0.4819145002205912,-1.2999789154459587,1
Stochastic Gradient Descent,-1.1827941397057182,-1.3080581097019912,1
Stochastic Gradient Descent,-0.6143935172969877,-1.1056622318711626,1
Stochastic Gradient Descent,-0.14567163968046612,-1.571235855711855,1
Stochastic Gradient Descent,-3.121373090381552,-2.579571017263507,1
Stochastic Gradient Descent,-1.4806961523875994,-1.4385222476809194,1
Stochastic Gradient Descent,-1.0026227122886122,-1.6090007260324388,1
Stochastic Gradient Descent,-1.031601943299423,-1.0448003549880889,1
Stochastic Gradient Descent,-3.241946952668458,-2.8073483486170536,1
Stochastic Gradient Descent,-1.0945491836072103,-1.3883410159805234,1
Stochastic Gradient Descent,-0.988626069420939,-1.2623876623719716,1
Stochastic Gradient Descent,-1.9812071611751474,-1.8410146495270434,1
Stochastic Gradient Descent,-2.559953281626918,-2.8081092736843853,2
Stochastic Gradient Descent,-2.2593946471787434,-1.9171245726634236,2
Stochastic Gradient Descent,-0.28950830319552845,-2.9985231706031157,2
Stochastic Gradient Descent,-0.3239443747054647,-1.3372425572602413,2
Stochastic Gradient Descent,-1.5321588732385725,-2.0171321800750084,2
Stochastic Gradient Descent,-1.7190338740193807,-2.523065277681761,2
Stochastic Gradient Descent,-1.5530374141251506,-1.4002298736933394,2
Stochastic Gradient Descent,-1.1383767799226443,-0.4625044671946291,2
Stochastic Gradient Descent,-1.2391607486734533,-1.2104815587449593,2
Stochastic Gradient Descent,-1.6021765542362365,-2.5885176893654784,2
Stochastic Gradient Descent,-3.4108437941069076,-3.193241655225583,2
Stochastic Gradient Descent,-1.4091232046942341,-1.489520078389356,2
Stochastic Gradient Descent,-1.339883282003717,-1.5756542755723224,2
Stochastic Gradient Descent,-1.833927238128002,-2.2118506646974754,2
Stochastic Gradient Descent,-3.2180472636163895,-2.752077512202541,2
Stochastic Gradient Descent,-1.1345513868310089,-1.3612672079373667,2
Stochastic Gradient Descent,-1.6571034663893656,-1.374457131851797,2
Stochastic Gradient Descent,-1.3897810295006061,-1.4052000433674268,2
Stochastic Gradient Descent,-1.2696661993818519,-1.327829399151626,2
Stochastic Gradient Descent,-3.8326531224143645,-3.206978744747969,2
Stochastic Gradient Descent,-3.057527624268253,-2.2762615788628566,2
Stochastic Gradient Descent,-3.694349887124185,-3.8887446802794146,2
Stochastic Gradient Descent,-2.617367632441655,-2.1850231034431875,2
Stochastic Gradient Descent,-3.399950007606853,-2.907353689751307,2
Stochastic Gradient Descent,-2.7929079641438137,-3.4475805372563726,2
Stochastic Gradient Descent,-1.3607499667563296,-1.924829901525416,2
Stochastic Gradient Descent,-2.0569241023003397,-1.5862459916727771,2
Stochastic Gradient Descent,-2.66118307205398,-2.090327406977848,2
Stochastic Gradient Descent,-2.198253243671017,-2.4587688692836083,2
Stochastic Gradient Descent,-3.3816182003459216,-3.478739199041777,2
Stochastic Gradient Descent,-3.876468483448327,-3.902481769801801,2
Stochastic Gradient Descent,-2.1155432005946873,-2.5809489676796367,2
Stochastic Gradient Descent,-0.2659675601094114,-0.34189465806438946,2
Stochastic Gradient Descent,-0.40674416735366103,-0.4542277378476417,2
Stochastic Gradient Descent,-1.0877694915519545,-0.8097939870569685,2
Stochastic Gradient Descent,-0.16542042319834802,0.08193318069488259,2
Stochastic Gradient Descent,-0.5987130334578719,-0.20475799810569764,2
Stochastic Gradient Descent,0.20849296776590773,0.3394673449674145,2
Stochastic Gradient Descent,-1.9304209166838449,-1.9596311753332483,2
Stochastic Gradient Descent,-2.465962973225779,-2.730164669736951,2
Stochastic Gradient Descent,-3.0775844181294625,-3.448088061165892,2
Stochastic Gradient Descent,-1.8094490244732577,-2.1251286807856804,2
Stochastic Gradient Descent,-1.894217061776159,-2.102063608900261,2
Stochastic Gradient Descent,-1.2279630916135922,-2.1959573549347176,2
Stochastic Gradient Descent,-2.3339531661956356,-2.5841811805661132,2
Stochastic Gradient Descent,-2.4751841978240816,-2.3191124245963812,2
Stochastic Gradient Descent,-1.3360910210889294,-2.0179247766923556,2
Stochastic Gradient Descent,-2.861353792341514,-3.203747497113875,2
Stochastic Gradient Descent,-2.174597252967641,-2.080912093125453,2
Stochastic Gradient Descent,-1.0599038235929437,-1.1431866866267433,2
Stochastic Gradient Descent,-1.3158802108242549,-1.857723044848244,2
Stochastic Gradient Descent,-2.7103007043055714,-1.8911637781770736,2
Stochastic Gradient Descent,-1.4542413778154994,-2.2494840085598002,2
Stochastic Gradient Descent,-2.9864932974615632,-1.8137931339612727,2
Stochastic Gradient Descent,-3.873453012328298,-3.692942479557616,2
Stochastic Gradient Descent,-1.4861381638460753,-2.371409677435452,2
Stochastic Gradient Descent,-1.4729877775908402,-1.5138976064129528,2
Stochastic Gradient Descent,-1.0556956867709293,-0.5761721999142424,2
Stochastic Gradient Descent,-2.715845949095462,-2.3923629154625488,2
Stochastic Gradient Descent,-1.2886807788238237,-1.3846023041701994,2
Stochastic Gradient Descent,-1.3266108732423414,-1.3241492914645727,2
Stochastic Gradient Descent,-3.007286136495451,-2.6632796091274202,2
Stochastic Gradient Descent,-3.52120992195253,-3.7367692497656875,2
Stochastic Gradient Descent,-2.487130374543647,-2.413809869385476,2
Stochastic Gradient Descent,-1.2227575127427186,-1.6762084392785566,2
Stochastic Gradient Descent,-2.498525274280529,-1.9991279525324628,2
Stochastic Gradient Descent,-2.5342163548062593,-2.1283738633435245,2
Stochastic Gradient Descent,-3.6472310978345055,-2.845530157602679,2
Stochastic Gradient Descent,-3.9730828630218453,-4.22596423220943,2
Stochastic Gradient Descent,-2.457678098889193,-2.0355831507654782,2
Stochastic Gradient Descent,-3.9730828630218453,-3.6480662521820357,2
Stochastic Gradient Descent,-1.547722797531173,-1.9867856388391623,2
Stochastic Gradient Descent,-3.6472310978345055,-3.2069021091589947,2
Stochastic Gradient Descent,-1.7568408124580226,-2.0991187186224143,2
Stochastic Gradient Descent,-1.1630496225248408,-1.56295780007989,2
Stochastic Gradient Descent,-3.5222913974306227,-3.1726083592606815,2
Stochastic Gradient Descent,-2.2317936703338876,-2.0422039449409732,2
Stochastic Gradient Descent,-1.1808764741089726,-1.4349670620274564,2
Stochastic Gradient Descent,-1.9381605982067327,-2.218344870706607,2
Stochastic Gradient Descent,-2.236090057320799,-2.5459047433557114,2
Stochastic Gradient Descent,-2.2826863141215226,-2.1220769045964394,2
Stochastic Gradient Descent,-3.159004262647741,-2.5994670697813427,2
Stochastic Gradient Descent,-3.40015839520823,-2.4795967575460565,2
Stochastic Gradient Descent,-3.246574755779347,-2.8404883716142226,2
Stochastic Gradient Descent,-3.4715139529702097,-2.2117530480281578,2
Stochastic Gradient Descent,-2.0559062448512155,-3.3487782565233606,2
Stochastic Gradient Descent,-1.7478447295977892,-2.225942852534939,2
Stochastic Gradient Descent,-1.4886987965534475,-1.5217374608380778,2
Stochastic Gradient Descent,-1.5518607813097591,-1.4815935330700374,2
Stochastic Gradient Descent,-3.690448608815449,-3.653879541306582,2
Stochastic Gradient Descent,-1.6379527351562522,-1.9925989279637086,2
Stochastic Gradient Descent,-2.2625101343415968,-1.9426482978886548,2
Stochastic Gradient Descent,-3.3960495196322524,-3.2127153982835406,2
Stochastic Gradient Descent,-1.6668842660690988,-2.4610109629840253,2
Stochastic Gradient Descent,-1.7883466398341077,-2.0555862443968063,2
Stochastic Gradient Descent,-1.7565625592771141,-1.351380852699945,2
Stochastic Gradient Descent,-1.7983538696326367,-1.832397196119597,2
Stochastic Gradient Descent,-2.9187956800017982,-2.287182556222219,2
Stochastic Gradient Descent,-1.7015723913432346,-1.3112369249319045,2
Stochastic Gradient Descent,-1.3982848993986936,-2.0826796516293142,2
Stochastic Gradient Descent,-2.728175115284189,-1.9839315096279442,2
Stochastic Gradient Descent,-4.026482380351305,-3.25399861002283,2
Stochastic Gradient Descent,-1.012145447578458,-1.7312479742918734,2
Stochastic Gradient Descent,-1.556016572040716,-2.5022941747233154,2
Stochastic Gradient Descent,-1.272659841843383,-1.8763782296720861,2
Stochastic Gradient Descent,-1.0474177734305667,-1.8967454797443057,2
Stochastic Gradient Descent,-3.7834435403498214,-2.9753347651856914,2
Stochastic Gradient Descent,-3.739785461604827,-3.708899842568258,2
Stochastic Gradient Descent,-3.5459650539173615,-2.93170275675086,2
Stochastic Gradient Descent,-1.8555915719713854,-1.0703682111672639,2
Stochastic Gradient Descent,-1.3434220574020639,-1.5540823764001155,2
Stochastic Gradient Descent,-1.2303723324828062,-1.574449626472335,2
Stochastic Gradient Descent,-1.9458635904251336,-1.551384554586916,2
Stochastic Gradient Descent,-1.4441845681180592,-1.2890136204303835,2
Stochastic Gradient Descent,-2.635540187918821,-2.037603236493859,2
Stochastic Gradient Descent,-2.176441984856953,-1.9388550944924892,2
Stochastic Gradient Descent,-1.8011659603551675,-1.818111890622201,2
Stochastic Gradient Descent,-1.0209515518818744,-1.1140676345019305,2
Stochastic Gradient Descent,-2.5142250705986213,-1.9224977387578877,2
Stochastic Gradient Descent,-1.7892523214132656,-1.5662330585668989,2
Stochastic Gradient Descent,-2.4368442826786825,-2.3422906253106395,2
Stochastic Gradient Descent,-1.015474675864504,-1.6017034752993176,2
Stochastic Gradient Descent,-1.4257747559860434,-1.6878376724822841,2
Stochastic Gradient Descent,-2.809138225804324,-2.112043767785249,2
Stochastic Gradient Descent,-1.1441412885613946,-1.473450604847328,2
Stochastic Gradient Descent,-1.0937551186817627,-1.5070077788339784,2
Stochastic Gradient Descent,-0.7705521408719755,-0.7694063487270578,2
Stochastic Gradient Descent,-0.6538319472043919,-1.0923258619809646,2
Stochastic Gradient Descent,-4.219679806977318,-3.8715149271766647,2
Stochastic Gradient Descent,-2.8108233787082515,-2.167793350340438,2
Stochastic Gradient Descent,-2.1225210730141013,-2.67813364282637,2
Stochastic Gradient Descent,-2.7906820711849507,-2.678646348854108,2
Stochastic Gradient Descent,-2.2151887800651093,-2.2732216302668884,2
Stochastic Gradient Descent,-1.167232267440179,-1.7714604355244492,2
Stochastic Gradient Descent,-2.4951902617888977,-2.5419939299281515,2
Stochastic Gradient Descent,-3.6688623296866587,-3.2599173213570927,2
Stochastic Gradient Descent,-1.297434930657182,-1.43287652567181,2
Stochastic Gradient Descent,-1.2394237537905008,-1.9369579409768813,2
Stochastic Gradient Descent,-1.4486812373435975,-2.1276569273612043,2
Stochastic Gradient Descent,-1.4386260150993235,-2.0077866151259176,2
Stochastic Gradient Descent,-1.3168403571338247,-1.6515219349349293,2
Stochastic Gradient Descent,-2.8947429719805546,-2.42757950167867,2
Stochastic Gradient Descent,-1.4001202888111866,-1.394097387348649,2
Stochastic Gradient Descent,-1.302742708063045,-1.3889931091119465,2
Stochastic Gradient Descent,-2.1481523894209715,-2.565416345742165,2
Stochastic Gradient Descent,-1.1301967317733737,-0.470561785356721,2
Stochastic Gradient Descent,-1.409977601837042,-1.218538876907051,2
Stochastic Gradient Descent,-1.8019484611556353,-1.6398835036808441,2
Stochastic Gradient Descent,-1.3284164293502903,-1.14116823269125,2
Stochastic Gradient Descent,-2.1834863402339466,-2.5965750075275706,2
Stochastic Gradient Descent,-3.312493333735544,-3.0203175782875937,2
Stochastic Gradient Descent,-1.543738042979891,-1.677648237464401,2
Stochastic Gradient Descent,-1.396090167895999,-2.0338447293011566,2
Stochastic Gradient Descent,-1.3448674070651871,-1.5577097368748811,2
Stochastic Gradient Descent,-1.394827676426251,-2.2115872052225938,2
Stochastic Gradient Descent,-2.2176402640700728,-2.2018111483087277,2
Stochastic Gradient Descent,-1.7550940407409845,-2.287945345491694,2
Stochastic Gradient Descent,-2.258173837778395,-2.356585191585333,2
Stochastic Gradient Descent,-2.540720473654946,-2.0735582778567383,2
Stochastic Gradient Descent,-1.4467153895386817,-2.1071154518433883,2
Stochastic Gradient Descent,-3.744840908818875,-3.1857047372847744,2
Stochastic Gradient Descent,-1.7709615792854492,-1.562890108770276,2
Stochastic Gradient Descent,-4.034834060338741,-4.200074409086538,2
Stochastic Gradient Descent,-3.233202110369878,-2.5824870294332767,2
Stochastic Gradient Descent,-2.2405786779424,-2.6511268755269146,2
Stochastic Gradient Descent,-2.2313771400186773,-2.601781112176761,2
Stochastic Gradient Descent,-2.033677685255944,-1.897575720479899,2
Stochastic Gradient Descent,-1.6524312761675333,-1.986975218931957,2
Stochastic Gradient Descent,-2.3582852103076553,-2.7703530276111077,2
Stochastic Gradient Descent,-3.7268829315132583,-3.7900689278488997,2
Stochastic Gradient Descent,-2.5041654897477077,-2.89227869648676,2
Stochastic Gradient Descent,-1.7613667161535187,-1.9029231377485698,2
Stochastic Gradient Descent,-2.3460680222446215,-1.8541256258222538,2
Stochastic Gradient Descent,-1.6345122959030371,-1.8041749957472,2
Stochastic Gradient Descent,-2.579721210352638,-2.322024954814833,2
Stochastic Gradient Descent,-2.26736728311359,-3.0399483462437726,2
Stochastic Gradient Descent,-1.6404184550270633,-1.6499939830911707,2
Stochastic Gradient Descent,-1.2662407394987067,-1.1727636227904497,2
Stochastic Gradient Descent,-3.0455186942585932,-3.105400757927491,2
Stochastic Gradient Descent,-4.056947918112584,-3.949239485302668,2
Stochastic Gradient Descent,-2.4520022992105748,-2.2879588719597934,2
Stochastic Gradient Descent,-2.1956618739690814,-2.1172650380144518,2
Stochastic Gradient Descent,-4.059833781301273,-3.473781592381313,2
Stochastic Gradient Descent,-1.0942289641451028,-1.4132207818941815,2
Stochastic Gradient Descent,-1.6895586727819518,-1.6065968689279897,2
Stochastic Gradient Descent,-2.9620793251113042,-2.403224675801079,2
Stochastic Gradient Descent,-1.6159918285387698,-1.0821169777225488,2
Stochastic Gradient Descent,-1.8161267212970162,-1.954894284853757,2
Stochastic Gradient Descent,-1.6189896501583372,-1.0419730499545081,2
Stochastic Gradient Descent,-3.0397590359811644,-2.974610185091549,2
Stochastic Gradient Descent,-2.809660176396059,-2.3424017012258447,2
Stochastic Gradient Descent,-1.5097699255058308,-2.3429144072535837,2
Stochastic Gradient Descent,-0.9737395646276028,-1.233284296969503,2
Stochastic Gradient Descent,-0.7797693247910334,-0.999764282167654,2
Stochastic Gradient Descent,-2.190142441306164,-2.056104344410562,2
Stochastic Gradient Descent,-3.3010769020010144,-3.276220814730394,2
Stochastic Gradient Descent,-2.4881639462888585,-1.8854105104652195,2
Stochastic Gradient Descent,-2.0703010191144675,-2.1190916608436603,2
Stochastic Gradient Descent,-1.3627172000570675,-1.5042857675988563,2
Stochastic Gradient Descent,-2.464359595395084,-2.4095892451536582,2
Stochastic Gradient Descent,0.016216578776438208,0.03718997102701965,2
Stochastic Gradient Descent,-0.9486409221793155,-1.1341289873664964,2
Stochastic Gradient Descent,0.11059120541434526,-0.3824245520669812,2
Stochastic Gradient Descent,-0.004427072779599359,0.223124142912028,2
Stochastic Gradient Descent,-0.8579133376664105,-0.8554651425293581,2
Stochastic Gradient Descent,-0.002962342870760633,0.6378060597650415,2
Stochastic Gradient Descent,-3.1657421077804533,-2.769801470062775,2
Stochastic Gradient Descent,-2.1512701073865577,-2.0523907846615734,2
Stochastic Gradient Descent,-1.5923333763280876,-1.4264748396103444,2
Stochastic Gradient Descent,-0.8847086972378616,-0.7092406595756441,2
Stochastic Gradient Descent,-1.5941100276318725,-1.0321601728295506,2
Stochastic Gradient Descent,-2.327144451312569,-1.878562377899767,2
Stochastic Gradient Descent,-1.492201494031574,-1.3798471069101734,2
Stochastic Gradient Descent,-2.0424559224697187,-2.145479258878051,2
Stochastic Gradient Descent,-2.2038635814094025,-2.781675648003204,2
Stochastic Gradient Descent,-3.4519129118061063,-3.287608745609957,2
Stochastic Gradient Descent,-1.6115607525200502,-1.9415842933443264,2
Stochastic Gradient Descent,-3.2294115893983317,-3.0432386506711313,2
Stochastic Gradient Descent,-1.2328253445920763,-1.5499674483767314,2
Stochastic Gradient Descent,-1.6695950343945678,-1.9750250266731553,2
Stochastic Gradient Descent,-1.7300615156440644,-1.8976543824573544,2
Stochastic Gradient Descent,-1.7472661616036533,-1.420424022156633,2
Stochastic Gradient Descent,-2.088287115891733,-3.353061157293675,2
Stochastic Gradient Descent,-1.4753372030036505,-2.5077502304147035,2
Stochastic Gradient Descent,-1.1998361610596366,-1.116939926149528,2
Stochastic Gradient Descent,-1.3041517533417322,-1.3506210765279687,2
Stochastic Gradient Descent,-1.3198484161479276,-1.1301298500639585,2
Stochastic Gradient Descent,-1.793068638288037,-1.5189385624419387,2
Stochastic Gradient Descent,-1.7854705731329945,-1.519192991962315,2
Stochastic Gradient Descent,-1.629049819754814,-2.5389088922001077,2
Stochastic Gradient Descent,-1.1431217053996168,-2.9626514629601313,2
Stochastic Gradient Descent,-1.4583509625515516,-1.9927807573415348,2
Stochastic Gradient Descent,-2.14182332020342,-2.533007604846601,2
Stochastic Gradient Descent,-0.7476890179412806,-1.010256969115644,2
Stochastic Gradient Descent,-2.451728539243243,-2.4987138549482872,2
Stochastic Gradient Descent,-0.5052921847488494,-1.1553872244958567,2
Stochastic Gradient Descent,-0.8609839615611586,-0.4381530444611559,2
Stochastic Gradient Descent,-1.9406256000139548,-1.3664534609523995,2
Stochastic Gradient Descent,-0.9568598388437015,-0.761072557715063,2
Stochastic Gradient Descent,-1.0181181552809078,-0.8903184685261245,2
Stochastic Gradient Descent,-1.1291381497161614,-1.5441959368738365,2
Stochastic Gradient Descent,-1.1400317683551704,-0.6315291314949643,2
Stochastic Gradient Descent,-2.6212424559235727,-2.564166266632005,2
Stochastic Gradient Descent,-3.2172494016790187,-3.0904936390827302,2
Stochastic Gradient Descent,-0.428471724353625,-1.126578860328731,2
Stochastic Gradient Descent,-3.1791288900792822,-1.8971123547324342,2
Stochastic Gradient Descent,-1.7998312883961207,-1.258519191794513,2
Stochastic Gradient Descent,-1.7283368624549476,-1.8976250607601728,2
Stochastic Gradient Descent,-1.0748372190236377,-0.7879949504760924,2
Stochastic Gradient Descent,-0.5935262904426333,-1.2717091157089435,2
Stochastic Gradient Descent,-0.9800565288767592,-1.3629050399302,2
Stochastic Gradient Descent,-0.6158874808696795,-1.0066403597392115,2
Stochastic Gradient Descent,-1.6643405451853508,-1.7071822530598801,2
Stochastic Gradient Descent,-1.63438498383371,-1.4241553393312856,2
Stochastic Gradient Descent,-1.7462641625323523,-1.171021334517356,2
Stochastic Gradient Descent,-1.5167709261725162,-0.9536310980128647,2
Stochastic Gradient Descent,-1.0884067327209506,-1.457712513317936,2
Stochastic Gradient Descent,-2.390077592912712,-2.536301798759322,2
Stochastic Gradient Descent,-1.4154063781902113,-0.9134871702448241,2
Stochastic Gradient Descent,-2.064990291304019,-2.315065919103522,3
Stochastic Gradient Descent,-2.0772161211350064,-2.1496174314378393,3
Stochastic Gradient Descent,-1.7636611133035243,-2.404811277112167,3
Stochastic Gradient Descent,-2.3146334389286793,-2.5410503672149725,3
Stochastic Gradient Descent,-1.9138112509675613,-2.071719085303002,3
Stochastic Gradient Descent,-3.431262194557772,-3.525423628902978,3
Stochastic Gradient Descent,-2.218903098366632,-2.236236631430683,3
Stochastic Gradient Descent,-1.169002914533462,-1.5485264910304337,3
Stochastic Gradient Descent,-3.5076503600642033,-3.293922252652954,3
Stochastic Gradient Descent,-3.3692782873859213,-3.466207008882725,3
Stochastic Gradient Descent,-1.4118568185099727,-1.2420891692577307,3
Stochastic Gradient Descent,-1.2059345608151744,-1.8030553360473973,3
Stochastic Gradient Descent,-0.32212322804184973,-1.2279726594056863,3
Stochastic Gradient Descent,-0.9452141888163385,-0.9350874131851017,3
Stochastic Gradient Descent,-1.374139089297611,-1.073514523576247,3
Stochastic Gradient Descent,-1.7566657394319904,-2.131200144798518,3
Stochastic Gradient Descent,-2.8184713897478226,-2.688539252323131,3
Stochastic Gradient Descent,-1.0225392132375182,-1.182015671472235,3
Stochastic Gradient Descent,-1.5041031112940382,-1.679531830764302,3
Stochastic Gradient Descent,-1.5041031112940382,-1.8601185185994342,3
Stochastic Gradient Descent,-2.2025638997362065,-3.073390599240544,3
Stochastic Gradient Descent,-3.2834449518405893,-3.633036784241689,3
Stochastic Gradient Descent,-2.6092962251353855,-2.2054226763782485,3
Stochastic Gradient Descent,-1.1061070209631036,-1.6561396463691447,3
Stochastic Gradient Descent,-2.772379350111858,-2.5347165959516404,3
Stochastic Gradient Descent,-3.2036005297986074,-3.4015354079916644,3
Stochastic Gradient Descent,-2.9142603715445343,-2.6240293626828604,3
Stochastic Gradient Descent,-1.7661589553081318,-1.6516637244386732,3
Stochastic Gradient Descent,0.1297019665778856,-0.35638839177038184,3
Stochastic Gradient Descent,0.20995355888867073,-0.03554479456774738,3
Stochastic Gradient Descent,-0.4049916766527308,0.43482876245390123,3
Stochastic Gradient Descent,-3.0110100837480736,-0.44374818712859454,3
Stochastic Gradient Descent,-0.28184511787174465,-0.4477056789579813,3
Stochastic Gradient Descent,-0.3417701012907816,-0.16733606611724486,3
Stochastic Gradient Descent,-3.6800158253354924,-3.688848008260247,3
Stochastic Gradient Descent,-2.7785748071197123,-1.911036944964646,3
Stochastic Gradient Descent,-3.2691119889214533,-2.7029546638863966,3
Stochastic Gradient Descent,-2.541474704475919,-2.3024698807417794,3
Stochastic Gradient Descent,-2.1460708341762897,-1.8331385988298088,3
Stochastic Gradient Descent,-1.1731208384522849,-1.7803195615788898,3
Stochastic Gradient Descent,-1.9615865844075526,-2.1885229541397373,3
Stochastic Gradient Descent,-2.1223515198479075,-2.591945287974294,3
Stochastic Gradient Descent,-3.4785088685395653,-2.7923651063016166,3
Stochastic Gradient Descent,-2.2415951055389973,-3.9807307506231,3
Stochastic Gradient Descent,-2.5090165872531767,-2.198836932205377,3
Stochastic Gradient Descent,-2.97249382976246,-2.417430858003094,3
Stochastic Gradient Descent,-2.7237372356215404,-2.7127624763740372,3
Stochastic Gradient Descent,-1.9112124620769755,-2.3646118207521747,3
Stochastic Gradient Descent,-2.991150818979587,-2.7767727051424087,3
Stochastic Gradient Descent,-3.1413617595139014,-2.570094065850753,3
Stochastic Gradient Descent,-3.310333372786738,-3.1762375471475783,3
Stochastic Gradient Descent,-3.4317548486561424,-3.8119187815828166,3
Stochastic Gradient Descent,-2.778538031513268,-2.0662436452229525,3
Stochastic Gradient Descent,-1.4326336990343642,-1.9346562307249486,3
Stochastic Gradient Descent,-2.492075482831661,-2.1606406788363994,3
Stochastic Gradient Descent,-1.1386989940333996,-1.6384903596735099,3
Stochastic Gradient Descent,-1.115836390766966,-1.473207324270178,3
Stochastic Gradient Descent,-3.434121498561107,-3.1635065114886967,3
Stochastic Gradient Descent,-1.6435374468814823,-2.4942649774675214,3
Stochastic Gradient Descent,-1.6217142305536996,-1.7330610939399753,3
Stochastic Gradient Descent,-1.7028254486283225,-1.955590974178618,3
Stochastic Gradient Descent,-1.1251042517136252,-1.4459799301532639,3
Stochastic Gradient Descent,-1.392520817816124,-2.044903740909838,3
Stochastic Gradient Descent,-1.4197155850010228,-1.3821045462144386,3
Stochastic Gradient Descent,-3.7342838339347466,-4.222671717738534,3
Stochastic Gradient Descent,-3.52120992195253,-2.6103091421086164,3
Stochastic Gradient Descent,-3.6203410251864447,-3.930262200928102,3
Stochastic Gradient Descent,-3.3114386993585976,-2.499816783379382,3
Stochastic Gradient Descent,-3.1782271514224525,-2.7223466636180236,3
Stochastic Gradient Descent,-2.270552443792131,-2.519625516155755,3
Stochastic Gradient Descent,-1.5554661639976504,-2.148860235653845,3
Stochastic Gradient Descent,-2.663203768289533,-2.47544111454215,3
Stochastic Gradient Descent,-1.622950411914381,-1.9387172412947273,3
Stochastic Gradient Descent,-1.3160847906164357,-1.8736496094372772,3
Stochastic Gradient Descent,-1.7113615374852664,-1.7701425956132433,3
Stochastic Gradient Descent,-3.216247878762871,-2.8278282168355133,3
Stochastic Gradient Descent,-1.5862250860093259,-1.68459728378414,3
Stochastic Gradient Descent,-1.6698969598127007,-2.2309088593618425,3
Stochastic Gradient Descent,-2.7592630971786845,-2.581259933663175,3
Stochastic Gradient Descent,-2.470173263354167,-2.7174990237659804,3
Stochastic Gradient Descent,-3.688222835963096,-3.7018722854539865,3
Stochastic Gradient Descent,-3.285204336328503,-2.7307885576233355,3
Stochastic Gradient Descent,-2.0061846218108834,-2.0939410531385843,3
Stochastic Gradient Descent,-2.4308272469150642,-2.692864863895158,3
Stochastic Gradient Descent,-3.09259777670544,-2.2161987981705553,3
Stochastic Gradient Descent,-2.1081088952398566,-2.0507503105048723,3
Stochastic Gradient Descent,-2.848471723996311,-2.1950561607595596,3
Stochastic Gradient Descent,-2.7669040895368373,-2.4421832462820054,3
Stochastic Gradient Descent,-1.9555954093204297,-2.8669103229688666,3
Stochastic Gradient Descent,-1.7310907007998717,-1.9728519643700344,3
Stochastic Gradient Descent,-2.3566470252815495,-2.4554727801393605,3
Stochastic Gradient Descent,-2.8667990786740405,-2.1373695104977166,3
Stochastic Gradient Descent,-1.262358754468822,-1.4496593700974671,3
Stochastic Gradient Descent,-2.550141932709222,-2.125515172217694,3
Stochastic Gradient Descent,-1.6253102968663857,-1.9693394476707733,3
Stochastic Gradient Descent,-2.9211605333956863,-2.464221264428838,3
Stochastic Gradient Descent,-1.3149788474841408,-1.3758112735745338,3
Stochastic Gradient Descent,-2.3552642027188186,-1.8624297593239652,3
Stochastic Gradient Descent,-3.3960495196322524,-3.0481097429722266,3
Stochastic Gradient Descent,-1.9070646816834933,-1.9133808813293711,3
Stochastic Gradient Descent,-1.3580712288885752,-1.0712126050996824,3
Stochastic Gradient Descent,-1.512256636766295,-1.4401785106568241,3
Stochastic Gradient Descent,-2.1620771953880977,-1.7470684072199094,3
Stochastic Gradient Descent,-1.3752808174958797,-1.5464301057908556,3
Stochastic Gradient Descent,-3.9030899869919438,-3.5776215399047198,3
Stochastic Gradient Descent,-2.0731453982830836,-2.167870690512151,3
Stochastic Gradient Descent,-2.5430732387631334,-1.9817494836263156,3
Stochastic Gradient Descent,-1.1134303475678107,-1.800919914973635,3
Stochastic Gradient Descent,-1.945720453842236,-2.293592130596178,3
Stochastic Gradient Descent,-1.6384460109776287,-2.6077016976995147,3
Stochastic Gradient Descent,-1.3450596755542978,-2.046364646794885,3
Stochastic Gradient Descent,-2.1142795046940637,-2.140761680408332,3
Stochastic Gradient Descent,-1.2834663142150111,-1.6714303984963612,3
Stochastic Gradient Descent,-1.8887177216857802,-1.9667620168673048,3
Stochastic Gradient Descent,-1.5213971031085405,-1.1482378042237933,3
Stochastic Gradient Descent,-1.2662523005170878,-2.030772245635676,3
Stochastic Gradient Descent,-1.8441291379223155,-2.2159320901676063,3
Stochastic Gradient Descent,-1.9429726110972225,-2.4302370876408457,3
Stochastic Gradient Descent,-3.172776808882327,-2.63357265276023,3
Stochastic Gradient Descent,-2.7555635433899788,-2.2330878696156122,3
Stochastic Gradient Descent,-1.4782087030212006,-1.545162661905925,3
Stochastic Gradient Descent,-3.289282825523282,-3.2174611313036188,3
Stochastic Gradient Descent,-1.790442094293253,-1.9282741338313232,3
Stochastic Gradient Descent,-2.7671936491741276,-2.5225632768481274,3
Stochastic Gradient Descent,-1.4115626764192806,-1.5456545150493912,3
Stochastic Gradient Descent,-3.2877805976748804,-3.1582445112833657,3
Stochastic Gradient Descent,-3.7469892929465796,-3.746972928236112,3
Stochastic Gradient Descent,-1.9011407722544549,-1.577482113509996,3
Stochastic Gradient Descent,-1.4285635434183963,-1.4978794835824163,3
Stochastic Gradient Descent,-1.86662075613132,-2.2317902950766944,3
Stochastic Gradient Descent,-2.9206284299141125,-2.486984140751022,3
Stochastic Gradient Descent,-1.6958725916338202,-2.1538919489418564,3
Stochastic Gradient Descent,-2.5312982881059978,-2.472867630898978,3
Stochastic Gradient Descent,-2.034185120528877,-2.3184094950695378,3
Stochastic Gradient Descent,-1.9945993491296803,-2.5132337960811713,3
Stochastic Gradient Descent,-2.4706410072083687,-1.8042363811168247,3
Stochastic Gradient Descent,-2.177111289133642,-2.1956693168939583,3
Stochastic Gradient Descent,-2.0893959764848726,-2.0453137169391087,3
Stochastic Gradient Descent,-1.4436245197644126,-2.021669653352931,3
Stochastic Gradient Descent,-1.8793987946410835,-1.8591925100532734,3
Stochastic Gradient Descent,-3.6688623296866587,-2.9485412023319397,3
Stochastic Gradient Descent,-1.0193030390019762,-1.1857393277075707,3
Stochastic Gradient Descent,-2.174390400742264,-2.275088019986237,3
Stochastic Gradient Descent,-1.0144370432648293,-1.5973865443075297,3
Stochastic Gradient Descent,-2.0129990008635867,-1.4975819746774328,3
Stochastic Gradient Descent,-1.8035282856682657,-1.6781686625125651,3
Stochastic Gradient Descent,-1.4399552960568784,-1.6726223527357236,3
Stochastic Gradient Descent,-1.9341938240909706,-1.5071738650700406,3
Stochastic Gradient Descent,-2.119103556806872,-2.2990915839917916,3
Stochastic Gradient Descent,-1.0639605458204757,-0.9060829246626354,3
Stochastic Gradient Descent,-2.7874427365568386,-2.651478686285155,3
Stochastic Gradient Descent,-1.1984184440476704,-1.2750488302197776,3
Stochastic Gradient Descent,-2.0995080091454192,-1.5819387267828622,3
Stochastic Gradient Descent,-1.2530119718858257,-1.2111734462809522,3
Stochastic Gradient Descent,-3.4366316559477377,-2.8237634425149265,3
Stochastic Gradient Descent,-1.525605260081181,-2.214996909286729,3
Stochastic Gradient Descent,-2.653759917660552,-1.9179610071230433,3
Stochastic Gradient Descent,-3.6308973708676717,-3.2937672045881827,3
Stochastic Gradient Descent,-1.9715416460145745,-2.195447016298134,3
Stochastic Gradient Descent,-1.5811083204741387,-1.6858359722727803,3
Stochastic Gradient Descent,-1.4790145740873064,-1.9927258688358647,3
Stochastic Gradient Descent,-3.3980116731740355,-2.38456435265945,3
Stochastic Gradient Descent,-2.8217593886833527,-2.284759783029354,3
Stochastic Gradient Descent,-4.034798298974088,-3.8232790015206763,3
Stochastic Gradient Descent,-3.233202110369878,-2.6840790713880702,3
Stochastic Gradient Descent,-2.8398575372186334,-2.552491656890067,3
Stochastic Gradient Descent,-2.5444075781780136,-3.8724447157095536,3
Stochastic Gradient Descent,-3.6924119784161333,-3.7628493666895233,3
Stochastic Gradient Descent,-2.019028072917717,-2.441999298160833,3
Stochastic Gradient Descent,-2.1032881447661516,-2.2611697295081523,3
Stochastic Gradient Descent,-2.8201877676993385,-2.8536465147607912,3
Stochastic Gradient Descent,-3.4116117497612004,-3.4137047721713776,3
Stochastic Gradient Descent,-1.5226715493865826,-1.7801995591304645,3
Stochastic Gradient Descent,-1.3308187576670196,-1.5579953627409397,3
Stochastic Gradient Descent,-1.95795837174818,-1.8769710446980612,3
Stochastic Gradient Descent,-2.0645418092014314,-1.8533269811118838,3
Stochastic Gradient Descent,-1.5372075124674875,-1.5100202691595455,3
Stochastic Gradient Descent,-1.8762488134939106,-2.1024970544121846,3
Stochastic Gradient Descent,-2.2270013364351495,-2.002692484782088,3
Stochastic Gradient Descent,-4.059833781301273,-3.595134511803816,3
Stochastic Gradient Descent,-1.9644153443855357,-2.514455434953135,3
Stochastic Gradient Descent,-1.4333467694862632,-2.1963521653114912,3
Stochastic Gradient Descent,-2.695416849848479,-2.164689094255096,3
Stochastic Gradient Descent,-3.393048191942752,-2.5763363108550545,3
Stochastic Gradient Descent,-2.432175336754664,-2.476531741224958,3
Stochastic Gradient Descent,-3.6546223480637448,-3.421558313924588,3
Stochastic Gradient Descent,-3.31795786632659,-3.1291487971141576,3
Stochastic Gradient Descent,-1.717711472714874,-1.8338734644458656,3
Stochastic Gradient Descent,-1.8196475705694013,-1.8611805228650942,3
Stochastic Gradient Descent,-1.1149880354485275,-1.042656310221583,3
Stochastic Gradient Descent,-0.7856945313640958,-1.644821138792729,3
Stochastic Gradient Descent,-1.2862388841839494,-1.6261175951076299,3
Stochastic Gradient Descent,-2.5255934458757454,-2.2737294637746928,3
Stochastic Gradient Descent,-1.2025079170212445,-1.7370055905272703,3
Stochastic Gradient Descent,-3.064232839852069,-2.967213291338112,3
Stochastic Gradient Descent,-1.4655690967005093,-1.8732446806300753,3
Stochastic Gradient Descent,-1.2165796349138172,-1.1853194729203884,3
Stochastic Gradient Descent,-1.5350740375460707,-1.67193795866982,3
Stochastic Gradient Descent,-1.6362623936895822,-1.7228890806752262,3
Stochastic Gradient Descent,-1.9643120034496402,-1.5684309448457863,3
Stochastic Gradient Descent,-1.951987303305516,-1.5367678737893908,3
Stochastic Gradient Descent,-1.3132997440363454,-1.2496867100026792,3
Stochastic Gradient Descent,-2.2355646390433175,-1.3559383051367104,3
Stochastic Gradient Descent,-1.428472864706594,-1.4985904760295565,3
Stochastic Gradient Descent,-3.360662949678316,-3.17088894542725,3
Stochastic Gradient Descent,-2.035715142789073,-2.0361600837843947,3
Stochastic Gradient Descent,-1.1090605687339063,-1.664365364576354,3
Stochastic Gradient Descent,-1.391500388590343,-1.850038876898559,3
Stochastic Gradient Descent,-1.1895507451644802,-1.6692093082458783,3
Stochastic Gradient Descent,0.25792460161657743,0.06289355795848149,3
Stochastic Gradient Descent,-0.40966424145785746,-0.026851800050163438,3
Stochastic Gradient Descent,0.26528954569788904,-0.16309089015296865,3
Stochastic Gradient Descent,0.10764671163334447,0.5248343175567183,3
Stochastic Gradient Descent,0.13858982128300762,0.30624039175900186,3
Stochastic Gradient Descent,-0.8579133376664105,-1.147464151840975,3
Stochastic Gradient Descent,0.23583851209189552,0.17338591668771597,3
Stochastic Gradient Descent,0.23141740977050707,0.3542154853403965,3
Stochastic Gradient Descent,0.2733961152011059,0.22726815746042325,3
Stochastic Gradient Descent,-1.7405367157549274,-1.7529129320784007,3
Stochastic Gradient Descent,-3.6464665167152384,-3.2336880932103154,3
Stochastic Gradient Descent,-3.3347136412278577,-2.9412785763998843,3
Stochastic Gradient Descent,-1.4739374796247893,-1.159384757982161,3
Stochastic Gradient Descent,-0.9771273167949791,-1.3779786837798775,3
Stochastic Gradient Descent,-1.1505417041520314,-1.3251596465289583,3
Stochastic Gradient Descent,-2.297622719595401,-1.5306418916275366,3
Stochastic Gradient Descent,-1.6163219968838958,-1.9224803754511222,3
Stochastic Gradient Descent,-3.915670428497184,-3.514803900078585,3
Stochastic Gradient Descent,-3.525699217034543,-3.2223943832681545,3
Stochastic Gradient Descent,-2.405003945642156,-2.128425772560118,3
Stochastic Gradient Descent,-1.9190397324043553,-1.440500564850431,3
Stochastic Gradient Descent,-1.1078591195735359,-1.6062754533972285,3
Stochastic Gradient Descent,-1.1009937914140275,-1.1359018963755798,3
Stochastic Gradient Descent,-1.947863458882499,-2.2843783005244283,3
Stochastic Gradient Descent,-1.1286832686838821,-1.1388127209507204,3
Stochastic Gradient Descent,-1.5290505627346085,-1.0072253064527175,3
Stochastic Gradient Descent,-1.2812660713628026,-1.0969706644613622,3
Stochastic Gradient Descent,-1.5674558687076858,-1.2332097545641676,3
Stochastic Gradient Descent,-1.5240818424273839,-1.1192628279621253,3
Stochastic Gradient Descent,-1.6322137070153477,-1.986081640002149,3
Stochastic Gradient Descent,-0.8769725367904692,-0.5457763999979461,3
Stochastic Gradient Descent,-1.8070894000718147,-1.4328694018941077,3
Stochastic Gradient Descent,-3.151893437607053,-2.913644563026022,3
Stochastic Gradient Descent,-0.952771189748095,-1.3012819873961046,3
Stochastic Gradient Descent,-0.9422704336465716,-1.1358334997304214,3
Stochastic Gradient Descent,-1.5398588190217488,-1.3910273454047497,3
Stochastic Gradient Descent,-0.7266296487986936,-1.0579351535955843,3
Stochastic Gradient Descent,-2.2646029664100515,-1.8167418427400692,3
Stochastic Gradient Descent,-1.483088664742514,-1.167125415023372,3
Stochastic Gradient Descent,-2.723197328038221,-1.9590431339451222,3
Stochastic Gradient Descent,-2.0560190796534115,-1.3845586872594782,3
Stochastic Gradient Descent,-1.2028902052841348,-1.8480337580330195,3
Stochastic Gradient Descent,-3.20055468102406,-3.0724434094210045,3
Stochastic Gradient Descent,-2.428366273865067,-1.7145108787648147,3
Stochastic Gradient Descent,-1.9652557068613081,-2.1769180866737727,3
Stochastic Gradient Descent,-1.137767503887176,-1.6624863769271125,3
Stochastic Gradient Descent,-1.3089106800327817,-1.1528753329017587,3
Stochastic Gradient Descent,-1.0940337585544895,-1.666443868756499,3
Stochastic Gradient Descent,-1.5672159407631352,-1.7517991436583324,3
Stochastic Gradient Descent,-3.3694633107167937,-2.7015899451969076,3
Stochastic Gradient Descent,-3.431262194557772,-3.870448278248991,4
Stochastic Gradient Descent,-3.7465335671940925,-3.5025549762772767,4
Stochastic Gradient Descent,-3.1408689109724577,-2.8046698217428374,4
Stochastic Gradient Descent,-1.6844526576962697,-1.6840843745396186,4
Stochastic Gradient Descent,-1.7253486984128064,-2.0230816128212488,4
Stochastic Gradient Descent,-1.3240188516817268,-1.681681398170671,4
Stochastic Gradient Descent,-3.6845481800874196,-4.00007310015761,4
Stochastic Gradient Descent,-0.737425984358659,-1.1599332938981797,4
Stochastic Gradient Descent,-1.0745636623476162,-0.9220609577401553,4
Stochastic Gradient Descent,-1.5083613986405884,-1.0154624483812693,4
Stochastic Gradient Descent,-1.4103143043656896,-1.2748713802259939,4
Stochastic Gradient Descent,-1.414958380703708,-1.0651908484057013,4
Stochastic Gradient Descent,-1.6390957814475864,-0.5487268891491542,4
Stochastic Gradient Descent,-1.103883331173482,-0.5411929528711723,4
Stochastic Gradient Descent,-2.885418369996712,-2.8086419435600334,4
Stochastic Gradient Descent,-1.4985127097581414,-1.4771272810039282,4
Stochastic Gradient Descent,-2.3529321054630254,-1.957835934560239,4
Stochastic Gradient Descent,-1.3355656611938254,-1.1857847303685507,4
Stochastic Gradient Descent,-1.4201920378605053,-1.7035649931818801,4
Stochastic Gradient Descent,-0.9582190949069228,-0.8348475109880718,4
Stochastic Gradient Descent,-2.808030042713029,-2.097000668428778,4
Stochastic Gradient Descent,-2.4318269168378195,-2.0342744925129965,4
Stochastic Gradient Descent,-1.8194641482091292,-1.6777957029882606,4
Stochastic Gradient Descent,-2.151509814945314,-1.8923931419501374,4
Stochastic Gradient Descent,-2.461494632742434,-1.9965880560489606,4
Stochastic Gradient Descent,-2.272602230242758,-1.5600049970028997,4
Stochastic Gradient Descent,-1.4349038067728495,-1.509062285704822,4
Stochastic Gradient Descent,-0.19201915469350456,-0.2999703053995867,4
Stochastic Gradient Descent,-0.6704627883686575,-0.37317044395277466,4
Stochastic Gradient Descent,-0.5732799306060785,-0.49665306132852993,4
Stochastic Gradient Descent,-0.5196118275771817,-0.29871285864195496,4
Stochastic Gradient Descent,-0.7545795752718538,-0.06450558617461591,4
Stochastic Gradient Descent,-0.7019607372542168,-0.09536277892094638,4
Stochastic Gradient Descent,-0.9300930772084189,-1.3925103982060094,4
Stochastic Gradient Descent,-0.012750569114115418,-0.5807494048694393,4
Stochastic Gradient Descent,-2.9107287853445634,-1.754931486104648,4
Stochastic Gradient Descent,-2.931358924489361,-1.7430053824841052,4
Stochastic Gradient Descent,-3.2691119889214533,-3.132068244423651,4
Stochastic Gradient Descent,-1.5397653155309607,-1.8364068731252197,4
Stochastic Gradient Descent,-2.8170555006405635,-2.095815804969944,4
Stochastic Gradient Descent,-2.0174042079019414,-1.3696713138931043,4
Stochastic Gradient Descent,-2.2432421390383843,-2.1799121485108532,4
Stochastic Gradient Descent,-2.7515330963273232,-1.8888653415005228,4
Stochastic Gradient Descent,-3.810574259769909,-3.629586368303983,4
Stochastic Gradient Descent,-3.447382880362,-3.182899412657078,4
Stochastic Gradient Descent,-2.6991941581253336,-2.4568822253579,4
Stochastic Gradient Descent,-3.447382880362,-3.6440647199453573,4
Stochastic Gradient Descent,-2.9119908501955227,-2.5066106253823324,4
Stochastic Gradient Descent,-3.2474583508182433,-3.6121484940801043,4
Stochastic Gradient Descent,-3.366814432940472,-2.5093406937332032,4
Stochastic Gradient Descent,-3.9019276346378216,-4.250061720536665,4
Stochastic Gradient Descent,-2.6788398129059168,-2.9107567688891858,4
Stochastic Gradient Descent,-2.325708590111872,-1.7206972993151612,4
Stochastic Gradient Descent,-1.800655814770182,-1.8768249658720568,4
Stochastic Gradient Descent,-3.130720745231321,-3.109760161254707,4
Stochastic Gradient Descent,-1.9785756664607834,-1.8140987899562753,4
Stochastic Gradient Descent,-0.9910136950037374,-1.4576200004315396,4
Stochastic Gradient Descent,-1.8336101498155517,-1.9500251044252443,4
Stochastic Gradient Descent,-1.8319016673890882,-1.6413602466470856,4
Stochastic Gradient Descent,-2.861353792341514,-2.9693650586784788,4
Stochastic Gradient Descent,-2.617794503701521,-1.7470493254838868,4
Stochastic Gradient Descent,-2.6852623228853463,-2.17132860506984,4
Stochastic Gradient Descent,-2.586212054867284,-2.0601192253624543,4
Stochastic Gradient Descent,-1.3870823799964922,-1.5935109699080015,4
Stochastic Gradient Descent,-1.183812038624167,-1.1598270506355812,4
Stochastic Gradient Descent,-1.4100025284401918,-1.6776073134489111,4
Stochastic Gradient Descent,-2.6799272800459657,-1.6913318531768418,4
Stochastic Gradient Descent,-2.3918623308235594,-2.495903456621732,4
Stochastic Gradient Descent,-1.794765718416369,-2.0606218980328816,4
Stochastic Gradient Descent,-2.2669235674490644,-2.628735978009905,4
Stochastic Gradient Descent,-2.9303729669440868,-2.5542783926990853,4
Stochastic Gradient Descent,-2.8871236492020507,-2.320071120231746,4
Stochastic Gradient Descent,-3.5222913974306227,-3.6480759322631395,4
Stochastic Gradient Descent,-3.4401053391639986,-2.5452681319162385,4
Stochastic Gradient Descent,-3.1353471437504044,-2.946684207072221,4
Stochastic Gradient Descent,-1.6536721058017216,-1.5331997931107246,4
Stochastic Gradient Descent,-1.9704478542261563,-1.6880700129099884,4
Stochastic Gradient Descent,-1.7751555586449395,-1.5595518192794502,4
Stochastic Gradient Descent,-2.5339607001524365,-1.9088779463492973,4
Stochastic Gradient Descent,-2.1210586466718686,-2.341065711857351,4
Stochastic Gradient Descent,-1.987977989665314,-2.4769920263263208,4
Stochastic Gradient Descent,-3.159004262647741,-2.166790724429656,4
Stochastic Gradient Descent,-1.2376574055894478,-1.5608691198553133,4
Stochastic Gradient Descent,-1.5371060964041248,-1.8158535050491769,4
Stochastic Gradient Descent,-4.441291429466834,-4.134245207036116,4
Stochastic Gradient Descent,-2.287736284945912,-2.7949402553886364,4
Stochastic Gradient Descent,-4.043611115346274,-3.7198151945372677,4
Stochastic Gradient Descent,-3.7551664480113374,-3.3519218925655543,4
Stochastic Gradient Descent,-2.4911353637922846,-2.0562605212671228,4
Stochastic Gradient Descent,-1.7176063992666837,-1.8835219779579335,4
Stochastic Gradient Descent,-2.362468744313884,-1.872448529109526,4
Stochastic Gradient Descent,-3.231239100298885,-3.358797541761143,4
Stochastic Gradient Descent,-1.6846961468463335,-1.6670912111048901,4
Stochastic Gradient Descent,-2.020315121682196,-1.5742916106977656,4
Stochastic Gradient Descent,-2.8606575042266775,-1.6815171336530725,4
Stochastic Gradient Descent,-2.772360579555891,-2.202441141656746,4
Stochastic Gradient Descent,-3.48241354468584,-2.3858295165536405,4
Stochastic Gradient Descent,-3.3980931244651527,-1.7768798924621452,4
Stochastic Gradient Descent,-2.258862588858495,-1.6598123292544635,4
Stochastic Gradient Descent,-2.728175115284189,-1.3033335397297277,4
Stochastic Gradient Descent,-3.7834435403498214,-2.8469948238419196,4
Stochastic Gradient Descent,-1.1893279510795818,-0.8796157372524249,4
Stochastic Gradient Descent,-1.3819820537899474,-1.5927628647820746,4
Stochastic Gradient Descent,-1.2174698965346429,-1.6221258927904274,4
Stochastic Gradient Descent,-1.006612713059657,-1.4760003370968666,4
Stochastic Gradient Descent,-1.3173301868582306,-1.4304615561680398,4
Stochastic Gradient Descent,-2.5037832349706837,-1.5865892227249352,4
Stochastic Gradient Descent,-1.385136327132139,-1.0916752813010997,4
Stochastic Gradient Descent,-2.4117878095891196,-2.121639263573146,4
Stochastic Gradient Descent,-3.466783553422354,-2.71104554139661,4
Stochastic Gradient Descent,-2.2151453721747094,-1.6597893612781234,4
Stochastic Gradient Descent,-1.2175444827866113,-1.7832719786538784,4
Stochastic Gradient Descent,-1.069394064585742,-1.057127487577039,4
Stochastic Gradient Descent,-1.3195712003583318,-1.4861766103451177,4
Stochastic Gradient Descent,-1.42943857964666,-1.5763215151844567,4
Stochastic Gradient Descent,-1.0807113206322263,-1.3400510546515572,4
Stochastic Gradient Descent,-1.9718622007532294,-1.8291240576747596,4
Stochastic Gradient Descent,-1.9930514957526793,-1.7326287739528488,4
Stochastic Gradient Descent,-3.4629936067206395,-3.1216916358923945,4
Stochastic Gradient Descent,-1.840084037547579,-1.9619565790629323,4
Stochastic Gradient Descent,-1.98115226552214,-1.6532917212847733,4
Stochastic Gradient Descent,-2.049666891178964,-1.684148914031104,4
Stochastic Gradient Descent,-1.3267843126055872,-1.3592947053618476,4
Stochastic Gradient Descent,-2.1469087646472067,-1.788343828129927,4
Stochastic Gradient Descent,-2.648503823177817,-1.8784887329692659,4
Stochastic Gradient Descent,-2.0630158256502544,-1.6422182724363659,4
Stochastic Gradient Descent,-1.7625310634593319,-1.2019292018848504,4
Stochastic Gradient Descent,-1.9745795534681516,-1.9248525961032315,4
Stochastic Gradient Descent,-0.9637364568210032,-1.3159029720117357,4
Stochastic Gradient Descent,-2.9171991963522217,-2.3860179033915103,4
Stochastic Gradient Descent,-2.1469087646472067,-1.4582443406487784,4
Stochastic Gradient Descent,-2.00821940080217,-1.2485638088284856,4
Stochastic Gradient Descent,-2.001001072492525,-1.2512938771793567,4
Stochastic Gradient Descent,-1.5708763680120374,-1.015023416646457,4
Stochastic Gradient Descent,-1.982318834323383,-1.652709952335339,4
Stochastic Gradient Descent,-2.244039132061237,-2.2146602514413574,4
Stochastic Gradient Descent,-2.1782870563447125,-1.9767879152833328,4
Stochastic Gradient Descent,-3.9600428565808334,-3.3658507772228785,4
Stochastic Gradient Descent,-1.386590637896301,-1.6380016404163924,4
Stochastic Gradient Descent,-2.7597061620105943,-1.5473801754852199,4
Stochastic Gradient Descent,-3.437187483030755,-3.2254556746466503,4
Stochastic Gradient Descent,-1.7139014654061842,-1.88637741376685,4
Stochastic Gradient Descent,-3.644312909802797,-3.8633689011032115,4
Stochastic Gradient Descent,-1.6292558354409146,-1.9153767653173208,4
Stochastic Gradient Descent,-1.2158410977813483,-1.677504429159296,4
Stochastic Gradient Descent,-3.7938003909509543,-3.0665672910988424,4
Stochastic Gradient Descent,-1.2503305415619155,-1.7332194833363743,4
Stochastic Gradient Descent,-2.2675571837562845,-1.8233643881757133,4
Stochastic Gradient Descent,-4.0490653862997,-3.564085414979174,4
Stochastic Gradient Descent,-1.2189474946453842,-1.1249747586592274,4
Stochastic Gradient Descent,-1.1598011320770079,-0.6300608172353916,4
Stochastic Gradient Descent,-1.9811271489159006,-1.6600247995074382,4
Stochastic Gradient Descent,-1.2297848289673887,-0.7057697932187099,4
Stochastic Gradient Descent,-1.270721247267063,-1.111976982767878,4
Stochastic Gradient Descent,-1.8626742516440307,-0.9951991182710574,4
Stochastic Gradient Descent,-0.7242679085347501,-0.5370363759352713,4
Stochastic Gradient Descent,-1.2640972244503184,-1.7212923455756008,4
Stochastic Gradient Descent,-3.6419813498697473,-3.2403761733288348,4
Stochastic Gradient Descent,-2.3465562136207656,-1.483420009417576,4
Stochastic Gradient Descent,-3.542851120580754,-2.8724828713571218,4
Stochastic Gradient Descent,-1.0624918421054752,-1.2203427105339544,4
Stochastic Gradient Descent,-3.2740051086991615,-2.764003994646146,4
Stochastic Gradient Descent,-2.0598606483703086,-1.7127478145276596,4
Stochastic Gradient Descent,-2.090032121190501,-1.6382902292168395,4
Stochastic Gradient Descent,-1.5609490414532068,-1.4349401494958312,4
Stochastic Gradient Descent,-3.744840908818875,-3.370000995237454,4
Stochastic Gradient Descent,-2.6904826786431757,-2.7931858252480075,4
Stochastic Gradient Descent,-2.5884932589587586,-2.129894813864611,4
Stochastic Gradient Descent,-3.3707035768809224,-3.362830009247261,4
Stochastic Gradient Descent,-1.7701752248722789,-1.634980872440775,4
Stochastic Gradient Descent,-2.17663866294089,-2.6649448547128216,4
Stochastic Gradient Descent,-2.436631774638256,-1.7106898484240938,4
Stochastic Gradient Descent,-1.7448404020099417,-1.89443009463964,4
Stochastic Gradient Descent,-2.3758693662733776,-2.4243984530623943,4
Stochastic Gradient Descent,-2.626594359719023,-2.3730502992889027,4
Stochastic Gradient Descent,-1.945164608357066,-1.878136357865068,4
Stochastic Gradient Descent,-2.300301079838426,-2.9081003401371137,4
Stochastic Gradient Descent,-2.483384252706259,-2.310324123373122,4
Stochastic Gradient Descent,-2.9710072633433735,-2.136049135945426,4
Stochastic Gradient Descent,-2.1317533670782356,-3.4655903920953253,4
Stochastic Gradient Descent,-2.1622159208236154,-2.1265121312155246,4
Stochastic Gradient Descent,-3.8817848914990014,-4.103503618551887,4
Stochastic Gradient Descent,-2.7386203038591304,-2.3765788895259075,4
Stochastic Gradient Descent,-1.593236649552128,-1.2183739367186752,4
Stochastic Gradient Descent,-1.4643518021071489,-1.6505617022267296,4
Stochastic Gradient Descent,-1.8668031693530753,-1.4762867147990342,4
Stochastic Gradient Descent,-1.1848306140119889,-1.5086803516638705,4
Stochastic Gradient Descent,-1.928979817650206,-1.7002901022511614,4
Stochastic Gradient Descent,-1.7246442506203672,-1.1838261429946149,4
Stochastic Gradient Descent,-1.5951494590693263,-1.5835122377543416,4
Stochastic Gradient Descent,-2.1633711620778806,-2.1044362457580146,4
Stochastic Gradient Descent,-1.6819366650372385,-1.8215009425103714,4
Stochastic Gradient Descent,-2.5783960731301687,-2.5126786499154776,4
Stochastic Gradient Descent,-2.084073842416984,-2.050828747620455,4
Stochastic Gradient Descent,-1.5895913565043294,-1.448166873919371,4
Stochastic Gradient Descent,-1.586700235918748,-1.7310904409938888,4
Stochastic Gradient Descent,-3.5527489155241385,-3.217439453645506,4
Stochastic Gradient Descent,-4.059833781301273,-3.7080819283302495,4
Stochastic Gradient Descent,-3.276542686022807,-2.3687769766827707,4
Stochastic Gradient Descent,-1.2054304558342028,-1.7603572074755511,4
Stochastic Gradient Descent,-2.22015815118179,-1.5344109749380697,4
Stochastic Gradient Descent,-1.6663570851479517,-1.5224848713175267,4
Stochastic Gradient Descent,-3.184747097908846,-2.8030688565460977,4
Stochastic Gradient Descent,-1.9603652993893874,-1.7518126764276103,4
Stochastic Gradient Descent,-1.5363868405196788,-1.8752952938033653,4
Stochastic Gradient Descent,-0.6894774956008592,-1.4416113745309451,4
Stochastic Gradient Descent,-0.9751054096242024,-1.6656147619830728,4
Stochastic Gradient Descent,-1.47951268111869,-1.1491508027265256,4
Stochastic Gradient Descent,-1.5281785967617054,-1.5781999254946049,4
Stochastic Gradient Descent,-3.7727484977747765,-3.409065857137405,4
Stochastic Gradient Descent,-2.0008832971741093,-1.8153410533669645,4
Stochastic Gradient Descent,-1.405215799824956,-0.9466235711731559,4
Stochastic Gradient Descent,-3.6368695830464484,-3.265015273160094,4
Stochastic Gradient Descent,-1.9362137770978871,-1.9257103215126155,4
Stochastic Gradient Descent,-2.4796814387852613,-1.8702532614159955,4
Stochastic Gradient Descent,-1.8884660362981867,-1.644307028878514,4
Stochastic Gradient Descent,-2.152965298392503,-1.98519134774381,4
Stochastic Gradient Descent,-1.0460152967125962,-0.9455858238970466,4
Stochastic Gradient Descent,-1.9499388302923257,-1.6587329514266962,4
Stochastic Gradient Descent,-1.7772835288524167,-1.541970423741488,4
Stochastic Gradient Descent,-1.4541338573389984,-1.2005702090909105,4
Stochastic Gradient Descent,0.3580642293861346,0.2765670418350622,4
Stochastic Gradient Descent,-0.3118025518663407,0.3467102993882474,4
Stochastic Gradient Descent,-0.9893876757536758,-1.0228761855781616,4
Stochastic Gradient Descent,-1.5200924815934278,-1.4690080527939722,4
Stochastic Gradient Descent,-2.7286993920768685,-2.0636904764771677,4
Stochastic Gradient Descent,-1.7181996551162337,-1.6018405741821449,4
Stochastic Gradient Descent,-1.1820723340995358,-0.940702052905001,4
Stochastic Gradient Descent,-1.816712585545078,-1.9197888032444608,4
Stochastic Gradient Descent,-2.5395917281791975,-1.8872717591819603,4
Stochastic Gradient Descent,-2.789746241172472,-2.340577130429042,4
Stochastic Gradient Descent,-2.5479760718766045,-1.8787272281340188,4
Stochastic Gradient Descent,-1.7236216619186897,-1.7925293136894818,4
Stochastic Gradient Descent,-1.42625067509891,-0.906965360613006,4
Stochastic Gradient Descent,-1.5323301209746991,-1.5981430680181126,4
Stochastic Gradient Descent,-1.3469740509457453,-0.6438880617293843,4
Stochastic Gradient Descent,-1.28375174993668,-0.47755762081489317,4
Stochastic Gradient Descent,-0.9134224928394735,-0.22017025925208197,4
Stochastic Gradient Descent,-1.540907293954747,-0.533631292022005,4
Stochastic Gradient Descent,-1.3198484161479276,-0.9626804147900843,4
Stochastic Gradient Descent,-0.9468333037780922,-0.5260973557440233,4
Stochastic Gradient Descent,-1.4094344835568617,-0.8165548590965235,4
Stochastic Gradient Descent,-1.5966625231096632,-0.8186188390570384,4
Stochastic Gradient Descent,-1.8036577587890321,-1.047946644167122,4
Stochastic Gradient Descent,-0.9172146296835499,-1.3658948732294378,4
Stochastic Gradient Descent,-0.9679951762893184,-1.3022582943841885,4
Stochastic Gradient Descent,-2.761915740881935,-1.2748550120749595,4
Stochastic Gradient Descent,-0.8317581654646831,-0.8013086593425416,4
Stochastic Gradient Descent,-0.6591799251191045,-0.3775908568652395,4
Stochastic Gradient Descent,-0.37949908787793823,-1.1201010124032418,4
Stochastic Gradient Descent,-2.385444450882969,-1.501292724252912,4
Stochastic Gradient Descent,-0.9402445883836209,-1.4058878773556995,4
Stochastic Gradient Descent,-3.7648251925435416,-2.9249717051089337,4
Stochastic Gradient Descent,-1.530055677420101,-1.1799416448182178,4
Stochastic Gradient Descent,-3.4495551653497865,-2.5570784031372207,4
Stochastic Gradient Descent,-1.7793995024399858,-1.3973433463077585,4
Stochastic Gradient Descent,-1.475460019768368,-1.3228857609969389,4
Stochastic Gradient Descent,-1.0775646199327256,-0.4812204398367508,4
Stochastic Gradient Descent,-3.8301933583825565,-3.054596527017553,4
Stochastic Gradient Descent,-2.3969317709673565,-2.274251398072739,5
Stochastic Gradient Descent,-1.8035334240706482,-1.7322824149956395,5
Stochastic Gradient Descent,-2.642729293000293,-2.2647135362137965,5
Stochastic Gradient Descent,-2.403452823620798,-2.1542555035053477,5
Stochastic Gradient Descent,-2.423624898245491,-1.7546554043249651,5
Stochastic Gradient Descent,-1.9492654506102318,-2.237416556084466,5
Stochastic Gradient Descent,-2.858166273095228,-2.7350276140958147,5
Stochastic Gradient Descent,-3.120277513484956,-2.5014873016027224,5
Stochastic Gradient Descent,-1.5424726897801078,-0.9283181104863676,5
Stochastic Gradient Descent,-1.520097156387571,-0.6461716876279195,5
Stochastic Gradient Descent,-1.3629507222657735,-0.4993061003513386,5
Stochastic Gradient Descent,-0.9407520429016281,-0.9631193831548138,5
Stochastic Gradient Descent,-1.820599175381769,-1.4369636355258895,5
Stochastic Gradient Descent,-1.5498899805881399,-1.6216807078386046,5
Stochastic Gradient Descent,-1.1938637358837367,-1.257740446842328,5
Stochastic Gradient Descent,-2.123767317417046,-1.574280375347247,5
Stochastic Gradient Descent,-1.0056334760903496,-1.1629261833030966,5
Stochastic Gradient Descent,-1.778416668028348,-1.4726452153725544,5
Stochastic Gradient Descent,-1.221874373746708,-1.4834040533190485,5
Stochastic Gradient Descent,-1.4187942485435616,-1.3729460206105994,5
Stochastic Gradient Descent,-2.341290856803062,-2.3160838734214053,5
Stochastic Gradient Descent,-0.9172087828988489,-0.973345921430217,5
Stochastic Gradient Descent,-1.8229892712376083,-1.4798738788299908,5
Stochastic Gradient Descent,-1.8730671060734179,-1.9537181312010667,5
Stochastic Gradient Descent,-2.808030042713029,-2.462985955936254,5
Stochastic Gradient Descent,-3.1597853454922076,-2.335097996962575,5
Stochastic Gradient Descent,-2.6396789104480054,-1.7754719711029519,5
Stochastic Gradient Descent,-2.5901613502180045,-2.2819999285027257,5
Stochastic Gradient Descent,0.14443509497441417,-0.38686701145182933,5
Stochastic Gradient Descent,-0.6389033445220246,-0.4347363204682757,5
Stochastic Gradient Descent,0.05304456027413388,-1.1557047924903616,5
Stochastic Gradient Descent,-0.3696586894071177,0.10723266260882405,5
Stochastic Gradient Descent,-0.14570591755806434,0.08485967327949848,5
Stochastic Gradient Descent,-0.6945493884044287,-0.39790147848000235,5
Stochastic Gradient Descent,-0.08363954432116573,-0.10898099094924718,5
Stochastic Gradient Descent,-0.3135898872515433,-0.6088976446768867,5
Stochastic Gradient Descent,-1.1235679872330004,-0.8955125364913511,5
Stochastic Gradient Descent,-0.27744790362250854,-0.6619722239982587,5
Stochastic Gradient Descent,-2.004293876429448,-2.2295182744759776,5
Stochastic Gradient Descent,-1.8033790498935367,-2.1821179419846195,5
Stochastic Gradient Descent,-1.9101052340727014,-2.080482782009927,5
Stochastic Gradient Descent,-2.3140538776829995,-2.0912416199564205,5
Stochastic Gradient Descent,-1.7426626842914594,-1.8665891359002242,5
Stochastic Gradient Descent,-3.0166281405425486,-2.923921440058777,5
Stochastic Gradient Descent,-2.209721593275448,-1.8820474106166332,5
Stochastic Gradient Descent,-1.4735211762278637,-1.5163240865212122,5
Stochastic Gradient Descent,-2.8170555006405635,-2.3280153853453465,5
Stochastic Gradient Descent,-3.579179826019102,-4.419427772409466,5
Stochastic Gradient Descent,-3.349843097267282,-2.8290066110262067,5
Stochastic Gradient Descent,-2.0468682910310587,-2.64167445170699,5
Stochastic Gradient Descent,-3.1381335734004905,-2.876875920042653,5
Stochastic Gradient Descent,-2.5493325073158326,-3.044793911128181,5
Stochastic Gradient Descent,-3.20721692140729,-2.7608736064882757,5
Stochastic Gradient Descent,-1.1468871297310963,-2.0937149007359697,5
Stochastic Gradient Descent,-3.3458359767686834,-3.4897715965433918,5
Stochastic Gradient Descent,-1.415304935020491,-1.4052507610994793,5
Stochastic Gradient Descent,-2.845233778250056,-1.987249776288428,5
Stochastic Gradient Descent,-3.0605406542001403,-3.125138167768711,5
Stochastic Gradient Descent,-3.434121498561107,-3.1756975322402354,5
Stochastic Gradient Descent,-1.5372443207314632,-1.633145679873423,5
Stochastic Gradient Descent,-2.635616939296958,-1.7144841400426793,5
Stochastic Gradient Descent,-1.4616237416558537,-1.0911766967963232,5
Stochastic Gradient Descent,-2.3478691638008677,-1.6141715342478036,5
Stochastic Gradient Descent,-1.777268237794943,-1.156264360721948,5
Stochastic Gradient Descent,-1.1286208649028604,-1.414413608674693,5
Stochastic Gradient Descent,-3.302921552819786,-2.811064103465555,5
Stochastic Gradient Descent,-3.7342838339347466,-3.2810337391405144,5
Stochastic Gradient Descent,-2.01828162271433,-1.8603815834034059,5
Stochastic Gradient Descent,-2.691578169406441,-2.854673017269155,5
Stochastic Gradient Descent,-2.7186459189940226,-2.7069600789829216,5
Stochastic Gradient Descent,-2.3083760229550343,-2.3959184927336468,5
Stochastic Gradient Descent,-3.302921552819786,-2.76596425672039,5
Stochastic Gradient Descent,-3.221262124613128,-2.712866188260541,5
Stochastic Gradient Descent,-3.2590502255091702,-2.8366925635637075,5
Stochastic Gradient Descent,-2.810836301965318,-2.507202153409811,5
Stochastic Gradient Descent,-3.384203503318252,-3.9038526482006732,5
Stochastic Gradient Descent,-1.4113517913995703,-1.7098756998323275,5
Stochastic Gradient Descent,-1.5623567401916558,-1.215776025771674,5
Stochastic Gradient Descent,-3.2590502255091702,-2.193787659473013,5
Stochastic Gradient Descent,-3.135663383730844,-1.7977750409606226,5
Stochastic Gradient Descent,-2.2875737313332407,-1.523554662933635,5
Stochastic Gradient Descent,-1.0232314473246815,-0.9745839895420906,5
Stochastic Gradient Descent,-1.41390601215094,-1.431989679329745,5
Stochastic Gradient Descent,-2.4934863088506534,-2.218521224871849,5
Stochastic Gradient Descent,-3.0415646563875622,-2.68022393292015,5
Stochastic Gradient Descent,-3.7105715966505453,-4.094036992626349,5
Stochastic Gradient Descent,-2.182199963303041,-2.5036158312430894,5
Stochastic Gradient Descent,-3.688222835963096,-2.987527790883775,5
Stochastic Gradient Descent,-2.2175363341456173,-2.5419472784005928,5
Stochastic Gradient Descent,-1.5650446341096866,-2.0746038211080604,5
Stochastic Gradient Descent,-2.248890796910272,-2.431489245692144,5
Stochastic Gradient Descent,-2.9741896629359488,-2.225729810740507,5
Stochastic Gradient Descent,-2.0364325385907973,-2.6622434792147023,5
Stochastic Gradient Descent,-3.339134521996131,-2.332753069060806,5
Stochastic Gradient Descent,-3.688222835963096,-3.7294035638516676,5
Stochastic Gradient Descent,-2.999290941959355,-2.284019685790903,5
Stochastic Gradient Descent,-1.4855749296151965,-1.6607122425445473,5
Stochastic Gradient Descent,-1.2684519185896421,-1.6830852318738732,5
Stochastic Gradient Descent,-2.4462457037304657,-2.189613189273647,5
Stochastic Gradient Descent,-2.618445069067542,-2.3134395645768135,5
Stochastic Gradient Descent,-3.4398948173744337,-2.6634574416447228,5
Stochastic Gradient Descent,-2.8197963948012763,-2.4299171291516304,5
Stochastic Gradient Descent,-1.4722472768836088,-2.2862783956939503,5
Stochastic Gradient Descent,-1.7818010064165613,-1.7883446727335284,5
Stochastic Gradient Descent,-3.333901540815397,-2.941502362851836,5
Stochastic Gradient Descent,-1.936797812533807,-1.8463399665062146,5
Stochastic Gradient Descent,-1.8211763195496429,-2.517584085466117,5
Stochastic Gradient Descent,-2.000920332458684,-2.0720035729829354,5
Stochastic Gradient Descent,-3.2861198587119835,-2.1922997737970444,5
Stochastic Gradient Descent,-1.5213971031085405,-1.4970860395477268,5
Stochastic Gradient Descent,-1.9705460914481276,-1.4806521172012945,5
Stochastic Gradient Descent,-2.8343485837796827,-1.6968794399113378,5
Stochastic Gradient Descent,-1.6993207301372903,-1.1313981902428063,5
Stochastic Gradient Descent,-3.926105768520805,-3.3637416448040485,5
Stochastic Gradient Descent,-3.6572596108178765,-3.624436568486726,5
Stochastic Gradient Descent,-1.5625822596100025,-2.034015407103467,5
Stochastic Gradient Descent,-1.2185345221225936,-1.7518689842450188,5
Stochastic Gradient Descent,-3.0153277959856664,-2.121914748231762,5
Stochastic Gradient Descent,-3.1720823887102565,-2.905026674363327,5
Stochastic Gradient Descent,-2.099963060637607,-2.1926430550750795,5
Stochastic Gradient Descent,-1.064270917741021,-1.7325408944964047,5
Stochastic Gradient Descent,-0.6074545522659878,-1.3211867024522546,5
Stochastic Gradient Descent,-0.5687544073603336,-1.1743211151756738,5
Stochastic Gradient Descent,-0.664255515397868,-1.3254471048081204,5
Stochastic Gradient Descent,-2.536796608945731,-2.111978650350224,5
Stochastic Gradient Descent,-1.1521693207507044,-1.066747039032998,5
Stochastic Gradient Descent,-3.7986028756795487,-3.2990904935942402,5
Stochastic Gradient Descent,-3.352587686654944,-3.061864264311417,5
Stochastic Gradient Descent,-3.7692522846397316,-3.4168508979692263,5
Stochastic Gradient Descent,-1.3544637580442256,-1.557734772982648,5
Stochastic Gradient Descent,-2.5910208366914373,-2.22089989772194,5
Stochastic Gradient Descent,-2.612904311968554,-2.015140462770303,5
Stochastic Gradient Descent,-3.5378566631708024,-2.4516541312444984,5
Stochastic Gradient Descent,-2.806163575333855,-2.8016720083124067,5
Stochastic Gradient Descent,-3.392655441034186,-2.646077809897508,5
Stochastic Gradient Descent,-1.5110863339963716,-2.006447798044678,5
Stochastic Gradient Descent,-1.881362165893176,-1.9061351922498029,5
Stochastic Gradient Descent,-1.2327435377262763,-1.6909189919602832,5
Stochastic Gradient Descent,-1.366206440166372,-1.405513344127648,5
Stochastic Gradient Descent,-3.6688623296866587,-2.0358676768305886,5
Stochastic Gradient Descent,-1.8347593251696876,-1.340653942581271,5
Stochastic Gradient Descent,-2.2689882869552584,-2.912606943685188,5
Stochastic Gradient Descent,-1.4180277802789096,-1.3221857823019292,5
Stochastic Gradient Descent,-1.763658215013675,-2.0910235633404612,5
Stochastic Gradient Descent,-0.9642747859315978,-1.3510809456927562,5
Stochastic Gradient Descent,-1.5310782741493767,-1.4100851234302245,5
Stochastic Gradient Descent,-1.318606216338379,-1.360517229459433,5
Stochastic Gradient Descent,-0.9279654459479447,-0.8931737721669005,5
Stochastic Gradient Descent,-1.0225594503600544,-0.8504590975706016,5
Stochastic Gradient Descent,-0.975127284906683,-1.044299761799347,5
Stochastic Gradient Descent,-1.215596170273078,-1.9338163088351,5
Stochastic Gradient Descent,-2.329956957829961,-1.8059283498614207,5
Stochastic Gradient Descent,-1.1177693107076099,-1.2890169985980966,5
Stochastic Gradient Descent,-2.3087676366549488,-1.5317079718344329,5
Stochastic Gradient Descent,-2.0948568608862326,-1.993134221279555,5
Stochastic Gradient Descent,-2.568749167088006,-2.221204830920102,5
Stochastic Gradient Descent,-2.443810430479706,-1.7646202115740632,5
Stochastic Gradient Descent,-3.233202110369878,-2.4687374342555217,5
Stochastic Gradient Descent,-1.8175258287604161,-1.9436024794633713,5
Stochastic Gradient Descent,-3.3980116731740355,-2.3136482434501144,5
Stochastic Gradient Descent,-2.804329449939637,-2.0394278654231273,5
Stochastic Gradient Descent,-3.3466707249611667,-2.4883604072033454,5
Stochastic Gradient Descent,-3.290189204280069,-2.2605501749902657,5
Stochastic Gradient Descent,-3.290189204280069,-2.236783369349993,5
Stochastic Gradient Descent,-2.0864005407417032,-1.6891628160441148,5
Stochastic Gradient Descent,-1.7083201719567802,-1.7833861157449706,5
Stochastic Gradient Descent,-3.2402151004002007,-2.899416845551894,5
Stochastic Gradient Descent,-2.43241576499949,-1.9991734158469452,5
Stochastic Gradient Descent,-1.0471006958966393,-1.048094405454734,5
Stochastic Gradient Descent,-2.0118859545996086,-2.5208501511632595,5
Stochastic Gradient Descent,-2.7766733448672327,-2.344242049486199,5
Stochastic Gradient Descent,-3.3036200184447138,-3.1130798305247316,5
Stochastic Gradient Descent,-1.5279900670983446,-1.8501423754255457,5
Stochastic Gradient Descent,-1.5049121890283346,-1.9152300393511705,5
Stochastic Gradient Descent,-1.5145266747759671,-2.606853554367725,5
Stochastic Gradient Descent,-1.5650830494456354,-2.3552765165143725,5
Stochastic Gradient Descent,-1.6613977234664838,-2.852887574525721,5
Stochastic Gradient Descent,-2.0742842332450646,-1.8096866044569868,5
Stochastic Gradient Descent,-2.833475754814589,-1.896266135373259,5
Stochastic Gradient Descent,-0.9490993255496558,-1.1863791612106311,5
Stochastic Gradient Descent,-0.8521750241183932,-1.494157798372592,5
Stochastic Gradient Descent,-3.184747097908846,-2.5514901025311447,5
Stochastic Gradient Descent,-1.2067214626499687,-1.7152801079397308,5
Stochastic Gradient Descent,-2.8559441417598115,-1.8391064832428974,5
Stochastic Gradient Descent,-2.5945173784671853,-1.955584047817714,5
Stochastic Gradient Descent,-2.1639051839291805,-1.9102027949217442,5
Stochastic Gradient Descent,-3.312017362295172,-3.324015854627943,5
Stochastic Gradient Descent,-1.2183710988289476,-1.4514482703862361,5
Stochastic Gradient Descent,-1.740666799910411,-1.7719261404021878,5
Stochastic Gradient Descent,-1.6374387034297335,-1.547273656345991,5
Stochastic Gradient Descent,-3.0397590359811644,-2.6046059605045437,5
Stochastic Gradient Descent,-1.2800471306587051,-1.7683959659131299,5
Stochastic Gradient Descent,-1.4562179644760493,-1.744629160272857,5
Stochastic Gradient Descent,-2.314076075024747,-2.2422402182842056,5
Stochastic Gradient Descent,-2.3822676402388554,-1.5627319310624004,5
Stochastic Gradient Descent,-3.05329283374744,-2.9593824258532617,5
Stochastic Gradient Descent,-3.7618083196547483,-3.677187494412175,5
Stochastic Gradient Descent,-2.122395441870392,-2.134635642045362,5
Stochastic Gradient Descent,-1.514016684929528,-2.2159741022146178,5
Stochastic Gradient Descent,-2.006498035079166,-2.30255363313089,5
Stochastic Gradient Descent,-1.4262388316017447,-1.8046199101704676,5
Stochastic Gradient Descent,-2.2355646390433175,-1.900445296130223,5
Stochastic Gradient Descent,-1.8486158063184404,-2.0186333284909845,5
Stochastic Gradient Descent,-2.017352405817494,-2.245393981000529,5
Stochastic Gradient Descent,-3.3625502994733605,-3.312554065637494,5
Stochastic Gradient Descent,-0.202317609683526,0.0602494784687631,5
Stochastic Gradient Descent,-0.39778171004309776,0.06157203264858039,5
Stochastic Gradient Descent,0.2034251096067644,0.2754656787582829,5
Stochastic Gradient Descent,-0.5442825169537446,-0.18596057068683924,5
Stochastic Gradient Descent,-2.2749377863952085,-1.7423052367615557,5
Stochastic Gradient Descent,-1.7655110123526006,-2.4632737087836416,5
Stochastic Gradient Descent,-1.2407370006641907,-1.7233310911359365,5
Stochastic Gradient Descent,-1.5671957242975716,-1.6263029232071784,5
Stochastic Gradient Descent,-1.098047311203653,-1.6223093421941641,5
Stochastic Gradient Descent,-1.6314222073485498,-1.9570474326266352,5
Stochastic Gradient Descent,-2.703220329010491,-2.5654471950049698,5
Stochastic Gradient Descent,-3.915670428497184,-3.390193296028647,5
Stochastic Gradient Descent,-1.0801819981618899,-2.0313378221344154,5
Stochastic Gradient Descent,-1.621304790891127,-1.9310252163395396,5
Stochastic Gradient Descent,-2.6216055516158603,-1.990029394077008,5
Stochastic Gradient Descent,-1.7868132829404095,-1.7158090160500201,5
Stochastic Gradient Descent,-1.862548056774303,-1.833997048410782,5
Stochastic Gradient Descent,-1.1814755688597112,-1.9369313256171594,5
Stochastic Gradient Descent,-1.852111989478871,-2.060757700920326,5
Stochastic Gradient Descent,-2.103347370511212,-2.12416068617377,5
Stochastic Gradient Descent,-2.3872497229566574,-2.4107755779882343,5
Stochastic Gradient Descent,-3.8233531994782193,-3.597887421232251,5
Stochastic Gradient Descent,-1.10868225389701,-1.1713320767861992,5
Stochastic Gradient Descent,-1.573747505577719,-0.8645645620447623,5
Stochastic Gradient Descent,-1.6539166652584223,-2.4824886508017565,5
Stochastic Gradient Descent,-1.649488441015367,-1.4465635772337109,5
Stochastic Gradient Descent,-1.4597718515481843,-1.2865376505544701,5
Stochastic Gradient Descent,-1.3198484161479276,-1.3934655087738619,5
Stochastic Gradient Descent,-1.2491101104442828,-1.633769448651845,5
Stochastic Gradient Descent,-2.348164353297759,-1.6537401062994954,5
Stochastic Gradient Descent,-1.2755333695267534,-1.198723310049637,5
Stochastic Gradient Descent,-1.3551617678005954,-1.257727487787105,5
Stochastic Gradient Descent,-0.6082262842300837,-0.7408161365237812,5
Stochastic Gradient Descent,-1.3991403077454354,-1.1016951421208792,5
Stochastic Gradient Descent,-0.7463040504271798,-2.04083941391867,5
Stochastic Gradient Descent,-2.0401269907408133,-1.2046294193272562,5
Stochastic Gradient Descent,-1.8459806844208395,-1.1808626136869829,5
Stochastic Gradient Descent,-1.6181431713572578,-1.3918587798838673,5
Stochastic Gradient Descent,-1.042642722079717,-0.9989653844765264,5
Stochastic Gradient Descent,-3.4341521813264824,-2.8655855149423477,5
Stochastic Gradient Descent,-1.148825472087486,-1.3570344778335295,5
Stochastic Gradient Descent,-3.1791288900792822,-2.432989583513424,5
Stochastic Gradient Descent,-1.025762740954669,-1.5717766736986085,5
Stochastic Gradient Descent,-3.2503548803911073,-2.180176436076943,5
Stochastic Gradient Descent,-0.2468343715025799,-1.1383024066347993,5
Stochastic Gradient Descent,-1.048516497297764,-0.7725790825393785,5
Stochastic Gradient Descent,-2.192341601117107,-1.6491696257115973,5
Stochastic Gradient Descent,-2.114518460874232,-2.0038738161665806,5
Stochastic Gradient Descent,-1.3068936298450675,-1.60786119765419,5
Stochastic Gradient Descent,-1.4158076024067474,-1.4478352709749496,5
Stochastic Gradient Descent,-1.011455146773862,-1.530996323554068,5
Stochastic Gradient Descent,-1.3147618244158232,-2.028607381565417,5
Stochastic Gradient Descent,-1.2413209034031176,-1.3490990943436114,5
Stochastic Gradient Descent,-2.5315835424986517,-1.7950670690723243,5
