model,experiment,prediction,split #
Support Vector Regression,-2.881231480327938,-2.2389646519532134,1
Support Vector Regression,-2.642729293000293,-2.291061307962684,1
Support Vector Regression,-1.6844526576962697,-2.0038235531640116,1
Support Vector Regression,-2.2593946471787434,-1.924020950803497,1
Support Vector Regression,-3.366321517882654,-2.387311411044229,1
Support Vector Regression,-2.858166273095228,-2.2832395318256347,1
Support Vector Regression,-3.3692782873859213,-3.3613966185173867,1
Support Vector Regression,-3.120277513484956,-2.8934248932818507,1
Support Vector Regression,-1.4118568185099727,-1.3711964174443796,1
Support Vector Regression,-1.520097156387571,-1.3987604601829515,1
Support Vector Regression,-1.6443425309821194,-1.3517636307797614,1
Support Vector Regression,-1.6390957814475864,-1.057974442319638,1
Support Vector Regression,-1.2391607486734533,-1.2061074920698376,1
Support Vector Regression,-1.103883331173482,-1.1346567922477406,1
Support Vector Regression,-1.6021765542362365,-2.04027091519435,1
Support Vector Regression,-2.885418369996712,-2.5139703471186867,1
Support Vector Regression,-2.123767317417046,-1.6377666522377818,1
Support Vector Regression,-3.2180472636163895,-2.7917495398838854,1
Support Vector Regression,-1.4610955316441951,-1.672127790100522,1
Support Vector Regression,-1.0225392132375182,-0.9750811939390431,1
Support Vector Regression,-1.6571034663893656,-1.303767820666578,1
Support Vector Regression,-1.1131158581897997,-0.8286415439947585,1
Support Vector Regression,-2.341290856803062,-2.4295055734587407,1
Support Vector Regression,-1.1631032781134523,-1.1409639746510463,1
Support Vector Regression,-1.4201920378605053,-1.5853430543540163,1
Support Vector Regression,-1.8730671060734179,-2.0631454010051637,1
Support Vector Regression,-1.2696661993818519,-1.3066807657908974,1
Support Vector Regression,-3.057527624268253,-2.559463457459217,1
Support Vector Regression,-3.694349887124185,-3.6790080006946795,1
Support Vector Regression,-2.2025638997362065,-2.5685605750199483,1
Support Vector Regression,-2.4318269168378195,-2.368928912264582,1
Support Vector Regression,-2.6396789104480054,-2.0883162146301646,1
Support Vector Regression,-2.736709137429952,-2.3152131657073833,1
Support Vector Regression,-1.4349038067728495,-2.1024582936718033,1
Support Vector Regression,0.14443509497441417,-0.1206806083723766,1
Support Vector Regression,-1.7661589553081318,-1.650652634153837,1
Support Vector Regression,-3.0110100837480736,-0.7523770539813723,1
Support Vector Regression,-2.465962973225779,-2.8889745718431104,1
Support Vector Regression,-1.5397653155309607,-1.929932440234107,1
Support Vector Regression,-1.9101052340727014,-2.325877965105673,1
Support Vector Regression,-2.8170555006405635,-2.646640286157579,1
Support Vector Regression,-2.3140538776829995,-2.300212581429705,1
Support Vector Regression,-1.894217061776159,-2.0623991195933713,1
Support Vector Regression,-3.0166281405425486,-3.2240153413655026,1
Support Vector Regression,-2.209721593275448,-1.9297715922097165,1
Support Vector Regression,-3.579179826019102,-3.6035197185405696,1
Support Vector Regression,-3.3308765956121587,-3.144293290644332,1
Support Vector Regression,-3.310333372786738,-2.6753056101322623,1
Support Vector Regression,-3.9019276346378216,-3.725704512414567,1
Support Vector Regression,-2.6788398129059168,-2.6036609031825404,1
Support Vector Regression,-2.778538031513268,-2.31941979001521,1
Support Vector Regression,-2.861353792341514,-3.069493280457512,1
Support Vector Regression,-1.8336101498155517,-2.1029005038910613,1
Support Vector Regression,-2.845233778250056,-2.3327914053088215,1
Support Vector Regression,-1.4093732376842594,-1.4289933822323664,1
Support Vector Regression,-1.4370923600242806,-1.4010808038684315,1
Support Vector Regression,-3.434121498561107,-2.66313528860939,1
Support Vector Regression,-1.4616237416558537,-0.9949066223569589,1
Support Vector Regression,-2.3478691638008677,-1.8245934969596354,1
Support Vector Regression,-1.4729877775908402,-1.7454038655426185,1
Support Vector Regression,-1.1251042517136252,-1.638034576858289,1
Support Vector Regression,-1.392520817816124,-1.8895983744274965,1
Support Vector Regression,-1.4197155850010228,-1.5270414703691182,1
Support Vector Regression,-3.302921552819786,-2.8432595962741205,1
Support Vector Regression,-2.01828162271433,-2.0371747010512204,1
Support Vector Regression,-3.7342838339347466,-3.817933676488482,1
Support Vector Regression,-2.3083760229550343,-2.6277362021679407,1
Support Vector Regression,-2.4555313487080666,-2.0989286987025437,1
Support Vector Regression,-2.498525274280529,-2.354214654503572,1
Support Vector Regression,-2.270552443792131,-2.668974066034292,1
Support Vector Regression,-2.5342163548062593,-2.2653801083112572,1
Support Vector Regression,-3.2590502255091702,-2.8051370774219087,1
Support Vector Regression,-3.4401053391639986,-3.092460971954683,1
Support Vector Regression,-3.6472310978345055,-3.224028631217036,1
Support Vector Regression,-1.5623567401916558,-1.5737844907982943,1
Support Vector Regression,-1.1630496225248408,-1.1743465374380149,1
Support Vector Regression,-3.135663383730844,-2.137580516539295,1
Support Vector Regression,-1.0232314473246815,-1.0982689715326506,1
Support Vector Regression,-1.1808764741089726,-1.4496704586445759,1
Support Vector Regression,-1.7751555586449395,-2.044248019178755,1
Support Vector Regression,-1.706119540338668,-1.851523121420602,1
Support Vector Regression,-1.1883246153441216,-1.224278396701549,1
Support Vector Regression,-3.4161712191583424,-3.1172059479715135,1
Support Vector Regression,-2.2826863141215226,-1.6269650274781307,1
Support Vector Regression,-3.20266873961377,-3.075827239729851,1
Support Vector Regression,-2.0364325385907973,-2.282753394609911,1
Support Vector Regression,-2.287736284945912,-2.3337305294479718,1
Support Vector Regression,-3.1495014132834878,-3.038254429783224,1
Support Vector Regression,-1.262358754468822,-1.7089949238176263,1
Support Vector Regression,-2.848471723996311,-2.9119053501003918,1
Support Vector Regression,-2.550141932709222,-2.6007674451756,1
Support Vector Regression,-2.618445069067542,-2.345691215890624,1
Support Vector Regression,-3.231239100298885,-3.4814693134162953,1
Support Vector Regression,-3.8287505085021976,-3.741628502981831,1
Support Vector Regression,-3.690448608815449,-3.5008679723313083,1
Support Vector Regression,-1.6379527351562522,-1.8320191858990396,1
Support Vector Regression,-2.2625101343415968,-2.1426196507073194,1
Support Vector Regression,-1.7818010064165613,-1.735680970848587,1
Support Vector Regression,-1.9070646816834933,-1.9697274837702583,1
Support Vector Regression,-1.7883466398341077,-1.9745907240572669,1
Support Vector Regression,-3.333901540815397,-3.0134318651273038,1
Support Vector Regression,-2.8606575042266775,-2.3014541515374187,1
Support Vector Regression,-1.3752808174958797,-1.6254389296999554,1
Support Vector Regression,-2.3662117992181373,-2.1759078001467427,1
Support Vector Regression,-1.3982848993986936,-1.5625662046162534,1
Support Vector Regression,-1.936797812533807,-2.3127443099428957,1
Support Vector Regression,-1.012145447578458,-1.3612725887076929,1
Support Vector Regression,-2.0731453982830836,-2.1486886319646823,1
Support Vector Regression,-1.556016572040716,-1.6083483117505395,1
Support Vector Regression,-1.1893279510795818,-1.6067452682922587,1
Support Vector Regression,-1.1738116279378035,-2.2890650098625605,1
Support Vector Regression,-1.6384460109776287,-1.7271186519963238,1
Support Vector Regression,-1.3450596755542978,-1.568553221587305,1
Support Vector Regression,-1.9705460914481276,-1.840078672095999,1
Support Vector Regression,-1.2834663142150111,-1.9205310792175754,1
Support Vector Regression,-1.479191830676853,-1.5299551198880037,1
Support Vector Regression,-1.069394064585742,-1.7932375232811386,1
Support Vector Regression,-1.4441845681180592,-1.3215424967220326,1
Support Vector Regression,-2.7555635433899788,-2.2095423737391435,1
Support Vector Regression,-1.8011659603551675,-2.1196784628904837,1
Support Vector Regression,-1.2185345221225936,-1.7339642419773529,1
Support Vector Regression,-3.0153277959856664,-2.228026203131933,1
Support Vector Regression,-1.790442094293253,-2.2093977923026724,1
Support Vector Regression,-1.0209515518818744,-1.4790679117311274,1
Support Vector Regression,-1.9745795534681516,-2.23268263248732,1
Support Vector Regression,-3.1720823887102565,-2.707842128134184,1
Support Vector Regression,-0.5687544073603336,-0.6620461683775047,1
Support Vector Regression,-1.0111406945890653,-1.4348493041361008,1
Support Vector Regression,-3.9600428565808334,-3.6215423824175184,1
Support Vector Regression,-3.030623697854625,-2.8277201777462126,1
Support Vector Regression,-1.6958725916338202,-2.3272163675652555,1
Support Vector Regression,-2.034185120528877,-2.091411161843271,1
Support Vector Regression,-3.437187483030755,-3.3521458734330896,1
Support Vector Regression,-3.0607359079332865,-3.6138463609761384,1
Support Vector Regression,-2.647947017470284,-2.8608684722297464,1
Support Vector Regression,-1.6292558354409146,-1.750393095477485,1
Support Vector Regression,-2.4706410072083687,-2.0934494886212622,1
Support Vector Regression,-1.2158410977813483,-1.6003597168532457,1
Support Vector Regression,-2.177111289133642,-2.4273746720301803,1
Support Vector Regression,-2.0893959764848726,-2.113732454940894,1
Support Vector Regression,-3.6688623296866587,-3.27941988570414,1
Support Vector Regression,-1.2503305415619155,-1.444449064075496,1
Support Vector Regression,-3.6688623296866587,-2.4032295447608027,1
Support Vector Regression,-3.5624063821538914,-3.0361847440436716,1
Support Vector Regression,-1.9811271489159006,-1.933127234165983,1
Support Vector Regression,-0.9642747859315978,-1.2377555696131401,1
Support Vector Regression,-1.8162387276731846,-1.1597073065938641,1
Support Vector Regression,-1.1301967317733737,-0.5882789052405477,1
Support Vector Regression,-1.270721247267063,-1.4518918101550762,1
Support Vector Regression,-1.3284164293502903,-1.0959557096460917,1
Support Vector Regression,-2.1834863402339466,-2.5249441223890967,1
Support Vector Regression,-1.9341938240909706,-1.8492831748662386,1
Support Vector Regression,-2.3465562136207656,-1.9260734885848394,1
Support Vector Regression,-1.215596170273078,-1.5537906996162172,1
Support Vector Regression,-1.351662241081682,-1.4511537427416472,1
Support Vector Regression,-3.2740051086991615,-3.1216771712006106,1
Support Vector Regression,-1.1177693107076099,-1.1309794177874712,1
Support Vector Regression,-2.3087676366549488,-1.942321084770758,1
Support Vector Regression,-1.917076538816309,-1.785824319393049,1
Support Vector Regression,-2.7874427365568386,-2.9119966257325904,1
Support Vector Regression,-1.394827676426251,-1.8297119116962182,1
Support Vector Regression,-2.2488337964546146,-1.6855752300506064,1
Support Vector Regression,-2.0948568608862326,-2.016256312624984,1
Support Vector Regression,-1.7550940407409845,-1.5877139912189207,1
Support Vector Regression,-2.6904826786431757,-3.2468746274674727,1
Support Vector Regression,-2.540720473654946,-2.2852860636119074,1
Support Vector Regression,-2.7292012545882884,-2.4504887225421736,1
Support Vector Regression,-2.443810430479706,-1.9459568723165988,1
Support Vector Regression,-2.0916278587378,-1.6740536730689275,1
Support Vector Regression,-2.540720473654946,-2.3197292163406957,1
Support Vector Regression,-1.5811083204741387,-2.1241783767913276,1
Support Vector Regression,-3.6924119784161333,-3.4460621257941026,1
Support Vector Regression,-4.034834060338741,-3.9885472312716366,1
Support Vector Regression,-1.945164608357066,-2.216997524744248,1
Support Vector Regression,-2.2313771400186773,-2.4310780277969535,1
Support Vector Regression,-2.019028072917717,-2.2031480304791144,1
Support Vector Regression,-3.290189204280069,-2.914489831872176,1
Support Vector Regression,-3.4116117497612004,-3.237222633267469,1
Support Vector Regression,-1.7083201719567802,-1.6770426077631293,1
Support Vector Regression,-2.43241576499949,-1.7871534342350577,1
Support Vector Regression,-1.593236649552128,-1.5085365543701679,1
Support Vector Regression,-2.025135764586199,-2.099295652289223,1
Support Vector Regression,-3.015555503033429,-2.828427602190565,1
Support Vector Regression,-1.7246442506203672,-1.2888969862910422,1
Support Vector Regression,-2.0118859545996086,-1.8898099328089208,1
Support Vector Regression,-1.6819366650372385,-1.5995649104170568,1
Support Vector Regression,-4.059833781301273,-3.8989921627406003,1
Support Vector Regression,-2.084073842416984,-2.3913684989708694,1
Support Vector Regression,-1.5895913565043294,-2.1703187748061357,1
Support Vector Regression,-3.393048191942752,-2.8553410052349935,1
Support Vector Regression,-1.6895586727819518,-2.1240833308156937,1
Support Vector Regression,-4.059833781301273,-3.863846681522457,1
Support Vector Regression,-1.2054304558342028,-1.3223151579497232,1
Support Vector Regression,-3.6546223480637448,-3.442395161778107,1
Support Vector Regression,-1.6663570851479517,-1.2295462321121413,1
Support Vector Regression,-3.31795786632659,-3.343811579426773,1
Support Vector Regression,-2.292547184423849,-2.210909443841155,1
Support Vector Regression,-1.6159918285387698,-1.5253892966076683,1
Support Vector Regression,-2.5945173784671853,-2.652393530676188,1
Support Vector Regression,-1.7997913808340749,-1.7491494163306256,1
Support Vector Regression,-1.9643120034496402,-1.2931990302353444,1
Support Vector Regression,-1.4562179644760493,-1.4488820914161114,1
Support Vector Regression,-2.3822676402388554,-1.2611055739475763,1
Support Vector Regression,-1.405215799824956,-1.209217068562344,1
Support Vector Regression,-3.6368695830464484,-3.4366565937676836,1
Support Vector Regression,-1.8884660362981867,-1.7684477860366206,1
Support Vector Regression,-2.190142441306164,-1.86843864839524,1
Support Vector Regression,-2.006498035079166,-1.9566671096307735,1
Support Vector Regression,-2.4881639462888585,-1.8768514631694406,1
Support Vector Regression,-1.4262388316017447,-1.5646574440879863,1
Support Vector Regression,-1.8486158063184404,-1.922712309459908,1
Support Vector Regression,-1.391500388590343,-1.835061312737222,1
Support Vector Regression,-1.3627172000570675,-1.5632309827475663,1
Support Vector Regression,-1.4541338573389984,-1.458632738350841,1
Support Vector Regression,0.3580642293861346,-0.22431326032575116,1
Support Vector Regression,0.013270809352243309,-0.5576519375295401,1
Support Vector Regression,-0.40966424145785746,-0.23144157100989338,1
Support Vector Regression,-0.39778171004309776,-0.15240091063007544,1
Support Vector Regression,-0.8579133376664105,-1.0173520626043477,1
Support Vector Regression,0.23141740977050707,0.29108315973819066,1
Support Vector Regression,-0.43783118657286935,0.11362206399335317,1
Support Vector Regression,-2.2749377863952085,-1.8879353006585138,1
Support Vector Regression,-1.1505417041520314,-1.227989433441905,1
Support Vector Regression,-1.5923333763280876,-1.7470300123785873,1
Support Vector Regression,-2.703220329010491,-2.7974250379169687,1
Support Vector Regression,-1.621304790891127,-1.7816498789755277,1
Support Vector Regression,-2.1235976234646596,-2.13539132166742,1
Support Vector Regression,-1.1078591195735359,-1.0394579760566443,1
Support Vector Regression,-1.7236216619186897,-2.0135602428527486,1
Support Vector Regression,-3.2294115893983317,-3.04960874162187,1
Support Vector Regression,-1.1814755688597112,-1.7208797658788164,1
Support Vector Regression,-2.103347370511212,-2.3164652130565675,1
Support Vector Regression,-2.3872497229566574,-2.2375628485377126,1
Support Vector Regression,-2.176623074126691,-2.0708497983842866,1
Support Vector Regression,-1.10868225389701,-1.489325926533919,1
Support Vector Regression,-1.5323301209746991,-1.4420787393828878,1
Support Vector Regression,-1.28375174993668,-1.1125562730363936,1
Support Vector Regression,-1.3198484161479276,-1.169056758197846,1
Support Vector Regression,-0.9134224928394735,-0.7865925390374815,1
Support Vector Regression,-1.3198484161479276,-1.2695827221356262,1
Support Vector Regression,-1.793068638288037,-1.4789145066783305,1
Support Vector Regression,-1.7563417007657087,-1.5589672258870564,1
Support Vector Regression,-1.4094344835568617,-1.2480730806254503,1
Support Vector Regression,-0.8959678728621829,-1.2416987114790992,1
Support Vector Regression,-1.8036577587890321,-1.642045700388568,1
Support Vector Regression,-0.7463040504271798,-1.9412150202467555,1
Support Vector Regression,-2.0401269907408133,-1.7656005409030409,1
Support Vector Regression,-1.6181431713572578,-1.4796130233800977,1
Support Vector Regression,-1.042642722079717,-1.318430466340799,1
Support Vector Regression,-2.6212424559235727,-2.398662411968462,1
Support Vector Regression,-3.2172494016790187,-2.9801443668320307,1
Support Vector Regression,-2.761915740881935,-1.7474435648030386,1
Support Vector Regression,-0.8317581654646831,-1.6902653937084502,1
Support Vector Regression,-1.7283368624549476,-1.2369701349316728,1
Support Vector Regression,-0.9800565288767592,-0.9875979198528566,1
Support Vector Regression,-1.048516497297764,-1.1014112876746238,1
Support Vector Regression,-3.121373090381552,-2.523038926438548,1
Support Vector Regression,-1.0775646199327256,-0.9208574390989588,1
Support Vector Regression,-1.137767503887176,-1.135493454590196,1
Support Vector Regression,-1.4154063781902113,-1.106190663556995,1
Support Vector Regression,-2.064990291304019,-2.3489562197834113,2
Support Vector Regression,-3.7465335671940925,-3.4548526315893966,2
Support Vector Regression,-3.1408689109724577,-2.7287769930827457,2
Support Vector Regression,-1.169002914533462,-1.9830975301088636,2
Support Vector Regression,-2.3969317709673565,-2.173996710085353,2
Support Vector Regression,-3.5076503600642033,-3.297206509152197,2
Support Vector Regression,-1.3240188516817268,-2.0881680468818815,2
Support Vector Regression,-0.28950830319552845,-2.4128562774445146,2
Support Vector Regression,-1.5424726897801078,-1.444803543383295,2
Support Vector Regression,-1.0745636623476162,-1.414528831411587,2
Support Vector Regression,-1.2059345608151744,-1.4518410399316903,2
Support Vector Regression,-1.7190338740193807,-2.0513013029272886,2
Support Vector Regression,-1.4103143043656896,-1.5754378185876567,2
Support Vector Regression,-1.5530374141251506,-1.3349686554845555,2
Support Vector Regression,-1.414958380703708,-1.2160092362192847,2
Support Vector Regression,-1.7566657394319904,-1.9384608903863816,2
Support Vector Regression,-1.9196885629650766,-1.6074019739495118,2
Support Vector Regression,-1.820599175381769,-1.5563631657559978,2
Support Vector Regression,-0.22901321309844905,-1.2554779782457133,2
Support Vector Regression,-1.680228158144333,-1.522839177782509,2
Support Vector Regression,-3.4108437941069076,-3.285392518335455,2
Support Vector Regression,-1.1938637358837367,-1.3839925567754392,2
Support Vector Regression,-2.3529321054630254,-2.274479493170528,2
Support Vector Regression,-2.8184713897478226,-2.79474006320139,2
Support Vector Regression,-0.9172087828988489,-1.0599615317044389,2
Support Vector Regression,-1.5041031112940382,-1.4956421556098976,2
Support Vector Regression,-1.5041031112940382,-1.8627221262185487,2
Support Vector Regression,-2.617367632441655,-2.327727051383652,2
Support Vector Regression,-1.8960550708053778,-1.7182497525856038,2
Support Vector Regression,-1.7873296113427601,-2.294017304447597,2
Support Vector Regression,-2.9688776583453143,-2.0463361861376113,2
Support Vector Regression,-3.2036005297986074,-2.788879736798313,2
Support Vector Regression,-2.9142603715445343,-2.391790863327236,2
Support Vector Regression,-3.0391954244610955,-3.0433723487744793,2
Support Vector Regression,-0.7406200937095554,-1.0223103519260208,2
Support Vector Regression,-0.2659675601094114,-0.5596788002405626,2
Support Vector Regression,-0.40674416735366103,-0.39351459353659424,2
Support Vector Regression,-1.0877694915519545,-0.9886409629795745,2
Support Vector Regression,0.1297019665778856,-0.3491357842663181,2
Support Vector Regression,-0.5732799306060785,-0.867363250476233,2
Support Vector Regression,0.20995355888867073,-0.09496201886947242,2
Support Vector Regression,-0.7545795752718538,-0.43908383425944075,2
Support Vector Regression,-0.7019607372542168,-0.1770142386758362,2
Support Vector Regression,-0.6945493884044287,-0.5878159442036974,2
Support Vector Regression,-0.3417701012907816,-0.5735333696238807,2
Support Vector Regression,-1.1159606660259742,-1.7682992633749661,2
Support Vector Regression,-0.27744790362250854,-0.7750009745069015,2
Support Vector Regression,-2.9107287853445634,-2.1879006079717556,2
Support Vector Regression,-3.2691119889214533,-3.267252420076044,2
Support Vector Regression,-2.1460708341762897,-1.8049058957633104,2
Support Vector Regression,-3.0775844181294625,-3.24923765910115,2
Support Vector Regression,-2.0174042079019414,-1.4742824440821467,2
Support Vector Regression,-1.4817410394981543,-1.8375971002145148,2
Support Vector Regression,-2.7515330963273232,-2.3893155794150474,2
Support Vector Regression,-3.810574259769909,-3.689700069907188,2
Support Vector Regression,-2.8170555006405635,-2.503531627815378,2
Support Vector Regression,-2.67596440114224,-2.7812408414006757,2
Support Vector Regression,-3.447382880362,-3.282662724491521,2
Support Vector Regression,-2.7237372356215404,-2.660062210948018,2
Support Vector Regression,-1.9112124620769755,-2.374240806387745,2
Support Vector Regression,-1.1468871297310963,-2.2835122152285336,2
Support Vector Regression,-2.991150818979587,-3.025361109884436,2
Support Vector Regression,-3.366814432940472,-3.133439730991485,2
Support Vector Regression,-3.310333372786738,-3.3354160869677956,2
Support Vector Regression,-1.624154843179839,-2.7113042990821374,2
Support Vector Regression,-1.3360910210889294,-1.561846295467511,2
Support Vector Regression,-2.7923263244120906,-2.3415241276839693,2
Support Vector Regression,-0.9910136950037374,-1.1527171687308941,2
Support Vector Regression,-1.8319016673890882,-2.0041023537228577,2
Support Vector Regression,-2.6732644443606475,-2.040473838971822,2
Support Vector Regression,-2.617794503701521,-2.287331952653028,2
Support Vector Regression,-1.6037557432468053,-1.5544324581486455,2
Support Vector Regression,-1.115836390766966,-1.314277012214228,2
Support Vector Regression,-1.5372443207314632,-1.8523356059773572,2
Support Vector Regression,-1.1202858432048246,-1.5944545491743591,2
Support Vector Regression,-2.715845949095462,-2.4323966747599814,2
Support Vector Regression,-3.7342838339347466,-3.182442265658761,2
Support Vector Regression,-2.3918623308235594,-2.278642390245088,2
Support Vector Regression,-3.52120992195253,-3.595541101477913,2
Support Vector Regression,-2.2669235674490644,-2.6298798695707886,2
Support Vector Regression,-3.1782271514224525,-2.85871002432828,2
Support Vector Regression,-2.457678098889193,-2.053987297586985,2
Support Vector Regression,-3.2590502255091702,-2.929411583311979,2
Support Vector Regression,-1.1465151741161497,-1.0614022451536493,2
Support Vector Regression,-3.216247878762871,-2.9105560282598644,2
Support Vector Regression,-1.9381605982067327,-1.9707484715999797,2
Support Vector Regression,-1.5862250860093259,-2.072947117158003,2
Support Vector Regression,-1.6698969598127007,-2.1368258732034273,2
Support Vector Regression,-3.0415646563875622,-3.0811651841981793,2
Support Vector Regression,-2.7592630971786845,-2.3177924375507994,2
Support Vector Regression,-2.5339607001524365,-2.3477197912118917,2
Support Vector Regression,-3.159004262647741,-2.7420751411542104,2
Support Vector Regression,-2.9741896629359488,-2.2084259147279783,2
Support Vector Regression,-3.688222835963096,-3.6535074368159277,2
Support Vector Regression,-2.848471723996311,-2.2454925505307486,2
Support Vector Regression,-1.883787384700319,-2.2641662671284637,2
Support Vector Regression,-1.7176063992666837,-2.088266946645114,2
Support Vector Regression,-2.8667990786740405,-2.264419076651847,2
Support Vector Regression,-3.190894343543139,-2.576229922721511,2
Support Vector Regression,-3.4398948173744337,-2.955113567261915,2
Support Vector Regression,-2.362468744313884,-2.3724395423347646,2
Support Vector Regression,-1.5518607813097591,-1.8982555235544591,2
Support Vector Regression,-3.3960495196322524,-3.300747072677401,2
Support Vector Regression,-3.3960495196322524,-3.1520832625118107,2
Support Vector Regression,-1.3580712288885752,-1.4375582074770117,2
Support Vector Regression,-2.9187956800017982,-2.595443567103088,2
Support Vector Regression,-1.2400249421136365,-1.8456321714912476,2
Support Vector Regression,-3.7834435403498214,-3.4833042426111156,2
Support Vector Regression,-1.4975728800155672,-1.0497177916851466,2
Support Vector Regression,-2.3458067992518874,-1.8014776315829413,2
Support Vector Regression,-3.739785461604827,-3.5165043870646024,2
Support Vector Regression,-3.739785461604827,-3.4113052069796206,2
Support Vector Regression,-2.5037832349706837,-2.1767662258154097,2
Support Vector Regression,-2.8343485837796827,-2.024725395529339,2
Support Vector Regression,-1.5213971031085405,-1.27299272307297,2
Support Vector Regression,-1.2662523005170878,-1.5973530100085722,2
Support Vector Regression,-1.9429726110972225,-1.8538490269654495,2
Support Vector Regression,-3.926105768520805,-3.485288545888775,2
Support Vector Regression,-2.635540187918821,-2.4280624970958664,2
Support Vector Regression,-1.5625822596100025,-2.1359449927917282,2
Support Vector Regression,-1.4782087030212006,-1.6696006327966368,2
Support Vector Regression,-1.6517269019834395,-1.4119357357484998,2
Support Vector Regression,-3.1720823887102565,-2.973440967200726,2
Support Vector Regression,-2.4368442826786825,-2.5338136226916657,2
Support Vector Regression,-1.015474675864504,-1.2552850357826175,2
Support Vector Regression,-1.7625310634593319,-1.764894984982281,2
Support Vector Regression,-1.4285635434183963,-1.6747699775207292,2
Support Vector Regression,-1.3467292946628289,-1.6424657917238896,2
Support Vector Regression,-1.5708763680120374,-1.6823892395498885,2
Support Vector Regression,-2.244039132061237,-2.6596448468358758,2
Support Vector Regression,-2.9206284299141125,-2.514385659692974,2
Support Vector Regression,-1.386590637896301,-1.7124577162278247,2
Support Vector Regression,-2.1225210730141013,-2.8148656216232437,2
Support Vector Regression,-2.7597061620105943,-1.9188269153232929,2
Support Vector Regression,-2.560133846538238,-2.47535440272126,2
Support Vector Regression,-1.9945993491296803,-2.286560144032012,2
Support Vector Regression,-2.9753058553179503,-2.685381082338714,2
Support Vector Regression,-1.7139014654061842,-2.3492615657856586,2
Support Vector Regression,-3.392655441034186,-2.7784539497298093,2
Support Vector Regression,-1.5110863339963716,-1.9473903288484848,2
Support Vector Regression,-3.6688623296866587,-3.3733227977897102,2
Support Vector Regression,-1.8347593251696876,-1.521583077538232,2
Support Vector Regression,-1.4180277802789096,-1.0733530632628174,2
Support Vector Regression,-1.493245786531943,-1.218485827921203,2
Support Vector Regression,-1.0193030390019762,-1.0738389460895437,2
Support Vector Regression,-1.0225594503600544,-0.7273806474431499,2
Support Vector Regression,-0.975127284906683,-0.9423142441749646,2
Support Vector Regression,-1.0144370432648293,-1.4215343336213717,2
Support Vector Regression,-2.0129990008635867,-1.4421010080267003,2
Support Vector Regression,-1.4399552960568784,-1.4117191074952,2
Support Vector Regression,-1.0624918421054752,-1.1628098413681485,2
Support Vector Regression,-2.0598606483703086,-1.9965449996742213,2
Support Vector Regression,-2.090032121190501,-1.9264419733374558,2
Support Vector Regression,-2.0995080091454192,-1.9676249765929774,2
Support Vector Regression,-1.709300425196423,-1.7537790963268816,2
Support Vector Regression,-2.653759917660552,-2.3161337555639383,2
Support Vector Regression,-2.5884932589587586,-2.360837452339252,2
Support Vector Regression,-3.3707035768809224,-3.6233007730820974,2
Support Vector Regression,-1.936404341844701,-2.2171173666360304,2
Support Vector Regression,-1.4467153895386817,-1.7180275842596688,2
Support Vector Regression,-1.9715416460145745,-1.7850981122303375,2
Support Vector Regression,-3.3980116731740355,-2.902679532406996,2
Support Vector Regression,-1.2111861770342556,-1.661493051336148,2
Support Vector Regression,-2.8398575372186334,-2.3526193624437646,2
Support Vector Regression,-3.3358640560027224,-3.167389002283145,2
Support Vector Regression,-2.5444075781780136,-3.5889482285825505,2
Support Vector Regression,-2.033677685255944,-1.819079611362854,2
Support Vector Regression,-1.2545644486474818,-1.848354119095812,2
Support Vector Regression,-3.3466707249611667,-2.937165158179196,2
Support Vector Regression,-2.1317533670782356,-3.2520707626080125,2
Support Vector Regression,-3.290189204280069,-2.924608101947594,2
Support Vector Regression,-2.0864005407417032,-1.9559893500212557,2
Support Vector Regression,-2.5041654897477077,-2.737400400871149,2
Support Vector Regression,-3.2402151004002007,-3.393174120200293,2
Support Vector Regression,-2.26736728311359,-3.2468576663919593,2
Support Vector Regression,-1.95795837174818,-1.943584406518276,2
Support Vector Regression,-1.356590498479473,-1.2704104842759836,2
Support Vector Regression,-1.8668031693530753,-1.5803885728906417,2
Support Vector Regression,-1.8762488134939106,-2.057609639938675,2
Support Vector Regression,-2.2270013364351495,-2.0895806948585234,2
Support Vector Regression,-1.2662407394987067,-1.329266471475837,2
Support Vector Regression,-2.1633711620778806,-2.382353233454499,2
Support Vector Regression,-2.7766733448672327,-2.5473533808126527,2
Support Vector Regression,-1.0942289641451028,-1.5419808143344003,2
Support Vector Regression,-1.5572116152486462,-1.4660566446711538,2
Support Vector Regression,-3.5527489155241385,-3.391777844626909,2
Support Vector Regression,-3.276542686022807,-3.2804407580401924,2
Support Vector Regression,-2.9620793251113042,-2.6891259377321366,2
Support Vector Regression,-2.833475754814589,-2.313200202542021,2
Support Vector Regression,-1.717711472714874,-1.9281775057331716,2
Support Vector Regression,-1.9603652993893874,-1.7810385349261901,2
Support Vector Regression,-1.8161267212970162,-2.022632070232618,2
Support Vector Regression,-1.170757605358798,-1.63497860269022,2
Support Vector Regression,-3.312017362295172,-3.2671157629578467,2
Support Vector Regression,-2.5255934458757454,-2.3492640473221607,2
Support Vector Regression,-3.064232839852069,-3.094124359484868,2
Support Vector Regression,-2.809660176396059,-2.35593699071918,2
Support Vector Regression,-1.5097699255058308,-1.8747388057326289,2
Support Vector Regression,-1.740666799910411,-1.9149075141838718,2
Support Vector Regression,-1.6374387034297335,-1.7003653076199643,2
Support Vector Regression,-0.7797693247910334,-1.1169560268759129,2
Support Vector Regression,-1.309961996475505,-1.8456412129056825,2
Support Vector Regression,-1.6183307304435026,-1.9353299984619428,2
Support Vector Regression,-1.9362137770978871,-2.2076304970125986,2
Support Vector Regression,-2.0703010191144675,-2.0466003463487983,2
Support Vector Regression,-2.2355646390433175,-1.9664559992853525,2
Support Vector Regression,-1.7772835288524167,-2.035274481229393,2
Support Vector Regression,-2.464359595395084,-2.5318660346158257,2
Support Vector Regression,0.016216578776438208,-0.26947981771439533,2
Support Vector Regression,-0.31923658554998896,-0.5425926747673864,2
Support Vector Regression,-0.202317609683526,-0.18677320757170657,2
Support Vector Regression,0.13858982128300762,0.14633363006839506,2
Support Vector Regression,0.2034251096067644,0.066719432227198,2
Support Vector Regression,0.23583851209189552,0.058787865790099314,2
Support Vector Regression,0.25792460161657743,-0.2456767658966057,2
Support Vector Regression,0.3323074801803344,-0.5067177213097525,2
Support Vector Regression,-0.9893876757536758,-1.536468581085261,2
Support Vector Regression,-0.9771273167949791,-0.9918626681893732,2
Support Vector Regression,-0.8847086972378616,-1.0238297734643549,2
Support Vector Regression,-1.6314222073485498,-1.9713216149922208,2
Support Vector Regression,-1.6163219968838958,-1.677856162870075,2
Support Vector Regression,-2.327144451312569,-2.287989242595429,2
Support Vector Regression,-1.492201494031574,-1.897673200339697,2
Support Vector Regression,-3.915670428497184,-3.5139210202037416,2
Support Vector Regression,-2.7488910409678486,-2.1002183792156033,2
Support Vector Regression,-3.525699217034543,-3.1765970083368695,2
Support Vector Regression,-2.405003945642156,-1.929810689820936,2
Support Vector Regression,-2.6216055516158603,-2.4998666308813338,2
Support Vector Regression,-1.7868132829404095,-1.9350389810127284,2
Support Vector Regression,-1.6115607525200502,-1.729165687806059,2
Support Vector Regression,-1.7300615156440644,-2.0847650636528603,2
Support Vector Regression,-1.42625067509891,-1.5956671138879652,2
Support Vector Regression,-1.4753372030036505,-1.692053754339256,2
Support Vector Regression,-1.5674558687076858,-1.363328389090554,2
Support Vector Regression,-1.2818579528648468,-1.2103056456143082,2
Support Vector Regression,-1.4597718515481843,-1.3200031205272433,2
Support Vector Regression,-0.9468333037780922,-1.2518603006425966,2
Support Vector Regression,-1.7854705731329945,-1.670538890474278,2
Support Vector Regression,-1.8070894000718147,-2.0382699603099854,2
Support Vector Regression,-0.9422704336465716,-1.163760041493984,2
Support Vector Regression,-0.7476890179412806,-1.0624073605356992,2
Support Vector Regression,-0.7266296487986936,-0.7543349553131533,2
Support Vector Regression,-0.5052921847488494,-1.4759039900525088,2
Support Vector Regression,-1.1291381497161614,-1.3299374592142386,2
Support Vector Regression,-1.466507781947675,-1.5801724242153017,2
Support Vector Regression,-3.295634963777275,-2.9398873716879574,2
Support Vector Regression,-0.428471724353625,-0.9796789832362525,2
Support Vector Regression,-3.1791288900792822,-2.7286841302991616,2
Support Vector Regression,-2.0560190796534115,-1.5511933666798965,2
Support Vector Regression,-0.5935262904426333,-1.1753183776571736,2
Support Vector Regression,-0.2468343715025799,-0.9381575593480702,2
Support Vector Regression,-2.192341601117107,-1.7044358528106378,2
Support Vector Regression,-3.4495551653497865,-3.352967608353188,2
Support Vector Regression,-1.475460019768368,-1.7231661483797598,2
Support Vector Regression,-1.0884067327209506,-1.064871044162738,2
Support Vector Regression,-1.0940337585544895,-1.2606692108766782,2
Support Vector Regression,-0.988626069420939,-1.0841136280065418,2
Support Vector Regression,-1.2413209034031176,-0.8817253114215406,2
Support Vector Regression,-2.5315835424986517,-2.3560070162277547,2
Support Vector Regression,-1.8035334240706482,-1.8770613129918128,3
Support Vector Regression,-1.9138112509675613,-2.185472554458266,3
Support Vector Regression,-3.431262194557772,-3.5027288328582564,3
Support Vector Regression,-2.218903098366632,-2.0156815169555466,3
Support Vector Regression,-2.403452823620798,-2.370790190629958,3
Support Vector Regression,-1.9492654506102318,-2.111897232991211,3
Support Vector Regression,-1.641711232958164,-2.2138660571783277,3
Support Vector Regression,-1.5393527377902698,-0.856233230361721,3
Support Vector Regression,-1.5083613986405884,-1.3877124693082026,3
Support Vector Regression,-1.3629507222657735,-1.3071095083750757,3
Support Vector Regression,-1.1383767799226443,-0.815698851403569,3
Support Vector Regression,-1.496009274431816,-1.7113181163453497,3
Support Vector Regression,-1.339883282003717,-1.7477476159126208,3
Support Vector Regression,-1.833927238128002,-2.0506023218517457,3
Support Vector Regression,-1.4985127097581414,-1.6055964882703397,3
Support Vector Regression,-1.1345513868310089,-1.5498964747130126,3
Support Vector Regression,-1.0056334760903496,-0.97871779727343,3
Support Vector Regression,-1.778416668028348,-1.66827877397303,3
Support Vector Regression,-1.221874373746708,-1.5008375134270657,3
Support Vector Regression,-1.3355656611938254,-1.8428691839910927,3
Support Vector Regression,-1.4187942485435616,-1.2509918333339298,3
Support Vector Regression,-1.3897810295006061,-1.8497885261147315,3
Support Vector Regression,-0.9582190949069228,-1.0116614583061985,3
Support Vector Regression,-3.8326531224143645,-3.54555939549262,3
Support Vector Regression,-3.399950007606853,-2.9465884217416,3
Support Vector Regression,-1.3607499667563296,-1.995690175860776,3
Support Vector Regression,-1.8194641482091292,-1.9410273710971873,3
Support Vector Regression,-3.2834449518405893,-3.1494843234600447,3
Support Vector Regression,-2.0569241023003397,-1.9905490053584554,3
Support Vector Regression,-2.6092962251353855,-1.9975289584379359,3
Support Vector Regression,-2.66118307205398,-2.408248841692286,3
Support Vector Regression,-2.151509814945314,-2.318479121539795,3
Support Vector Regression,-2.5901613502180045,-2.4596814207836832,3
Support Vector Regression,-2.461494632742434,-2.587191418651392,3
Support Vector Regression,-0.6389033445220246,-0.7601797805715196,3
Support Vector Regression,-0.19201915469350456,-0.5019770215936123,3
Support Vector Regression,-1.5018248431082857,-1.6043762258642866,3
Support Vector Regression,-0.9300930772084189,-1.4937257696819284,3
Support Vector Regression,-0.08363954432116573,-0.08374443344772464,3
Support Vector Regression,-0.3135898872515433,-0.7317437542218848,3
Support Vector Regression,-2.2882000233155653,-2.5881218327773796,3
Support Vector Regression,-3.6800158253354924,-3.510337409994368,3
Support Vector Regression,-2.7785748071197123,-2.1576403031318723,3
Support Vector Regression,-3.2691119889214533,-2.7414518564893706,3
Support Vector Regression,-1.8033790498935367,-1.7735277777369893,3
Support Vector Regression,-1.7426626842914594,-1.7915878345134353,3
Support Vector Regression,-1.8094490244732577,-1.647936882328745,3
Support Vector Regression,-1.9615865844075526,-1.886435364670579,3
Support Vector Regression,-2.1223515198479075,-2.210779696984194,3
Support Vector Regression,-3.4785088685395653,-3.052310910894273,3
Support Vector Regression,-2.2415951055389973,-3.166107240111694,3
Support Vector Regression,-2.5090165872531767,-2.279536258501483,3
Support Vector Regression,-2.97249382976246,-2.3269474847892786,3
Support Vector Regression,-2.9119908501955227,-3.2018425747788997,3
Support Vector Regression,-3.2474583508182433,-3.0850130673472496,3
Support Vector Regression,-2.4909497090997137,-2.401108852972915,3
Support Vector Regression,-3.3458359767686834,-3.5921112961709687,3
Support Vector Regression,-2.325708590111872,-2.5077288305777814,3
Support Vector Regression,-2.174597252967641,-1.8190289575556469,3
Support Vector Regression,-1.1386989940333996,-1.348968570821066,3
Support Vector Regression,-1.3158802108242549,-1.6228632427482872,3
Support Vector Regression,-2.186006727498246,-2.5380539876634285,3
Support Vector Regression,-1.4542413778154994,-2.2265187497315133,3
Support Vector Regression,-2.6852623228853463,-2.7433436561798055,3
Support Vector Regression,-3.0605406542001403,-3.2490078636751702,3
Support Vector Regression,-3.434121498561107,-3.127146757505351,3
Support Vector Regression,-1.7089770353918146,-1.8622554185349793,3
Support Vector Regression,-1.3859030337523468,-1.6571136872746968,3
Support Vector Regression,-2.8807530211105905,-2.64960856922191,3
Support Vector Regression,-1.3870823799964922,-1.7333167861995344,3
Support Vector Regression,-1.0556956867709293,-1.2566268541841605,3
Support Vector Regression,-1.7028254486283225,-1.643309499404555,3
Support Vector Regression,-1.3266108732423414,-1.5153141401783883,3
Support Vector Regression,-1.4100025284401918,-1.9249358730939798,3
Support Vector Regression,-2.691578169406441,-2.6952806698137755,3
Support Vector Regression,-2.2476183878149794,-2.3660552602257052,3
Support Vector Regression,-3.6203410251864447,-3.3900622142538963,3
Support Vector Regression,-2.5038360209902844,-2.85735101126937,3
Support Vector Regression,-2.7186459189940226,-2.755921778366854,3
Support Vector Regression,-3.302921552819786,-2.7246804868669408,3
Support Vector Regression,-2.9303729669440868,-2.4778868690749905,3
Support Vector Regression,-2.8871236492020507,-2.1925971946976146,3
Support Vector Regression,-3.5222913974306227,-3.4767902738206784,3
Support Vector Regression,-2.810836301965318,-2.348814459449976,3
Support Vector Regression,-1.5554661639976504,-2.323353938175199,3
Support Vector Regression,-3.1353471437504044,-2.8432834989779048,3
Support Vector Regression,-3.9730828630218453,-3.542805652833824,3
Support Vector Regression,-1.622950411914381,-1.786637668587681,3
Support Vector Regression,-3.5222913974306227,-3.160081432364559,3
Support Vector Regression,-1.2543892714743548,-1.4241234393591824,3
Support Vector Regression,-1.935943656763284,-1.9964101200654993,3
Support Vector Regression,-1.5942049925158137,-2.016613070864119,3
Support Vector Regression,-2.4934863088506534,-2.288677391447761,3
Support Vector Regression,-2.182199963303041,-2.2581790806548145,3
Support Vector Regression,-3.2996658499018485,-2.983712154118609,3
Support Vector Regression,-3.285204336328503,-3.0271482463135406,3
Support Vector Regression,-1.5650446341096866,-1.836701313407513,3
Support Vector Regression,-3.159004262647741,-2.993934443318196,3
Support Vector Regression,-3.3388889969343114,-3.0870526710871093,3
Support Vector Regression,-2.4308272469150642,-2.6676593498365975,3
Support Vector Regression,-4.441291429466834,-3.8618157020736286,3
Support Vector Regression,-4.043611115346274,-3.715095473393904,3
Support Vector Regression,-2.1081088952398566,-1.8645532233743647,3
Support Vector Regression,-1.4855749296151965,-1.738080426077361,3
Support Vector Regression,-1.2684519185896421,-1.8162531283619987,3
Support Vector Regression,-2.4462457037304657,-2.6339450295158153,3
Support Vector Regression,-2.258697330779929,-2.1473797575623967,3
Support Vector Regression,-2.8197963948012763,-2.397630777737284,3
Support Vector Regression,-1.955139967558483,-1.782828520393402,3
Support Vector Regression,-1.6668842660690988,-2.048702394026254,3
Support Vector Regression,-2.020315121682196,-2.1369674744351115,3
Support Vector Regression,-1.7983538696326367,-1.9206049592101024,3
Support Vector Regression,-1.512256636766295,-1.7744503451133224,3
Support Vector Regression,-2.1620771953880977,-1.974159400321216,3
Support Vector Regression,-4.026482380351305,-3.699703037742367,3
Support Vector Regression,-2.728175115284189,-2.4341047407320415,3
Support Vector Regression,-1.1134303475678107,-1.6522947573681175,3
Support Vector Regression,-3.2861198587119835,-2.7734063576794115,3
Support Vector Regression,-1.5213971031085405,-1.8772853975216206,3
Support Vector Regression,-3.5459650539173615,-3.2883792757126833,3
Support Vector Regression,-1.3173301868582306,-1.436210593336275,3
Support Vector Regression,-2.0116848782875407,-2.6422564524879775,3
Support Vector Regression,-3.466783553422354,-3.0140466414654727,3
Support Vector Regression,-1.2175444827866113,-1.6913776734616035,3
Support Vector Regression,-1.8555915719713854,-1.6055969061422704,3
Support Vector Regression,-2.9206523063014074,-2.923513355975919,3
Support Vector Regression,-1.6993207301372903,-1.43976794181031,3
Support Vector Regression,-2.646263945417837,-2.492216523264265,3
Support Vector Regression,-1.840084037547579,-2.1220127499595307,3
Support Vector Regression,-2.049666891178964,-1.8566508882111652,3
Support Vector Regression,-1.3267843126055872,-1.6324936563970853,3
Support Vector Regression,-2.5142250705986213,-2.1599769255901693,3
Support Vector Regression,-2.648503823177817,-2.4542331749981905,3
Support Vector Regression,-2.0630158256502544,-2.014154305194012,3
Support Vector Regression,-3.7469892929465796,-3.6981135560177725,3
Support Vector Regression,-1.0937551186817627,-1.623780400423378,3
Support Vector Regression,-1.4215944093236903,-1.6571939524754273,3
Support Vector Regression,-1.167232267440179,-1.4256358405885317,3
Support Vector Regression,-2.0990330852672687,-1.9543574163586208,3
Support Vector Regression,-1.3310146489007124,-1.1608787342927482,3
Support Vector Regression,-1.366206440166372,-1.7836180328682352,3
Support Vector Regression,-1.3168403571338247,-1.2661499858657275,3
Support Vector Regression,-2.2675571837562845,-2.3505197367037325,3
Support Vector Regression,-1.453797527240351,-1.9499971322785676,3
Support Vector Regression,-1.4609239012072235,-1.2076546320321133,3
Support Vector Regression,-1.302742708063045,-1.6045391046813204,3
Support Vector Regression,-1.763658215013675,-2.022729153644601,3
Support Vector Regression,-1.2189474946453842,-1.2054915773233792,3
Support Vector Regression,-2.1481523894209715,-2.6996502624943215,3
Support Vector Regression,-1.1598011320770079,-1.0617983218526017,3
Support Vector Regression,-2.062592350526869,-2.5726427891959815,3
Support Vector Regression,-1.5310782741493767,-1.8616882950967413,3
Support Vector Regression,-1.318606216338379,-1.5463418808518183,3
Support Vector Regression,-1.8626742516440307,-1.274436126666521,3
Support Vector Regression,-1.409977601837042,-1.334573270137985,3
Support Vector Regression,-1.8019484611556353,-1.8087250815406353,3
Support Vector Regression,-1.8035282856682657,-1.6659706685853277,3
Support Vector Regression,-3.6419813498697473,-3.3527944293474965,3
Support Vector Regression,-1.543738042979891,-1.7420015215911764,3
Support Vector Regression,-1.3448674070651871,-1.3546188780149084,3
Support Vector Regression,-3.4366316559477377,-2.8917347153823343,3
Support Vector Regression,-3.744840908818875,-3.616036675817705,3
Support Vector Regression,-2.2176402640700728,-2.2998146110296256,3
Support Vector Regression,-2.436631774638256,-2.3853634175854124,3
Support Vector Regression,-3.6308973708676717,-3.649911987036409,3
Support Vector Regression,-1.7448404020099417,-1.84343715844531,3
Support Vector Regression,-3.233202110369878,-3.0150336164698857,3
Support Vector Regression,-2.9710072633433735,-2.9635526479202037,3
Support Vector Regression,-1.6524312761675333,-2.1600653172501447,3
Support Vector Regression,-2.3582852103076553,-2.9360967475584587,3
Support Vector Regression,-2.1622159208236154,-2.872446344733815,3
Support Vector Regression,-3.7268829315132583,-3.663551727795919,3
Support Vector Regression,-3.8817848914990014,-4.024865261371479,3
Support Vector Regression,-3.4116117497612004,-3.4750122541284663,3
Support Vector Regression,-1.4643518021071489,-1.724126328973408,3
Support Vector Regression,-1.3308187576670196,-1.475172502205339,3
Support Vector Regression,-1.753896033344213,-1.6746190924031406,3
Support Vector Regression,-1.928979817650206,-1.888403148353102,3
Support Vector Regression,-1.5372075124674875,-1.2675758021238093,3
Support Vector Regression,-1.5049121890283346,-1.9448271561761596,3
Support Vector Regression,-1.5650830494456354,-1.4678367502409992,3
Support Vector Regression,-1.586700235918748,-1.4381092789847294,3
Support Vector Regression,-1.8057322630823986,-1.923626175918133,3
Support Vector Regression,-1.5363868405196788,-1.7672414856827565,3
Support Vector Regression,-0.6894774956008592,-1.119699171332621,3
Support Vector Regression,-1.1149880354485275,-1.0266482250153275,3
Support Vector Regression,-1.8074474879886533,-1.9473180414430968,3
Support Vector Regression,-1.2067214626499687,-1.1107407114925762,3
Support Vector Regression,-1.1026053129321816,-1.3590686051592265,3
Support Vector Regression,-1.6189896501583372,-1.522203913162038,3
Support Vector Regression,-3.7727484977747765,-3.634683617161059,3
Support Vector Regression,-1.2862388841839494,-1.681038329737233,3
Support Vector Regression,-3.0397590359811644,-2.601864119901145,3
Support Vector Regression,-1.3132997440363454,-1.1567489765872905,3
Support Vector Regression,-2.2355646390433175,-1.0854132621791146,3
Support Vector Regression,-2.0008832971741093,-1.566109973173178,3
Support Vector Regression,-2.314076075024747,-1.8523039956157281,3
Support Vector Regression,-3.05329283374744,-2.6556396984059707,3
Support Vector Regression,-3.3010769020010144,-3.5224364856890724,3
Support Vector Regression,-2.035715142789073,-2.1413308426352575,3
Support Vector Regression,-2.152965298392503,-2.291726633778192,3
Support Vector Regression,-1.1090605687339063,-1.2678022000038207,3
Support Vector Regression,-1.0460152967125962,-1.15771642989213,3
Support Vector Regression,-3.3625502994733605,-3.031031678132072,3
Support Vector Regression,-1.9499388302923257,-1.9981893019197594,3
Support Vector Regression,-3.3625502994733605,-3.3259957971247776,3
Support Vector Regression,-3.8396725549649426,-3.9905232224095224,3
Support Vector Regression,0.23583851209189552,-0.289345937157202,3
Support Vector Regression,0.26528954569788904,-0.22938207474095762,3
Support Vector Regression,0.2461448119736277,0.47935984177848434,3
Support Vector Regression,-1.7405367157549274,-1.9078887406751353,3
Support Vector Regression,-3.3347136412278577,-3.143948324482144,3
Support Vector Regression,-1.1181615001713328,-1.668823666231285,3
Support Vector Regression,-1.4739374796247893,-1.3192124532727827,3
Support Vector Regression,-2.7286993920768685,-2.3522491057197645,3
Support Vector Regression,-1.2407370006641907,-1.5835396291897883,3
Support Vector Regression,-1.7181996551162337,-1.789099661572269,3
Support Vector Regression,-1.5671957242975716,-1.8663179744606302,3
Support Vector Regression,-1.5941100276318725,-1.250757692707429,3
Support Vector Regression,-2.642143447351316,-1.9165343422691667,3
Support Vector Regression,-3.4519129118061063,-2.9838700391609265,3
Support Vector Regression,-3.915670428497184,-3.622458557777274,3
Support Vector Regression,-1.816712585545078,-1.8621034352093402,3
Support Vector Regression,-2.0424559224697187,-2.0547784156438134,3
Support Vector Regression,-1.0801819981618899,-1.6248846932275445,3
Support Vector Regression,-1.9190397324043553,-1.7740311754999742,3
Support Vector Regression,-2.789746241172472,-2.7146970829111914,3
Support Vector Regression,-1.621304790891127,-1.5718721313675854,3
Support Vector Regression,-1.5073537295089607,-1.763805711252746,3
Support Vector Regression,-3.4519129118061063,-3.1821459344046925,3
Support Vector Regression,-1.2328253445920763,-1.5757869941011036,3
Support Vector Regression,-1.947863458882499,-2.402030400083239,3
Support Vector Regression,-1.5240818424273839,-1.4157903683609314,3
Support Vector Regression,-1.540907293954747,-1.1714193977200034,3
Support Vector Regression,-0.8769725367904692,-1.12669799182355,3
Support Vector Regression,-3.151893437607053,-2.7531814910607006,3
Support Vector Regression,-1.5398588190217488,-1.5817047728710536,3
Support Vector Regression,-1.1543394167845993,-1.2594004330595494,3
Support Vector Regression,-0.6082262842300837,-0.9843659608984927,3
Support Vector Regression,-1.3991403077454354,-1.7645212192927346,3
Support Vector Regression,-1.9406256000139548,-1.928599918110311,3
Support Vector Regression,-0.9568598388437015,-0.9591125602382826,3
Support Vector Regression,-1.0181181552809078,-1.2586563375874094,3
Support Vector Regression,-2.2646029664100515,-2.0564188093987,3
Support Vector Regression,-1.1400317683551704,-0.7514310662489632,3
Support Vector Regression,-3.4341521813264824,-2.870458948273715,3
Support Vector Regression,-1.5600709478109722,-1.614566276812626,3
Support Vector Regression,-2.723197328038221,-2.2179965808268585,3
Support Vector Regression,-1.0748372190236377,-1.2184520176712492,3
Support Vector Regression,-0.4819145002205912,-0.9670084849506329,3
Support Vector Regression,-1.1827941397057182,-1.492940942036241,3
Support Vector Regression,-3.2503548803911073,-2.8028198955928874,3
Support Vector Regression,-0.6143935172969877,-1.3818541646431513,3
Support Vector Regression,-2.428366273865067,-2.274155985644825,3
Support Vector Regression,-1.7462641625323523,-1.4444918126645034,3
Support Vector Regression,-3.241946952668458,-2.984224006615635,3
Support Vector Regression,-1.3068936298450675,-1.5065844669378148,3
Support Vector Regression,-1.3089106800327817,-1.2081929023420688,3
Support Vector Regression,-1.011455146773862,-1.1529314368154975,3
Support Vector Regression,-2.703826191329584,-2.0763967402072936,4
Support Vector Regression,-2.3146334389286793,-2.464968069827897,4
Support Vector Regression,-1.9492654506102318,-2.530461178402567,4
Support Vector Regression,-2.158822044993741,-2.1813208720714856,4
Support Vector Regression,-0.737425984358659,-1.5299366665041585,4
Support Vector Regression,-1.524080623031204,-1.550585834322435,4
Support Vector Regression,-0.32212322804184973,-1.2218442654427122,4
Support Vector Regression,-0.9407520429016281,-1.396520899314393,4
Support Vector Regression,-1.5498899805881399,-1.8375561634207527,4
Support Vector Regression,-1.0225392132375182,-0.9642480386225705,4
Support Vector Regression,-1.8229892712376083,-1.8242886930317113,4
Support Vector Regression,-3.1597853454922076,-2.595262110225544,4
Support Vector Regression,-1.1061070209631036,-1.8036144140505983,4
Support Vector Regression,-3.3816182003459216,-3.5074218124578387,4
Support Vector Regression,-3.876468483448327,-3.945141266170001,4
Support Vector Regression,-0.6704627883686575,-0.47201277420160137,4
Support Vector Regression,-0.5196118275771817,-0.5370945740193505,4
Support Vector Regression,-0.5987130334578719,-0.33153998098967463,4
Support Vector Regression,-0.4049916766527308,0.46795688484530773,4
Support Vector Regression,-0.012750569114115418,-0.41058210496660474,4
Support Vector Regression,-2.931358924489361,-2.0452223171339012,4
Support Vector Regression,-1.9304209166838449,-1.989545577615265,4
Support Vector Regression,-1.1731208384522849,-1.3892929511996184,4
Support Vector Regression,-1.1005815755977664,-1.299217358484407,4
Support Vector Regression,-1.2279630916135922,-1.7418983863307984,4
Support Vector Regression,-2.2017306515457955,-1.56535012144022,4
Support Vector Regression,-3.349843097267282,-2.8672867821754577,4
Support Vector Regression,-2.0468682910310587,-2.3920246226281185,4
Support Vector Regression,-3.1381335734004905,-2.728948585342341,4
Support Vector Regression,-2.5493325073158326,-2.7987788367052326,4
Support Vector Regression,-3.20721692140729,-2.4734977337417527,4
Support Vector Regression,-3.1668739337041876,-2.730801778890207,4
Support Vector Regression,-3.1413617595139014,-2.7705257303311503,4
Support Vector Regression,-1.800655814770182,-1.939790843130607,4
Support Vector Regression,-1.9785756664607834,-1.5923729509614417,4
Support Vector Regression,-1.0599038235929437,-1.2003207377288763,4
Support Vector Regression,-2.7103007043055714,-2.3139602822546803,4
Support Vector Regression,-2.048440290036772,-1.7212451456344091,4
Support Vector Regression,-3.873453012328298,-3.8366146722727064,4
Support Vector Regression,-1.4861381638460753,-2.023968423971916,4
Support Vector Regression,-3.008152176256889,-2.0685909994714535,4
Support Vector Regression,-1.6435374468814823,-2.0067326394173555,4
Support Vector Regression,-1.777268237794943,-1.5515320986487144,4
Support Vector Regression,-1.183812038624167,-1.5031306584244186,4
Support Vector Regression,-2.6799272800459657,-1.9533867117672565,4
Support Vector Regression,-1.1286208649028604,-1.284059636430881,4
Support Vector Regression,-3.52120992195253,-2.7936322952268267,4
Support Vector Regression,-3.007286136495451,-2.91873827060038,4
Support Vector Regression,-2.5986223809209954,-2.8658205090854802,4
Support Vector Regression,-2.487130374543647,-2.5740428921411884,4
Support Vector Regression,-3.221262124613128,-2.6748667595408033,4
Support Vector Regression,-3.384203503318252,-3.489308758696364,4
Support Vector Regression,-1.4113517913995703,-1.7015626472157075,4
Support Vector Regression,-1.547722797531173,-1.9832969348169025,4
Support Vector Regression,-3.6472310978345055,-3.1210623293324318,4
Support Vector Regression,-2.2317936703338876,-2.1386730734451636,4
Support Vector Regression,-1.9704478542261563,-1.9899579184121312,4
Support Vector Regression,-2.2875737313332407,-1.8929009751896941,4
Support Vector Regression,-3.848875409949318,-3.832312330128203,4
Support Vector Regression,-3.7105715966505453,-3.939206621611329,4
Support Vector Regression,-2.236090057320799,-2.1666088435725523,4
Support Vector Regression,-2.470173263354167,-2.150461629035582,4
Support Vector Regression,-3.688222835963096,-3.130887788587191,4
Support Vector Regression,-2.1210586466718686,-2.197679969205735,4
Support Vector Regression,-2.2175363341456173,-2.4243144018501916,4
Support Vector Regression,-2.0061846218108834,-2.0632887867289122,4
Support Vector Regression,-3.246574755779347,-3.27971074717167,4
Support Vector Regression,-1.5371060964041248,-1.9465690710309809,4
Support Vector Regression,-3.09259777670544,-2.322601937200102,4
Support Vector Regression,-1.9555954093204297,-2.537365109820396,4
Support Vector Regression,-2.4911353637922846,-2.1990684074440425,4
Support Vector Regression,-1.6253102968663857,-2.1354436001540673,4
Support Vector Regression,-2.110664900131247,-2.6382480984983916,4
Support Vector Regression,-1.7883466398341077,-2.1302100326303255,4
Support Vector Regression,-1.7565625592771141,-1.5572014898426842,4
Support Vector Regression,-2.0615953180564492,-2.303895287034781,4
Support Vector Regression,-1.7015723913432346,-1.5471364683832411,4
Support Vector Regression,-3.508144052188851,-3.491131081340929,4
Support Vector Regression,-3.48241354468584,-2.867766776792941,4
Support Vector Regression,-1.8211763195496429,-2.5631083635384857,4
Support Vector Regression,-3.7834435403498214,-3.3631718257730037,4
Support Vector Regression,-2.000920332458684,-1.9818012347688254,4
Support Vector Regression,-1.272659841843383,-1.666518160411288,4
Support Vector Regression,-2.5430732387631334,-2.3755322954546894,4
Support Vector Regression,-1.4273499677206534,-1.4606944343183477,4
Support Vector Regression,-1.945720453842236,-2.116658440546862,4
Support Vector Regression,-1.006612713059657,-1.2295463988410136,4
Support Vector Regression,-3.23633470688153,-3.0913572510424605,4
Support Vector Regression,-1.5838670484167507,-1.7963060017917352,4
Support Vector Regression,-3.5459650539173615,-3.393941119085189,4
Support Vector Regression,-2.1142795046940637,-2.2472026817908834,4
Support Vector Regression,-1.385136327132139,-1.053514991062423,4
Support Vector Regression,-2.4117878095891196,-2.3071433767097296,4
Support Vector Regression,-1.8887177216857802,-1.769599212613696,4
Support Vector Regression,-1.3434220574020639,-1.4899697212257617,4
Support Vector Regression,-1.2303723324828062,-1.4047399632486655,4
Support Vector Regression,-1.42943857964666,-1.8315792905808508,4
Support Vector Regression,-1.0807113206322263,-1.0702783344936895,4
Support Vector Regression,-3.4629936067206395,-3.112557830913637,4
Support Vector Regression,-3.6572596108178765,-3.666214005528527,4
Support Vector Regression,-1.9718622007532294,-1.9383673476235526,4
Support Vector Regression,-1.9930514957526793,-2.2087505859288523,4
Support Vector Regression,-2.176441984856953,-2.325804592563059,4
Support Vector Regression,-3.289282825523282,-2.938883946136027,4
Support Vector Regression,-1.98115226552214,-1.8580682283801588,4
Support Vector Regression,-2.484467237840419,-2.48470915724467,4
Support Vector Regression,-2.1469087646472067,-2.2119979208684932,4
Support Vector Regression,-2.099963060637607,-2.3612413746537864,4
Support Vector Regression,-2.7671936491741276,-2.77853052435868,4
Support Vector Regression,-1.4115626764192806,-1.4535949268166193,4
Support Vector Regression,-3.390442939572028,-3.097199506640599,4
Support Vector Regression,-1.064270917741021,-1.4804696580606396,4
Support Vector Regression,-1.2563082695173393,-1.393334403241896,4
Support Vector Regression,-0.6074545522659878,-1.0029322250290353,4
Support Vector Regression,-2.9171991963522217,-2.514336208822536,4
Support Vector Regression,-2.00821940080217,-1.749991791873398,4
Support Vector Regression,-0.6538319472043919,-1.041486563785441,4
Support Vector Regression,-1.4330573818946528,-1.528181319503764,4
Support Vector Regression,-1.86662075613132,-2.076230420927428,4
Support Vector Regression,-2.1782870563447125,-2.0356093035876333,4
Support Vector Regression,-3.352587686654944,-3.2148280374442315,4
Support Vector Regression,-3.7692522846397316,-3.3864891032850215,4
Support Vector Regression,-2.5312982881059978,-2.249556266632658,4
Support Vector Regression,-1.421235229471209,-1.909312756577335,4
Support Vector Regression,-1.3544637580442256,-1.6982230246234977,4
Support Vector Regression,-1.5438464586997465,-1.9919857085953119,4
Support Vector Regression,-2.2062980891288984,-2.043594372431776,4
Support Vector Regression,-2.612904311968554,-2.1286854230098076,4
Support Vector Regression,-3.5378566631708024,-2.8565304386699903,4
Support Vector Regression,-2.806163575333855,-2.8728519042632223,4
Support Vector Regression,-1.9090244195663402,-2.092041178332708,4
Support Vector Regression,-3.644312909802797,-4.168318366551618,4
Support Vector Regression,-2.4951902617888977,-2.6228386732561875,4
Support Vector Regression,-2.672496188704653,-2.041873903923976,4
Support Vector Regression,-1.2327435377262763,-1.611986292924225,4
Support Vector Regression,-1.8793987946410835,-2.108090121149834,4
Support Vector Regression,-1.4386260150993235,-1.5559139227472638,4
Support Vector Regression,-4.0490653862997,-3.7713210909964396,4
Support Vector Regression,-1.4001202888111866,-1.5127783326524444,4
Support Vector Regression,-1.1843962080688974,-1.4643485242461898,4
Support Vector Regression,-0.7420831923821466,-1.4086369283207163,4
Support Vector Regression,-0.9279654459479447,-0.862394895473479,4
Support Vector Regression,-2.174390400742264,-2.429111741662809,4
Support Vector Regression,-0.7242679085347501,-0.9049552898825333,4
Support Vector Regression,-3.312493333735544,-3.272812327565034,4
Support Vector Regression,-1.2640972244503184,-2.0877267128185286,4
Support Vector Regression,-3.542851120580754,-2.998937904987261,4
Support Vector Regression,-3.119103556806872,-2.693152373599451,4
Support Vector Regression,-2.329956957829961,-2.309558882993894,4
Support Vector Regression,-1.5609490414532068,-1.227887730559468,4
Support Vector Regression,-1.1984184440476704,-1.3803646784771353,4
Support Vector Regression,-2.04835547456192,-2.065760010415707,4
Support Vector Regression,-1.8171279243372191,-2.3340948460741346,4
Support Vector Regression,-1.7701752248722789,-1.6028801109348345,4
Support Vector Regression,-2.17663866294089,-2.799841822696726,4
Support Vector Regression,-2.568749167088006,-2.3599825698409678,4
Support Vector Regression,-3.744840908818875,-3.678206325058011,4
Support Vector Regression,-1.785391290725075,-1.851172068837399,4
Support Vector Regression,-2.8217593886833527,-2.61091157829506,4
Support Vector Regression,-1.7709615792854492,-1.991777296882483,4
Support Vector Regression,-4.034798298974088,-3.8031678262986666,4
Support Vector Regression,-2.345229430009625,-1.8918965840163149,4
Support Vector Regression,-3.233202110369878,-2.5369771256697664,4
Support Vector Regression,-2.626594359719023,-2.5782888596870057,4
Support Vector Regression,-1.8175258287604161,-1.7733711255311513,4
Support Vector Regression,-3.6924119784161333,-3.165668371483515,4
Support Vector Regression,-2.993441546294603,-2.2135278317549374,4
Support Vector Regression,-3.3980116731740355,-2.625257127721988,4
Support Vector Regression,-2.804329449939637,-2.1403373325351778,4
Support Vector Regression,-1.7613667161535187,-2.01243973336677,4
Support Vector Regression,-1.5226715493865826,-1.94071378810943,4
Support Vector Regression,-2.579721210352638,-2.510648660734753,4
Support Vector Regression,-1.0471006958966393,-1.042390467524726,4
Support Vector Regression,-1.7139992395270756,-1.776653676481141,4
Support Vector Regression,-3.3036200184447138,-3.1069529283922797,4
Support Vector Regression,-1.694880975742639,-2.3612027950444396,4
Support Vector Regression,-3.3309007861959947,-2.8632651657236,4
Support Vector Regression,-3.1090516644066044,-2.5435757127869287,4
Support Vector Regression,-2.5585788782984222,-2.1605691452590663,4
Support Vector Regression,-1.7581838126622393,-1.785010286211369,4
Support Vector Regression,-0.9490993255496558,-1.0065374135387095,4
Support Vector Regression,-1.9412408278950934,-2.085158919980217,4
Support Vector Regression,-3.184747097908846,-3.1181946557656985,4
Support Vector Regression,-0.9751054096242024,-1.1952751289370491,4
Support Vector Regression,-3.184747097908846,-3.2245019434129643,4
Support Vector Regression,-1.47951268111869,-1.5090545644534796,4
Support Vector Regression,-1.5281785967617054,-0.9823390848624094,4
Support Vector Regression,-0.7856945313640958,-1.0315367706379333,4
Support Vector Regression,-2.1639051839291805,-1.6233425607972023,4
Support Vector Regression,-1.2672463833090828,-1.458600040209077,4
Support Vector Regression,-1.2183710988289476,-1.3770808803649912,4
Support Vector Regression,-2.850003549488979,-2.8555532363412777,4
Support Vector Regression,-1.6362623936895822,-1.983699263814072,4
Support Vector Regression,-1.951987303305516,-1.4399747851511917,4
Support Vector Regression,-2.4796814387852613,-2.149788253086846,4
Support Vector Regression,-3.05329283374744,-2.7584537140267087,4
Support Vector Regression,-1.514016684929528,-2.0825393113275616,4
Support Vector Regression,-1.428472864706594,-1.6659974997987068,4
Support Vector Regression,-2.017352405817494,-2.0922726560101403,4
Support Vector Regression,-1.5736750209710204,-2.211773929730511,4
Support Vector Regression,-2.740096874062147,-2.576321263307509,4
Support Vector Regression,-1.34349300583641,-1.7126252614500737,4
Support Vector Regression,0.25792460161657743,0.20442602710239965,4
Support Vector Regression,-0.9486409221793155,-1.4698595560925674,4
Support Vector Regression,0.10764671163334447,0.5225569127368028,4
Support Vector Regression,0.011790398005349874,-0.12804104038761066,4
Support Vector Regression,-0.004427072779599359,0.19460505723283505,4
Support Vector Regression,0.004405968258246192,-0.26606498502187437,4
Support Vector Regression,0.27486911420534327,0.3017602623921616,4
Support Vector Regression,-0.5442825169537446,-0.39027982950230955,4
Support Vector Regression,-3.6464665167152384,-3.512483878416621,4
Support Vector Regression,-1.181419364072578,-1.4129970681257134,4
Support Vector Regression,-1.5200924815934278,-1.65860942805685,4
Support Vector Regression,-1.7655110123526006,-2.4233516411121894,4
Support Vector Regression,-1.1820723340995358,-0.9806652024446405,4
Support Vector Regression,-2.5395917281791975,-2.014111122998221,4
Support Vector Regression,-1.862548056774303,-1.7050010747247943,4
Support Vector Regression,-1.455583530702784,-1.4092675950530846,4
Support Vector Regression,-1.852111989478871,-2.154223349417016,4
Support Vector Regression,-2.088287115891733,-2.8810474716039423,4
Support Vector Regression,-3.8233531994782193,-3.690466565398187,4
Support Vector Regression,-1.5290505627346085,-1.3464680866377785,4
Support Vector Regression,-1.2812660713628026,-1.3268330829182875,4
Support Vector Regression,-1.1998361610596366,-1.249697617701181,4
Support Vector Regression,-1.3469740509457453,-1.3459837080274415,4
Support Vector Regression,-1.6539166652584223,-1.9490468136599055,4
Support Vector Regression,-1.649488441015367,-1.6973769720725056,4
Support Vector Regression,-1.6322137070153477,-1.866983067958719,4
Support Vector Regression,-1.3198484161479276,-1.1938630177609166,4
Support Vector Regression,-1.1431217053996168,-2.5000732404842614,4
Support Vector Regression,-1.2491101104442828,-1.4414893431807025,4
Support Vector Regression,-0.952771189748095,-1.1651950580447945,4
Support Vector Regression,-1.5966625231096632,-1.45897833343445,4
Support Vector Regression,-2.14182332020342,-1.967267981041759,4
Support Vector Regression,-2.348164353297759,-1.7741002073433019,4
Support Vector Regression,-1.2755333695267534,-1.1542624974092621,4
Support Vector Regression,-0.8609839615611586,-0.7098835335395668,4
Support Vector Regression,-0.8837798009584171,-1.032655212436115,4
Support Vector Regression,-1.8459806844208395,-1.5816097616552152,4
Support Vector Regression,-0.9172146296835499,-1.1730055701193551,4
Support Vector Regression,-0.9679951762893184,-1.1458073097895838,4
Support Vector Regression,-1.483088664742514,-1.7132486658171648,4
Support Vector Regression,-3.1791288900792822,-1.9753294200482054,4
Support Vector Regression,-0.6591799251191045,-0.925661663797229,4
Support Vector Regression,-1.025762740954669,-1.0914777741565764,4
Support Vector Regression,-0.6158874808696795,-0.9670454158536521,4
Support Vector Regression,-2.385444450882969,-2.083550919698526,4
Support Vector Regression,-0.14567163968046612,-1.821343780265159,4
Support Vector Regression,-1.2028902052841348,-1.4730835163593174,4
Support Vector Regression,-3.7648251925435416,-3.4355287443927205,4
Support Vector Regression,-1.4806961523875994,-1.7201446242476592,4
Support Vector Regression,-1.0026227122886122,-1.22415662336459,4
Support Vector Regression,-1.031601943299423,-0.9289021498544783,4
Support Vector Regression,-1.7793995024399858,-1.8098508220555718,4
Support Vector Regression,-1.5167709261725162,-1.3465384855672151,4
Support Vector Regression,-1.4158076024067474,-1.561781852163538,4
Support Vector Regression,-2.390077592912712,-3.018657663061792,4
Support Vector Regression,-1.3147618244158232,-1.7154839245239308,4
Support Vector Regression,-3.8301933583825565,-3.6451304288686246,4
Support Vector Regression,-3.431262194557772,-3.738688125620423,5
Support Vector Regression,-2.0772161211350064,-2.3494961332182522,5
Support Vector Regression,-2.3969317709673565,-2.1120848466151965,5
Support Vector Regression,-3.5076503600642033,-3.122272449146215,5
Support Vector Regression,-1.7636611133035243,-2.4721659102140525,5
Support Vector Regression,-2.559953281626918,-2.350680245794143,5
Support Vector Regression,-2.423624898245491,-1.8727778105562503,5
Support Vector Regression,-2.1263969370231783,-2.1383963921224654,5
Support Vector Regression,-2.7922905193547125,-2.6971621898007605,5
Support Vector Regression,-1.7253486984128064,-2.039682771382789,5
Support Vector Regression,-3.6845481800874196,-3.8247888741957707,5
Support Vector Regression,-0.3239443747054647,-1.5018938083839757,5
Support Vector Regression,-1.5321588732385725,-1.764869629166922,5
Support Vector Regression,-0.9452141888163385,-1.1376743086916865,5
Support Vector Regression,-1.374139089297611,-1.0247417052747096,5
Support Vector Regression,-1.2247774230710238,-1.070365579023929,5
Support Vector Regression,-1.4091232046942341,-1.2058881333870803,5
Support Vector Regression,-1.9996117840097518,-1.5815976846906603,5
Support Vector Regression,-3.2351404478705748,-2.7601149372981273,5
Support Vector Regression,-2.3531252756425936,-2.6502111390781655,5
Support Vector Regression,-2.808030042713029,-2.519734553376147,5
Support Vector Regression,-2.7929079641438137,-3.3221071043716464,5
Support Vector Regression,-2.808030042713029,-2.542696723722862,5
Support Vector Regression,-2.772379350111858,-2.7856988683251416,5
Support Vector Regression,-2.272602230242758,-2.269701324776993,5
Support Vector Regression,-2.198253243671017,-2.4348080353604287,5
Support Vector Regression,-2.1155432005946873,-2.5735684479010206,5
Support Vector Regression,-1.694125814017541,-2.3085982855629146,5
Support Vector Regression,0.05304456027413388,-0.9731795687467015,5
Support Vector Regression,-0.3696586894071177,-0.06338095269546162,5
Support Vector Regression,-0.16542042319834802,0.14367643417789067,5
Support Vector Regression,-0.14570591755806434,0.2261974774785327,5
Support Vector Regression,-0.28184511787174465,-0.7603636685354649,5
Support Vector Regression,-1.1235679872330004,-1.0701252745109255,5
Support Vector Regression,0.20849296776590773,0.21457410849953096,5
Support Vector Regression,-2.004293876429448,-2.204882192142266,5
Support Vector Regression,-2.541474704475919,-2.447753550903295,5
Support Vector Regression,-2.2432421390383843,-2.354007177239741,5
Support Vector Regression,-1.4735211762278637,-1.6832018338975183,5
Support Vector Regression,-2.9238738790387533,-2.849609624233996,5
Support Vector Regression,-3.447382880362,-3.405102189876859,5
Support Vector Regression,-2.557865138098485,-3.059921619848348,5
Support Vector Regression,-2.6991941581253336,-2.726178491652038,5
Support Vector Regression,-2.3339531661956356,-2.6684740789327397,5
Support Vector Regression,-3.20721692140729,-2.7761598470735893,5
Support Vector Regression,-2.4751841978240816,-2.56470203712409,5
Support Vector Regression,-2.704319008875443,-3.082900308864763,5
Support Vector Regression,-3.4317548486561424,-3.3496984328483417,5
Support Vector Regression,-1.4326336990343642,-1.6003061088965835,5
Support Vector Regression,-3.130720745231321,-3.0165267393794,5
Support Vector Regression,-2.492075482831661,-1.633512881516519,5
Support Vector Regression,-1.415304935020491,-1.5656669595155175,5
Support Vector Regression,-2.7233828886420643,-2.603243610207026,5
Support Vector Regression,-2.861353792341514,-2.6222696590401107,5
Support Vector Regression,-2.9864932974615632,-2.1476773387985366,5
Support Vector Regression,-1.5372443207314632,-1.3671098991415032,5
Support Vector Regression,-2.586212054867284,-2.370193798020433,5
Support Vector Regression,-2.635616939296958,-2.0417147968519216,5
Support Vector Regression,-1.8026465968079968,-1.555473268136136,5
Support Vector Regression,-1.6217142305536996,-1.6579075815714623,5
Support Vector Regression,-1.2886807788238237,-1.6998511864766728,5
Support Vector Regression,-1.3104931690369908,-1.4536644030455994,5
Support Vector Regression,-3.6203410251864447,-3.5715724690292223,5
Support Vector Regression,-1.794765718416369,-2.296506033171184,5
Support Vector Regression,-1.2227575127427186,-2.075834619613251,5
Support Vector Regression,-3.3114386993585976,-2.7262792834497933,5
Support Vector Regression,-3.9730828630218453,-3.9319297242406748,5
Support Vector Regression,-1.6536721058017216,-2.265989285569151,5
Support Vector Regression,-2.663203768289533,-2.5805373033331906,5
Support Vector Regression,-1.7568408124580226,-1.6835873438442173,5
Support Vector Regression,-1.3160847906164357,-1.3956086049353416,5
Support Vector Regression,-1.7113615374852664,-1.9688268424536397,5
Support Vector Regression,-1.41390601215094,-1.4880676512052322,5
Support Vector Regression,-2.644753893986956,-3.109665782234429,5
Support Vector Regression,-2.988535711454289,-3.572972398161288,5
Support Vector Regression,-3.688222835963096,-3.5497313927115757,5
Support Vector Regression,-1.987977989665314,-2.8198257383679364,5
Support Vector Regression,-2.4995431395917818,-2.854965745687789,5
Support Vector Regression,-1.2376574055894478,-2.0042055294398193,5
Support Vector Regression,-2.248890796910272,-2.0654857951383963,5
Support Vector Regression,-3.40015839520823,-3.157330374855072,5
Support Vector Regression,-3.339134521996131,-2.962542035522826,5
Support Vector Regression,-3.4715139529702097,-2.794136084314956,5
Support Vector Regression,-2.999290941959355,-2.4229666323717294,5
Support Vector Regression,-3.7551664480113374,-3.362016560964914,5
Support Vector Regression,-2.7669040895368373,-2.659476990552154,5
Support Vector Regression,-1.7310907007998717,-1.901812714077353,5
Support Vector Regression,-2.0559062448512155,-3.1904545975933276,5
Support Vector Regression,-2.3566470252815495,-2.794289090280762,5
Support Vector Regression,-1.7478447295977892,-2.0277603757770795,5
Support Vector Regression,-1.4886987965534475,-1.899672531641039,5
Support Vector Regression,-2.082759927050954,-2.3040697293170274,5
Support Vector Regression,-2.8326132427713318,-2.8175236951667535,5
Support Vector Regression,-1.6846961468463335,-1.894124364011109,5
Support Vector Regression,-2.9211605333956863,-2.723412725227812,5
Support Vector Regression,-1.4722472768836088,-2.1441407278916733,5
Support Vector Regression,-1.3149788474841408,-1.3684578463241188,5
Support Vector Regression,-2.3552642027188186,-1.9571261016949935,5
Support Vector Regression,-2.2414236426625673,-2.1824519081322844,5
Support Vector Regression,-3.9030899869919438,-3.776923748989715,5
Support Vector Regression,-2.772360579555891,-2.325289699683952,5
Support Vector Regression,-1.7340876483093817,-2.2799503590002654,5
Support Vector Regression,-2.728175115284189,-2.361625964150404,5
Support Vector Regression,-3.3980931244651527,-2.844925753228173,5
Support Vector Regression,-2.258862588858495,-2.4039020654933148,5
Support Vector Regression,-1.0474177734305667,-1.3412556014624062,5
Support Vector Regression,-3.7834435403498214,-3.3621028389122216,5
Support Vector Regression,-1.3819820537899474,-1.4515352078791668,5
Support Vector Regression,-1.2174698965346429,-1.2685129319445814,5
Support Vector Regression,-2.2151453721747094,-1.9147729512516993,5
Support Vector Regression,-1.9458635904251336,-1.8097345285603699,5
Support Vector Regression,-1.3195712003583318,-1.3560787319889664,5
Support Vector Regression,-1.8441291379223155,-2.255195168966911,5
Support Vector Regression,-3.172776808882327,-2.779186872341801,5
Support Vector Regression,-3.4629936067206395,-3.217584042062111,5
Support Vector Regression,-2.6148556108775285,-2.3450070645343266,5
Support Vector Regression,-1.8350242298439021,-1.9194319994636402,5
Support Vector Regression,-1.7892523214132656,-1.824355115284595,5
Support Vector Regression,-3.2877805976748804,-3.169688774476552,5
Support Vector Regression,-1.9011407722544549,-1.968871157278005,5
Support Vector Regression,-1.4257747559860434,-1.5441577786470362,5
Support Vector Regression,-0.9637364568210032,-1.4016702519309354,5
Support Vector Regression,-2.809138225804324,-2.217900443314575,5
Support Vector Regression,-1.1441412885613946,-1.0950648462203498,5
Support Vector Regression,-1.737359048801603,-1.6607606263533374,5
Support Vector Regression,-2.1469087646472067,-1.7611624168954079,5
Support Vector Regression,-0.7705521408719755,-0.704779574291541,5
Support Vector Regression,-0.9349414936187838,-1.0757446272411144,5
Support Vector Regression,-2.1372208240925845,-2.485217872573522,5
Support Vector Regression,-0.664255515397868,-1.0944994707773577,5
Support Vector Regression,-2.001001072492525,-1.5017454010304572,5
Support Vector Regression,-2.536796608945731,-1.9533357439049093,5
Support Vector Regression,-1.1521693207507044,-0.8447574705054592,5
Support Vector Regression,-3.054246410327101,-2.4295490446369814,5
Support Vector Regression,-3.7986028756795487,-3.1399278469672356,5
Support Vector Regression,-1.982318834323383,-1.6803824546023642,5
Support Vector Regression,-4.219679806977318,-3.990756961926355,5
Support Vector Regression,-2.8108233787082515,-2.5266797588380228,5
Support Vector Regression,-2.8641555620169683,-2.315391828256941,5
Support Vector Regression,-2.7906820711849507,-2.361839296315828,5
Support Vector Regression,-2.2151887800651093,-2.1905911472701143,5
Support Vector Regression,-2.5910208366914373,-2.3445373383234296,5
Support Vector Regression,-3.9453409907865007,-3.6645896990672266,5
Support Vector Regression,-2.0978386037648766,-2.286780109094006,5
Support Vector Regression,-3.7938003909509543,-3.715813377494541,5
Support Vector Regression,-1.881362165893176,-1.8559489002640766,5
Support Vector Regression,-1.4436245197644126,-2.3543389338036347,5
Support Vector Regression,-1.297434930657182,-1.5311378758236287,5
Support Vector Regression,-1.2394237537905008,-1.3640686917152895,5
Support Vector Regression,-1.4486812373435975,-1.5856817940776977,5
Support Vector Regression,-2.8947429719805546,-2.7828703378928807,5
Support Vector Regression,-2.2689882869552584,-3.0953369909978994,5
Support Vector Regression,-1.2297848289673887,-0.8675430176085066,5
Support Vector Regression,-1.3693953613978682,-1.4106097247551839,5
Support Vector Regression,-2.119103556806872,-2.4635174452882134,5
Support Vector Regression,-1.4337063496845048,-1.8797944538894464,5
Support Vector Regression,-1.0639605458204757,-1.177857361540886,5
Support Vector Regression,-1.396090167895999,-1.9347246200318216,5
Support Vector Regression,-1.2530119718858257,-1.1802577565304384,5
Support Vector Regression,-1.525605260081181,-1.8461910529403582,5
Support Vector Regression,-3.8997432135729384,-3.661932365871884,5
Support Vector Regression,-2.258173837778395,-2.674493402172139,5
Support Vector Regression,-1.4790145740873064,-1.6866750886730448,5
Support Vector Regression,-1.6434286328720604,-1.9076593073715427,5
Support Vector Regression,-2.3758693662733776,-2.335507027977682,5
Support Vector Regression,-3.233202110369878,-3.0365057959485684,5
Support Vector Regression,-2.2405786779424,-2.520761082908155,5
Support Vector Regression,-2.300301079838426,-3.131299516001943,5
Support Vector Regression,-2.483384252706259,-2.318848827556438,5
Support Vector Regression,-2.1032881447661516,-2.389266441534451,5
Support Vector Regression,-2.8201877676993385,-2.4984457933091146,5
Support Vector Regression,-2.3460680222446215,-1.8472354842178074,5
Support Vector Regression,-2.7386203038591304,-2.634124024517826,5
Support Vector Regression,-1.6345122959030371,-1.7981655217508772,5
Support Vector Regression,-2.0645418092014314,-1.8984398825084763,5
Support Vector Regression,-1.1848306140119889,-1.6171834139858472,5
Support Vector Regression,-1.5951494590693263,-1.9002046611221344,5
Support Vector Regression,-2.1980100109869287,-2.3487842061889204,5
Support Vector Regression,-1.6404184550270633,-1.638106153036935,5
Support Vector Regression,-3.0455186942585932,-3.0105521415818712,5
Support Vector Regression,-3.600326278518962,-3.655662224090732,5
Support Vector Regression,-4.056947918112584,-3.7867851778618853,5
Support Vector Regression,-2.4520022992105748,-2.5328689547965744,5
Support Vector Regression,-1.5279900670983446,-1.5730816113271042,5
Support Vector Regression,-2.5783960731301687,-2.652785947049703,5
Support Vector Regression,-2.1956618739690814,-2.3341880766959484,5
Support Vector Regression,-4.059833781301273,-3.6244040919548883,5
Support Vector Regression,-1.9644153443855357,-2.0380970990764906,5
Support Vector Regression,-1.4333467694862632,-1.4794176146584785,5
Support Vector Regression,-2.695416849848479,-2.497371808559746,5
Support Vector Regression,-1.5145266747759671,-1.6358230243864436,5
Support Vector Regression,-3.844232919056576,-3.62366501009648,5
Support Vector Regression,-1.4566894173821427,-1.5951973114794855,5
Support Vector Regression,-2.432175336754664,-2.464118456089425,5
Support Vector Regression,-1.6613977234664838,-1.9704072926787697,5
Support Vector Regression,-2.22015815118179,-2.05322681684094,5
Support Vector Regression,-2.0742842332450646,-1.8035926798647197,5
Support Vector Regression,-1.8196475705694013,-1.9987426648744564,5
Support Vector Regression,-0.8521750241183932,-1.3388984569490414,5
Support Vector Regression,-2.8559441417598115,-2.506111058109913,5
Support Vector Regression,-3.0397590359811644,-3.003852909424761,5
Support Vector Regression,-1.2025079170212445,-1.7193087466758836,5
Support Vector Regression,-1.4655690967005093,-1.8225319869910033,5
Support Vector Regression,-1.2165796349138172,-1.2722177469042868,5
Support Vector Regression,-1.5350740375460707,-1.6605085546347724,5
Support Vector Regression,-0.9737395646276028,-1.2969380239539068,5
Support Vector Regression,-1.2800471306587051,-1.787883805884082,5
Support Vector Regression,-3.7618083196547483,-3.8090570036477933,5
Support Vector Regression,-2.122395441870392,-1.8761034388053384,5
Support Vector Regression,-2.8165949053280404,-2.6666722842361885,5
Support Vector Regression,-3.360662949678316,-3.3508425477225567,5
Support Vector Regression,-2.3371392715991264,-2.1468191501471456,5
Support Vector Regression,-1.9765773961271407,-1.9931790682788932,5
Support Vector Regression,-1.1895507451644802,-1.4767124766610418,5
Support Vector Regression,-0.8579133376664105,-1.120333497542362,5
Support Vector Regression,0.11059120541434526,-0.18114068397487992,5
Support Vector Regression,-0.2703526265197312,-0.285428188134107,5
Support Vector Regression,-0.002962342870760633,0.43687471903421393,5
Support Vector Regression,-0.3118025518663407,-0.13326928435402818,5
Support Vector Regression,-0.03690399983927772,0.13066866133536115,5
Support Vector Regression,0.2733961152011059,0.37651998335141057,5
Support Vector Regression,-1.9219867657940077,-2.0674978090829885,5
Support Vector Regression,-1.7473311829109102,-1.866413569386694,5
Support Vector Regression,-3.1657421077804533,-3.045596245315382,5
Support Vector Regression,-2.1512701073865577,-2.057439070340959,5
Support Vector Regression,-1.6790364719823858,-1.7233268868970328,5
Support Vector Regression,-1.098047311203653,-1.2318386076581314,5
Support Vector Regression,-2.297622719595401,-1.848648723620439,5
Support Vector Regression,-1.315440666986884,-1.430107629029582,5
Support Vector Regression,-2.2038635814094025,-2.6371862958931604,5
Support Vector Regression,-2.5479760718766045,-2.1206721525962386,5
Support Vector Regression,-2.3812985463366814,-2.148864965501624,5
Support Vector Regression,-1.1009937914140275,-1.136044931164402,5
Support Vector Regression,-1.6695950343945678,-1.7540775215080533,5
Support Vector Regression,-1.7472661616036533,-1.470398896076274,5
Support Vector Regression,-1.1286832686838821,-1.5474935498192326,5
Support Vector Regression,-1.4753372030036505,-1.9336918637732785,5
Support Vector Regression,-1.573747505577719,-1.0921670075367464,5
Support Vector Regression,-1.111999901692932,-1.2310335225406146,5
Support Vector Regression,-1.3041517533417322,-1.4075578149988888,5
Support Vector Regression,-1.629049819754814,-1.81826723153238,5
Support Vector Regression,-1.4583509625515516,-1.9422923694678735,5
Support Vector Regression,-2.451728539243243,-2.1651025817305687,5
Support Vector Regression,-1.3551617678005954,-1.6774376745851796,5
Support Vector Regression,-1.148825472087486,-1.0517877743837307,5
Support Vector Regression,-1.7998312883961207,-1.3963116595397493,5
Support Vector Regression,-1.450536715424269,-1.7585768065507361,5
Support Vector Regression,-0.37949908787793823,-0.8877386696839042,5
Support Vector Regression,-3.20055468102406,-3.357351138444619,5
Support Vector Regression,-0.9402445883836209,-1.4004944179168768,5
Support Vector Regression,-1.530055677420101,-1.5313619842475168,5
Support Vector Regression,-1.9652557068613081,-2.425332530148281,5
Support Vector Regression,-1.6643405451853508,-2.0024682116335564,5
Support Vector Regression,-2.114518460874232,-2.389867834708949,5
Support Vector Regression,-1.63438498383371,-1.7791695547952893,5
Support Vector Regression,-1.0945491836072103,-1.3736485021419957,5
Support Vector Regression,-1.9812071611751474,-2.0436634080389764,5
Support Vector Regression,-1.5672159407631352,-1.5548160194821712,5
Support Vector Regression,-3.3694633107167937,-3.1277863669830124,5
