model,experiment,prediction,split #
Bayesian Ridge Regression,-3.1408689109724577,3814540412187109.0,1
Bayesian Ridge Regression,-2.642729293000293,3814540412187109.0,1
Bayesian Ridge Regression,-3.5076503600642033,3814540412187109.0,1
Bayesian Ridge Regression,-1.5321588732385725,3814540412187109.0,1
Bayesian Ridge Regression,-0.9452141888163385,3814540412187109.0,1
Bayesian Ridge Regression,-1.414958380703708,3814540412187109.0,1
Bayesian Ridge Regression,-1.7566657394319904,3814540412187109.0,1
Bayesian Ridge Regression,-1.221874373746708,3814540412187109.0,1
Bayesian Ridge Regression,-1.9996117840097518,3814540412187108.5,1
Bayesian Ridge Regression,-1.3897810295006061,3814540412187109.0,1
Bayesian Ridge Regression,-1.5041031112940382,3814540412187102.0,1
Bayesian Ridge Regression,-3.694349887124185,3814540412187109.0,1
Bayesian Ridge Regression,-2.617367632441655,3814540412187092.5,1
Bayesian Ridge Regression,-1.8960550708053778,-2.6740058602337392e+17,1
Bayesian Ridge Regression,-2.808030042713029,3814540412187109.0,1
Bayesian Ridge Regression,-2.7929079641438137,3814540412187109.0,1
Bayesian Ridge Regression,-2.9688776583453143,3814540412187075.0,1
Bayesian Ridge Regression,-2.6092962251353855,3814540412187093.5,1
Bayesian Ridge Regression,-3.2036005297986074,3814540412187108.0,1
Bayesian Ridge Regression,-2.198253243671017,3814540412186880.5,1
Bayesian Ridge Regression,-1.7661589553081318,3814540412187109.0,1
Bayesian Ridge Regression,-0.40674416735366103,3814540412187109.0,1
Bayesian Ridge Regression,-0.5196118275771817,3814540412187109.0,1
Bayesian Ridge Regression,0.20995355888867073,3814540412186968.0,1
Bayesian Ridge Regression,-0.08363954432116573,3814540412187105.0,1
Bayesian Ridge Regression,-1.1235679872330004,3814540412187109.0,1
Bayesian Ridge Regression,-3.2691119889214533,3814540412187108.5,1
Bayesian Ridge Regression,-1.8033790498935367,3336070754246659.5,1
Bayesian Ridge Regression,-3.2691119889214533,3814540412187108.5,1
Bayesian Ridge Regression,-1.9101052340727014,3814540412187108.5,1
Bayesian Ridge Regression,-2.8170555006405635,3814540412187092.5,1
Bayesian Ridge Regression,-1.8094490244732577,3814540412187108.0,1
Bayesian Ridge Regression,-1.4817410394981543,3814540412162165.5,1
Bayesian Ridge Regression,-2.2017306515457955,3814540412185139.0,1
Bayesian Ridge Regression,-2.1223515198479075,3814540412187109.0,1
Bayesian Ridge Regression,-2.9238738790387533,3814540412187094.0,1
Bayesian Ridge Regression,-2.8170555006405635,3814540412187108.5,1
Bayesian Ridge Regression,-2.0468682910310587,3814540412187107.5,1
Bayesian Ridge Regression,-3.3308765956121587,3814540412187109.0,1
Bayesian Ridge Regression,-2.7237372356215404,3814540412187109.0,1
Bayesian Ridge Regression,-1.1468871297310963,3814540412187109.0,1
Bayesian Ridge Regression,-2.9119908501955227,3814540412187109.0,1
Bayesian Ridge Regression,-3.366814432940472,3814540412187109.0,1
Bayesian Ridge Regression,-3.310333372786738,3814540412187109.0,1
Bayesian Ridge Regression,-2.704319008875443,3814540412187108.5,1
Bayesian Ridge Regression,-1.624154843179839,3814540412187109.0,1
Bayesian Ridge Regression,-3.4317548486561424,3814540412187109.0,1
Bayesian Ridge Regression,-2.7923263244120906,3814540412187109.0,1
Bayesian Ridge Regression,-2.186006727498246,3814540412187109.0,1
Bayesian Ridge Regression,-2.9864932974615632,3814540412187104.0,1
Bayesian Ridge Regression,-3.434121498561107,3814540412187109.0,1
Bayesian Ridge Regression,-1.4616237416558537,-1.0412770123947446e+19,1
Bayesian Ridge Regression,-1.6435374468814823,3814540412185608.0,1
Bayesian Ridge Regression,-1.3870823799964922,3814540411540142.0,1
Bayesian Ridge Regression,-1.4729877775908402,3814540412187102.0,1
Bayesian Ridge Regression,-1.4100025284401918,3814540412187041.0,1
Bayesian Ridge Regression,-2.3918623308235594,3814540412185925.0,1
Bayesian Ridge Regression,-3.6203410251864447,3814540412187109.0,1
Bayesian Ridge Regression,-2.5986223809209954,-1.2782971195541728e+16,1
Bayesian Ridge Regression,-2.7186459189940226,3814540412187109.0,1
Bayesian Ridge Regression,-3.2590502255091702,3814540412187108.0,1
Bayesian Ridge Regression,-3.9730828630218453,3814540412187109.0,1
Bayesian Ridge Regression,-1.6536721058017216,3814540412186888.5,1
Bayesian Ridge Regression,-1.7568408124580226,3814540412186914.0,1
Bayesian Ridge Regression,-1.3160847906164357,3143153898101854.0,1
Bayesian Ridge Regression,-2.2317936703338876,3814540412187109.0,1
Bayesian Ridge Regression,-1.0232314473246815,3814540412184814.0,1
Bayesian Ridge Regression,-1.5942049925158137,3814540412186988.0,1
Bayesian Ridge Regression,-1.41390601215094,3814540412179393.5,1
Bayesian Ridge Regression,-1.1883246153441216,3814540412139672.0,1
Bayesian Ridge Regression,-3.7105715966505453,3814540412187109.0,1
Bayesian Ridge Regression,-2.7592630971786845,3814540412187109.0,1
Bayesian Ridge Regression,-2.988535711454289,3814540412187108.5,1
Bayesian Ridge Regression,-3.688222835963096,3814540412187109.0,1
Bayesian Ridge Regression,-2.248890796910272,3814540412186706.0,1
Bayesian Ridge Regression,-1.5371060964041248,3814540412187036.0,1
Bayesian Ridge Regression,-3.688222835963096,3814540412187109.0,1
Bayesian Ridge Regression,-2.1081088952398566,3814540412011855.5,1
Bayesian Ridge Regression,-2.999290941959355,3814540412187108.5,1
Bayesian Ridge Regression,-3.7551664480113374,3814540412187109.0,1
Bayesian Ridge Regression,-1.4855749296151965,3814540412150564.0,1
Bayesian Ridge Regression,-2.3566470252815495,3814540412187107.5,1
Bayesian Ridge Regression,-2.082759927050954,3814540412187090.5,1
Bayesian Ridge Regression,-2.848471723996311,3814540412186755.5,1
Bayesian Ridge Regression,-1.2684519185896421,3814540412049124.0,1
Bayesian Ridge Regression,-2.618445069067542,3814540412187107.0,1
Bayesian Ridge Regression,-2.362468744313884,3814540412187106.5,1
Bayesian Ridge Regression,-1.5518607813097591,3814540412185506.5,1
Bayesian Ridge Regression,-3.231239100298885,3814540412187109.0,1
Bayesian Ridge Regression,-1.6253102968663857,3814540412187109.0,1
Bayesian Ridge Regression,-1.2400249421136365,3814540412187108.5,1
Bayesian Ridge Regression,-1.7015723913432346,3814540412187106.5,1
Bayesian Ridge Regression,-1.936797812533807,3814540412187098.5,1
Bayesian Ridge Regression,-1.4975728800155672,-5.1500898318017446e+17,1
Bayesian Ridge Regression,-2.258862588858495,3814540412187109.0,1
Bayesian Ridge Regression,-2.728175115284189,3814540412187109.0,1
Bayesian Ridge Regression,-1.556016572040716,3814540332981486.5,1
Bayesian Ridge Regression,-2.5430732387631334,3814540412187108.5,1
Bayesian Ridge Regression,-1.2174698965346429,3814532960992458.5,1
Bayesian Ridge Regression,-1.006612713059657,3814540407826728.0,1
Bayesian Ridge Regression,-1.9705460914481276,3814540411761770.0,1
Bayesian Ridge Regression,-1.3173301868582306,3814539706380648.0,1
Bayesian Ridge Regression,-2.5037832349706837,3814540412187100.5,1
Bayesian Ridge Regression,-3.5459650539173615,3814540412187109.0,1
Bayesian Ridge Regression,-1.2834663142150111,3814540412187040.5,1
Bayesian Ridge Regression,-1.8887177216857802,3814540412187060.0,1
Bayesian Ridge Regression,-1.3434220574020639,3814540412125470.5,1
Bayesian Ridge Regression,-1.5213971031085405,3814540412187107.5,1
Bayesian Ridge Regression,-1.479191830676853,3814540412187084.5,1
Bayesian Ridge Regression,-2.9206523063014074,3814540412187108.5,1
Bayesian Ridge Regression,-1.8441291379223155,3814540412187095.5,1
Bayesian Ridge Regression,-2.646263945417837,3814540412187108.5,1
Bayesian Ridge Regression,-1.5625822596100025,3814540412186963.5,1
Bayesian Ridge Regression,-2.7555635433899788,3814540412187108.5,1
Bayesian Ridge Regression,-1.0209515518818744,3814540412187109.0,1
Bayesian Ridge Regression,-2.484467237840419,3814540412187109.0,1
Bayesian Ridge Regression,-2.1469087646472067,3814540412187109.0,1
Bayesian Ridge Regression,-1.9011407722544549,3814540412187109.0,1
Bayesian Ridge Regression,-1.9745795534681516,3814540412186945.5,1
Bayesian Ridge Regression,-0.9637364568210032,3814540412187108.5,1
Bayesian Ridge Regression,-1.2563082695173393,3814540412186702.5,1
Bayesian Ridge Regression,-2.1469087646472067,3814540412187108.0,1
Bayesian Ridge Regression,-1.4285635434183963,3814540412187109.0,1
Bayesian Ridge Regression,-1.4330573818946528,3814540412187075.0,1
Bayesian Ridge Regression,-0.664255515397868,3814540412051702.5,1
Bayesian Ridge Regression,-1.0111406945890653,3814540412186949.0,1
Bayesian Ridge Regression,-1.1521693207507044,3814540412186511.5,1
Bayesian Ridge Regression,-3.9600428565808334,3814540412187109.0,1
Bayesian Ridge Regression,-1.386590637896301,3814529973943953.5,1
Bayesian Ridge Regression,-2.8641555620169683,3814540412187109.0,1
Bayesian Ridge Regression,-1.5438464586997465,3814540412187047.0,1
Bayesian Ridge Regression,-2.612904311968554,3814540412186693.5,1
Bayesian Ridge Regression,-2.9753058553179503,3814540412187109.0,1
Bayesian Ridge Regression,-3.0607359079332865,3814540412187109.0,1
Bayesian Ridge Regression,-2.647947017470284,3814540408144502.0,1
Bayesian Ridge Regression,-1.6292558354409146,3814540409502754.5,1
Bayesian Ridge Regression,-1.2158410977813483,3814540392002182.0,1
Bayesian Ridge Regression,-3.7938003909509543,3814540412187109.0,1
Bayesian Ridge Regression,-2.672496188704653,3814540412187108.0,1
Bayesian Ridge Regression,-1.297434930657182,3814540412035769.0,1
Bayesian Ridge Regression,-3.6688623296866587,3814540412187108.5,1
Bayesian Ridge Regression,-1.2503305415619155,3814540398596834.0,1
Bayesian Ridge Regression,-3.6688623296866587,3814540412187108.5,1
Bayesian Ridge Regression,-2.2675571837562845,3814540412187090.0,1
Bayesian Ridge Regression,-1.4001202888111866,3814540412187108.0,1
Bayesian Ridge Regression,-2.2689882869552584,3814540412187109.0,1
Bayesian Ridge Regression,-1.9811271489159006,3814540412187108.5,1
Bayesian Ridge Regression,-0.9642747859315978,3814540412173942.0,1
Bayesian Ridge Regression,-1.3693953613978682,3814540412187109.0,1
Bayesian Ridge Regression,-1.270721247267063,3814540412187051.0,1
Bayesian Ridge Regression,-1.0225594503600544,3814540412187108.5,1
Bayesian Ridge Regression,-1.409977601837042,3814540412187108.0,1
Bayesian Ridge Regression,-0.975127284906683,3814540412187098.5,1
Bayesian Ridge Regression,-1.0144370432648293,3814540412187103.0,1
Bayesian Ridge Regression,-0.7242679085347501,3814540412185973.5,1
Bayesian Ridge Regression,-2.3465562136207656,3814540412187109.0,1
Bayesian Ridge Regression,-2.119103556806872,3814540412186754.0,1
Bayesian Ridge Regression,-3.744840908818875,3814540412187109.0,1
Bayesian Ridge Regression,-2.0948568608862326,3814540412186041.5,1
Bayesian Ridge Regression,-1.525605260081181,3814540241538720.0,1
Bayesian Ridge Regression,-1.7550940407409845,3814540379162053.0,1
Bayesian Ridge Regression,-2.568749167088006,3814540412187104.0,1
Bayesian Ridge Regression,-2.7292012545882884,3814540412187096.0,1
Bayesian Ridge Regression,-1.4790145740873064,3814540411568304.5,1
Bayesian Ridge Regression,-1.2111861770342556,3814525003529891.5,1
Bayesian Ridge Regression,-3.233202110369878,3814540412187108.5,1
Bayesian Ridge Regression,-4.034834060338741,3814540412187109.0,1
Bayesian Ridge Regression,-3.233202110369878,3814540412187108.5,1
Bayesian Ridge Regression,-2.2405786779424,3814540412187108.5,1
Bayesian Ridge Regression,-2.300301079838426,3814540412187108.0,1
Bayesian Ridge Regression,-3.6924119784161333,3814540412187096.5,1
Bayesian Ridge Regression,-2.993441546294603,3814540412187108.5,1
Bayesian Ridge Regression,-2.033677685255944,3814540412187095.5,1
Bayesian Ridge Regression,-2.1317533670782356,-1839319825890381.0,1
Bayesian Ridge Regression,-1.6524312761675333,3814540412187092.0,1
Bayesian Ridge Regression,-3.290189204280069,3814540412187109.0,1
Bayesian Ridge Regression,-2.3582852103076553,3814540412187047.5,1
Bayesian Ridge Regression,-1.5226715493865826,3814540412186662.0,1
Bayesian Ridge Regression,-3.2402151004002007,3814540412187109.0,1
Bayesian Ridge Regression,-2.025135764586199,3814540412187103.5,1
Bayesian Ridge Regression,-1.0471006958966393,3814540412187085.5,1
Bayesian Ridge Regression,-1.7246442506203672,-1.0451257943924372e+16,1
Bayesian Ridge Regression,-2.7766733448672327,3814540412187107.0,1
Bayesian Ridge Regression,-2.4520022992105748,3814540412187108.5,1
Bayesian Ridge Regression,-1.694880975742639,3814540412187108.0,1
Bayesian Ridge Regression,-3.1090516644066044,3814540412187109.0,1
Bayesian Ridge Regression,-1.4333467694862632,3814540411346456.5,1
Bayesian Ridge Regression,-1.0942289641451028,3814540412184503.5,1
Bayesian Ridge Regression,-3.844232919056576,3814540412187109.0,1
Bayesian Ridge Regression,-1.6613977234664838,3814540412180523.0,1
Bayesian Ridge Regression,-1.2067214626499687,3814540412176207.0,1
Bayesian Ridge Regression,-1.7997913808340749,3814540412187084.5,1
Bayesian Ridge Regression,-1.2862388841839494,3814540412154154.0,1
Bayesian Ridge Regression,-1.4655690967005093,3814540412187108.0,1
Bayesian Ridge Regression,-2.809660176396059,3814540412187109.0,1
Bayesian Ridge Regression,-1.2183710988289476,3814540412091972.5,1
Bayesian Ridge Regression,-2.850003549488979,3814540412187109.0,1
Bayesian Ridge Regression,-1.309961996475505,3814540412187095.5,1
Bayesian Ridge Regression,-3.0397590359811644,3814540412187105.0,1
Bayesian Ridge Regression,-2.3822676402388554,3814540412184890.5,1
Bayesian Ridge Regression,-3.7618083196547483,3814540412187109.0,1
Bayesian Ridge Regression,-1.514016684929528,3814540412184300.5,1
Bayesian Ridge Regression,-1.428472864706594,3814540412186991.0,1
Bayesian Ridge Regression,-3.360662949678316,3814540412187108.0,1
Bayesian Ridge Regression,-2.035715142789073,3814540412187109.0,1
Bayesian Ridge Regression,-1.0460152967125962,3814540412187093.5,1
Bayesian Ridge Regression,-1.9499388302923257,3814540412187109.0,1
Bayesian Ridge Regression,-1.1895507451644802,3814540412033484.5,1
Bayesian Ridge Regression,-2.464359595395084,3814540412187109.0,1
Bayesian Ridge Regression,0.25792460161657743,3814540412181936.5,1
Bayesian Ridge Regression,0.23583851209189552,3814540411837944.5,1
Bayesian Ridge Regression,-0.2703526265197312,3814540412187109.0,1
Bayesian Ridge Regression,-0.004427072779599359,3814540412187109.0,1
Bayesian Ridge Regression,-0.002962342870760633,3814540412187108.0,1
Bayesian Ridge Regression,0.23141740977050707,3814540412181634.0,1
Bayesian Ridge Regression,0.2733961152011059,3814540411923350.0,1
Bayesian Ridge Regression,-1.7405367157549274,3814540412187109.0,1
Bayesian Ridge Regression,-1.5941100276318725,3814540412187109.0,1
Bayesian Ridge Regression,-2.297622719595401,3814540412187109.0,1
Bayesian Ridge Regression,-1.315440666986884,3814540412186894.5,1
Bayesian Ridge Regression,-2.1235976234646596,3814540412186454.0,1
Bayesian Ridge Regression,-1.621304790891127,3814540412186984.5,1
Bayesian Ridge Regression,-1.5073537295089607,3814540412187017.5,1
Bayesian Ridge Regression,-1.6115607525200502,3814540412187015.0,1
Bayesian Ridge Regression,-1.2328253445920763,3814540412187097.5,1
Bayesian Ridge Regression,-1.455583530702784,3814540236135249.0,1
Bayesian Ridge Regression,-2.3872497229566574,3814540412187109.0,1
Bayesian Ridge Regression,-1.5290505627346085,3814540412187109.0,1
Bayesian Ridge Regression,-1.42625067509891,3814540412187109.0,1
Bayesian Ridge Regression,-1.5323301209746991,3814540412187109.0,1
Bayesian Ridge Regression,-1.1998361610596366,3814540412187109.0,1
Bayesian Ridge Regression,-1.6539166652584223,3814540412187109.0,1
Bayesian Ridge Regression,-1.3041517533417322,3814540412187109.0,1
Bayesian Ridge Regression,-1.4597718515481843,3814540412187109.0,1
Bayesian Ridge Regression,-0.9422704336465716,3814540412184962.0,1
Bayesian Ridge Regression,-1.4583509625515516,3814540412187106.5,1
Bayesian Ridge Regression,-2.14182332020342,3814540412187108.5,1
Bayesian Ridge Regression,-1.2755333695267534,3814540412139209.5,1
Bayesian Ridge Regression,-0.5052921847488494,3814540412187109.0,1
Bayesian Ridge Regression,-0.8837798009584171,3814540412186746.5,1
Bayesian Ridge Regression,-1.0181181552809078,3814540412187105.0,1
Bayesian Ridge Regression,-1.6181431713572578,3814540412187109.0,1
Bayesian Ridge Regression,-1.042642722079717,3814540412187108.5,1
Bayesian Ridge Regression,-1.483088664742514,3814540412187107.0,1
Bayesian Ridge Regression,-2.723197328038221,3814540412187108.5,1
Bayesian Ridge Regression,-0.428471724353625,3814540412185862.5,1
Bayesian Ridge Regression,-3.1791288900792822,3814540412187108.5,1
Bayesian Ridge Regression,-2.0560190796534115,3814540412187108.5,1
Bayesian Ridge Regression,-0.5935262904426333,3814540412187109.0,1
Bayesian Ridge Regression,-0.4819145002205912,3814540412123904.5,1
Bayesian Ridge Regression,-1.2028902052841348,3802277893554941.0,1
Bayesian Ridge Regression,-0.2468343715025799,3814540412171235.0,1
Bayesian Ridge Regression,-3.121373090381552,3814540412187109.0,1
Bayesian Ridge Regression,-3.20055468102406,3814540412187109.0,1
Bayesian Ridge Regression,-3.7648251925435416,3814540412187109.0,1
Bayesian Ridge Regression,-1.530055677420101,3814540412107303.5,1
Bayesian Ridge Regression,-1.7793995024399858,3814540412187109.0,1
Bayesian Ridge Regression,-1.9812071611751474,3814540412176615.0,1
Bayesian Ridge Regression,-1.4154063781902113,3814540412187107.0,1
Bayesian Ridge Regression,-3.8301933583825565,3814540412187109.0,1
Bayesian Ridge Regression,-2.0772161211350064,-1654780295412132.8,2
Bayesian Ridge Regression,-2.3969317709673565,-1654780295407703.8,2
Bayesian Ridge Regression,-3.5076503600642033,-1654780295412132.8,2
Bayesian Ridge Regression,-3.7465335671940925,-1654780295412132.8,2
Bayesian Ridge Regression,-1.8035334240706482,-1654780295412075.8,2
Bayesian Ridge Regression,-2.559953281626918,-1654780295411825.5,2
Bayesian Ridge Regression,-1.169002914533462,-1654780295412132.8,2
Bayesian Ridge Regression,-2.1263969370231783,-1654780295412105.2,2
Bayesian Ridge Regression,-1.5393527377902698,-1654780295412132.8,2
Bayesian Ridge Regression,-1.520097156387571,-1654780295412132.8,2
Bayesian Ridge Regression,-1.820599175381769,-1654780295412132.8,2
Bayesian Ridge Regression,-0.22901321309844905,-1654780295412132.8,2
Bayesian Ridge Regression,-1.5498899805881399,-1654780295412132.5,2
Bayesian Ridge Regression,-3.2180472636163895,-1654780295412132.8,2
Bayesian Ridge Regression,-1.0225392132375182,-1654780295379191.2,2
Bayesian Ridge Regression,-1.1131158581897997,-1654780295412132.8,2
Bayesian Ridge Regression,-1.4187942485435616,-1654780295409157.8,2
Bayesian Ridge Regression,-1.1631032781134523,-1654780295412132.5,2
Bayesian Ridge Regression,-1.5041031112940382,-1654780295412129.0,2
Bayesian Ridge Regression,-3.057527624268253,-1654780295412132.8,2
Bayesian Ridge Regression,-2.4318269168378195,-1654780295412132.8,2
Bayesian Ridge Regression,-1.8194641482091292,-1654780295412101.5,2
Bayesian Ridge Regression,-2.66118307205398,-1654780295412132.8,2
Bayesian Ridge Regression,-2.151509814945314,-1654780295412132.8,2
Bayesian Ridge Regression,-2.772379350111858,-1654780295412132.8,2
Bayesian Ridge Regression,-0.7406200937095554,-1654780295412132.8,2
Bayesian Ridge Regression,0.14443509497441417,-1654780295412099.0,2
Bayesian Ridge Regression,0.05304456027413388,-1341716145990676.0,2
Bayesian Ridge Regression,-0.19201915469350456,-1654780295412132.5,2
Bayesian Ridge Regression,-1.0877694915519545,-1654780295412132.8,2
Bayesian Ridge Regression,0.1297019665778856,-1654780295412110.0,2
Bayesian Ridge Regression,-1.5018248431082857,-1654780295412132.8,2
Bayesian Ridge Regression,-0.6704627883686575,-1654780295412132.8,2
Bayesian Ridge Regression,-0.7545795752718538,-1654780295412132.8,2
Bayesian Ridge Regression,-0.4049916766527308,-1654780295412129.8,2
Bayesian Ridge Regression,-0.7019607372542168,-1654780295365751.2,2
Bayesian Ridge Regression,-2.541474704475919,-1654780295412132.8,2
Bayesian Ridge Regression,-1.9615865844075526,-1654780295412132.8,2
Bayesian Ridge Regression,-1.2279630916135922,-1654780295408523.2,2
Bayesian Ridge Regression,-2.209721593275448,-1654780295412132.0,2
Bayesian Ridge Regression,-3.447382880362,-1654780295412132.8,2
Bayesian Ridge Regression,-3.20721692140729,-1654780295412132.8,2
Bayesian Ridge Regression,-3.1413617595139014,-1654780295412132.8,2
Bayesian Ridge Regression,-2.4751841978240816,-1654780295412132.8,2
Bayesian Ridge Regression,-3.310333372786738,-1654780295412132.8,2
Bayesian Ridge Regression,-3.9019276346378216,-1654780295412132.8,2
Bayesian Ridge Regression,-2.778538031513268,-1654780295412132.8,2
Bayesian Ridge Regression,-3.130720745231321,-1654780295412132.8,2
Bayesian Ridge Regression,-1.9785756664607834,-1654780295412132.5,2
Bayesian Ridge Regression,-2.861353792341514,-1654780295412132.8,2
Bayesian Ridge Regression,-1.1386989940333996,-1654780295412105.2,2
Bayesian Ridge Regression,-2.6732644443606475,-1654780295412132.8,2
Bayesian Ridge Regression,-1.3158802108242549,-1654780295412114.0,2
Bayesian Ridge Regression,-2.861353792341514,-1654780295412132.8,2
Bayesian Ridge Regression,-2.617794503701521,-1654780295412132.8,2
Bayesian Ridge Regression,-2.7103007043055714,-1654780295412132.8,2
Bayesian Ridge Regression,-3.0605406542001403,-1654780295412132.8,2
Bayesian Ridge Regression,-1.4861381638460753,-1654780295412132.2,2
Bayesian Ridge Regression,-1.5372443207314632,-1654780295412132.8,2
Bayesian Ridge Regression,-1.7089770353918146,-1654780295412088.8,2
Bayesian Ridge Regression,-2.586212054867284,-1654780295412132.8,2
Bayesian Ridge Regression,-1.777268237794943,-1654780295412132.8,2
Bayesian Ridge Regression,-1.183812038624167,-1654780295412132.8,2
Bayesian Ridge Regression,-1.0556956867709293,-1654780295412132.8,2
Bayesian Ridge Regression,-1.3104931690369908,-1654780295412126.8,2
Bayesian Ridge Regression,-1.392520817816124,-1654780295412029.2,2
Bayesian Ridge Regression,-2.01828162271433,-1654780295412132.2,2
Bayesian Ridge Regression,-2.2476183878149794,-1654780295412120.2,2
Bayesian Ridge Regression,-3.6203410251864447,-1654780295412132.8,2
Bayesian Ridge Regression,-2.3083760229550343,-1654780295412132.8,2
Bayesian Ridge Regression,-2.9303729669440868,-1654780295412132.8,2
Bayesian Ridge Regression,-2.8871236492020507,-1654780295411824.2,2
Bayesian Ridge Regression,-3.221262124613128,-1654780295412132.5,2
Bayesian Ridge Regression,-2.270552443792131,-1654780295412132.8,2
Bayesian Ridge Regression,-3.4401053391639986,-1654780295412132.8,2
Bayesian Ridge Regression,-1.2543892714743548,-1654780295411983.8,2
Bayesian Ridge Regression,-3.216247878762871,-1654780295412132.5,2
Bayesian Ridge Regression,-3.848875409949318,-1654780295412132.8,2
Bayesian Ridge Regression,-2.5339607001524365,-1654780295410848.2,2
Bayesian Ridge Regression,-3.688222835963096,-1654780295412132.8,2
Bayesian Ridge Regression,-1.987977989665314,-1654780295412132.8,2
Bayesian Ridge Regression,-2.2175363341456173,-1654780295412132.8,2
Bayesian Ridge Regression,-3.159004262647741,-1654780295412132.8,2
Bayesian Ridge Regression,-1.2376574055894478,-1654780295412132.8,2
Bayesian Ridge Regression,-3.20266873961377,-1654780295409928.2,2
Bayesian Ridge Regression,-3.40015839520823,-1654780295412132.8,2
Bayesian Ridge Regression,-3.339134521996131,-1654780295412132.8,2
Bayesian Ridge Regression,-3.4715139529702097,-1654780295412132.8,2
Bayesian Ridge Regression,-1.9555954093204297,-1654780295412121.0,2
Bayesian Ridge Regression,-1.4886987965534475,-1654780295411942.8,2
Bayesian Ridge Regression,-1.262358754468822,-1654780295412132.8,2
Bayesian Ridge Regression,-2.258697330779929,-1654780295412132.8,2
Bayesian Ridge Regression,-3.8287505085021976,-1654780295412132.8,2
Bayesian Ridge Regression,-3.3960495196322524,-1654780295412132.8,2
Bayesian Ridge Regression,-2.8606575042266775,-1654780295412132.8,2
Bayesian Ridge Regression,-1.3752808174958797,-1654780295412101.8,2
Bayesian Ridge Regression,-2.3662117992181373,-1654780295411440.0,2
Bayesian Ridge Regression,-2.2414236426625673,-1654780295412132.8,2
Bayesian Ridge Regression,-2.9187956800017982,-1654780295412132.8,2
Bayesian Ridge Regression,-3.508144052188851,-1654780295412132.8,2
Bayesian Ridge Regression,-2.772360579555891,-1654780295412132.8,2
Bayesian Ridge Regression,-1.3982848993986936,-1654780295400904.0,2
Bayesian Ridge Regression,-1.7340876483093817,-1654780295412103.8,2
Bayesian Ridge Regression,-2.3458067992518874,-1654780295412132.5,2
Bayesian Ridge Regression,-1.1893279510795818,-1654780295412132.8,2
Bayesian Ridge Regression,-3.2861198587119835,-1654780295412132.8,2
Bayesian Ridge Regression,-1.5213971031085405,-1654780295412132.8,2
Bayesian Ridge Regression,-3.5459650539173615,-1654780295412132.8,2
Bayesian Ridge Regression,-1.3450596755542978,-1654780295412093.0,2
Bayesian Ridge Regression,-3.739785461604827,-1654780295412132.8,2
Bayesian Ridge Regression,-2.0116848782875407,-1654780295412132.8,2
Bayesian Ridge Regression,-2.1142795046940637,-1654780295412132.8,2
Bayesian Ridge Regression,-1.385136327132139,-1626417775154026.5,2
Bayesian Ridge Regression,-2.2151453721747094,-1654780295412132.8,2
Bayesian Ridge Regression,-1.42943857964666,-1654780295402824.8,2
Bayesian Ridge Regression,-1.9429726110972225,-1654780295412132.8,2
Bayesian Ridge Regression,-3.4629936067206395,-1654780295412132.8,2
Bayesian Ridge Regression,-1.4782087030212006,-1654780294926163.2,2
Bayesian Ridge Regression,-3.0153277959856664,-1654780295412129.5,2
Bayesian Ridge Regression,-1.790442094293253,-1654780295412132.8,2
Bayesian Ridge Regression,-2.5142250705986213,-1654780295412132.8,2
Bayesian Ridge Regression,-1.7892523214132656,-1654780295401436.5,2
Bayesian Ridge Regression,-2.648503823177817,-1654780295412075.2,2
Bayesian Ridge Regression,-2.7671936491741276,-1654780295412132.8,2
Bayesian Ridge Regression,-2.0630158256502544,-1654780295412098.2,2
Bayesian Ridge Regression,-1.015474675864504,-1654780295408752.5,2
Bayesian Ridge Regression,-3.1720823887102565,-1654780295412132.8,2
Bayesian Ridge Regression,-2.809138225804324,-1654780295412132.8,2
Bayesian Ridge Regression,-1.1441412885613946,-1654780295412132.8,2
Bayesian Ridge Regression,-0.6074545522659878,-1654780295412097.2,2
Bayesian Ridge Regression,-2.1372208240925845,-1654780295412132.8,2
Bayesian Ridge Regression,-1.4215944093236903,-1654780295412132.8,2
Bayesian Ridge Regression,-2.001001072492525,-1654780295409863.0,2
Bayesian Ridge Regression,-2.536796608945731,-1654780295412132.8,2
Bayesian Ridge Regression,-1.5708763680120374,-1654780295412127.5,2
Bayesian Ridge Regression,-3.030623697854625,-1654780295412132.8,2
Bayesian Ridge Regression,-2.2151887800651093,-1654780295412111.5,2
Bayesian Ridge Regression,-2.560133846538238,-1654780295412131.5,2
Bayesian Ridge Regression,-1.9945993491296803,-1654780295412132.8,2
Bayesian Ridge Regression,-2.2062980891288984,-1654780295412129.5,2
Bayesian Ridge Regression,-2.806163575333855,-1654780295412132.8,2
Bayesian Ridge Regression,-3.644312909802797,-1654780295412132.8,2
Bayesian Ridge Regression,-3.9453409907865007,-1654780295412132.8,2
Bayesian Ridge Regression,-2.4951902617888977,-1654780295412132.5,2
Bayesian Ridge Regression,-1.4436245197644126,-1654780295412104.0,2
Bayesian Ridge Regression,-1.2327435377262763,-1654780295412132.8,2
Bayesian Ridge Regression,-1.2394237537905008,-1639042468123207.8,2
Bayesian Ridge Regression,-1.8793987946410835,-1654780295412129.8,2
Bayesian Ridge Regression,-1.366206440166372,-1654780295412130.5,2
Bayesian Ridge Regression,-4.0490653862997,-1654780295412132.8,2
Bayesian Ridge Regression,-1.4180277802789096,-1654780295411543.5,2
Bayesian Ridge Regression,-1.1843962080688974,-1654780295412132.0,2
Bayesian Ridge Regression,-1.302742708063045,-1654780295411269.8,2
Bayesian Ridge Regression,-1.318606216338379,-1654780295411920.0,2
Bayesian Ridge Regression,-1.493245786531943,-1654780295412132.8,2
Bayesian Ridge Regression,-2.174390400742264,-1654780295412132.8,2
Bayesian Ridge Regression,-3.312493333735544,-1654780295412132.8,2
Bayesian Ridge Regression,-3.6419813498697473,-1654780295412132.8,2
Bayesian Ridge Regression,-1.4399552960568784,-1654780295412055.8,2
Bayesian Ridge Regression,-1.4337063496845048,-1654780295412132.8,2
Bayesian Ridge Regression,-1.543738042979891,-1654780295412113.8,2
Bayesian Ridge Regression,-2.0598606483703086,-1654780295412132.8,2
Bayesian Ridge Regression,-2.090032121190501,-1654780295412130.8,2
Bayesian Ridge Regression,-1.396090167895999,-1654780295412132.8,2
Bayesian Ridge Regression,-2.04835547456192,-1654780295412132.8,2
Bayesian Ridge Regression,-2.0995080091454192,-1654780295412132.8,2
Bayesian Ridge Regression,-1.2530119718858257,-1654780295412089.8,2
Bayesian Ridge Regression,-2.5884932589587586,-1654780295412132.8,2
Bayesian Ridge Regression,-2.258173837778395,-1654780295411952.8,2
Bayesian Ridge Regression,-1.4467153895386817,-1654780295409330.2,2
Bayesian Ridge Regression,-2.540720473654946,-1654780295412131.5,2
Bayesian Ridge Regression,-1.9715416460145745,1.813390344239973e+17,2
Bayesian Ridge Regression,-1.5811083204741387,-1654780295412129.2,2
Bayesian Ridge Regression,-2.8217593886833527,-1654780295406894.8,2
Bayesian Ridge Regression,-2.3758693662733776,-1654780295296437.8,2
Bayesian Ridge Regression,-3.6924119784161333,-1654780295412132.8,2
Bayesian Ridge Regression,-2.5444075781780136,-1654780295412132.5,2
Bayesian Ridge Regression,-2.804329449939637,-1654780295412132.8,2
Bayesian Ridge Regression,-1.2545644486474818,-1654780295412132.5,2
Bayesian Ridge Regression,-2.1032881447661516,-1654780295412123.2,2
Bayesian Ridge Regression,-2.1622159208236154,-1654780295412132.8,2
Bayesian Ridge Regression,-2.5041654897477077,-1654780295412132.8,2
Bayesian Ridge Regression,-2.579721210352638,-1654780295412132.8,2
Bayesian Ridge Regression,-1.5372075124674875,-1654780295412132.8,2
Bayesian Ridge Regression,-2.2270013364351495,-1654780295412132.8,2
Bayesian Ridge Regression,-1.2662407394987067,-1654780295412114.8,2
Bayesian Ridge Regression,-2.1633711620778806,-1654780295412132.8,2
Bayesian Ridge Regression,-3.3309007861959947,-1654780295412132.8,2
Bayesian Ridge Regression,-2.1956618739690814,-1654780295412131.8,2
Bayesian Ridge Regression,-2.084073842416984,-1654780295412132.8,2
Bayesian Ridge Regression,-2.432175336754664,-1654780295412131.2,2
Bayesian Ridge Regression,-1.6895586727819518,-1654780295412132.8,2
Bayesian Ridge Regression,-3.5527489155241385,-1654780295412132.8,2
Bayesian Ridge Regression,-3.276542686022807,-1654780295412132.8,2
Bayesian Ridge Regression,-1.2054304558342028,-1654780295392263.5,2
Bayesian Ridge Regression,-1.6663570851479517,-1654780295356493.2,2
Bayesian Ridge Regression,-2.9620793251113042,-1654780295412132.8,2
Bayesian Ridge Regression,-2.833475754814589,-1654780295412132.8,2
Bayesian Ridge Regression,-1.8196475705694013,-1654780295412132.8,2
Bayesian Ridge Regression,-1.5281785967617054,3.3938631480866504e+16,2
Bayesian Ridge Regression,-1.170757605358798,-1654780295412132.5,2
Bayesian Ridge Regression,-3.7727484977747765,-1654780295412132.8,2
Bayesian Ridge Regression,-3.064232839852069,-1654780295412132.8,2
Bayesian Ridge Regression,-1.3132997440363454,-1654780295411858.2,2
Bayesian Ridge Regression,-2.0008832971741093,-1654780295412118.5,2
Bayesian Ridge Regression,-2.4796814387852613,-1654780295412132.8,2
Bayesian Ridge Regression,-3.3010769020010144,-1654780295412132.8,2
Bayesian Ridge Regression,-2.0703010191144675,-1654780295412132.8,2
Bayesian Ridge Regression,-2.2355646390433175,-1654780295412132.8,2
Bayesian Ridge Regression,-0.9486409221793155,-1654780295412132.8,2
Bayesian Ridge Regression,0.10764671163334447,-1654779924595042.0,2
Bayesian Ridge Regression,0.13858982128300762,-1654780295412126.8,2
Bayesian Ridge Regression,0.2034251096067644,-1654780295412132.8,2
Bayesian Ridge Regression,-0.03690399983927772,-1654780295412130.8,2
Bayesian Ridge Regression,0.27486911420534327,-1654780295412132.2,2
Bayesian Ridge Regression,-1.9219867657940077,-1654780295412132.8,2
Bayesian Ridge Regression,-1.181419364072578,-1654780295409795.5,2
Bayesian Ridge Regression,-1.5200924815934278,-1654780295411967.8,2
Bayesian Ridge Regression,-1.1181615001713328,-1654780295412124.5,2
Bayesian Ridge Regression,-3.1657421077804533,-1654780295412132.8,2
Bayesian Ridge Regression,-1.7181996551162337,-1654780295412132.8,2
Bayesian Ridge Regression,-1.1505417041520314,-1654780295412131.2,2
Bayesian Ridge Regression,-1.5923333763280876,-1654780295412132.8,2
Bayesian Ridge Regression,-0.8847086972378616,-1654780295412132.8,2
Bayesian Ridge Regression,-1.6314222073485498,-1654780295412132.2,2
Bayesian Ridge Regression,-2.642143447351316,-1654780295412132.8,2
Bayesian Ridge Regression,-1.0801819981618899,-1654780295165460.8,2
Bayesian Ridge Regression,-1.9190397324043553,-1654780295411933.5,2
Bayesian Ridge Regression,-2.6216055516158603,-1654780295412132.2,2
Bayesian Ridge Regression,-2.3812985463366814,-1654780295412132.8,2
Bayesian Ridge Regression,-1.1078591195735359,-1654780295411400.8,2
Bayesian Ridge Regression,-1.1814755688597112,-1654780295403654.2,2
Bayesian Ridge Regression,-2.103347370511212,-1654780295412119.8,2
Bayesian Ridge Regression,-2.176623074126691,-1654780295412132.5,2
Bayesian Ridge Regression,-1.10868225389701,-1654780295412132.8,2
Bayesian Ridge Regression,-1.5674558687076858,-1654780295412132.8,2
Bayesian Ridge Regression,-1.111999901692932,-1654780295412132.8,2
Bayesian Ridge Regression,-1.3198484161479276,-1654780295412132.8,2
Bayesian Ridge Regression,-1.7854705731329945,-1654780295412132.8,2
Bayesian Ridge Regression,-2.348164353297759,-1654780295412132.8,2
Bayesian Ridge Regression,-0.7266296487986936,-1654779831693863.2,2
Bayesian Ridge Regression,-1.9406256000139548,-1654780295412132.8,2
Bayesian Ridge Regression,-0.7463040504271798,-1654780295410204.2,2
Bayesian Ridge Regression,-2.0401269907408133,-1654780295412132.8,2
Bayesian Ridge Regression,-3.4341521813264824,-1654780295412132.8,2
Bayesian Ridge Regression,-3.2172494016790187,-1654780295412132.8,2
Bayesian Ridge Regression,-2.761915740881935,-1654780295412132.8,2
Bayesian Ridge Regression,-3.1791288900792822,-1654780295412132.8,2
Bayesian Ridge Regression,-1.7283368624549476,-1654780295412132.5,2
Bayesian Ridge Regression,-1.0748372190236377,-1654780295411869.8,2
Bayesian Ridge Regression,-0.6158874808696795,-1654780295412030.0,2
Bayesian Ridge Regression,-1.9652557068613081,-1654780295412132.8,2
Bayesian Ridge Regression,-1.3068936298450675,-1654780264872726.0,2
Bayesian Ridge Regression,-1.5167709261725162,-1654780295406319.0,2
Bayesian Ridge Regression,-1.4158076024067474,-1654780295412032.2,2
Bayesian Ridge Regression,-1.137767503887176,-1654780295407847.5,2
Bayesian Ridge Regression,-0.988626069420939,-1654780295405436.5,2
Bayesian Ridge Regression,-1.3147618244158232,-1654780295412132.8,2
Bayesian Ridge Regression,-3.3694633107167937,-1654780295412132.8,2
Bayesian Ridge Regression,-2.703826191329584,1.7390161749670788e+16,3
Bayesian Ridge Regression,-2.881231480327938,-4367530367186181.0,3
Bayesian Ridge Regression,-1.9492654506102318,-4367530367186205.0,3
Bayesian Ridge Regression,-2.158822044993741,-4367530367186205.0,3
Bayesian Ridge Regression,-2.218903098366632,-4367530367186187.0,3
Bayesian Ridge Regression,-2.3969317709673565,-4367530365467342.5,3
Bayesian Ridge Regression,-2.2593946471787434,-4367530367186079.0,3
Bayesian Ridge Regression,-3.120277513484956,-4367530367186205.0,3
Bayesian Ridge Regression,-0.737425984358659,-4367530367186205.0,3
Bayesian Ridge Regression,-0.3239443747054647,-4367530367186205.0,3
Bayesian Ridge Regression,-1.7190338740193807,-4367530367186205.0,3
Bayesian Ridge Regression,-1.5530374141251506,-4367530367186205.0,3
Bayesian Ridge Regression,-1.2391607486734533,-4367530367186205.0,3
Bayesian Ridge Regression,-1.1938637358837367,-4367530367183034.5,3
Bayesian Ridge Regression,-1.339883282003717,-4367530367186204.5,3
Bayesian Ridge Regression,-1.4985127097581414,-4367530321992440.5,3
Bayesian Ridge Regression,-2.8184713897478226,-4367530367186205.0,3
Bayesian Ridge Regression,-1.4610955316441951,-4367530367181331.5,3
Bayesian Ridge Regression,-1.0225392132375182,-4367530367185915.0,3
Bayesian Ridge Regression,-0.9172087828988489,-4367530367186202.5,3
Bayesian Ridge Regression,-1.8229892712376083,-4367530367186205.0,3
Bayesian Ridge Regression,-1.2696661993818519,-4367530367185425.0,3
Bayesian Ridge Regression,-0.9582190949069228,-4367530366423422.0,3
Bayesian Ridge Regression,-3.8326531224143645,-4367530367186205.0,3
Bayesian Ridge Regression,-2.808030042713029,-4367530367186204.5,3
Bayesian Ridge Regression,-2.2025638997362065,-4367530367186191.0,3
Bayesian Ridge Regression,-3.2834449518405893,-4367530367186203.0,3
Bayesian Ridge Regression,-3.1597853454922076,-4367530367186204.0,3
Bayesian Ridge Regression,-2.0569241023003397,-4367530367186205.0,3
Bayesian Ridge Regression,-2.6396789104480054,-4367530367186205.0,3
Bayesian Ridge Regression,-2.461494632742434,-4367530367186205.0,3
Bayesian Ridge Regression,-2.9142603715445343,-4367530367186205.0,3
Bayesian Ridge Regression,-1.4349038067728495,-4367530367186205.0,3
Bayesian Ridge Regression,-2.1155432005946873,-4367530367186171.5,3
Bayesian Ridge Regression,-1.694125814017541,-4367530367186205.0,3
Bayesian Ridge Regression,-0.2659675601094114,-4367530367186192.0,3
Bayesian Ridge Regression,-0.9300930772084189,-4367530367186205.0,3
Bayesian Ridge Regression,-0.6945493884044287,-4367530367186205.0,3
Bayesian Ridge Regression,-0.012750569114115418,-4367530367186205.0,3
Bayesian Ridge Regression,-0.3417701012907816,-4367530367186166.0,3
Bayesian Ridge Regression,-1.1159606660259742,-4367530367186204.5,3
Bayesian Ridge Regression,-0.27744790362250854,-4367530367184967.5,3
Bayesian Ridge Regression,-2.004293876429448,-4367530367186204.5,3
Bayesian Ridge Regression,-2.931358924489361,-4367530367186202.5,3
Bayesian Ridge Regression,-2.465962973225779,-4367530367186202.5,3
Bayesian Ridge Regression,-1.5397653155309607,-4367530367185803.0,3
Bayesian Ridge Regression,-2.1460708341762897,-4367530367186201.5,3
Bayesian Ridge Regression,-1.1005815755977664,-4367530367186198.5,3
Bayesian Ridge Regression,-3.349843097267282,-4367530367186205.0,3
Bayesian Ridge Regression,-2.67596440114224,-4367530367186205.0,3
Bayesian Ridge Regression,-2.2415951055389973,-4366953062591697.5,3
Bayesian Ridge Regression,-2.6788398129059168,-4367530367186205.0,3
Bayesian Ridge Regression,-0.9910136950037374,-4367530367181195.5,3
Bayesian Ridge Regression,-1.6037557432468053,-4367530367186200.0,3
Bayesian Ridge Regression,-2.048440290036772,-4367530367186180.0,3
Bayesian Ridge Regression,-3.873453012328298,-4367530367186205.0,3
Bayesian Ridge Regression,-1.4370923600242806,-4367527267162012.5,3
Bayesian Ridge Regression,-1.6217142305536996,-4367530367186205.0,3
Bayesian Ridge Regression,-1.7028254486283225,-4367530367186205.0,3
Bayesian Ridge Regression,-1.1251042517136252,-4367530367186204.5,3
Bayesian Ridge Regression,-2.6799272800459657,-4367530367186205.0,3
Bayesian Ridge Regression,-1.4197155850010228,-4367530367186205.0,3
Bayesian Ridge Regression,-1.794765718416369,-4367530367186054.5,3
Bayesian Ridge Regression,-2.2669235674490644,-4367530367186201.0,3
Bayesian Ridge Regression,-2.487130374543647,-4367530367186205.0,3
Bayesian Ridge Regression,-3.1782271514224525,-4367530367186204.0,3
Bayesian Ridge Regression,-3.6472310978345055,-4367530367186205.0,3
Bayesian Ridge Regression,-3.384203503318252,-4367530367186205.0,3
Bayesian Ridge Regression,-3.1353471437504044,-4367530367186205.0,3
Bayesian Ridge Regression,-2.663203768289533,-4367530367186205.0,3
Bayesian Ridge Regression,-1.622950411914381,-4367530367186204.5,3
Bayesian Ridge Regression,-3.6472310978345055,-4367530367186205.0,3
Bayesian Ridge Regression,-3.5222913974306227,-4367530367186205.0,3
Bayesian Ridge Regression,-1.9704478542261563,-4367530367186205.0,3
Bayesian Ridge Regression,-1.1465151741161497,-4367530367182374.5,3
Bayesian Ridge Regression,-2.2875737313332407,-4367530367186205.0,3
Bayesian Ridge Regression,-1.7113615374852664,-4367530367186205.0,3
Bayesian Ridge Regression,-1.7751555586449395,-4367530367186205.0,3
Bayesian Ridge Regression,-1.9381605982067327,-4367530367186205.0,3
Bayesian Ridge Regression,-2.4934863088506534,-4367530367186205.0,3
Bayesian Ridge Regression,-3.4161712191583424,-4367530367186205.0,3
Bayesian Ridge Regression,-1.6698969598127007,-4367530367186203.5,3
Bayesian Ridge Regression,-3.0415646563875622,-4367530367186205.0,3
Bayesian Ridge Regression,-2.182199963303041,-4367530366793639.5,3
Bayesian Ridge Regression,-2.644753893986956,-4367530367186202.5,3
Bayesian Ridge Regression,-3.159004262647741,-4367530367186205.0,3
Bayesian Ridge Regression,-3.3388889969343114,-4367530367186205.0,3
Bayesian Ridge Regression,-3.246574755779347,-4367530367186205.0,3
Bayesian Ridge Regression,-4.441291429466834,-4367530367186205.0,3
Bayesian Ridge Regression,-2.848471723996311,-4367530367186205.0,3
Bayesian Ridge Regression,-3.1495014132834878,-4367530367186205.0,3
Bayesian Ridge Regression,-1.7310907007998717,-4367530367186205.0,3
Bayesian Ridge Regression,-1.7176063992666837,-4367530367186204.5,3
Bayesian Ridge Regression,-2.8667990786740405,-4367530367186205.0,3
Bayesian Ridge Regression,-2.8197963948012763,-4367530367186205.0,3
Bayesian Ridge Regression,-3.690448608815449,-4367530367186205.0,3
Bayesian Ridge Regression,-3.3960495196322524,-4367530367186205.0,3
Bayesian Ridge Regression,-1.4722472768836088,-4367530367185676.5,3
Bayesian Ridge Regression,-1.9070646816834933,-4366751195403336.5,3
Bayesian Ridge Regression,-1.6668842660690988,-4367530367186204.5,3
Bayesian Ridge Regression,-3.333901540815397,-4367530367186205.0,3
Bayesian Ridge Regression,-3.9030899869919438,-4367530367186205.0,3
Bayesian Ridge Regression,-3.7834435403498214,-4367530367186205.0,3
Bayesian Ridge Regression,-2.728175115284189,-4367530367186205.0,3
Bayesian Ridge Regression,-4.026482380351305,-4367530367186205.0,3
Bayesian Ridge Regression,-3.3980931244651527,-4367530367186205.0,3
Bayesian Ridge Regression,-1.8211763195496429,-4367530367186202.5,3
Bayesian Ridge Regression,-3.7834435403498214,-4367530367186205.0,3
Bayesian Ridge Regression,-3.7834435403498214,-4367530367186205.0,3
Bayesian Ridge Regression,-1.1738116279378035,-4367530367186196.0,3
Bayesian Ridge Regression,-1.945720453842236,-4367530367186179.0,3
Bayesian Ridge Regression,-3.739785461604827,-4367530367186205.0,3
Bayesian Ridge Regression,-2.8343485837796827,-4367530367186205.0,3
Bayesian Ridge Regression,-1.8555915719713854,-4367530367186194.5,3
Bayesian Ridge Regression,-1.2303723324828062,-4367530367186205.0,3
Bayesian Ridge Regression,-1.9458635904251336,-4367530367186205.0,3
Bayesian Ridge Regression,-1.3195712003583318,-4367530367185906.0,3
Bayesian Ridge Regression,-1.9930514957526793,-4367530367171810.5,3
Bayesian Ridge Regression,-2.6148556108775285,-4367530367186204.5,3
Bayesian Ridge Regression,-1.2185345221225936,-4367530367127937.5,3
Bayesian Ridge Regression,-3.289282825523282,-4367530367185269.5,3
Bayesian Ridge Regression,-1.6517269019834395,-4367530367186066.5,3
Bayesian Ridge Regression,-1.98115226552214,-4367530367186205.0,3
Bayesian Ridge Regression,-2.4368442826786825,-4367530367186198.0,3
Bayesian Ridge Regression,-3.390442939572028,-4367530367186205.0,3
Bayesian Ridge Regression,-1.7625310634593319,-4367530367186203.0,3
Bayesian Ridge Regression,-1.4257747559860434,-4367530367186088.0,3
Bayesian Ridge Regression,-1.064270917741021,-4367530367186204.5,3
Bayesian Ridge Regression,-1.3467292946628289,-4367530367186205.0,3
Bayesian Ridge Regression,-0.6538319472043919,-4367530367091303.5,3
Bayesian Ridge Regression,-3.7986028756795487,-4367530367186205.0,3
Bayesian Ridge Regression,-2.8108233787082515,-4367530367186205.0,3
Bayesian Ridge Regression,-1.86662075613132,-4367530367181878.0,3
Bayesian Ridge Regression,-2.1782870563447125,-4367530367179239.0,3
Bayesian Ridge Regression,-2.1225210730141013,-4367530367186122.5,3
Bayesian Ridge Regression,-1.3544637580442256,-4367530367186205.0,3
Bayesian Ridge Regression,-2.4706410072083687,-4367530367186205.0,3
Bayesian Ridge Regression,-3.392655441034186,-4367530367186205.0,3
Bayesian Ridge Regression,-2.177111289133642,-4367530367186205.0,3
Bayesian Ridge Regression,-1.167232267440179,-4367530366958816.5,3
Bayesian Ridge Regression,-1.4486812373435975,-4367530367090120.5,3
Bayesian Ridge Regression,-1.4386260150993235,-4367530366524089.5,3
Bayesian Ridge Regression,-0.7420831923821466,-4367530367186204.5,3
Bayesian Ridge Regression,-1.1301967317733737,-4346399362882637.0,3
Bayesian Ridge Regression,-1.0193030390019762,-4367530367186196.0,3
Bayesian Ridge Regression,-2.1834863402339466,-4367530367186205.0,3
Bayesian Ridge Regression,-1.2640972244503184,-4367530367186205.0,3
Bayesian Ridge Regression,-1.215596170273078,-4367530367168550.0,3
Bayesian Ridge Regression,-3.119103556806872,-4367530367186205.0,3
Bayesian Ridge Regression,-1.351662241081682,-4367530367185453.0,3
Bayesian Ridge Regression,-1.0624918421054752,-4367530367185439.5,3
Bayesian Ridge Regression,-2.329956957829961,-4367530367186196.5,3
Bayesian Ridge Regression,-1.1984184440476704,-4367530367170935.5,3
Bayesian Ridge Regression,-1.709300425196423,-4367530367172482.5,3
Bayesian Ridge Regression,-3.8997432135729384,-4367530367186205.0,3
Bayesian Ridge Regression,-2.6904826786431757,-4367530367186205.0,3
Bayesian Ridge Regression,-2.17663866294089,-4367530367186129.0,3
Bayesian Ridge Regression,-2.436631774638256,-4367530367186185.0,3
Bayesian Ridge Regression,-2.443810430479706,-4367530367186203.5,3
Bayesian Ridge Regression,-1.785391290725075,-4367530314431836.5,3
Bayesian Ridge Regression,-1.6434286328720604,-4367530367186060.0,3
Bayesian Ridge Regression,-4.034798298974088,-4367530367186205.0,3
Bayesian Ridge Regression,-2.8398575372186334,-4367530367186204.0,3
Bayesian Ridge Regression,-2.626594359719023,-4367530367186205.0,3
Bayesian Ridge Regression,-1.8175258287604161,-4367530367008580.5,3
Bayesian Ridge Regression,-2.2313771400186773,-4367530367186202.5,3
Bayesian Ridge Regression,-2.019028072917717,-4367530367186149.0,3
Bayesian Ridge Regression,-3.4116117497612004,-4367530367186205.0,3
Bayesian Ridge Regression,-2.0864005407417032,-4367530367186201.5,3
Bayesian Ridge Regression,-3.7268829315132583,-4367530367186205.0,3
Bayesian Ridge Regression,-3.4116117497612004,-4367530367186205.0,3
Bayesian Ridge Regression,-1.7083201719567802,-4367530367185716.0,3
Bayesian Ridge Regression,-1.6345122959030371,-4367530367186205.0,3
Bayesian Ridge Regression,-2.43241576499949,-4367530367186191.0,3
Bayesian Ridge Regression,-1.3308187576670196,-4367530367185468.0,3
Bayesian Ridge Regression,-1.8668031693530753,-4367530367186205.0,3
Bayesian Ridge Regression,-1.928979817650206,-4367530367186205.0,3
Bayesian Ridge Regression,-1.6404184550270633,-4367530367186199.0,3
Bayesian Ridge Regression,-4.056947918112584,-4367530367186205.0,3
Bayesian Ridge Regression,-4.059833781301273,-4367530367186205.0,3
Bayesian Ridge Regression,-1.5279900670983446,-4367530367109044.0,3
Bayesian Ridge Regression,-1.9644153443855357,-4367530367176257.5,3
Bayesian Ridge Regression,-2.5585788782984222,-4367530367186205.0,3
Bayesian Ridge Regression,-1.7581838126622393,-4367530367186191.0,3
Bayesian Ridge Regression,-1.5145266747759671,-4367527556004142.0,3
Bayesian Ridge Regression,-1.5572116152486462,3.784224361629833e+16,3
Bayesian Ridge Regression,-1.5650830494456354,-4367530366901910.0,3
Bayesian Ridge Regression,-1.4566894173821427,-4367530367171436.0,3
Bayesian Ridge Regression,-1.586700235918748,-4367530366758726.5,3
Bayesian Ridge Regression,-4.059833781301273,-4367530367186205.0,3
Bayesian Ridge Regression,-1.8057322630823986,-4367530367186205.0,3
Bayesian Ridge Regression,-3.31795786632659,-4367530367186205.0,3
Bayesian Ridge Regression,-0.9490993255496558,-4367530367186160.5,3
Bayesian Ridge Regression,-0.8521750241183932,-4367530367186205.0,3
Bayesian Ridge Regression,-1.1149880354485275,-4367530367186205.0,3
Bayesian Ridge Regression,-1.8074474879886533,-4367530367186205.0,3
Bayesian Ridge Regression,-0.9751054096242024,-4367530367123643.0,3
Bayesian Ridge Regression,-3.184747097908846,-4367530367186205.0,3
Bayesian Ridge Regression,-1.8161267212970162,-4367530367186185.5,3
Bayesian Ridge Regression,-1.2025079170212445,-4367530367186204.5,3
Bayesian Ridge Regression,-1.5350740375460707,-4367530367180125.0,3
Bayesian Ridge Regression,-1.5097699255058308,-4367530367186074.0,3
Bayesian Ridge Regression,-0.9737395646276028,-4367530365172061.0,3
Bayesian Ridge Regression,-1.9643120034496402,-4367530367186204.5,3
Bayesian Ridge Regression,-1.6183307304435026,-4367530367185245.0,3
Bayesian Ridge Regression,-2.314076075024747,-4367530367186205.0,3
Bayesian Ridge Regression,-3.05329283374744,-4367530367186205.0,3
Bayesian Ridge Regression,-2.122395441870392,-4367530367185232.0,3
Bayesian Ridge Regression,-3.05329283374744,-4367530367186205.0,3
Bayesian Ridge Regression,-2.006498035079166,-4367530367186202.5,3
Bayesian Ridge Regression,-2.4881639462888585,-4367530367186205.0,3
Bayesian Ridge Regression,-1.391500388590343,-4367530367186110.0,3
Bayesian Ridge Regression,-2.3371392715991264,-4367530367186205.0,3
Bayesian Ridge Regression,-3.3625502994733605,-4367530367186205.0,3
Bayesian Ridge Regression,0.3580642293861346,-4367530367186204.5,3
Bayesian Ridge Regression,0.11059120541434526,-4367530367163760.0,3
Bayesian Ridge Regression,-0.3118025518663407,-4367530367186205.0,3
Bayesian Ridge Regression,0.3323074801803344,-4367530367186184.5,3
Bayesian Ridge Regression,-1.7655110123526006,-4367530367186148.5,3
Bayesian Ridge Regression,-3.3347136412278577,-4367530367186205.0,3
Bayesian Ridge Regression,-1.6790364719823858,-4367530367183616.0,3
Bayesian Ridge Regression,-2.327144451312569,-4367530367186205.0,3
Bayesian Ridge Regression,-1.816712585545078,-4367530367186205.0,3
Bayesian Ridge Regression,-2.0424559224697187,-4367530367186006.5,3
Bayesian Ridge Regression,-2.2038635814094025,-4367530367185277.5,3
Bayesian Ridge Regression,-2.405003945642156,-4367530367186205.0,3
Bayesian Ridge Regression,-2.789746241172472,-4367530367186205.0,3
Bayesian Ridge Regression,-3.4519129118061063,-4367530367186205.0,3
Bayesian Ridge Regression,-1.862548056774303,-4367530367186204.5,3
Bayesian Ridge Regression,-1.7236216619186897,-4367530367186203.5,3
Bayesian Ridge Regression,-1.6695950343945678,-4367530367186155.0,3
Bayesian Ridge Regression,-1.1286832686838821,-4367530367186205.0,3
Bayesian Ridge Regression,-1.2812660713628026,-4367530367186205.0,3
Bayesian Ridge Regression,-1.4753372030036505,-4367530367186205.0,3
Bayesian Ridge Regression,-1.2818579528648468,-4367530367186205.0,3
Bayesian Ridge Regression,-1.5240818424273839,-4367530367186205.0,3
Bayesian Ridge Regression,-1.1431217053996168,-4360668622637296.5,3
Bayesian Ridge Regression,-1.2491101104442828,-4367530367186205.0,3
Bayesian Ridge Regression,-1.8070894000718147,-4367530367186205.0,3
Bayesian Ridge Regression,-0.7476890179412806,-4367530367186204.0,3
Bayesian Ridge Regression,-2.451728539243243,-4367530367186193.0,3
Bayesian Ridge Regression,-0.6082262842300837,-4367530367186164.0,3
Bayesian Ridge Regression,-0.9568598388437015,-4367530367186205.0,3
Bayesian Ridge Regression,-0.9679951762893184,-4367530367186191.0,3
Bayesian Ridge Regression,-1.466507781947675,-4367530367186205.0,3
Bayesian Ridge Regression,-0.8317581654646831,-4367530367186186.5,3
Bayesian Ridge Regression,-3.2503548803911073,-4367530367186205.0,3
Bayesian Ridge Regression,-0.6143935172969877,-4367530367186204.0,3
Bayesian Ridge Regression,-0.9800565288767592,-4367530367178285.0,3
Bayesian Ridge Regression,-0.37949908787793823,-4367530367185527.0,3
Bayesian Ridge Regression,-2.385444450882969,-4367530367186205.0,3
Bayesian Ridge Regression,-0.9402445883836209,-4367530367183378.0,3
Bayesian Ridge Regression,-1.4806961523875994,-4367530367186185.5,3
Bayesian Ridge Regression,-1.6643405451853508,-4367530367186205.0,3
Bayesian Ridge Regression,-2.114518460874232,-4367530367186204.0,3
Bayesian Ridge Regression,-1.63438498383371,-4367530367186204.5,3
Bayesian Ridge Regression,-1.475460019768368,-4367530367186204.5,3
Bayesian Ridge Regression,-1.3089106800327817,-4367530179858916.0,3
Bayesian Ridge Regression,-1.5672159407631352,-4367530367149331.5,3
Bayesian Ridge Regression,-3.431262194557772,-773001963353713.6,4
Bayesian Ridge Regression,-2.064990291304019,-773001963353603.2,4
Bayesian Ridge Regression,-1.7636611133035243,-773001963353713.6,4
Bayesian Ridge Regression,-3.431262194557772,-773001963353713.6,4
Bayesian Ridge Regression,-1.6844526576962697,-773001963353708.9,4
Bayesian Ridge Regression,-3.366321517882654,-773001963353713.6,4
Bayesian Ridge Regression,-2.858166273095228,-773001963353713.5,4
Bayesian Ridge Regression,-3.3692782873859213,-773001963353713.6,4
Bayesian Ridge Regression,-3.6845481800874196,-773001963353713.6,4
Bayesian Ridge Regression,-0.28950830319552845,-767799494519878.2,4
Bayesian Ridge Regression,-1.5424726897801078,-773001963353713.6,4
Bayesian Ridge Regression,-0.32212322804184973,-773001963353713.6,4
Bayesian Ridge Regression,-1.374139089297611,-773001963353713.6,4
Bayesian Ridge Regression,-1.1383767799226443,-773001963353713.6,4
Bayesian Ridge Regression,-0.9407520429016281,-773001963353713.6,4
Bayesian Ridge Regression,-1.103883331173482,-773001963353713.6,4
Bayesian Ridge Regression,-1.9196885629650766,-773001963353713.6,4
Bayesian Ridge Regression,-1.496009274431816,-773001963353713.6,4
Bayesian Ridge Regression,-1.6021765542362365,-773001963353713.6,4
Bayesian Ridge Regression,-2.885418369996712,-773001963353713.6,4
Bayesian Ridge Regression,-3.4108437941069076,-773001963353713.6,4
Bayesian Ridge Regression,-1.833927238128002,-773001963353713.6,4
Bayesian Ridge Regression,-2.3529321054630254,-773001963353713.4,4
Bayesian Ridge Regression,-1.6571034663893656,-773001963353713.6,4
Bayesian Ridge Regression,-1.3355656611938254,-773001963353713.6,4
Bayesian Ridge Regression,-3.2351404478705748,-773001963353713.6,4
Bayesian Ridge Regression,-2.3531252756425936,-773001963353713.5,4
Bayesian Ridge Regression,-1.7873296113427601,-773001963353713.6,4
Bayesian Ridge Regression,-1.1061070209631036,-773001963353713.6,4
Bayesian Ridge Regression,-2.272602230242758,-773001963353713.6,4
Bayesian Ridge Regression,-3.0391954244610955,-773001963353713.6,4
Bayesian Ridge Regression,-0.6389033445220246,-773001963353712.4,4
Bayesian Ridge Regression,-0.16542042319834802,-773001963353713.5,4
Bayesian Ridge Regression,-0.28184511787174465,-773001963353713.6,4
Bayesian Ridge Regression,-0.3135898872515433,-773001963332081.5,4
Bayesian Ridge Regression,0.20849296776590773,-773001810820702.9,4
Bayesian Ridge Regression,-2.2882000233155653,-773001963353713.6,4
Bayesian Ridge Regression,-2.7785748071197123,-773001963353713.6,4
Bayesian Ridge Regression,-3.0775844181294625,-773001963353713.6,4
Bayesian Ridge Regression,-2.3140538776829995,-773001963353713.6,4
Bayesian Ridge Regression,-1.7426626842914594,-773001963353713.6,4
Bayesian Ridge Regression,-1.894217061776159,-773001963353713.5,4
Bayesian Ridge Regression,-2.2432421390383843,-773001963339451.9,4
Bayesian Ridge Regression,-1.4735211762278637,-773001963353713.6,4
Bayesian Ridge Regression,-3.810574259769909,-773001963353713.6,4
Bayesian Ridge Regression,-3.579179826019102,-773001963353713.6,4
Bayesian Ridge Regression,-2.5090165872531767,-773001963353713.6,4
Bayesian Ridge Regression,-2.6991941581253336,-773001963353713.6,4
Bayesian Ridge Regression,-2.97249382976246,-773001963353713.4,4
Bayesian Ridge Regression,-1.9112124620769755,-773001963353713.6,4
Bayesian Ridge Regression,-3.20721692140729,-773001963353713.6,4
Bayesian Ridge Regression,-3.2474583508182433,-773001963353713.6,4
Bayesian Ridge Regression,-2.4909497090997137,-773001963353713.6,4
Bayesian Ridge Regression,-2.991150818979587,-773001963353713.6,4
Bayesian Ridge Regression,-3.3458359767686834,-773001963353713.6,4
Bayesian Ridge Regression,-1.4326336990343642,-773001963353584.0,4
Bayesian Ridge Regression,-1.3360910210889294,-773001963353713.6,4
Bayesian Ridge Regression,-2.325708590111872,-773001963353713.6,4
Bayesian Ridge Regression,-1.800655814770182,-773001963353713.6,4
Bayesian Ridge Regression,-2.7233828886420643,-773001963353713.6,4
Bayesian Ridge Regression,-1.8336101498155517,-773001963353713.6,4
Bayesian Ridge Regression,-2.845233778250056,-773001963353713.6,4
Bayesian Ridge Regression,-1.4093732376842594,-773001963353708.5,4
Bayesian Ridge Regression,-1.4542413778154994,-773001963353642.6,4
Bayesian Ridge Regression,-2.635616939296958,-773001963353713.6,4
Bayesian Ridge Regression,-1.3859030337523468,-773001963353710.4,4
Bayesian Ridge Regression,-2.715845949095462,-773001963353713.6,4
Bayesian Ridge Regression,-2.691578169406441,-773001963353713.6,4
Bayesian Ridge Regression,-3.52120992195253,-773001963353713.5,4
Bayesian Ridge Regression,-3.007286136495451,-773001963353712.9,4
Bayesian Ridge Regression,-3.52120992195253,-773001963353706.4,4
Bayesian Ridge Regression,-3.302921552819786,-773001963353713.1,4
Bayesian Ridge Regression,-2.4555313487080666,-773001963353713.6,4
Bayesian Ridge Regression,-3.3114386993585976,-773001963353713.6,4
Bayesian Ridge Regression,-3.5222913974306227,-773001963353713.4,4
Bayesian Ridge Regression,-2.498525274280529,-773001963353713.1,4
Bayesian Ridge Regression,-2.810836301965318,-773001963353710.2,4
Bayesian Ridge Regression,-1.5554661639976504,-773001963353713.6,4
Bayesian Ridge Regression,-2.457678098889193,-773001963353708.5,4
Bayesian Ridge Regression,-1.4113517913995703,-773001963353698.4,4
Bayesian Ridge Regression,-3.2590502255091702,-773001963353713.6,4
Bayesian Ridge Regression,-1.1630496225248408,-773001961730858.4,4
Bayesian Ridge Regression,-3.135663383730844,-773001963353712.5,4
Bayesian Ridge Regression,-2.236090057320799,-773001963353686.5,4
Bayesian Ridge Regression,-2.2826863141215226,1043629358848633.6,4
Bayesian Ridge Regression,-2.9741896629359488,-773001963353654.0,4
Bayesian Ridge Regression,-2.4308272469150642,-773001963353713.6,4
Bayesian Ridge Regression,-2.7669040895368373,-773001963353713.5,4
Bayesian Ridge Regression,-1.7478447295977892,-773001963353713.5,4
Bayesian Ridge Regression,-2.8326132427713318,-773001963353713.5,4
Bayesian Ridge Regression,-3.190894343543139,-773001963353713.6,4
Bayesian Ridge Regression,-3.4398948173744337,-773001963353713.6,4
Bayesian Ridge Regression,-1.955139967558483,-773001963353713.6,4
Bayesian Ridge Regression,-1.7818010064165613,-773001963353712.0,4
Bayesian Ridge Regression,-1.7565625592771141,-773001963353712.8,4
Bayesian Ridge Regression,-2.020315121682196,-773001963353713.6,4
Bayesian Ridge Regression,-1.3580712288885752,-773001963353713.6,4
Bayesian Ridge Regression,-1.7983538696326367,-773001963353710.0,4
Bayesian Ridge Regression,-1.512256636766295,-773001963353655.4,4
Bayesian Ridge Regression,-2.1620771953880977,-773001963353713.6,4
Bayesian Ridge Regression,-3.48241354468584,-773001963353713.6,4
Bayesian Ridge Regression,-1.012145447578458,-772878790768570.6,4
Bayesian Ridge Regression,-1.272659841843383,-773001963353713.5,4
Bayesian Ridge Regression,-1.0474177734305667,-773001963352549.1,4
Bayesian Ridge Regression,-1.3819820537899474,-773001963351973.4,4
Bayesian Ridge Regression,-1.6384460109776287,-773001963353713.1,4
Bayesian Ridge Regression,-3.23633470688153,-773001963353713.6,4
Bayesian Ridge Regression,-3.466783553422354,-773001963353710.1,4
Bayesian Ridge Regression,-1.2175444827866113,-97563314230219.88,4
Bayesian Ridge Regression,-1.4441845681180592,-773001946168094.2,4
Bayesian Ridge Regression,-1.0807113206322263,-772999852445535.0,4
Bayesian Ridge Regression,-3.926105768520805,-773001963353713.6,4
Bayesian Ridge Regression,-2.635540187918821,-773001963353713.6,4
Bayesian Ridge Regression,-3.6572596108178765,-773001963353713.6,4
Bayesian Ridge Regression,-1.9718622007532294,-773001963353054.8,4
Bayesian Ridge Regression,-2.176441984856953,-773001963353711.8,4
Bayesian Ridge Regression,-3.4629936067206395,-773001963353713.6,4
Bayesian Ridge Regression,-1.840084037547579,-773001963353713.6,4
Bayesian Ridge Regression,-1.8350242298439021,-761960662236765.2,4
Bayesian Ridge Regression,-3.1720823887102565,-773001963353713.6,4
Bayesian Ridge Regression,-3.2877805976748804,-773001963353713.6,4
Bayesian Ridge Regression,-3.7469892929465796,-773001963353713.6,4
Bayesian Ridge Regression,-2.9171991963522217,-773001963353713.6,4
Bayesian Ridge Regression,-0.5687544073603336,5606102007905582.0,4
Bayesian Ridge Regression,-0.7705521408719755,-773001963353713.5,4
Bayesian Ridge Regression,-3.054246410327101,-773001963353713.6,4
Bayesian Ridge Regression,-4.219679806977318,-773001963353713.6,4
Bayesian Ridge Regression,-3.352587686654944,-773001963353713.6,4
Bayesian Ridge Regression,-1.6958725916338202,-773001963353711.6,4
Bayesian Ridge Regression,-3.7692522846397316,-773001963353713.4,4
Bayesian Ridge Regression,-2.5312982881059978,-773001963353713.6,4
Bayesian Ridge Regression,-2.7906820711849507,-773001963353712.0,4
Bayesian Ridge Regression,-2.7597061620105943,-773001963353697.6,4
Bayesian Ridge Regression,-2.034185120528877,-773001963353713.6,4
Bayesian Ridge Regression,-2.5910208366914373,-773001963353713.5,4
Bayesian Ridge Regression,-3.437187483030755,-773001963353713.6,4
Bayesian Ridge Regression,-3.5378566631708024,-773001963352681.4,4
Bayesian Ridge Regression,-1.7139014654061842,-773001963353655.9,4
Bayesian Ridge Regression,-1.9090244195663402,-773001963353713.6,4
Bayesian Ridge Regression,-2.0978386037648766,-773001963353698.6,4
Bayesian Ridge Regression,-2.0893959764848726,-773001963353713.6,4
Bayesian Ridge Regression,-2.0990330852672687,-773001963353273.4,4
Bayesian Ridge Regression,-1.4609239012072235,-773001963347253.5,4
Bayesian Ridge Regression,-3.5624063821538914,-773001963353713.6,4
Bayesian Ridge Regression,-1.763658215013675,-773001963353713.6,4
Bayesian Ridge Regression,-1.2189474946453842,-773001963353713.5,4
Bayesian Ridge Regression,-2.1481523894209715,-773001963353713.6,4
Bayesian Ridge Regression,-1.2297848289673887,-773001963353713.4,4
Bayesian Ridge Regression,-1.5310782741493767,-773001963353142.1,4
Bayesian Ridge Regression,-1.8162387276731846,-773001963353713.6,4
Bayesian Ridge Regression,-1.8626742516440307,-773001963353713.6,4
Bayesian Ridge Regression,-1.8019484611556353,-773001963353713.6,4
Bayesian Ridge Regression,-1.1177693107076099,-773001963353701.4,4
Bayesian Ridge Regression,-2.3087676366549488,-773001963353713.6,4
Bayesian Ridge Regression,-1.0639605458204757,-773001963353713.5,4
Bayesian Ridge Regression,-1.3448674070651871,-773001963353284.2,4
Bayesian Ridge Regression,-1.394827676426251,-773001963353712.2,4
Bayesian Ridge Regression,-2.2488337964546146,-773001963353653.9,4
Bayesian Ridge Regression,-2.653759917660552,-773001963353713.6,4
Bayesian Ridge Regression,-3.3707035768809224,-773001963353713.6,4
Bayesian Ridge Regression,-3.744840908818875,-773001963353713.6,4
Bayesian Ridge Regression,-3.3980116731740355,-773001963353687.1,4
Bayesian Ridge Regression,-1.7709615792854492,-773001963353712.6,4
Bayesian Ridge Regression,-3.233202110369878,-773001963353713.6,4
Bayesian Ridge Regression,-2.483384252706259,-773001963353713.6,4
Bayesian Ridge Regression,-3.3466707249611667,-773001963353713.6,4
Bayesian Ridge Regression,-3.290189204280069,-773001963353713.6,4
Bayesian Ridge Regression,-2.8201877676993385,-773001963353709.4,4
Bayesian Ridge Regression,-3.8817848914990014,-773001963353713.6,4
Bayesian Ridge Regression,-1.7613667161535187,-773001963353713.4,4
Bayesian Ridge Regression,-2.3460680222446215,-773001963353706.1,4
Bayesian Ridge Regression,-1.593236649552128,-773001963353640.5,4
Bayesian Ridge Regression,-3.015555503033429,-773001963353713.6,4
Bayesian Ridge Regression,-1.7139992395270756,-773001963353713.4,4
Bayesian Ridge Regression,-3.0455186942585932,-773001963353713.6,4
Bayesian Ridge Regression,-3.600326278518962,-773001963353713.6,4
Bayesian Ridge Regression,-2.0118859545996086,-773001963348525.5,4
Bayesian Ridge Regression,-2.5783960731301687,-773001963353713.6,4
Bayesian Ridge Regression,-4.059833781301273,-773001963353713.6,4
Bayesian Ridge Regression,-1.5895913565043294,-773001963353713.4,4
Bayesian Ridge Regression,-3.393048191942752,-773001963353713.6,4
Bayesian Ridge Regression,-2.0742842332450646,-773001963353713.6,4
Bayesian Ridge Regression,-2.292547184423849,-773001963353713.6,4
Bayesian Ridge Regression,-1.717711472714874,-773001963353692.0,4
Bayesian Ridge Regression,-1.9603652993893874,-773001963353713.6,4
Bayesian Ridge Regression,-1.5363868405196788,-773001963353701.5,4
Bayesian Ridge Regression,-1.6159918285387698,-773001963353612.9,4
Bayesian Ridge Regression,-0.7856945313640958,-773001963345628.9,4
Bayesian Ridge Regression,-1.6189896501583372,-773001963353713.6,4
Bayesian Ridge Regression,-2.1639051839291805,-773001963353712.5,4
Bayesian Ridge Regression,-3.312017362295172,-773001963353713.6,4
Bayesian Ridge Regression,-1.2672463833090828,-773001963352671.2,4
Bayesian Ridge Regression,-2.5255934458757454,-773001963353713.6,4
Bayesian Ridge Regression,-1.740666799910411,-773001963353713.4,4
Bayesian Ridge Regression,-0.7797693247910334,-773001963353713.5,4
Bayesian Ridge Regression,-1.951987303305516,-773001963352711.5,4
Bayesian Ridge Regression,-1.2800471306587051,-773001963353712.9,4
Bayesian Ridge Regression,-1.4562179644760493,-773001963353680.1,4
Bayesian Ridge Regression,-2.2355646390433175,8.9076990355343e+16,4
Bayesian Ridge Regression,-3.6368695830464484,-773001963353713.6,4
Bayesian Ridge Regression,-1.9362137770978871,-773001963353686.5,4
Bayesian Ridge Regression,-2.190142441306164,-773001963353712.4,4
Bayesian Ridge Regression,-1.4262388316017447,-773001963353700.4,4
Bayesian Ridge Regression,-2.152965298392503,-773001963353713.0,4
Bayesian Ridge Regression,-1.3627172000570675,-773001963353713.5,4
Bayesian Ridge Regression,-2.740096874062147,-773001963353713.6,4
Bayesian Ridge Regression,-1.4541338573389984,-773001963353703.4,4
Bayesian Ridge Regression,-3.8396725549649426,-773001963353713.6,4
Bayesian Ridge Regression,0.016216578776438208,-773001963353713.6,4
Bayesian Ridge Regression,0.013270809352243309,-773001963353713.5,4
Bayesian Ridge Regression,-0.40966424145785746,-773001963353713.6,4
Bayesian Ridge Regression,-0.31923658554998896,-773001963353713.6,4
Bayesian Ridge Regression,-0.202317609683526,-773001963353713.6,4
Bayesian Ridge Regression,-0.8579133376664105,-773001963353713.6,4
Bayesian Ridge Regression,-0.39778171004309776,-773001963353713.6,4
Bayesian Ridge Regression,0.2461448119736277,-773001963353713.6,4
Bayesian Ridge Regression,0.23583851209189552,-773001963353553.0,4
Bayesian Ridge Regression,-0.5442825169537446,-773001963353713.6,4
Bayesian Ridge Regression,-2.2749377863952085,-773001963353704.4,4
Bayesian Ridge Regression,-1.4739374796247893,-772987249419273.8,4
Bayesian Ridge Regression,-2.7286993920768685,-773001963353713.6,4
Bayesian Ridge Regression,-2.1512701073865577,-773001963352965.4,4
Bayesian Ridge Regression,-1.5671957242975716,-773001963353713.6,4
Bayesian Ridge Regression,-1.098047311203653,-773001963352457.5,4
Bayesian Ridge Regression,-2.703220329010491,-773001963353713.2,4
Bayesian Ridge Regression,-1.492201494031574,-773001963353546.2,4
Bayesian Ridge Regression,-1.1820723340995358,-479529799587867.8,4
Bayesian Ridge Regression,-3.915670428497184,-773001963353713.6,4
Bayesian Ridge Regression,-3.915670428497184,-773001963353713.6,4
Bayesian Ridge Regression,-2.7488910409678486,-773001963353713.6,4
Bayesian Ridge Regression,-3.2294115893983317,-773001963353713.6,4
Bayesian Ridge Regression,-1.852111989478871,-773001963353635.6,4
Bayesian Ridge Regression,-1.7300615156440644,-773001963353570.1,4
Bayesian Ridge Regression,-1.7472661616036533,-773001963353713.5,4
Bayesian Ridge Regression,-1.947863458882499,-773001963353713.5,4
Bayesian Ridge Regression,-1.3469740509457453,-773001963353713.6,4
Bayesian Ridge Regression,-1.649488441015367,-773001963353713.6,4
Bayesian Ridge Regression,-1.3198484161479276,-773001963353713.6,4
Bayesian Ridge Regression,-1.6322137070153477,-773001963353713.6,4
Bayesian Ridge Regression,-1.4094344835568617,-773001963353713.6,4
Bayesian Ridge Regression,-0.8959678728621829,-773001963353687.1,4
Bayesian Ridge Regression,-1.3991403077454354,-773001963353713.6,4
Bayesian Ridge Regression,-0.8609839615611586,-773001963353711.2,4
Bayesian Ridge Regression,-1.8459806844208395,-773001963353713.6,4
Bayesian Ridge Regression,-2.2646029664100515,-773001963353713.6,4
Bayesian Ridge Regression,-0.9172146296835499,-757418265504924.2,4
Bayesian Ridge Regression,-1.5600709478109722,-773001963353713.6,4
Bayesian Ridge Regression,-1.148825472087486,-773001963353352.5,4
Bayesian Ridge Regression,-3.295634963777275,-773001963353713.6,4
Bayesian Ridge Regression,-1.450536715424269,-773001963353713.6,4
Bayesian Ridge Regression,-0.6591799251191045,-773001963342615.9,4
Bayesian Ridge Regression,-2.428366273865067,-773001963353713.2,4
Bayesian Ridge Regression,-1.031601943299423,-773001880629225.1,4
Bayesian Ridge Regression,-3.241946952668458,-773001963353713.5,4
Bayesian Ridge Regression,-1.0945491836072103,-773001963353713.5,4
Bayesian Ridge Regression,-2.390077592912712,-773001963353713.6,4
Bayesian Ridge Regression,-1.0940337585544895,-773001963353713.5,4
Bayesian Ridge Regression,-1.2413209034031176,1.5543336967905134e+16,4
Bayesian Ridge Regression,-2.5315835424986517,-773001963353713.6,4
Bayesian Ridge Regression,-2.3146334389286793,-472910679712736.3,5
Bayesian Ridge Regression,-1.9138112509675613,-472910679712736.3,5
Bayesian Ridge Regression,-2.403452823620798,-472910679712735.44,5
Bayesian Ridge Regression,-2.423624898245491,-472910679712736.1,5
Bayesian Ridge Regression,-1.9492654506102318,-472910679711897.3,5
Bayesian Ridge Regression,-2.7922905193547125,-472910679712736.4,5
Bayesian Ridge Regression,-1.7253486984128064,-472910679712392.7,5
Bayesian Ridge Regression,-1.3240188516817268,-472910679712736.4,5
Bayesian Ridge Regression,-1.0745636623476162,-472910679712736.4,5
Bayesian Ridge Regression,-1.4118568185099727,-472910679712736.4,5
Bayesian Ridge Regression,-1.641711232958164,-472910679712736.4,5
Bayesian Ridge Regression,-1.524080623031204,-472910679712736.4,5
Bayesian Ridge Regression,-1.2059345608151744,-472910679712736.4,5
Bayesian Ridge Regression,-1.5083613986405884,-472910679712736.4,5
Bayesian Ridge Regression,-1.4103143043656896,-472910679712736.4,5
Bayesian Ridge Regression,-1.3629507222657735,-472910679712736.4,5
Bayesian Ridge Regression,-1.6443425309821194,-472910679712736.4,5
Bayesian Ridge Regression,-1.6390957814475864,-472910679712736.4,5
Bayesian Ridge Regression,-1.2247774230710238,-472910679712736.4,5
Bayesian Ridge Regression,-1.680228158144333,-472910679712736.4,5
Bayesian Ridge Regression,-1.4091232046942341,-328623881593298.25,5
Bayesian Ridge Regression,-2.123767317417046,-472910679712736.4,5
Bayesian Ridge Regression,-1.1345513868310089,-472910679712699.8,5
Bayesian Ridge Regression,-1.0056334760903496,-472910679712325.5,5
Bayesian Ridge Regression,-1.778416668028348,-472910679712736.4,5
Bayesian Ridge Regression,-2.341290856803062,-472910679712736.25,5
Bayesian Ridge Regression,-1.4201920378605053,-472910679712715.9,5
Bayesian Ridge Regression,-1.8730671060734179,-472910679712736.4,5
Bayesian Ridge Regression,-3.399950007606853,-472910679712736.4,5
Bayesian Ridge Regression,-1.3607499667563296,-472910679000000.56,5
Bayesian Ridge Regression,-2.5901613502180045,-472910679712736.4,5
Bayesian Ridge Regression,-2.736709137429952,-472910679712736.4,5
Bayesian Ridge Regression,-3.3816182003459216,-472910679712736.4,5
Bayesian Ridge Regression,-3.876468483448327,-472910679712736.4,5
Bayesian Ridge Regression,-0.3696586894071177,-472910679710908.4,5
Bayesian Ridge Regression,-0.5732799306060785,-472910679712734.94,5
Bayesian Ridge Regression,-0.5987130334578719,-472910679712736.4,5
Bayesian Ridge Regression,-3.0110100837480736,-472910679712736.4,5
Bayesian Ridge Regression,-0.14570591755806434,-472910679712736.4,5
Bayesian Ridge Regression,-3.6800158253354924,-472910679712736.4,5
Bayesian Ridge Regression,-2.9107287853445634,-472910679712736.25,5
Bayesian Ridge Regression,-1.9304209166838449,-472910679712735.9,5
Bayesian Ridge Regression,-1.1731208384522849,-472910679712717.8,5
Bayesian Ridge Regression,-3.0166281405425486,-472910679712736.4,5
Bayesian Ridge Regression,-2.0174042079019414,-472910679712736.4,5
Bayesian Ridge Regression,-2.7515330963273232,-472910679712736.4,5
Bayesian Ridge Regression,-3.4785088685395653,-472910679712736.4,5
Bayesian Ridge Regression,-3.1381335734004905,-472910679712736.4,5
Bayesian Ridge Regression,-3.447382880362,-472910679712736.4,5
Bayesian Ridge Regression,-2.5493325073158326,-472910679712736.4,5
Bayesian Ridge Regression,-2.557865138098485,-472910679712736.4,5
Bayesian Ridge Regression,-2.3339531661956356,-472910679712736.4,5
Bayesian Ridge Regression,-3.1668739337041876,-472910679712736.4,5
Bayesian Ridge Regression,-2.492075482831661,-465541170970256.8,5
Bayesian Ridge Regression,-1.415304935020491,-472910679712736.4,5
Bayesian Ridge Regression,-2.174597252967641,-472910679712736.4,5
Bayesian Ridge Regression,-1.8319016673890882,-472910679712736.4,5
Bayesian Ridge Regression,-1.0599038235929437,-472910679712736.4,5
Bayesian Ridge Regression,-2.6852623228853463,-472910679712736.4,5
Bayesian Ridge Regression,-1.115836390766966,-472910679712713.6,5
Bayesian Ridge Regression,-1.5372443207314632,-472910679670044.4,5
Bayesian Ridge Regression,-3.434121498561107,-472910679712736.4,5
Bayesian Ridge Regression,-3.008152176256889,-472910679712736.4,5
Bayesian Ridge Regression,-2.3478691638008677,-472910679712736.4,5
Bayesian Ridge Regression,-2.8807530211105905,-472910679712734.25,5
Bayesian Ridge Regression,-1.8026465968079968,-472910679712736.4,5
Bayesian Ridge Regression,-1.1202858432048246,-472910679712733.4,5
Bayesian Ridge Regression,-1.2886807788238237,-472910679712736.4,5
Bayesian Ridge Regression,-1.3266108732423414,-472910679712736.25,5
Bayesian Ridge Regression,-1.1286208649028604,-472910679703495.0,5
Bayesian Ridge Regression,-3.302921552819786,-472910679712736.4,5
Bayesian Ridge Regression,-3.7342838339347466,-472910679712736.4,5
Bayesian Ridge Regression,-3.7342838339347466,-472910679712736.4,5
Bayesian Ridge Regression,-2.5038360209902844,-472910679712736.4,5
Bayesian Ridge Regression,-1.2227575127427186,-472910679712736.4,5
Bayesian Ridge Regression,-2.5342163548062593,-472910679712736.4,5
Bayesian Ridge Regression,-3.9730828630218453,-472910679712736.4,5
Bayesian Ridge Regression,-1.547722797531173,-472910679712736.4,5
Bayesian Ridge Regression,-1.5623567401916558,-472910679712736.06,5
Bayesian Ridge Regression,-1.935943656763284,-472910679712735.6,5
Bayesian Ridge Regression,-1.1808764741089726,-472910679711971.0,5
Bayesian Ridge Regression,-1.706119540338668,-472910679712726.25,5
Bayesian Ridge Regression,-1.5862250860093259,-472910679696459.1,5
Bayesian Ridge Regression,-3.2996658499018485,-472910679712736.4,5
Bayesian Ridge Regression,-2.470173263354167,-472910679712735.25,5
Bayesian Ridge Regression,-2.1210586466718686,-472910679712709.0,5
Bayesian Ridge Regression,-3.285204336328503,-472910679712736.4,5
Bayesian Ridge Regression,-1.5650446341096866,-472910678298173.25,5
Bayesian Ridge Regression,-2.4995431395917818,-472910679712736.4,5
Bayesian Ridge Regression,-2.0061846218108834,-472910679712711.44,5
Bayesian Ridge Regression,-2.0364325385907973,-472910679698774.56,5
Bayesian Ridge Regression,-2.287736284945912,-472910679712733.9,5
Bayesian Ridge Regression,-4.043611115346274,-472910679712736.4,5
Bayesian Ridge Regression,-3.09259777670544,-472910679712733.3,5
Bayesian Ridge Regression,-2.4911353637922846,-472910679712736.4,5
Bayesian Ridge Regression,-2.0559062448512155,-428676808365535.0,5
Bayesian Ridge Regression,-1.883787384700319,-472910679712736.4,5
Bayesian Ridge Regression,-2.4462457037304657,-472910679712736.4,5
Bayesian Ridge Regression,-2.550141932709222,-472910679712736.4,5
Bayesian Ridge Regression,-1.6846961468463335,-472910679712735.06,5
Bayesian Ridge Regression,-1.6379527351562522,-472910679712736.2,5
Bayesian Ridge Regression,-2.9211605333956863,-472910679712736.4,5
Bayesian Ridge Regression,-2.2625101343415968,-472910679712736.4,5
Bayesian Ridge Regression,-1.3149788474841408,-472910679712736.2,5
Bayesian Ridge Regression,-2.110664900131247,-472910679712736.3,5
Bayesian Ridge Regression,-2.3552642027188186,-472910679712736.4,5
Bayesian Ridge Regression,-1.7883466398341077,-472910679712736.4,5
Bayesian Ridge Regression,-1.7883466398341077,-472910679712736.4,5
Bayesian Ridge Regression,-2.0615953180564492,-472910679712736.4,5
Bayesian Ridge Regression,-2.0731453982830836,-472910679712736.4,5
Bayesian Ridge Regression,-2.000920332458684,-472910679712736.4,5
Bayesian Ridge Regression,-1.4273499677206534,-472910679678887.1,5
Bayesian Ridge Regression,-1.1134303475678107,-472910679682488.44,5
Bayesian Ridge Regression,-1.5838670484167507,-472910679709140.56,5
Bayesian Ridge Regression,-2.4117878095891196,-472910679712736.2,5
Bayesian Ridge Regression,-1.069394064585742,-472910679712735.1,5
Bayesian Ridge Regression,-1.2662523005170878,-472910679712736.3,5
Bayesian Ridge Regression,-1.6993207301372903,-472910679712736.4,5
Bayesian Ridge Regression,-3.172776808882327,-472910679712736.4,5
Bayesian Ridge Regression,-1.8011659603551675,-472910679712735.4,5
Bayesian Ridge Regression,-2.049666891178964,-472910679712201.1,5
Bayesian Ridge Regression,-1.3267843126055872,-472910679712736.4,5
Bayesian Ridge Regression,-2.099963060637607,-472910679711841.5,5
Bayesian Ridge Regression,-1.4115626764192806,-472910679712721.06,5
Bayesian Ridge Regression,-1.737359048801603,-472910679712736.4,5
Bayesian Ridge Regression,-1.0937551186817627,-472910679712736.4,5
Bayesian Ridge Regression,-0.9349414936187838,-472910679712360.25,5
Bayesian Ridge Regression,-2.00821940080217,-472910679712736.4,5
Bayesian Ridge Regression,-1.982318834323383,-472910679712736.4,5
Bayesian Ridge Regression,-2.244039132061237,-472910679712736.0,5
Bayesian Ridge Regression,-2.9206284299141125,-472910679712736.4,5
Bayesian Ridge Regression,-1.421235229471209,-469217363335922.2,5
Bayesian Ridge Regression,-1.5110863339963716,-472910679712736.4,5
Bayesian Ridge Regression,-1.881362165893176,-472910679712728.0,5
Bayesian Ridge Regression,-3.6688623296866587,-472910679712736.4,5
Bayesian Ridge Regression,-1.3310146489007124,-472910679712736.4,5
Bayesian Ridge Regression,-1.3168403571338247,-472910679712071.75,5
Bayesian Ridge Regression,-1.453797527240351,-472910679708289.5,5
Bayesian Ridge Regression,-1.8347593251696876,-472910679712736.3,5
Bayesian Ridge Regression,-2.8947429719805546,-472910679712736.4,5
Bayesian Ridge Regression,-1.1598011320770079,-472910679712717.94,5
Bayesian Ridge Regression,-2.062592350526869,-472910679712736.4,5
Bayesian Ridge Regression,-0.9279654459479447,-472910679712689.9,5
Bayesian Ridge Regression,-2.0129990008635867,-472910679712727.2,5
Bayesian Ridge Regression,-1.3284164293502903,-472910679712734.8,5
Bayesian Ridge Regression,-1.8035282856682657,-472910679712736.3,5
Bayesian Ridge Regression,-1.9341938240909706,-472910679712736.3,5
Bayesian Ridge Regression,-3.542851120580754,-472910679712736.4,5
Bayesian Ridge Regression,-3.2740051086991615,-472910679712736.4,5
Bayesian Ridge Regression,-1.917076538816309,-472910679712736.4,5
Bayesian Ridge Regression,-1.5609490414532068,431414444853570.6,5
Bayesian Ridge Regression,-2.7874427365568386,-472910679712736.3,5
Bayesian Ridge Regression,-1.8171279243372191,-472910679712736.4,5
Bayesian Ridge Regression,-3.4366316559477377,-472910679712736.4,5
Bayesian Ridge Regression,-2.2176402640700728,-472910679712648.6,5
Bayesian Ridge Regression,-1.7701752248722789,-472910679712610.5,5
Bayesian Ridge Regression,-2.540720473654946,-472910679712736.4,5
Bayesian Ridge Regression,-3.6308973708676717,-472910679712736.4,5
Bayesian Ridge Regression,-1.936404341844701,-472910679687381.3,5
Bayesian Ridge Regression,-1.7448404020099417,-472910679712736.4,5
Bayesian Ridge Regression,-2.0916278587378,-472910679712736.4,5
Bayesian Ridge Regression,-2.345229430009625,-472910679702495.06,5
Bayesian Ridge Regression,-3.3358640560027224,-472910679712736.4,5
Bayesian Ridge Regression,-1.945164608357066,-472910679712735.8,5
Bayesian Ridge Regression,-3.3980116731740355,-472910679712736.4,5
Bayesian Ridge Regression,-2.9710072633433735,-472910679712736.4,5
Bayesian Ridge Regression,-2.7386203038591304,-472910679712736.4,5
Bayesian Ridge Regression,-1.4643518021071489,-472910679712693.56,5
Bayesian Ridge Regression,-2.26736728311359,-472910679712736.4,5
Bayesian Ridge Regression,-1.95795837174818,-472910679712736.4,5
Bayesian Ridge Regression,-2.0645418092014314,-472910679712736.4,5
Bayesian Ridge Regression,-1.356590498479473,-472910679349690.25,5
Bayesian Ridge Regression,-1.753896033344213,-472910679712736.4,5
Bayesian Ridge Regression,-1.1848306140119889,-472910679712620.8,5
Bayesian Ridge Regression,-1.5951494590693263,-472910679712736.4,5
Bayesian Ridge Regression,-1.8762488134939106,-472910679712674.75,5
Bayesian Ridge Regression,-2.1980100109869287,-472910679712736.4,5
Bayesian Ridge Regression,-1.6819366650372385,-472898997992969.3,5
Bayesian Ridge Regression,-3.3036200184447138,-472910679712736.0,5
Bayesian Ridge Regression,-1.5049121890283346,-472910679712151.06,5
Bayesian Ridge Regression,-2.695416849848479,-472910679712736.06,5
Bayesian Ridge Regression,-3.6546223480637448,-472910679712736.4,5
Bayesian Ridge Regression,-2.22015815118179,-472910679712736.4,5
Bayesian Ridge Regression,-1.9412408278950934,-472910679712736.4,5
Bayesian Ridge Regression,-3.184747097908846,-472910679712736.4,5
Bayesian Ridge Regression,-0.6894774956008592,-472910679712668.7,5
Bayesian Ridge Regression,-1.47951268111869,-472910679712736.4,5
Bayesian Ridge Regression,-1.1026053129321816,-472910679712725.5,5
Bayesian Ridge Regression,-2.8559441417598115,-472910679712736.4,5
Bayesian Ridge Regression,-3.0397590359811644,-472910679712736.4,5
Bayesian Ridge Regression,-2.5945173784671853,-472910679712736.4,5
Bayesian Ridge Regression,-1.2165796349138172,-472910679709786.44,5
Bayesian Ridge Regression,-1.6362623936895822,-472910679712736.4,5
Bayesian Ridge Regression,-1.6374387034297335,-472910679712736.4,5
Bayesian Ridge Regression,-1.405215799824956,-472910679712736.06,5
Bayesian Ridge Regression,-1.8884660362981867,-472910679712736.3,5
Bayesian Ridge Regression,-2.8165949053280404,-472910679712736.4,5
Bayesian Ridge Regression,-1.1090605687339063,-472910679712478.25,5
Bayesian Ridge Regression,-1.8486158063184404,-472910679712736.4,5
Bayesian Ridge Regression,-1.9765773961271407,-472910679712736.25,5
Bayesian Ridge Regression,-2.017352405817494,315850952708928.75,5
Bayesian Ridge Regression,-1.5736750209710204,-472910679712735.7,5
Bayesian Ridge Regression,-1.7772835288524167,-472910679712736.2,5
Bayesian Ridge Regression,-3.3625502994733605,-472910679712736.4,5
Bayesian Ridge Regression,-1.34349300583641,-472910679712736.4,5
Bayesian Ridge Regression,0.26528954569788904,-472910679712736.4,5
Bayesian Ridge Regression,0.011790398005349874,-472910679712736.3,5
Bayesian Ridge Regression,0.25792460161657743,-472910679712736.25,5
Bayesian Ridge Regression,-0.8579133376664105,-472910679712736.4,5
Bayesian Ridge Regression,0.004405968258246192,-472910679712721.44,5
Bayesian Ridge Regression,-0.43783118657286935,-57207927421029.0,5
Bayesian Ridge Regression,-0.9893876757536758,-472910679712736.4,5
Bayesian Ridge Regression,-3.6464665167152384,-472910679712736.4,5
Bayesian Ridge Regression,-1.7473311829109102,-472910679712736.4,5
Bayesian Ridge Regression,-1.2407370006641907,-472910679712646.44,5
Bayesian Ridge Regression,-0.9771273167949791,-472910679712726.06,5
Bayesian Ridge Regression,-1.6163219968838958,-472910679712475.3,5
Bayesian Ridge Regression,-1.621304790891127,-472910678901555.25,5
Bayesian Ridge Regression,-3.4519129118061063,-472910679712736.4,5
Bayesian Ridge Regression,-2.5395917281791975,-472910679712736.4,5
Bayesian Ridge Regression,-3.525699217034543,-472910679712736.4,5
Bayesian Ridge Regression,-2.5479760718766045,-472910679712736.4,5
Bayesian Ridge Regression,-1.7868132829404095,-472910679712736.4,5
Bayesian Ridge Regression,-1.1009937914140275,-472910679712724.3,5
Bayesian Ridge Regression,-2.088287115891733,-430878498041163.9,5
Bayesian Ridge Regression,-3.8233531994782193,-472910679712736.4,5
Bayesian Ridge Regression,-1.4753372030036505,-472910679712736.4,5
Bayesian Ridge Regression,-1.573747505577719,-472910679712736.4,5
Bayesian Ridge Regression,-1.28375174993668,-472910679712736.4,5
Bayesian Ridge Regression,-0.9134224928394735,-472910679712736.4,5
Bayesian Ridge Regression,-1.540907293954747,-472910679712736.4,5
Bayesian Ridge Regression,-1.3198484161479276,-472910679712736.4,5
Bayesian Ridge Regression,-0.9468333037780922,-472910679712736.4,5
Bayesian Ridge Regression,-1.793068638288037,-472910679712736.4,5
Bayesian Ridge Regression,-1.7563417007657087,-472910679712736.4,5
Bayesian Ridge Regression,-0.8769725367904692,-472910679712736.4,5
Bayesian Ridge Regression,-1.629049819754814,-472910679712736.4,5
Bayesian Ridge Regression,-3.151893437607053,-472910679712736.4,5
Bayesian Ridge Regression,-0.952771189748095,-472910679712736.2,5
Bayesian Ridge Regression,-1.5966625231096632,-472910679712736.3,5
Bayesian Ridge Regression,-1.5398588190217488,-472910679712736.4,5
Bayesian Ridge Regression,-1.8036577587890321,-472910679712736.4,5
Bayesian Ridge Regression,-1.3551617678005954,-472910679712736.4,5
Bayesian Ridge Regression,-1.1543394167845993,-472910679712736.25,5
Bayesian Ridge Regression,-1.1291381497161614,-472910679712710.44,5
Bayesian Ridge Regression,-1.1400317683551704,-472910679712735.75,5
Bayesian Ridge Regression,-2.6212424559235727,-472910679712736.4,5
Bayesian Ridge Regression,-1.7998312883961207,-472910679712736.25,5
Bayesian Ridge Regression,-1.1827941397057182,-472910679712735.4,5
Bayesian Ridge Regression,-1.025762740954669,-472910679653337.0,5
Bayesian Ridge Regression,-0.14567163968046612,-472910679293742.94,5
Bayesian Ridge Regression,-1.048516497297764,-472910679712736.1,5
Bayesian Ridge Regression,-1.0026227122886122,-472910677461334.06,5
Bayesian Ridge Regression,-2.192341601117107,-472910679712736.4,5
Bayesian Ridge Regression,-3.4495551653497865,-472910679712736.4,5
Bayesian Ridge Regression,-1.7462641625323523,-472910679712730.44,5
Bayesian Ridge Regression,-1.0884067327209506,-472910679712736.3,5
Bayesian Ridge Regression,-1.0775646199327256,-472910679712736.4,5
Bayesian Ridge Regression,-1.011455146773862,-472910679705590.9,5
