model,experiment,prediction,split #
Elastic Net Regression,-2.559953281626918,-1.9844336760715109,1
Elastic Net Regression,-2.642729293000293,-1.7013536342196147,1
Elastic Net Regression,-1.169002914533462,-2.242049678593773,1
Elastic Net Regression,-2.423624898245491,-2.029034031941336,1
Elastic Net Regression,-1.2059345608151744,-1.8370018550250151,1
Elastic Net Regression,-1.9196885629650766,-1.5658859730643329,1
Elastic Net Regression,-1.496009274431816,-1.58482399413532,1
Elastic Net Regression,-3.4108437941069076,-3.506456360875255,1
Elastic Net Regression,-1.1938637358837367,-1.3520769862636186,1
Elastic Net Regression,-2.3529321054630254,-1.8272022290511813,1
Elastic Net Regression,-1.1345513868310089,-1.7322042080932718,1
Elastic Net Regression,-2.8184713897478226,-2.0802521248115866,1
Elastic Net Regression,-1.778416668028348,-2.0174516138877436,1
Elastic Net Regression,-1.0225392132375182,-1.552261769827048,1
Elastic Net Regression,-1.3355656611938254,-2.007575004879463,1
Elastic Net Regression,-1.3897810295006061,-2.1170481498581424,1
Elastic Net Regression,-1.8730671060734179,-2.231315742832905,1
Elastic Net Regression,-1.5041031112940382,-1.9318921585262316,1
Elastic Net Regression,-3.399950007606853,-2.114869131786861,1
Elastic Net Regression,-2.808030042713029,-1.9313712826244185,1
Elastic Net Regression,-1.3607499667563296,-1.2930096261962731,1
Elastic Net Regression,-2.2025638997362065,-2.0860184555193797,1
Elastic Net Regression,-2.9688776583453143,-1.913095160036029,1
Elastic Net Regression,-2.0569241023003397,-1.8624403778676566,1
Elastic Net Regression,-2.6092962251353855,-1.8374126457730142,1
Elastic Net Regression,-2.151509814945314,-1.931786282655807,1
Elastic Net Regression,-3.2036005297986074,-1.9479031854472666,1
Elastic Net Regression,-2.461494632742434,-1.8544484350226753,1
Elastic Net Regression,-2.272602230242758,-1.6219810754863104,1
Elastic Net Regression,-2.736709137429952,-2.123374494781544,1
Elastic Net Regression,-3.3816182003459216,-2.470645935343029,1
Elastic Net Regression,-1.694125814017541,-3.3633177433206,1
Elastic Net Regression,0.14443509497441417,-1.4596353442296675,1
Elastic Net Regression,-0.40674416735366103,-2.0756706099430033,1
Elastic Net Regression,-0.3696586894071177,-1.2844420592333847,1
Elastic Net Regression,-1.0877694915519545,-2.1400315643175176,1
Elastic Net Regression,-0.16542042319834802,-1.5933307949497149,1
Elastic Net Regression,-1.5018248431082857,-2.198051448603948,1
Elastic Net Regression,-0.5196118275771817,-1.6321904094043802,1
Elastic Net Regression,-0.6945493884044287,-1.7400513781500848,1
Elastic Net Regression,-0.08363954432116573,-1.5995285261941632,1
Elastic Net Regression,-1.1235679872330004,-2.1453382442931215,1
Elastic Net Regression,-1.1159606660259742,-2.0045284590473074,1
Elastic Net Regression,-2.2882000233155653,-3.8215201692860177,1
Elastic Net Regression,-3.6800158253354924,-3.5781793164849205,1
Elastic Net Regression,-2.7785748071197123,-2.124314746197882,1
Elastic Net Regression,-3.2691119889214533,-3.282478421817231,1
Elastic Net Regression,-2.465962973225779,-2.631066034533802,1
Elastic Net Regression,-3.0775844181294625,-2.6293078998579347,1
Elastic Net Regression,-1.9101052340727014,-3.1640572057362135,1
Elastic Net Regression,-1.8094490244732577,-2.176174264535149,1
Elastic Net Regression,-2.209721593275448,-2.803741092819301,1
Elastic Net Regression,-1.4735211762278637,-2.011354549233097,1
Elastic Net Regression,-3.4785088685395653,-2.56815626812422,1
Elastic Net Regression,-3.579179826019102,-3.8375561695252287,1
Elastic Net Regression,-2.5493325073158326,-2.1625445777406256,1
Elastic Net Regression,-2.7237372356215404,-1.8262440125234463,1
Elastic Net Regression,-3.310333372786738,-1.9605393917924872,1
Elastic Net Regression,-3.130720745231321,-2.65280299271636,1
Elastic Net Regression,-1.8336101498155517,-2.080071787323938,1
Elastic Net Regression,-2.6732644443606475,-2.268399472431149,1
Elastic Net Regression,-2.617794503701521,-1.9719467218232083,1
Elastic Net Regression,-1.4542413778154994,-1.6076291971708656,1
Elastic Net Regression,-2.6852623228853463,-2.3181018505718214,1
Elastic Net Regression,-2.9864932974615632,-1.843242275246105,1
Elastic Net Regression,-3.434121498561107,-3.5562664034776432,1
Elastic Net Regression,-1.8026465968079968,-2.150671772766543,1
Elastic Net Regression,-1.777268237794943,-1.8917413603696858,1
Elastic Net Regression,-1.183812038624167,-2.5459934083177274,1
Elastic Net Regression,-1.7028254486283225,-2.2502996780550433,1
Elastic Net Regression,-1.2886807788238237,-2.034184206524756,1
Elastic Net Regression,-1.392520817816124,-1.9124720623500906,1
Elastic Net Regression,-2.6799272800459657,-2.6362000449226315,1
Elastic Net Regression,-3.6203410251864447,-2.901764702349219,1
Elastic Net Regression,-2.5986223809209954,-1.5810012872168784,1
Elastic Net Regression,-2.8871236492020507,-1.5012320900110225,1
Elastic Net Regression,-3.1782271514224525,-1.6544638859238603,1
Elastic Net Regression,-3.5222913974306227,-2.3133301399143917,1
Elastic Net Regression,-2.270552443792131,-2.0177502396312335,1
Elastic Net Regression,-2.5342163548062593,-1.893912851271125,1
Elastic Net Regression,-2.457678098889193,-1.8620591925756287,1
Elastic Net Regression,-1.6536721058017216,-1.3373454316826425,1
Elastic Net Regression,-2.663203768289533,-1.9918305632895894,1
Elastic Net Regression,-3.2590502255091702,-2.40387365959333,1
Elastic Net Regression,-1.1630496225248408,-1.3689001947161543,1
Elastic Net Regression,-3.5222913974306227,-2.4235787967964058,1
Elastic Net Regression,-3.135663383730844,-1.6535997144507846,1
Elastic Net Regression,-1.1465151741161497,-1.588987897195146,1
Elastic Net Regression,-2.2875737313332407,-1.9153561908612033,1
Elastic Net Regression,-1.5942049925158137,-1.6072105989886296,1
Elastic Net Regression,-1.706119540338668,-1.4700994882116731,1
Elastic Net Regression,-1.9381605982067327,-1.8906650177082795,1
Elastic Net Regression,-1.1883246153441216,-1.5655981450122596,1
Elastic Net Regression,-3.7105715966505453,-3.37924146295763,1
Elastic Net Regression,-2.644753893986956,-2.1784641070291,1
Elastic Net Regression,-2.470173263354167,-2.0267136884820616,1
Elastic Net Regression,-3.159004262647741,-2.344752696877414,1
Elastic Net Regression,-2.248890796910272,-1.7021837234689414,1
Elastic Net Regression,-1.4855749296151965,-1.6855392436129009,1
Elastic Net Regression,-1.9555954093204297,-2.4079415035532605,1
Elastic Net Regression,-1.883787384700319,-2.732864169977823,1
Elastic Net Regression,-2.3566470252815495,-2.5517125201364763,1
Elastic Net Regression,-1.262358754468822,-2.6959844325634563,1
Elastic Net Regression,-3.231239100298885,-2.4524265354917887,1
Elastic Net Regression,-1.6253102968663857,-2.438228581541651,1
Elastic Net Regression,-1.6846961468463335,-1.5957647270011464,1
Elastic Net Regression,-1.3149788474841408,-1.578634439914012,1
Elastic Net Regression,-1.6668842660690988,-1.8484178414460146,1
Elastic Net Regression,-2.0615953180564492,-2.0657720322334683,1
Elastic Net Regression,-3.333901540815397,-2.090382819998581,1
Elastic Net Regression,-1.3752808174958797,-1.5418810810122565,1
Elastic Net Regression,-2.772360579555891,-2.27172164388805,1
Elastic Net Regression,-3.3980931244651527,-2.246773221906345,1
Elastic Net Regression,-1.2174698965346429,-1.5355223287778799,1
Elastic Net Regression,-1.945720453842236,-1.9616506080793812,1
Elastic Net Regression,-3.739785461604827,-3.875912364878566,1
Elastic Net Regression,-3.739785461604827,-3.520421712560129,1
Elastic Net Regression,-1.9705460914481276,-1.6450979985362366,1
Elastic Net Regression,-2.4117878095891196,-2.0390753242270208,1
Elastic Net Regression,-1.5213971031085405,-2.4209150660296217,1
Elastic Net Regression,-1.069394064585742,-2.095580001841121,1
Elastic Net Regression,-1.8441291379223155,-1.779901260084479,1
Elastic Net Regression,-1.0807113206322263,-1.5366507770719124,1
Elastic Net Regression,-1.6993207301372903,-1.8474160495249805,1
Elastic Net Regression,-2.6148556108775285,-2.7485727014631465,1
Elastic Net Regression,-1.2185345221225936,-1.6271153527168565,1
Elastic Net Regression,-1.6517269019834395,-2.1346322972627263,1
Elastic Net Regression,-1.0209515518818744,-2.451414636154148,1
Elastic Net Regression,-2.484467237840419,-1.9773318932112431,1
Elastic Net Regression,-3.1720823887102565,-2.5993961673956676,1
Elastic Net Regression,-2.1469087646472067,-2.098826341402898,1
Elastic Net Regression,-1.7892523214132656,-1.640829859890026,1
Elastic Net Regression,-1.015474675864504,-1.6076990405047624,1
Elastic Net Regression,-1.9745795534681516,-1.9642372737812437,1
Elastic Net Regression,-1.1441412885613946,-1.9006182327163046,1
Elastic Net Regression,-0.7705521408719755,-2.2682593916191394,1
Elastic Net Regression,-1.4330573818946528,-1.9109663144744076,1
Elastic Net Regression,-2.536796608945731,-2.4912445012754603,1
Elastic Net Regression,-2.8108233787082515,-1.8553020934892785,1
Elastic Net Regression,-2.5312982881059978,-2.3013897706481217,1
Elastic Net Regression,-2.034185120528877,-2.2633188267063318,1
Elastic Net Regression,-3.437187483030755,-2.299838907500792,1
Elastic Net Regression,-1.9945993491296803,-1.9856987529878225,1
Elastic Net Regression,-2.612904311968554,-1.3009382889410546,1
Elastic Net Regression,-2.9753058553179503,-1.924371949829812,1
Elastic Net Regression,-2.647947017470284,-1.7176109744464725,1
Elastic Net Regression,-2.0893959764848726,-2.570859168334664,1
Elastic Net Regression,-1.3310146489007124,-2.384840724403958,1
Elastic Net Regression,-3.6688623296866587,-2.6556160880279265,1
Elastic Net Regression,-1.4386260150993235,-1.4857940747432679,1
Elastic Net Regression,-2.2675571837562845,-1.7472119767756098,1
Elastic Net Regression,-1.8347593251696876,-1.729648075166054,1
Elastic Net Regression,-3.5624063821538914,-2.4248924949200443,1
Elastic Net Regression,-1.4001202888111866,-1.8705033574918346,1
Elastic Net Regression,-0.9279654459479447,-1.25119134251414,1
Elastic Net Regression,-1.0225594503600544,-2.0343200733757527,1
Elastic Net Regression,-1.3284164293502903,-1.7039257309693312,1
Elastic Net Regression,-2.1834863402339466,-1.9773552210459187,1
Elastic Net Regression,-1.351662241081682,-1.7466386635356628,1
Elastic Net Regression,-1.917076538816309,-2.111430532074735,1
Elastic Net Regression,-2.2488337964546146,-1.6658910461796808,1
Elastic Net Regression,-3.744840908818875,-3.814910388947766,1
Elastic Net Regression,-1.7550940407409845,-1.2047673868667133,1
Elastic Net Regression,-2.6904826786431757,-2.2605019720579236,1
Elastic Net Regression,-3.3707035768809224,-3.2195704208108467,1
Elastic Net Regression,-1.7701752248722789,-1.5647458558182379,1
Elastic Net Regression,-2.17663866294089,-2.3959513362110414,1
Elastic Net Regression,-3.6308973708676717,-2.601306353297282,1
Elastic Net Regression,-1.4467153895386817,-1.8021617949140634,1
Elastic Net Regression,-3.3980116731740355,-1.8875031456203502,1
Elastic Net Regression,-3.233202110369878,-3.221826252989281,1
Elastic Net Regression,-2.345229430009625,-2.134350410147782,1
Elastic Net Regression,-1.8175258287604161,-1.4750558120856354,1
Elastic Net Regression,-3.290189204280069,-2.1081977820021436,1
Elastic Net Regression,-3.290189204280069,-2.1777091085165097,1
Elastic Net Regression,-3.4116117497612004,-2.6140881648632828,1
Elastic Net Regression,-2.5041654897477077,-2.57652109563449,1
Elastic Net Regression,-1.7083201719567802,-1.7031776408778256,1
Elastic Net Regression,-2.7386203038591304,-2.1835013441366726,1
Elastic Net Regression,-1.3308187576670196,-1.5433798395644374,1
Elastic Net Regression,-2.025135764586199,-1.9623760010059499,1
Elastic Net Regression,-1.1848306140119889,-1.7621998366635836,1
Elastic Net Regression,-1.6404184550270633,-2.0898899884333915,1
Elastic Net Regression,-3.600326278518962,-3.777076845031999,1
Elastic Net Regression,-1.694880975742639,-2.6962498823944117,1
Elastic Net Regression,-2.695416849848479,-1.8954550734191216,1
Elastic Net Regression,-2.0742842332450646,-2.4968482262190292,1
Elastic Net Regression,-1.717711472714874,-1.88693303758253,1
Elastic Net Regression,-1.9603652993893874,-2.516531195493968,1
Elastic Net Regression,-0.8521750241183932,-1.8501557386757952,1
Elastic Net Regression,-1.1149880354485275,-2.2066919294572855,1
Elastic Net Regression,-1.2067214626499687,-1.4968525519662421,1
Elastic Net Regression,-1.8161267212970162,-1.7724948864458696,1
Elastic Net Regression,-0.7856945313640958,-2.0637677727508503,1
Elastic Net Regression,-1.6189896501583372,-1.9040832055235413,1
Elastic Net Regression,-1.5350740375460707,-2.0460971045558836,1
Elastic Net Regression,-1.740666799910411,-1.9083236998510316,1
Elastic Net Regression,-0.7797693247910334,-2.2933428468553316,1
Elastic Net Regression,-2.122395441870392,-1.5312424303279073,1
Elastic Net Regression,-1.514016684929528,-2.1617939416140786,1
Elastic Net Regression,-2.006498035079166,-1.9582000923228193,1
Elastic Net Regression,-2.035715142789073,-2.5125376020421157,1
Elastic Net Regression,-1.8486158063184404,-2.51732816063506,1
Elastic Net Regression,-1.391500388590343,-1.8024247963319056,1
Elastic Net Regression,-1.3627172000570675,-2.0390952448302784,1
Elastic Net Regression,-3.3625502994733605,-2.277049333699999,1
Elastic Net Regression,-0.9486409221793155,-3.1736516146595264,1
Elastic Net Regression,-0.31923658554998896,-2.019844011418634,1
Elastic Net Regression,-0.004427072779599359,-2.388880548908915,1
Elastic Net Regression,-0.8579133376664105,-2.258773187336402,1
Elastic Net Regression,0.3323074801803344,-2.230603094459873,1
Elastic Net Regression,-0.5442825169537446,-2.153838578432172,1
Elastic Net Regression,-1.5200924815934278,-1.7826242245033228,1
Elastic Net Regression,-2.7286993920768685,-2.3136169198428718,1
Elastic Net Regression,-2.297622719595401,-1.9911390892447471,1
Elastic Net Regression,-1.492201494031574,-1.685858460591298,1
Elastic Net Regression,-2.5395917281791975,-1.9112765070676616,1
Elastic Net Regression,-1.0801819981618899,-1.959254512520225,1
Elastic Net Regression,-2.405003945642156,-2.013757014440621,1
Elastic Net Regression,-1.621304790891127,-1.6823521882230779,1
Elastic Net Regression,-2.6216055516158603,-1.627376340424071,1
Elastic Net Regression,-2.3812985463366814,-1.8159897489826378,1
Elastic Net Regression,-1.2328253445920763,-1.8284534265448045,1
Elastic Net Regression,-1.1814755688597112,-1.4538146479401277,1
Elastic Net Regression,-1.7472661616036533,-1.8334257780712164,1
Elastic Net Regression,-1.947863458882499,-1.7906568575002026,1
Elastic Net Regression,-1.1286832686838821,-1.8631591014123714,1
Elastic Net Regression,-2.176623074126691,-2.170348794871259,1
Elastic Net Regression,-1.2812660713628026,-1.9714202717063287,1
Elastic Net Regression,-1.3041517533417322,-1.657416516494635,1
Elastic Net Regression,-1.4597718515481843,-1.4740376642388995,1
Elastic Net Regression,-0.9468333037780922,-1.659120964117733,1
Elastic Net Regression,-1.793068638288037,-1.5844497282088312,1
Elastic Net Regression,-1.7854705731329945,-1.7355050061076085,1
Elastic Net Regression,-0.8769725367904692,-1.8194228582550025,1
Elastic Net Regression,-1.1431217053996168,-1.6714955480762512,1
Elastic Net Regression,-1.2491101104442828,-1.7637925102132357,1
Elastic Net Regression,-3.151893437607053,-3.4954327172423305,1
Elastic Net Regression,-1.5966625231096632,-1.356038804709506,1
Elastic Net Regression,-1.3551617678005954,-1.6050181422623595,1
Elastic Net Regression,-0.8837798009584171,-1.6524068528349432,1
Elastic Net Regression,-0.9568598388437015,-2.2568369262201173,1
Elastic Net Regression,-1.0181181552809078,-1.6269257196273728,1
Elastic Net Regression,-1.1291381497161614,-1.3240965036744115,1
Elastic Net Regression,-2.761915740881935,-2.3832639850545263,1
Elastic Net Regression,-0.4819145002205912,-2.034320594162452,1
Elastic Net Regression,-1.025762740954669,-1.6660553068839263,1
Elastic Net Regression,-3.2503548803911073,-2.6969228705713633,1
Elastic Net Regression,-0.37949908787793823,-1.7201773185363294,1
Elastic Net Regression,-0.14567163968046612,-1.4841064285852141,1
Elastic Net Regression,-3.20055468102406,-3.8079704403553976,1
Elastic Net Regression,-1.4806961523875994,-1.6936101766732463,1
Elastic Net Regression,-1.6643405451853508,-2.1920368723228023,1
Elastic Net Regression,-1.031601943299423,-1.3538307787297583,1
Elastic Net Regression,-1.3068936298450675,-1.5039986830105647,1
Elastic Net Regression,-1.0775646199327256,-2.405651101744624,1
Elastic Net Regression,-1.011455146773862,-1.8833254186429471,1
Elastic Net Regression,-0.988626069420939,-1.639908233961215,1
Elastic Net Regression,-1.5672159407631352,-1.5961736378880218,1
Elastic Net Regression,-1.2413209034031176,-1.4913201713469775,1
Elastic Net Regression,-2.064990291304019,-1.8273688449817058,2
Elastic Net Regression,-2.0772161211350064,-2.115799232749886,2
Elastic Net Regression,-2.3146334389286793,-2.0583338570185177,2
Elastic Net Regression,-3.1408689109724577,-2.366935040051672,2
Elastic Net Regression,-2.218903098366632,-1.977512786273941,2
Elastic Net Regression,-2.3969317709673565,-1.5738295990273485,2
Elastic Net Regression,-0.28950830319552845,-1.842521442444614,2
Elastic Net Regression,-1.4118568185099727,-1.914385715097147,2
Elastic Net Regression,-1.524080623031204,-1.5578191790895914,2
Elastic Net Regression,-1.5393527377902698,-1.6095726637017265,2
Elastic Net Regression,-1.5083613986405884,-1.7680881667820714,2
Elastic Net Regression,-1.3629507222657735,-1.7346037488749317,2
Elastic Net Regression,-1.414958380703708,-1.6774549241695382,2
Elastic Net Regression,-1.103883331173482,-1.488095388512093,2
Elastic Net Regression,-1.2247774230710238,-1.559113117825632,2
Elastic Net Regression,-1.833927238128002,-2.0624493654095133,2
Elastic Net Regression,-3.2180472636163895,-2.917961333415974,2
Elastic Net Regression,-1.221874373746708,-1.923166693789831,2
Elastic Net Regression,-1.4187942485435616,-1.4701879653751888,2
Elastic Net Regression,-1.4201920378605053,-1.5602485020184815,2
Elastic Net Regression,-1.5041031112940382,-1.807028715351045,2
Elastic Net Regression,-3.694349887124185,-3.489685367282817,2
Elastic Net Regression,-2.66118307205398,-2.2699264026584984,2
Elastic Net Regression,-2.772379350111858,-2.039532190107927,2
Elastic Net Regression,-2.6396789104480054,-2.064640338210566,2
Elastic Net Regression,-2.5901613502180045,-1.8270768875198726,2
Elastic Net Regression,-0.6389033445220246,-1.4565994090482235,2
Elastic Net Regression,-0.19201915469350456,-2.1011846611873466,2
Elastic Net Regression,-0.5732799306060785,-1.5565553487221706,2
Elastic Net Regression,-0.5987130334578719,-1.9616165210986125,2
Elastic Net Regression,-3.0110100837480736,-1.6670815622291926,2
Elastic Net Regression,-0.9300930772084189,-1.9850242200748625,2
Elastic Net Regression,-0.3135898872515433,-1.3565770478467911,2
Elastic Net Regression,-2.9107287853445634,-2.254810765457094,2
Elastic Net Regression,-3.2691119889214533,-2.297369767279932,2
Elastic Net Regression,-1.9304209166838449,-1.5170410474256855,2
Elastic Net Regression,-1.7426626842914594,-2.1356324135813125,2
Elastic Net Regression,-2.0174042079019414,-2.1874840799192654,2
Elastic Net Regression,-1.2279630916135922,-1.6293384022707116,2
Elastic Net Regression,-2.2432421390383843,-1.885035695439953,2
Elastic Net Regression,-3.349843097267282,-2.5106198156607036,2
Elastic Net Regression,-2.67596440114224,-2.5529304017386565,2
Elastic Net Regression,-2.5090165872531767,-1.7044819207788535,2
Elastic Net Regression,-2.97249382976246,-1.6187023761418828,2
Elastic Net Regression,-3.1668739337041876,-1.9990329395486413,2
Elastic Net Regression,-2.4751841978240816,-1.917356953229877,2
Elastic Net Regression,-3.4317548486561424,-2.018155489859552,2
Elastic Net Regression,-2.6788398129059168,-1.8004873505112684,2
Elastic Net Regression,-2.778538031513268,-1.9965430263067887,2
Elastic Net Regression,-1.3360910210889294,-1.7887278734562813,2
Elastic Net Regression,-2.7923263244120906,-2.0903898071453355,2
Elastic Net Regression,-1.415304935020491,-1.7006166233088535,2
Elastic Net Regression,-1.3158802108242549,-1.6905293215022112,2
Elastic Net Regression,-3.873453012328298,-3.5639687838031833,2
Elastic Net Regression,-1.5372443207314632,-1.5114221631750695,2
Elastic Net Regression,-1.6435374468814823,-1.989079595161833,2
Elastic Net Regression,-1.3859030337523468,-1.7765507581955404,2
Elastic Net Regression,-1.3266108732423414,-2.0541546304173366,2
Elastic Net Regression,-3.7342838339347466,-3.7260921211646334,2
Elastic Net Regression,-2.5038360209902844,-2.753446918214628,2
Elastic Net Regression,-2.7186459189940226,-2.081263111696785,2
Elastic Net Regression,-3.52120992195253,-1.9885312006042497,2
Elastic Net Regression,-2.2669235674490644,-2.361173064266687,2
Elastic Net Regression,-3.302921552819786,-2.0653130191075277,2
Elastic Net Regression,-2.9303729669440868,-1.8994829911627207,2
Elastic Net Regression,-3.1353471437504044,-2.20301406594114,2
Elastic Net Regression,-3.9730828630218453,-3.423986701180006,2
Elastic Net Regression,-2.4934863088506534,-2.2638437372018245,2
Elastic Net Regression,-2.7592630971786845,-2.2421867147996792,2
Elastic Net Regression,-3.285204336328503,-1.9129036131156951,2
Elastic Net Regression,-2.2175363341456173,-1.7786877720030034,2
Elastic Net Regression,-2.4995431395917818,-1.8670988476671724,2
Elastic Net Regression,-1.2376574055894478,-1.9892587824704435,2
Elastic Net Regression,-3.20266873961377,-1.8158981418936193,2
Elastic Net Regression,-2.0061846218108834,-1.8442425974396244,2
Elastic Net Regression,-3.3388889969343114,-1.9732588073345667,2
Elastic Net Regression,-1.5371060964041248,-1.7950122553371273,2
Elastic Net Regression,-2.287736284945912,-1.8547937890561954,2
Elastic Net Regression,-1.7478447295977892,-1.9639378745716556,2
Elastic Net Regression,-1.2684519185896421,-2.076743222476921,2
Elastic Net Regression,-3.8287505085021976,-3.729672731396761,2
Elastic Net Regression,-2.2625101343415968,-2.544394726728406,2
Elastic Net Regression,-3.3960495196322524,-2.906908121449341,2
Elastic Net Regression,-2.3552642027188186,-2.07256783872635,2
Elastic Net Regression,-1.512256636766295,-1.834023339364137,2
Elastic Net Regression,-2.2414236426625673,-1.787232007960867,2
Elastic Net Regression,-1.012145447578458,-1.1307647682750712,2
Elastic Net Regression,-1.8211763195496429,-2.3569719151688204,2
Elastic Net Regression,-2.258862588858495,-1.9842824414829678,2
Elastic Net Regression,-2.000920332458684,-1.902828016692176,2
Elastic Net Regression,-1.4273499677206534,-1.557610880246152,2
Elastic Net Regression,-1.1738116279378035,-2.0272134443998056,2
Elastic Net Regression,-1.1134303475678107,-1.4042368177348479,2
Elastic Net Regression,-1.5838670484167507,-1.7763908619292863,2
Elastic Net Regression,-3.5459650539173615,-2.958804974831615,2
Elastic Net Regression,-1.385136327132139,-1.1140146812556253,2
Elastic Net Regression,-1.2175444827866113,-1.2545505565588329,2
Elastic Net Regression,-2.9206523063014074,-2.310407520604194,2
Elastic Net Regression,-3.6572596108178765,-3.3556715827188626,2
Elastic Net Regression,-1.5625822596100025,-2.0906453918213543,2
Elastic Net Regression,-1.9718622007532294,-1.9830555372473242,2
Elastic Net Regression,-2.176441984856953,-2.7245976850639693,2
Elastic Net Regression,-1.840084037547579,-2.6625765994316097,2
Elastic Net Regression,-1.8350242298439021,-1.3703980908687683,2
Elastic Net Regression,-2.049666891178964,-1.787973163597968,2
Elastic Net Regression,-2.5142250705986213,-1.8915471117442024,2
Elastic Net Regression,-2.648503823177817,-1.7081794372636097,2
Elastic Net Regression,-1.4115626764192806,-1.8862498135050814,2
Elastic Net Regression,-3.7469892929465796,-3.720218221864876,2
Elastic Net Regression,-2.4368442826786825,-2.0808397113506913,2
Elastic Net Regression,-1.9011407722544549,-2.1194316995705336,2
Elastic Net Regression,-3.1720823887102565,-3.0439323608952265,2
Elastic Net Regression,-0.9637364568210032,-2.1156100723329985,2
Elastic Net Regression,-2.809138225804324,-2.2041928416585392,2
Elastic Net Regression,-1.737359048801603,-2.3143474318234283,2
Elastic Net Regression,-1.0937551186817627,-2.147910096489788,2
Elastic Net Regression,-2.1372208240925845,-2.1156925594875204,2
Elastic Net Regression,-0.6538319472043919,-1.735597339336195,2
Elastic Net Regression,-3.054246410327101,-2.284149979065056,2
Elastic Net Regression,-3.7986028756795487,-3.6407053263215943,2
Elastic Net Regression,-2.1782870563447125,-1.2803186541192488,2
Elastic Net Regression,-3.352587686654944,-2.2272833755926484,2
Elastic Net Regression,-2.9206284299141125,-2.249617031974857,2
Elastic Net Regression,-3.7692522846397316,-2.1796468615776945,2
Elastic Net Regression,-1.5438464586997465,-1.999000231016062,2
Elastic Net Regression,-2.2062980891288984,-1.8348297338591948,2
Elastic Net Regression,-1.6292558354409146,-2.4200785836341794,2
Elastic Net Regression,-2.4706410072083687,-2.005287909481254,2
Elastic Net Regression,-3.392655441034186,-2.5484064313011103,2
Elastic Net Regression,-1.5110863339963716,-2.822057743164976,2
Elastic Net Regression,-1.881362165893176,-1.9835418304601262,2
Elastic Net Regression,-1.3168403571338247,-0.8187496710289892,2
Elastic Net Regression,-2.8947429719805546,-2.144821834019652,2
Elastic Net Regression,-1.4180277802789096,-1.4979039511514785,2
Elastic Net Regression,-2.1481523894209715,-3.010018800078541,2
Elastic Net Regression,-0.7420831923821466,-2.108420327763916,2
Elastic Net Regression,-1.493245786531943,-2.147994394110775,2
Elastic Net Regression,-0.975127284906683,-1.5042653675308202,2
Elastic Net Regression,-3.312493333735544,-3.721828781057603,2
Elastic Net Regression,-1.2640972244503184,-2.0494009886696745,2
Elastic Net Regression,-1.4399552960568784,-1.695952292645579,2
Elastic Net Regression,-1.215596170273078,-1.9809840813815214,2
Elastic Net Regression,-1.1177693107076099,-1.7067660060802439,2
Elastic Net Regression,-1.3448674070651871,-1.5850399816322494,2
Elastic Net Regression,-1.2530119718858257,-1.7050716398927435,2
Elastic Net Regression,-3.8997432135729384,-3.473368394589613,2
Elastic Net Regression,-2.568749167088006,-2.6332578346145468,2
Elastic Net Regression,-1.936404341844701,-1.7477935843414727,2
Elastic Net Regression,-1.7448404020099417,-1.9570343311462395,2
Elastic Net Regression,-2.8217593886833527,-1.6928807406622468,2
Elastic Net Regression,-2.5444075781780136,-2.9026030769850664,2
Elastic Net Regression,-3.3980116731740355,-2.299864814686181,2
Elastic Net Regression,-2.804329449939637,-2.237520668939034,2
Elastic Net Regression,-2.9710072633433735,-2.7198929185176794,2
Elastic Net Regression,-1.2545644486474818,-2.4711032390162018,2
Elastic Net Regression,-3.3466707249611667,-2.2308820577485093,2
Elastic Net Regression,-2.1317533670782356,-2.085320430539518,2
Elastic Net Regression,-2.0864005407417032,-2.0839481529850943,2
Elastic Net Regression,-3.8817848914990014,-3.737480998134977,2
Elastic Net Regression,-1.7613667161535187,-2.101454255719162,2
Elastic Net Regression,-1.6345122959030371,-2.4191676629070216,2
Elastic Net Regression,-1.4643518021071489,-1.8492428681291315,2
Elastic Net Regression,-1.753896033344213,-2.011158654085058,2
Elastic Net Regression,-1.0471006958966393,-2.064361444179511,2
Elastic Net Regression,-1.928979817650206,-1.9419041143021971,2
Elastic Net Regression,-1.7246442506203672,-1.351511754208353,2
Elastic Net Regression,-1.5951494590693263,-1.773804431379233,2
Elastic Net Regression,-2.2270013364351495,-1.8600832078461735,2
Elastic Net Regression,-3.0455186942585932,-2.268985411563456,2
Elastic Net Regression,-2.0118859545996086,-2.0428666373227813,2
Elastic Net Regression,-3.3036200184447138,-2.0257417479408844,2
Elastic Net Regression,-2.5783960731301687,-2.50702428307374,2
Elastic Net Regression,-2.5585788782984222,-2.1357835222588974,2
Elastic Net Regression,-1.7581838126622393,-1.8593689589480178,2
Elastic Net Regression,-1.5145266747759671,-1.404599823504661,2
Elastic Net Regression,-1.5895913565043294,-2.0394840170890447,2
Elastic Net Regression,-2.432175336754664,-1.7469009509845606,2
Elastic Net Regression,-1.6895586727819518,-1.9243073199966574,2
Elastic Net Regression,-2.9620793251113042,-2.4304601563463493,2
Elastic Net Regression,-0.9490993255496558,-1.5239373397269276,2
Elastic Net Regression,-3.184747097908846,-2.4846904360062894,2
Elastic Net Regression,-1.8196475705694013,-1.838362585174167,2
Elastic Net Regression,-1.6159918285387698,-1.9542486703110242,2
Elastic Net Regression,-1.8074474879886533,-1.864318344199397,2
Elastic Net Regression,-1.47951268111869,-2.05220957708152,2
Elastic Net Regression,-1.5281785967617054,-1.208454542643608,2
Elastic Net Regression,-1.170757605358798,-1.992074987900935,2
Elastic Net Regression,-1.2672463833090828,-1.7117055228317284,2
Elastic Net Regression,-1.7997913808340749,-1.8733759162473405,2
Elastic Net Regression,-1.2862388841839494,-1.443368036913455,2
Elastic Net Regression,-3.064232839852069,-3.0888102951079475,2
Elastic Net Regression,-1.6362623936895822,-2.3162322424565573,2
Elastic Net Regression,-1.5097699255058308,-1.8838187465405483,2
Elastic Net Regression,-1.951987303305516,-1.7317284791491971,2
Elastic Net Regression,-1.3132997440363454,-1.869084037314444,2
Elastic Net Regression,-1.2800471306587051,-1.8463764688325668,2
Elastic Net Regression,-2.2355646390433175,-0.8932958245222267,2
Elastic Net Regression,-2.3822676402388554,-1.4630975388079293,2
Elastic Net Regression,-1.9362137770978871,-1.8790996638725375,2
Elastic Net Regression,-3.7618083196547483,-3.5224337737673252,2
Elastic Net Regression,-2.0703010191144675,-1.9884619544935092,2
Elastic Net Regression,-1.9765773961271407,-1.9045772751339598,2
Elastic Net Regression,-2.740096874062147,-2.2910641629644104,2
Elastic Net Regression,-3.8396725549649426,-3.78648323585778,2
Elastic Net Regression,0.016216578776438208,-2.26219386423557,2
Elastic Net Regression,-1.34349300583641,-3.480263701487061,2
Elastic Net Regression,0.013270809352243309,-2.200734417334509,2
Elastic Net Regression,-0.202317609683526,-2.0511638199555975,2
Elastic Net Regression,-0.8579133376664105,-2.4622948873889,2
Elastic Net Regression,-0.39778171004309776,-2.2989891742580824,2
Elastic Net Regression,-0.2703526265197312,-1.8432882476788848,2
Elastic Net Regression,-0.03690399983927772,-1.8341370644301378,2
Elastic Net Regression,-0.43783118657286935,-1.2012260757696467,2
Elastic Net Regression,-0.9893876757536758,-2.3119212106677622,2
Elastic Net Regression,-2.2749377863952085,-1.6179716874588834,2
Elastic Net Regression,-1.4739374796247893,-1.1445404047915062,2
Elastic Net Regression,-1.1505417041520314,-1.5772796204902377,2
Elastic Net Regression,-1.5923333763280876,-1.9846028569438445,2
Elastic Net Regression,-1.5671957242975716,-2.170737663832,2
Elastic Net Regression,-0.8847086972378616,-2.152936596793957,2
Elastic Net Regression,-2.642143447351316,-2.0354070990807642,2
Elastic Net Regression,-1.6163219968838958,-1.4196281229459586,2
Elastic Net Regression,-2.1235976234646596,-1.5269722905102014,2
Elastic Net Regression,-2.789746241172472,-2.353926236948375,2
Elastic Net Regression,-1.7868132829404095,-1.9434979259481935,2
Elastic Net Regression,-2.3872497229566574,-2.1144449632627627,2
Elastic Net Regression,-1.42625067509891,-1.6216883760533918,2
Elastic Net Regression,-1.4753372030036505,-2.3812210441935875,2
Elastic Net Regression,-1.5674558687076858,-1.6132065561756619,2
Elastic Net Regression,-1.3469740509457453,-1.537558669623408,2
Elastic Net Regression,-1.111999901692932,-1.9187795887399588,2
Elastic Net Regression,-1.3198484161479276,-1.7146666564878998,2
Elastic Net Regression,-1.2818579528648468,-1.8287266498607835,2
Elastic Net Regression,-0.952771189748095,-1.681821776496001,2
Elastic Net Regression,-0.9422704336465716,-1.39154672172198,2
Elastic Net Regression,-0.5052921847488494,-2.02033823244674,2
Elastic Net Regression,-1.3991403077454354,-2.1902728897692683,2
Elastic Net Regression,-0.8609839615611586,-1.9759691923165477,2
Elastic Net Regression,-2.2646029664100515,-2.380855297121883,2
Elastic Net Regression,-1.1400317683551704,-1.58093504596917,2
Elastic Net Regression,-2.6212424559235727,-2.2087437278872812,2
Elastic Net Regression,-0.9172146296835499,-1.2005732274734058,2
Elastic Net Regression,-0.9679951762893184,-2.6848213930619593,2
Elastic Net Regression,-3.2172494016790187,-3.5024298212930702,2
Elastic Net Regression,-0.428471724353625,-1.5049166691942162,2
Elastic Net Regression,-3.1791288900792822,-2.7146844133299055,2
Elastic Net Regression,-1.450536715424269,-2.7728333785828383,2
Elastic Net Regression,-0.5935262904426333,-2.0267717757715786,2
Elastic Net Regression,-0.6143935172969877,-2.120498802855515,2
Elastic Net Regression,-0.9800565288767592,-1.5965294359938937,2
Elastic Net Regression,-2.385444450882969,-2.1002159700928047,2
Elastic Net Regression,-1.2028902052841348,-1.5889828642716566,2
Elastic Net Regression,-1.530055677420101,-1.645816936441804,2
Elastic Net Regression,-1.63438498383371,-2.0522809097895376,2
Elastic Net Regression,-1.5167709261725162,-1.731738447644119,2
Elastic Net Regression,-1.137767503887176,-1.8197253164930132,2
Elastic Net Regression,-1.0940337585544895,-1.8015403067267428,2
Elastic Net Regression,-1.9812071611751474,-1.861433863862537,2
Elastic Net Regression,-3.3694633107167937,-2.528026527760055,2
Elastic Net Regression,-1.7636611133035243,-2.52410781125387,3
Elastic Net Regression,-1.9138112509675613,-1.7591883010398703,3
Elastic Net Regression,-3.431262194557772,-2.457255249989352,3
Elastic Net Regression,-2.158822044993741,-1.8624761337090021,3
Elastic Net Regression,-1.9492654506102318,-1.7485787734915021,3
Elastic Net Regression,-2.2593946471787434,-1.8071442814544199,3
Elastic Net Regression,-3.6845481800874196,-3.310748798035526,3
Elastic Net Regression,-3.120277513484956,-2.063067799601825,3
Elastic Net Regression,-0.737425984358659,-1.535662962532264,3
Elastic Net Regression,-1.0745636623476162,-1.3081850871280807,3
Elastic Net Regression,-1.4103143043656896,-1.73291030678066,3
Elastic Net Regression,-1.2391607486734533,-1.5654153736724936,3
Elastic Net Regression,-0.22901321309844905,-1.6965036025417817,3
Elastic Net Regression,-2.885418369996712,-2.8170296524883085,3
Elastic Net Regression,-1.5498899805881399,-1.895646513165886,3
Elastic Net Regression,-1.4091232046942341,-1.1936542803194286,3
Elastic Net Regression,-1.339883282003717,-1.7678856915349854,3
Elastic Net Regression,-1.4985127097581414,-1.6401593704920003,3
Elastic Net Regression,-1.0056334760903496,-1.4072946263261485,3
Elastic Net Regression,-2.341290856803062,-1.930630758819035,3
Elastic Net Regression,-1.8229892712376083,-1.6860019267656057,3
Elastic Net Regression,-0.9582190949069228,-1.5394011788875446,3
Elastic Net Regression,-3.2351404478705748,-2.1940840859731168,3
Elastic Net Regression,-3.057527624268253,-2.079570498502356,3
Elastic Net Regression,-2.3531252756425936,-1.7514079229077453,3
Elastic Net Regression,-2.808030042713029,-2.1748111591952224,3
Elastic Net Regression,-1.8194641482091292,-1.5675585617181156,3
Elastic Net Regression,-0.7406200937095554,-1.8706446843881466,3
Elastic Net Regression,0.05304456027413388,-1.321486767148265,3
Elastic Net Regression,0.1297019665778856,-1.5251729521897346,3
Elastic Net Regression,-0.6704627883686575,-2.2449130904782137,3
Elastic Net Regression,0.20849296776590773,-1.2769026210094339,3
Elastic Net Regression,-0.27744790362250854,-1.6032653225917386,3
Elastic Net Regression,-1.5397653155309607,-2.131482299248063,3
Elastic Net Regression,-3.0166281405425486,-2.8474261210420337,3
Elastic Net Regression,-2.7515330963273232,-1.7727268779504968,3
Elastic Net Regression,-2.9238738790387533,-1.6842663514086738,3
Elastic Net Regression,-2.8170555006405635,-2.3979443334277235,3
Elastic Net Regression,-2.0468682910310587,-1.672999014507468,3
Elastic Net Regression,-3.447382880362,-2.22819952840441,3
Elastic Net Regression,-2.2415951055389973,-2.9680014589039203,3
Elastic Net Regression,-2.3339531661956356,-1.9796543855714077,3
Elastic Net Regression,-3.2474583508182433,-2.1609809603625294,3
Elastic Net Regression,-3.1413617595139014,-1.9490091385345565,3
Elastic Net Regression,-2.704319008875443,-2.59447910473952,3
Elastic Net Regression,-3.9019276346378216,-3.491754560557851,3
Elastic Net Regression,-2.174597252967641,-1.5785830039725042,3
Elastic Net Regression,-1.1386989940333996,-1.585066855005124,3
Elastic Net Regression,-1.8319016673890882,-1.5969520107498454,3
Elastic Net Regression,-2.861353792341514,-2.076956429348492,3
Elastic Net Regression,-2.7103007043055714,-1.911437629523114,3
Elastic Net Regression,-1.4861381638460753,-1.752078246983821,3
Elastic Net Regression,-1.7089770353918146,-1.7478083046592445,3
Elastic Net Regression,-2.635616939296958,-2.2764585054431237,3
Elastic Net Regression,-3.434121498561107,-2.8329430198228067,3
Elastic Net Regression,-3.008152176256889,-2.4212741375809372,3
Elastic Net Regression,-1.4616237416558537,-10.302983387859342,3
Elastic Net Regression,-2.3478691638008677,-2.214584479199445,3
Elastic Net Regression,-1.3870823799964922,-1.6809466504268684,3
Elastic Net Regression,-1.1286208649028604,-1.90459550958645,3
Elastic Net Regression,-2.691578169406441,-2.5746131416091202,3
Elastic Net Regression,-3.6203410251864447,-2.292326882360989,3
Elastic Net Regression,-2.487130374543647,-2.027062255839951,3
Elastic Net Regression,-1.2227575127427186,-2.029440221986441,3
Elastic Net Regression,-3.3114386993585976,-1.9670838393867314,3
Elastic Net Regression,-3.2590502255091702,-1.8469530529121059,3
Elastic Net Regression,-1.7568408124580226,-1.7074682830161692,3
Elastic Net Regression,-1.0232314473246815,-1.6512574871563857,3
Elastic Net Regression,-1.1808764741089726,-1.7428414286926213,3
Elastic Net Regression,-1.41390601215094,-1.4073601942358351,3
Elastic Net Regression,-1.6698969598127007,-1.755243331893169,3
Elastic Net Regression,-2.988535711454289,-2.4804614416990844,3
Elastic Net Regression,-2.2826863141215226,-0.8286201198689156,3
Elastic Net Regression,-3.688222835963096,-2.089544228157095,3
Elastic Net Regression,-3.339134521996131,-1.8261927353443923,3
Elastic Net Regression,-3.4715139529702097,-2.8752612181058055,3
Elastic Net Regression,-2.1081088952398566,-1.944067076881531,3
Elastic Net Regression,-3.1495014132834878,-2.367268261664222,3
Elastic Net Regression,-3.7551664480113374,-2.9159907752959384,3
Elastic Net Regression,-1.4886987965534475,-2.3523360937132693,3
Elastic Net Regression,-2.082759927050954,-1.9709089126386985,3
Elastic Net Regression,-2.550141932709222,-2.0663002415023897,3
Elastic Net Regression,-2.362468744313884,-2.8917075475884815,3
Elastic Net Regression,-1.955139967558483,-1.7241941571767114,3
Elastic Net Regression,-2.110664900131247,-2.042981573573968,3
Elastic Net Regression,-3.3960495196322524,-2.2476854085505664,3
Elastic Net Regression,-1.9070646816834933,-1.6370621076523264,3
Elastic Net Regression,-1.7983538696326367,-1.7890229964894147,3
Elastic Net Regression,-2.8606575042266775,-2.035384990338642,3
Elastic Net Regression,-3.508144052188851,-2.308074962969634,3
Elastic Net Regression,-1.3982848993986936,-2.0908885742853442,3
Elastic Net Regression,-1.7340876483093817,-1.851258226869568,3
Elastic Net Regression,-1.936797812533807,-1.898618722932241,3
Elastic Net Regression,-3.48241354468584,-2.4209584128125243,3
Elastic Net Regression,-2.728175115284189,-2.5180845603974404,3
Elastic Net Regression,-4.026482380351305,-3.0967158956117586,3
Elastic Net Regression,-2.728175115284189,-1.6115772348144617,3
Elastic Net Regression,-1.556016572040716,-1.7569375733329835,3
Elastic Net Regression,-1.0474177734305667,-2.0111037020466256,3
Elastic Net Regression,-1.1893279510795818,-2.109282533391884,3
Elastic Net Regression,-3.7834435403498214,-2.5757140611470675,3
Elastic Net Regression,-1.3819820537899474,-1.4860923420876873,3
Elastic Net Regression,-1.3173301868582306,-1.2547598275605267,3
Elastic Net Regression,-2.5037832349706837,-2.348335194503612,3
Elastic Net Regression,-2.2151453721747094,-2.394884577156205,3
Elastic Net Regression,-1.3434220574020639,-1.7797716921866424,3
Elastic Net Regression,-1.9458635904251336,-1.784094682006966,3
Elastic Net Regression,-1.479191830676853,-1.7768906727570908,3
Elastic Net Regression,-1.42943857964666,-1.4890388814737747,3
Elastic Net Regression,-1.9930514957526793,-1.5600295428502662,3
Elastic Net Regression,-3.289282825523282,-2.264085820463741,3
Elastic Net Regression,-2.7671936491741276,-2.238052311423999,3
Elastic Net Regression,-2.0630158256502544,-2.6803038465512117,3
Elastic Net Regression,-3.2877805976748804,-2.1912911184269532,3
Elastic Net Regression,-1.4257747559860434,-1.5880665074652498,3
Elastic Net Regression,-1.064270917741021,-2.069451332645457,3
Elastic Net Regression,-1.2563082695173393,-1.4118531838865778,3
Elastic Net Regression,-0.6074545522659878,-1.4065070396074617,3
Elastic Net Regression,-2.9171991963522217,-2.284077415047875,3
Elastic Net Regression,-1.4285635434183963,-1.9795443795374936,3
Elastic Net Regression,-2.00821940080217,-1.671534976817135,3
Elastic Net Regression,-1.0111406945890653,-1.5193289367441878,3
Elastic Net Regression,-2.001001072492525,-1.6353019497880936,3
Elastic Net Regression,-1.1521693207507044,-1.6687409873271122,3
Elastic Net Regression,-1.982318834323383,-1.9696823095531073,3
Elastic Net Regression,-4.219679806977318,-3.384273857582336,3
Elastic Net Regression,-3.9600428565808334,-2.838936633229814,3
Elastic Net Regression,-1.386590637896301,-1.2409287101731792,3
Elastic Net Regression,-2.2151887800651093,-1.6407830303218134,3
Elastic Net Regression,-2.7597061620105943,-1.6835371158041141,3
Elastic Net Regression,-2.560133846538238,-1.8796095827421198,3
Elastic Net Regression,-3.0607359079332865,-2.213498495642341,3
Elastic Net Regression,-3.9453409907865007,-3.2845538732496635,3
Elastic Net Regression,-2.0978386037648766,-1.7169725833535736,3
Elastic Net Regression,-3.7938003909509543,-3.2573374460209266,3
Elastic Net Regression,-2.177111289133642,-2.467551387598114,3
Elastic Net Regression,-2.672496188704653,-1.5583768017303967,3
Elastic Net Regression,-3.6688623296866587,-2.21634718760923,3
Elastic Net Regression,-1.297434930657182,-1.965860014676366,3
Elastic Net Regression,-1.2503305415619155,-1.5537719431995427,3
Elastic Net Regression,-4.0490653862997,-3.6070761672304457,3
Elastic Net Regression,-1.302742708063045,-1.2972639394450027,3
Elastic Net Regression,-1.1598011320770079,-1.3770435260769176,3
Elastic Net Regression,-0.9642747859315978,-1.6729070208181227,3
Elastic Net Regression,-1.2297848289673887,-1.3630996791362904,3
Elastic Net Regression,-1.318606216338379,-1.7085042296586224,3
Elastic Net Regression,-1.8162387276731846,-1.9294136442456775,3
Elastic Net Regression,-1.0193030390019762,-1.837770820575777,3
Elastic Net Regression,-1.8626742516440307,-1.6679247029158475,3
Elastic Net Regression,-2.0129990008635867,-1.5536920906406522,3
Elastic Net Regression,-1.8035282856682657,-2.061186099718043,3
Elastic Net Regression,-2.119103556806872,-1.7567295883202334,3
Elastic Net Regression,-3.119103556806872,-2.1984681683242613,3
Elastic Net Regression,-2.0598606483703086,-2.221274697331367,3
Elastic Net Regression,-2.3087676366549488,-1.8905121888038678,3
Elastic Net Regression,-1.5609490414532068,-1.2421801529106986,3
Elastic Net Regression,-2.7874427365568386,-2.027969469528827,3
Elastic Net Regression,-2.04835547456192,-1.801957452225139,3
Elastic Net Regression,-1.709300425196423,-1.4980137488321859,3
Elastic Net Regression,-1.525605260081181,-2.0929855060131928,3
Elastic Net Regression,-2.5884932589587586,-43.596067518246244,3
Elastic Net Regression,-2.540720473654946,-1.9089901709359296,3
Elastic Net Regression,-2.7292012545882884,-1.921838482618064,3
Elastic Net Regression,-2.443810430479706,-1.9519879854872286,3
Elastic Net Regression,-2.540720473654946,-1.7952069481832567,3
Elastic Net Regression,-1.9715416460145745,-3.181144869687053,3
Elastic Net Regression,-3.744840908818875,-2.525741324849143,3
Elastic Net Regression,-1.5811083204741387,-2.055139468834362,3
Elastic Net Regression,-3.233202110369878,-2.086632341198886,3
Elastic Net Regression,-2.8398575372186334,-2.19684887756803,3
Elastic Net Regression,-2.300301079838426,-2.852664983431339,3
Elastic Net Regression,-2.993441546294603,-2.8916297111235068,3
Elastic Net Regression,-2.033677685255944,-2.3852146207363987,3
Elastic Net Regression,-2.019028072917717,-2.0103104035197106,3
Elastic Net Regression,-1.6524312761675333,-2.2478626208021453,3
Elastic Net Regression,-2.3582852103076553,-2.1872496834456356,3
Elastic Net Regression,-2.1622159208236154,-3.350202363941513,3
Elastic Net Regression,-2.3460680222446215,-1.8037798759786483,3
Elastic Net Regression,-1.593236649552128,-1.4880946816889562,3
Elastic Net Regression,-2.579721210352638,-2.3161989280093493,3
Elastic Net Regression,-2.0645418092014314,-1.8064605505719484,3
Elastic Net Regression,-1.356590498479473,-1.6262258284023332,3
Elastic Net Regression,-1.5372075124674875,-1.7490085926571624,3
Elastic Net Regression,-1.8762488134939106,-1.7893883648005513,3
Elastic Net Regression,-1.6819366650372385,-1.082622771018066,3
Elastic Net Regression,-4.059833781301273,-3.0345628521162737,3
Elastic Net Regression,-3.3309007861959947,-2.3796574141376325,3
Elastic Net Regression,-1.5279900670983446,-1.4430158565319928,3
Elastic Net Regression,-2.1956618739690814,-2.0080733802080317,3
Elastic Net Regression,-3.1090516644066044,-1.709321638685367,3
Elastic Net Regression,-3.844232919056576,-2.3913144835222866,3
Elastic Net Regression,-4.059833781301273,-3.6590461772667595,3
Elastic Net Regression,-3.276542686022807,-2.0398053310602577,3
Elastic Net Regression,-2.22015815118179,-2.1153246515397868,3
Elastic Net Regression,-1.9412408278950934,-1.890977951234305,3
Elastic Net Regression,-1.5363868405196788,-1.8966752347785416,3
Elastic Net Regression,-3.184747097908846,-2.6049057896979306,3
Elastic Net Regression,-3.7727484977747765,-3.4662452157027417,3
Elastic Net Regression,-2.5255934458757454,-2.0469637769377087,3
Elastic Net Regression,-1.2025079170212445,-2.3189584366121423,3
Elastic Net Regression,-1.2165796349138172,-1.3322027547634576,3
Elastic Net Regression,-2.809660176396059,-1.9773117451421456,3
Elastic Net Regression,-1.6374387034297335,-1.6862660784533006,3
Elastic Net Regression,-1.9643120034496402,-2.1577570486986772,3
Elastic Net Regression,-1.309961996475505,-1.7848314232480504,3
Elastic Net Regression,-3.05329283374744,-2.2166825095093543,3
Elastic Net Regression,-2.152965298392503,-1.926678196185776,3
Elastic Net Regression,-1.4541338573389984,-1.6100212894041093,3
Elastic Net Regression,0.23583851209189552,-1.332392064889035,3
Elastic Net Regression,0.26528954569788904,-2.1447880591526456,3
Elastic Net Regression,0.10764671163334447,-1.3376209516004778,3
Elastic Net Regression,0.2733961152011059,-1.5025045821841019,3
Elastic Net Regression,0.27486911420534327,-1.6801309204890558,3
Elastic Net Regression,-1.7405367157549274,-1.8254898831162478,3
Elastic Net Regression,-3.6464665167152384,-3.3746901164181793,3
Elastic Net Regression,-1.181419364072578,-1.4536604246849407,3
Elastic Net Regression,-1.7473311829109102,-2.214401124222256,3
Elastic Net Regression,-1.6314222073485498,-1.7282943371155852,3
Elastic Net Regression,-2.703220329010491,-2.046861023875877,3
Elastic Net Regression,-2.327144451312569,-2.1591692230761055,3
Elastic Net Regression,-1.1820723340995358,-1.2275060828342603,3
Elastic Net Regression,-1.816712585545078,-1.7810035018951282,3
Elastic Net Regression,-2.2038635814094025,-1.6768403947261916,3
Elastic Net Regression,-1.1009937914140275,-1.9642962120632674,3
Elastic Net Regression,-1.6115607525200502,-1.3736387154646863,3
Elastic Net Regression,-1.455583530702784,-1.0163835754992263,3
Elastic Net Regression,-1.852111989478871,-1.3038794271433076,3
Elastic Net Regression,-2.103347370511212,-1.4343232133672927,3
Elastic Net Regression,-3.8233531994782193,-3.5944633361513,3
Elastic Net Regression,-1.5290505627346085,-1.8922441516719317,3
Elastic Net Regression,-1.10868225389701,-1.390348661984774,3
Elastic Net Regression,-1.4753372030036505,-1.8517718073639244,3
Elastic Net Regression,-1.573747505577719,-1.478695408354234,3
Elastic Net Regression,-1.3198484161479276,-1.694879833241309,3
Elastic Net Regression,-1.7563417007657087,-2.0125574029530355,3
Elastic Net Regression,-1.629049819754814,-1.5788414827321944,3
Elastic Net Regression,-1.4583509625515516,-1.8780724805583162,3
Elastic Net Regression,-2.14182332020342,-2.602877804673973,3
Elastic Net Regression,-0.7476890179412806,-1.6637232710455905,3
Elastic Net Regression,-2.348164353297759,-1.9365325745407986,3
Elastic Net Regression,-1.2755333695267534,-1.716286420466865,3
Elastic Net Regression,-1.8036577587890321,-2.3228446237304325,3
Elastic Net Regression,-1.042642722079717,-1.6874044851958772,3
Elastic Net Regression,-3.4341521813264824,-3.5344118256969423,3
Elastic Net Regression,-1.5600709478109722,-2.197361504782947,3
Elastic Net Regression,-1.483088664742514,-2.1766628343706955,3
Elastic Net Regression,-1.148825472087486,-1.47905365967911,3
Elastic Net Regression,-2.723197328038221,-2.2772194009420375,3
Elastic Net Regression,-3.1791288900792822,-2.5807406454350854,3
Elastic Net Regression,-0.6591799251191045,-2.037839805995972,3
Elastic Net Regression,-0.2468343715025799,-2.5201640819414237,3
Elastic Net Regression,-1.048516497297764,-1.7865658507286142,3
Elastic Net Regression,-3.121373090381552,-2.2703271738082123,3
Elastic Net Regression,-1.0026227122886122,-1.3171587245337903,3
Elastic Net Regression,-2.114518460874232,-1.9458063721853165,3
Elastic Net Regression,-1.7793995024399858,-2.4283684643240235,3
Elastic Net Regression,-1.475460019768368,-1.6687880649179476,3
Elastic Net Regression,-1.3089106800327817,-1.6207898483195464,3
Elastic Net Regression,-1.3147618244158232,-2.231631924354147,3
Elastic Net Regression,-3.431262194557772,-2.978394305865592,4
Elastic Net Regression,-2.3969317709673565,-1.4616093827624894,4
Elastic Net Regression,-3.7465335671940925,-3.1801929062039633,4
Elastic Net Regression,-1.8035334240706482,-1.5368358618064022,4
Elastic Net Regression,-1.6844526576962697,-1.9183359558634976,4
Elastic Net Regression,-2.403452823620798,-1.879269441733726,4
Elastic Net Regression,-3.366321517882654,-1.797272595570952,4
Elastic Net Regression,-2.858166273095228,-2.152985207069392,4
Elastic Net Regression,-3.3692782873859213,-2.2563276721404435,4
Elastic Net Regression,-1.5321588732385725,-1.9173946194600973,4
Elastic Net Regression,-0.9452141888163385,-1.789742420713658,4
Elastic Net Regression,-1.1383767799226443,-1.7526254129685057,4
Elastic Net Regression,-1.6390957814475864,-1.9244917619463635,4
Elastic Net Regression,-1.820599175381769,-1.8648122774500564,4
Elastic Net Regression,-1.680228158144333,-1.8110265845986362,4
Elastic Net Regression,-1.6571034663893656,-1.7268820675493544,4
Elastic Net Regression,-1.1131158581897997,-2.15457436340278,4
Elastic Net Regression,-0.9172087828988489,-1.915795300607563,4
Elastic Net Regression,-1.2696661993818519,-1.6168785336257017,4
Elastic Net Regression,-3.8326531224143645,-3.390489654936367,4
Elastic Net Regression,-1.8960550708053778,-1.1771992160602593,4
Elastic Net Regression,-2.7929079641438137,-2.512730397192108,4
Elastic Net Regression,-2.4318269168378195,-1.8678370631932992,4
Elastic Net Regression,-3.2834449518405893,-2.2115199841055215,4
Elastic Net Regression,-1.7873296113427601,-2.069793103797423,4
Elastic Net Regression,-3.1597853454922076,-1.7353152032697778,4
Elastic Net Regression,-1.1061070209631036,-1.940077180681648,4
Elastic Net Regression,-2.198253243671017,-1.5634991242135072,4
Elastic Net Regression,-0.2659675601094114,-1.4759581427785449,4
Elastic Net Regression,-0.7545795752718538,-1.837061471743823,4
Elastic Net Regression,-0.14570591755806434,-2.1864107340081205,4
Elastic Net Regression,-2.004293876429448,-2.7904163402427997,4
Elastic Net Regression,-2.931358924489361,-1.497977255644038,4
Elastic Net Regression,-1.8033790498935367,-2.2707462947688057,4
Elastic Net Regression,-2.1460708341762897,-1.5292417622533065,4
Elastic Net Regression,-2.3140538776829995,-1.8939414669405323,4
Elastic Net Regression,-1.1731208384522849,-1.896326632763511,4
Elastic Net Regression,-1.1005815755977664,-2.2227444682069404,4
Elastic Net Regression,-1.9615865844075526,-2.1157936404309012,4
Elastic Net Regression,-2.557865138098485,-2.300214844578676,4
Elastic Net Regression,-3.20721692140729,-2.5623658305587256,4
Elastic Net Regression,-3.3308765956121587,-2.157132584895571,4
Elastic Net Regression,-3.20721692140729,-2.2070929053298016,4
Elastic Net Regression,-2.4909497090997137,-1.9379737442543217,4
Elastic Net Regression,-3.310333372786738,-2.2095170221760014,4
Elastic Net Regression,-1.624154843179839,-1.985026496042373,4
Elastic Net Regression,-3.3458359767686834,-3.1423689944022115,4
Elastic Net Regression,-1.4326336990343642,-1.5301360509316453,4
Elastic Net Regression,-2.492075482831661,-1.2857894566894004,4
Elastic Net Regression,-2.7233828886420643,-1.9060180010154397,4
Elastic Net Regression,-1.9785756664607834,-1.9500087618992197,4
Elastic Net Regression,-0.9910136950037374,-1.4373191123276783,4
Elastic Net Regression,-2.845233778250056,-1.8059656086848008,4
Elastic Net Regression,-1.0599038235929437,-2.1091575093653674,4
Elastic Net Regression,-1.4093732376842594,-1.8157558950572934,4
Elastic Net Regression,-1.6037557432468053,-1.5258698753556104,4
Elastic Net Regression,-3.0605406542001403,-2.3181716511234853,4
Elastic Net Regression,-1.5372443207314632,-2.4487971231091947,4
Elastic Net Regression,-1.4370923600242806,-1.472166899377072,4
Elastic Net Regression,-1.6217142305536996,-2.025871937686425,4
Elastic Net Regression,-2.715845949095462,-2.030393644608381,4
Elastic Net Regression,-1.1251042517136252,-2.053718317395152,4
Elastic Net Regression,-1.3104931690369908,-1.5336037833959182,4
Elastic Net Regression,-3.302921552819786,-2.3148043507846126,4
Elastic Net Regression,-2.01828162271433,-2.0139920525397486,4
Elastic Net Regression,-3.7342838339347466,-3.0394712059782805,4
Elastic Net Regression,-3.52120992195253,-2.132107484876215,4
Elastic Net Regression,-2.3918623308235594,-1.876818863329781,4
Elastic Net Regression,-2.2476183878149794,-1.508833530025484,4
Elastic Net Regression,-1.794765718416369,-1.5196107276168576,4
Elastic Net Regression,-2.3083760229550343,-1.7317723235336544,4
Elastic Net Regression,-2.498525274280529,-1.9890287604569323,4
Elastic Net Regression,-3.221262124613128,-1.7719125553426593,4
Elastic Net Regression,-3.4401053391639986,-1.771791694422852,4
Elastic Net Regression,-3.6472310978345055,-2.122233933229424,4
Elastic Net Regression,-2.810836301965318,-2.6786984974004966,4
Elastic Net Regression,-3.384203503318252,-2.2125190337458562,4
Elastic Net Regression,-3.9730828630218453,-3.3833962731084384,4
Elastic Net Regression,-1.4113517913995703,-1.5135082293955051,4
Elastic Net Regression,-3.6472310978345055,-2.7961444936479936,4
Elastic Net Regression,-1.5623567401916558,-1.4939051240244865,4
Elastic Net Regression,-1.3160847906164357,-1.1817502168696592,4
Elastic Net Regression,-2.2317936703338876,-2.519047178233002,4
Elastic Net Regression,-3.216247878762871,-1.9797157457300827,4
Elastic Net Regression,-1.7751555586449395,-1.5692074017797353,4
Elastic Net Regression,-1.5862250860093259,-1.1614131241925705,4
Elastic Net Regression,-3.4161712191583424,-2.0763454149535505,4
Elastic Net Regression,-3.848875409949318,-3.4312564452185796,4
Elastic Net Regression,-3.0415646563875622,-1.948505096644631,4
Elastic Net Regression,-2.236090057320799,-1.3832876666737874,4
Elastic Net Regression,-3.2996658499018485,-1.542296396583005,4
Elastic Net Regression,-2.1210586466718686,-1.7877433571820802,4
Elastic Net Regression,-2.9741896629359488,-1.50024806052825,4
Elastic Net Regression,-2.4308272469150642,-1.7921089099204366,4
Elastic Net Regression,-3.688222835963096,-2.4183993359528486,4
Elastic Net Regression,-4.441291429466834,-3.4464517838731155,4
Elastic Net Regression,-2.999290941959355,-3.0899886102146894,4
Elastic Net Regression,-2.7669040895368373,-2.7449922959257336,4
Elastic Net Regression,-1.7310907007998717,-1.7700361613115163,4
Elastic Net Regression,-1.7176063992666837,-1.9528074236347095,4
Elastic Net Regression,-2.8667990786740405,-2.5707995653409768,4
Elastic Net Regression,-2.8326132427713318,-2.035343671527734,4
Elastic Net Regression,-2.848471723996311,-2.359421733702767,4
Elastic Net Regression,-2.4462457037304657,-2.127362292519713,4
Elastic Net Regression,-2.618445069067542,-2.505825295161948,4
Elastic Net Regression,-2.8197963948012763,-2.2497828927537427,4
Elastic Net Regression,-1.7818010064165613,-1.5116856002124095,4
Elastic Net Regression,-1.7565625592771141,-1.5758543966033542,4
Elastic Net Regression,-2.020315121682196,-2.225586809900989,4
Elastic Net Regression,-1.7015723913432346,-1.9712267861241415,4
Elastic Net Regression,-3.9030899869919438,-3.3949326751214386,4
Elastic Net Regression,-1.4975728800155672,-1.3300143296322986,4
Elastic Net Regression,-2.5430732387631334,-1.8566463033083167,4
Elastic Net Regression,-1.5213971031085405,-1.9710565094589825,4
Elastic Net Regression,-2.8343485837796827,-2.2958942464105974,4
Elastic Net Regression,-1.2303723324828062,-2.2494124015032995,4
Elastic Net Regression,-1.3195712003583318,-1.7097086637866568,4
Elastic Net Regression,-1.9429726110972225,-2.3674127361848036,4
Elastic Net Regression,-3.926105768520805,-3.4906894717560704,4
Elastic Net Regression,-2.635540187918821,-2.8848560906602785,4
Elastic Net Regression,-3.172776808882327,-2.408703619018766,4
Elastic Net Regression,-3.4629936067206395,-2.8709870900247836,4
Elastic Net Regression,-2.7555635433899788,-2.5680227810463805,4
Elastic Net Regression,-1.8011659603551675,-1.9345633496232821,4
Elastic Net Regression,-1.98115226552214,-1.9706573971626753,4
Elastic Net Regression,-1.790442094293253,-2.202922693607647,4
Elastic Net Regression,-1.7625310634593319,-1.6007029558455912,4
Elastic Net Regression,-2.1469087646472067,-1.8372565658653244,4
Elastic Net Regression,-0.5687544073603336,-0.8340192520181162,4
Elastic Net Regression,-2.244039132061237,-2.0981164741417686,4
Elastic Net Regression,-3.030623697854625,-2.0603457867585107,4
Elastic Net Regression,-1.6958725916338202,-1.4100490299442825,4
Elastic Net Regression,-1.3544637580442256,-2.3238827565737807,4
Elastic Net Regression,-2.5910208366914373,-1.6512482696270965,4
Elastic Net Regression,-3.5378566631708024,-1.2024486288721832,4
Elastic Net Regression,-1.2158410977813483,-1.1480649277923334,4
Elastic Net Regression,-1.167232267440179,-1.0059071262633523,4
Elastic Net Regression,-2.0990330852672687,-1.8234771049277683,4
Elastic Net Regression,-1.2327435377262763,-1.9172243421882058,4
Elastic Net Regression,-1.2394237537905008,-1.4758547294697237,4
Elastic Net Regression,-1.8793987946410835,-1.808896169973977,4
Elastic Net Regression,-1.4486812373435975,-1.6178236860116044,4
Elastic Net Regression,-1.366206440166372,-2.281632980800211,4
Elastic Net Regression,-3.6688623296866587,-1.9947354636605326,4
Elastic Net Regression,-1.4609239012072235,-2.124933729554776,4
Elastic Net Regression,-1.1843962080688974,-1.7024291195058652,4
Elastic Net Regression,-1.763658215013675,-2.0533119420373893,4
Elastic Net Regression,-1.2189474946453842,-2.0801821135144394,4
Elastic Net Regression,-1.3693953613978682,-2.1927449947765467,4
Elastic Net Regression,-1.270721247267063,-1.662117504120097,4
Elastic Net Regression,-1.409977601837042,-1.8249664352427004,4
Elastic Net Regression,-3.6419813498697473,-3.0797407868294755,4
Elastic Net Regression,-1.9341938240909706,-1.6803029152656777,4
Elastic Net Regression,-2.3465562136207656,-1.6339005312282424,4
Elastic Net Regression,-3.542851120580754,-2.8107102619306374,4
Elastic Net Regression,-1.0624918421054752,-1.528134813440019,4
Elastic Net Regression,-3.2740051086991615,-2.1358321110872254,4
Elastic Net Regression,-2.090032121190501,-1.6657367184561664,4
Elastic Net Regression,-1.0639605458204757,-1.9247773870355047,4
Elastic Net Regression,-1.396090167895999,-1.9790958620522972,4
Elastic Net Regression,-2.0995080091454192,-1.9693145081156516,4
Elastic Net Regression,-1.8171279243372191,-2.25840860204206,4
Elastic Net Regression,-2.2176402640700728,-1.8202203567998865,4
Elastic Net Regression,-2.653759917660552,-2.24633083008991,4
Elastic Net Regression,-1.785391290725075,-1.238190539342483,4
Elastic Net Regression,-2.3758693662733776,-1.8328111072168554,4
Elastic Net Regression,-1.2111861770342556,-1.8060950776545326,4
Elastic Net Regression,-1.7709615792854492,-1.926578108828906,4
Elastic Net Regression,-3.6924119784161333,-2.2235982317377037,4
Elastic Net Regression,-3.233202110369878,-2.035100695930389,4
Elastic Net Regression,-2.2405786779424,-2.8105103888494654,4
Elastic Net Regression,-2.483384252706259,-2.219653734277962,4
Elastic Net Regression,-2.1032881447661516,-1.7050110576074218,4
Elastic Net Regression,-3.7268829315132583,-2.342513489935328,4
Elastic Net Regression,-3.4116117497612004,-3.3082837335581132,4
Elastic Net Regression,-1.5226715493865826,-1.5370651550782526,4
Elastic Net Regression,-2.43241576499949,-2.0053689744753598,4
Elastic Net Regression,-1.7139992395270756,-1.7852033710744521,4
Elastic Net Regression,-1.2662407394987067,-1.9619575320494036,4
Elastic Net Regression,-2.1633711620778806,-1.8958523389440245,4
Elastic Net Regression,-4.056947918112584,-3.4267276762212404,4
Elastic Net Regression,-1.5049121890283346,-1.6778620300313207,4
Elastic Net Regression,-1.5572116152486462,-1.0759619138815424,4
Elastic Net Regression,-1.4566894173821427,-1.4191775149745212,4
Elastic Net Regression,-3.393048191942752,-2.1205196493419933,4
Elastic Net Regression,-1.6613977234664838,-2.020095878534967,4
Elastic Net Regression,-1.586700235918748,-1.9130486858936209,4
Elastic Net Regression,-1.2054304558342028,-2.0812501615218295,4
Elastic Net Regression,-1.6663570851479517,-1.3273879045125483,4
Elastic Net Regression,-3.31795786632659,-3.15042249683664,4
Elastic Net Regression,-2.833475754814589,-2.196859455631113,4
Elastic Net Regression,-2.292547184423849,-2.535783008838493,4
Elastic Net Regression,-0.6894774956008592,-1.83341581169163,4
Elastic Net Regression,-0.9751054096242024,-1.5420097674090485,4
Elastic Net Regression,-1.1026053129321816,-1.5311909130444619,4
Elastic Net Regression,-2.8559441417598115,-2.056587881460075,4
Elastic Net Regression,-3.0397590359811644,-1.9528379523652788,4
Elastic Net Regression,-2.5945173784671853,-2.3231167071215992,4
Elastic Net Regression,-1.2183710988289476,-1.3680308078409027,4
Elastic Net Regression,-0.9737395646276028,-1.4382232688074765,4
Elastic Net Regression,-1.4562179644760493,-1.813922348875053,4
Elastic Net Regression,-1.6183307304435026,-1.5386702039958138,4
Elastic Net Regression,-2.314076075024747,-2.3420541715957626,4
Elastic Net Regression,-1.8884660362981867,-1.6059405148521009,4
Elastic Net Regression,-1.4262388316017447,-1.4119691911644026,4
Elastic Net Regression,-3.3625502994733605,-2.0364408186770007,4
Elastic Net Regression,-2.017352405817494,-0.8506438712844471,4
Elastic Net Regression,-2.464359595395084,-1.7842065126544924,4
Elastic Net Regression,0.3580642293861346,-1.7030442146731986,4
Elastic Net Regression,0.11059120541434526,-1.5460707127553093,4
Elastic Net Regression,0.011790398005349874,-1.7036468906858389,4
Elastic Net Regression,0.2461448119736277,-2.033456382291135,4
Elastic Net Regression,-0.002962342870760633,-1.9370035399092416,4
Elastic Net Regression,0.004405968258246192,-1.7141941461870402,4
Elastic Net Regression,-1.7655110123526006,-1.86241698004644,4
Elastic Net Regression,-1.1181615001713328,-1.857476180290952,4
Elastic Net Regression,-0.9771273167949791,-1.6039236688828709,4
Elastic Net Regression,-3.1657421077804533,-2.3836485702714114,4
Elastic Net Regression,-1.7181996551162337,-2.249375719535614,4
Elastic Net Regression,-2.1512701073865577,-1.6234518646136564,4
Elastic Net Regression,-1.621304790891127,-1.4653066049011585,4
Elastic Net Regression,-3.915670428497184,-3.4844341108556023,4
Elastic Net Regression,-3.915670428497184,-3.3296386074387243,4
Elastic Net Regression,-2.7488910409678486,-1.8473190224396134,4
Elastic Net Regression,-3.525699217034543,-2.8803464644067134,4
Elastic Net Regression,-3.4519129118061063,-2.241994911419063,4
Elastic Net Regression,-1.1078591195735359,-1.3906453083093808,4
Elastic Net Regression,-1.862548056774303,-1.9281227623925332,4
Elastic Net Regression,-1.7236216619186897,-1.7914134742768937,4
Elastic Net Regression,-3.2294115893983317,-1.9751278584584284,4
Elastic Net Regression,-1.6695950343945678,-1.4600327926418615,4
Elastic Net Regression,-2.088287115891733,-1.1064199487558994,4
Elastic Net Regression,-1.28375174993668,-1.8100396952215263,4
Elastic Net Regression,-0.9134224928394735,-1.7826104600519201,4
Elastic Net Regression,-1.5240818424273839,-1.6623683143411512,4
Elastic Net Regression,-1.6322137070153477,-1.861529252478988,4
Elastic Net Regression,-1.4094344835568617,-1.4718816216499135,4
Elastic Net Regression,-1.5398588190217488,-2.326422800322021,4
Elastic Net Regression,-0.7266296487986936,-0.904448036784423,4
Elastic Net Regression,-2.451728539243243,-1.8436919938827216,4
Elastic Net Regression,-1.9406256000139548,-2.0639704993335286,4
Elastic Net Regression,-2.0401269907408133,-1.9154459172823124,4
Elastic Net Regression,-1.8459806844208395,-1.9175872811863783,4
Elastic Net Regression,-1.6181431713572578,-1.5807245298819979,4
Elastic Net Regression,-1.7998312883961207,-1.9641022967341115,4
Elastic Net Regression,-1.7283368624549476,-2.1298920663424212,4
Elastic Net Regression,-2.0560190796534115,-1.9442515569804328,4
Elastic Net Regression,-2.428366273865067,-1.9416238278559916,4
Elastic Net Regression,-3.7648251925435416,-3.378091979289003,4
Elastic Net Regression,-1.9652557068613081,-2.170073168188928,4
Elastic Net Regression,-3.4495551653497865,-2.8463611220381893,4
Elastic Net Regression,-1.7462641625323523,-1.49644612985103,4
Elastic Net Regression,-3.241946952668458,-2.0603186281370185,4
Elastic Net Regression,-1.0945491836072103,-1.7790571549109515,4
Elastic Net Regression,-1.0884067327209506,-2.0053567300409085,4
Elastic Net Regression,-1.4158076024067474,-1.7251891618108814,4
Elastic Net Regression,-2.390077592912712,-2.0745662107127174,4
Elastic Net Regression,-1.4154063781902113,-2.1820232662005097,4
Elastic Net Regression,-3.8301933583825565,-3.480831861448273,4
Elastic Net Regression,-2.703826191329584,-1.6067823540677537,5
Elastic Net Regression,-3.5076503600642033,-2.0721758560259573,5
Elastic Net Regression,-2.881231480327938,-1.9231122881147726,5
Elastic Net Regression,-1.9492654506102318,-2.3251335680920207,5
Elastic Net Regression,-3.5076503600642033,-2.577740696724611,5
Elastic Net Regression,-2.1263969370231783,-1.5472488673978262,5
Elastic Net Regression,-2.7922905193547125,-2.1457514221601883,5
Elastic Net Regression,-1.7253486984128064,-2.0507429262512744,5
Elastic Net Regression,-1.3240188516817268,-1.976574626528361,5
Elastic Net Regression,-1.5424726897801078,-1.5960882722703218,5
Elastic Net Regression,-0.3239443747054647,-1.720202578782569,5
Elastic Net Regression,-1.641711232958164,-2.628347701146133,5
Elastic Net Regression,-1.520097156387571,-1.59655737092681,5
Elastic Net Regression,-1.7190338740193807,-1.9643632024852877,5
Elastic Net Regression,-0.32212322804184973,-2.0116965836060956,5
Elastic Net Regression,-1.5530374141251506,-1.745223583717049,5
Elastic Net Regression,-1.374139089297611,-1.899703210063059,5
Elastic Net Regression,-1.6443425309821194,-1.5551179731294908,5
Elastic Net Regression,-1.7566657394319904,-1.8437457806849125,5
Elastic Net Regression,-0.9407520429016281,-1.6336707600804985,5
Elastic Net Regression,-1.6021765542362365,-1.7858886966215834,5
Elastic Net Regression,-2.123767317417046,-2.148388776963756,5
Elastic Net Regression,-1.0225392132375182,-1.3188293928492953,5
Elastic Net Regression,-1.4610955316441951,-1.607050448570277,5
Elastic Net Regression,-1.9996117840097518,-1.7991476992158368,5
Elastic Net Regression,-1.1631032781134523,-1.635455324377844,5
Elastic Net Regression,-2.617367632441655,-1.8248022159793251,5
Elastic Net Regression,-2.9142603715445343,-1.8214747299084522,5
Elastic Net Regression,-3.0391954244610955,-2.4402904674928365,5
Elastic Net Regression,-1.4349038067728495,-2.0994835247651267,5
Elastic Net Regression,-3.876468483448327,-3.580890698898493,5
Elastic Net Regression,-2.1155432005946873,-1.7853668947055112,5
Elastic Net Regression,-1.7661589553081318,-2.956693953450568,5
Elastic Net Regression,0.20995355888867073,-1.6034746403068993,5
Elastic Net Regression,-0.4049916766527308,-1.860298264742454,5
Elastic Net Regression,-0.7019607372542168,-1.364703175143319,5
Elastic Net Regression,-0.28184511787174465,-1.6322816307650285,5
Elastic Net Regression,-0.012750569114115418,-1.6555039226449964,5
Elastic Net Regression,-0.3417701012907816,-1.5553205221090636,5
Elastic Net Regression,-2.541474704475919,-2.595943014970736,5
Elastic Net Regression,-2.8170555006405635,-2.194615342273032,5
Elastic Net Regression,-1.894217061776159,-1.9706736369690603,5
Elastic Net Regression,-1.4817410394981543,-1.5730721726978985,5
Elastic Net Regression,-2.2017306515457955,-1.6062302440743537,5
Elastic Net Regression,-2.1223515198479075,-2.2950641105803413,5
Elastic Net Regression,-3.810574259769909,-3.6682853487145195,5
Elastic Net Regression,-3.1381335734004905,-1.8875192008610782,5
Elastic Net Regression,-2.6991941581253336,-2.105175860601179,5
Elastic Net Regression,-3.447382880362,-2.024181595335719,5
Elastic Net Regression,-1.9112124620769755,-2.0103354572849668,5
Elastic Net Regression,-1.1468871297310963,-2.0218989170415895,5
Elastic Net Regression,-2.9119908501955227,-2.022099039778503,5
Elastic Net Regression,-2.991150818979587,-2.011811322039698,5
Elastic Net Regression,-3.366814432940472,-1.9723826627605519,5
Elastic Net Regression,-2.325708590111872,-1.7379702094231604,5
Elastic Net Regression,-1.800655814770182,-2.0519884554693775,5
Elastic Net Regression,-2.861353792341514,-2.1844918535692273,5
Elastic Net Regression,-2.186006727498246,-1.7753148577633624,5
Elastic Net Regression,-2.048440290036772,-1.5809139770722993,5
Elastic Net Regression,-1.115836390766966,-1.6558351903195785,5
Elastic Net Regression,-2.586212054867284,-2.229095450175464,5
Elastic Net Regression,-2.8807530211105905,-2.048946434660813,5
Elastic Net Regression,-1.4729877775908402,-1.7392780449249727,5
Elastic Net Regression,-1.1202858432048246,-1.7845813373002812,5
Elastic Net Regression,-1.0556956867709293,-2.1519334298516384,5
Elastic Net Regression,-1.4100025284401918,-1.7992894509626751,5
Elastic Net Regression,-1.4197155850010228,-1.997265678171999,5
Elastic Net Regression,-3.007286136495451,-2.182604408467867,5
Elastic Net Regression,-2.4555313487080666,-2.044012189812676,5
Elastic Net Regression,-1.5554661639976504,-2.0568193826635763,5
Elastic Net Regression,-1.547722797531173,-1.6959630011836992,5
Elastic Net Regression,-1.622950411914381,-2.046989408776554,5
Elastic Net Regression,-1.9704478542261563,-1.9376880566433101,5
Elastic Net Regression,-1.7113615374852664,-2.0631698278808415,5
Elastic Net Regression,-1.2543892714743548,-1.5950327962305622,5
Elastic Net Regression,-1.935943656763284,-1.742647832689478,5
Elastic Net Regression,-2.182199963303041,-1.4795380308686603,5
Elastic Net Regression,-2.5339607001524365,-1.3683414863245886,5
Elastic Net Regression,-3.688222835963096,-2.304058707299305,5
Elastic Net Regression,-1.987977989665314,-2.3429150424347114,5
Elastic Net Regression,-1.5650446341096866,-1.4015324960067304,5
Elastic Net Regression,-3.159004262647741,-1.954823038788298,5
Elastic Net Regression,-3.40015839520823,-1.874189395764489,5
Elastic Net Regression,-2.0364325385907973,-1.4702026720822658,5
Elastic Net Regression,-3.246574755779347,-2.3639046066898217,5
Elastic Net Regression,-4.043611115346274,-3.4678750696506526,5
Elastic Net Regression,-3.09259777670544,-2.309765738096324,5
Elastic Net Regression,-2.848471723996311,-1.9386449362828486,5
Elastic Net Regression,-2.4911353637922846,-2.2599371412336637,5
Elastic Net Regression,-2.0559062448512155,-1.6179686265908728,5
Elastic Net Regression,-2.258697330779929,-2.105510751802889,5
Elastic Net Regression,-3.190894343543139,-2.0372846809138565,5
Elastic Net Regression,-3.4398948173744337,-2.5995340914612015,5
Elastic Net Regression,-1.5518607813097591,-2.0065843142729136,5
Elastic Net Regression,-3.690448608815449,-3.4029221174109665,5
Elastic Net Regression,-1.6379527351562522,-1.6755014555696874,5
Elastic Net Regression,-2.9211605333956863,-2.350222587531576,5
Elastic Net Regression,-1.4722472768836088,-1.7760638613818358,5
Elastic Net Regression,-1.7883466398341077,-1.8096873240423221,5
Elastic Net Regression,-1.7883466398341077,-1.8260903962941484,5
Elastic Net Regression,-1.3580712288885752,-2.3334547712955,5
Elastic Net Regression,-2.1620771953880977,-2.0263126484034615,5
Elastic Net Regression,-2.3662117992181373,-1.8324586575631159,5
Elastic Net Regression,-2.9187956800017982,-2.190737882542514,5
Elastic Net Regression,-1.2400249421136365,-1.9060358146792566,5
Elastic Net Regression,-3.7834435403498214,-3.4884500993442913,5
Elastic Net Regression,-3.7834435403498214,-2.2393608304019637,5
Elastic Net Regression,-2.0731453982830836,-2.537539388753565,5
Elastic Net Regression,-2.3458067992518874,-2.0065229173321626,5
Elastic Net Regression,-1.272659841843383,-1.9554849780648311,5
Elastic Net Regression,-3.2861198587119835,-2.1345394896068086,5
Elastic Net Regression,-1.6384460109776287,-2.0556179167670905,5
Elastic Net Regression,-1.006612713059657,-1.912523239285953,5
Elastic Net Regression,-3.5459650539173615,-2.1499795057308475,5
Elastic Net Regression,-3.23633470688153,-2.2931350567069515,5
Elastic Net Regression,-1.3450596755542978,-2.1713525207521656,5
Elastic Net Regression,-2.0116848782875407,-2.109765479729333,5
Elastic Net Regression,-2.1142795046940637,-2.1308435513335553,5
Elastic Net Regression,-1.2834663142150111,-1.6157717557295044,5
Elastic Net Regression,-3.466783553422354,-2.101404393134615,5
Elastic Net Regression,-1.8887177216857802,-1.756284946055331,5
Elastic Net Regression,-1.8555915719713854,-1.9695311963165167,5
Elastic Net Regression,-1.2662523005170878,-1.8659437889675772,5
Elastic Net Regression,-1.4441845681180592,-1.2454637291508064,5
Elastic Net Regression,-3.4629936067206395,-2.2077719786971883,5
Elastic Net Regression,-2.646263945417837,-2.2112340898198752,5
Elastic Net Regression,-1.4782087030212006,-1.4309725670443356,5
Elastic Net Regression,-3.0153277959856664,-2.059690084904105,5
Elastic Net Regression,-1.3267843126055872,-2.1538390752530816,5
Elastic Net Regression,-2.099963060637607,-2.0111736447275064,5
Elastic Net Regression,-3.390442939572028,-3.544033101675133,5
Elastic Net Regression,-1.3467292946628289,-1.983043366108177,5
Elastic Net Regression,-0.9349414936187838,-1.639266476340147,5
Elastic Net Regression,-1.4215944093236903,-1.8788640356013318,5
Elastic Net Regression,-0.664255515397868,-1.3785770793360328,5
Elastic Net Regression,-1.5708763680120374,-1.650420402713408,5
Elastic Net Regression,-1.86662075613132,-1.5617170163155194,5
Elastic Net Regression,-2.1225210730141013,-2.1293259190371927,5
Elastic Net Regression,-2.8641555620169683,-2.208981191209716,5
Elastic Net Regression,-2.7906820711849507,-1.837730273648468,5
Elastic Net Regression,-1.421235229471209,-1.265965556636914,5
Elastic Net Regression,-2.806163575333855,-2.4778202942745935,5
Elastic Net Regression,-1.7139014654061842,-1.7463629651437529,5
Elastic Net Regression,-1.9090244195663402,-1.9065056410797823,5
Elastic Net Regression,-3.644312909802797,-3.6389299607420824,5
Elastic Net Regression,-2.4951902617888977,-2.2843534340427,5
Elastic Net Regression,-1.4436245197644126,-1.7487045532418932,5
Elastic Net Regression,-1.453797527240351,-1.8853329218804333,5
Elastic Net Regression,-2.2689882869552584,-3.3738027397644927,5
Elastic Net Regression,-1.9811271489159006,-2.0624277463389618,5
Elastic Net Regression,-2.062592350526869,-2.309610937964713,5
Elastic Net Regression,-1.5310782741493767,-1.6584486418753102,5
Elastic Net Regression,-1.1301967317733737,-1.3399747844188,5
Elastic Net Regression,-2.174390400742264,-2.388763089836715,5
Elastic Net Regression,-1.0144370432648293,-1.6287584926397543,5
Elastic Net Regression,-1.8019484611556353,-2.0027564308446344,5
Elastic Net Regression,-0.7242679085347501,-1.579362913016631,5
Elastic Net Regression,-1.4337063496845048,-2.4696242930354018,5
Elastic Net Regression,-1.543738042979891,-1.5766859368388921,5
Elastic Net Regression,-2.329956957829961,-1.8653289226197387,5
Elastic Net Regression,-1.1984184440476704,-1.7484295311531355,5
Elastic Net Regression,-1.394827676426251,-1.7435721601660674,5
Elastic Net Regression,-3.4366316559477377,-2.298101564165137,5
Elastic Net Regression,-2.0948568608862326,-1.7407389849838424,5
Elastic Net Regression,-2.258173837778395,-2.122528050179021,5
Elastic Net Regression,-2.436631774638256,-1.6743577359781838,5
Elastic Net Regression,-2.0916278587378,-2.334361922798969,5
Elastic Net Regression,-1.4790145740873064,-1.6410669390075725,5
Elastic Net Regression,-1.6434286328720604,-1.669633305932713,5
Elastic Net Regression,-4.034798298974088,-3.7297490700490883,5
Elastic Net Regression,-4.034834060338741,-3.2752525603768063,5
Elastic Net Regression,-3.3358640560027224,-2.5854998738621617,5
Elastic Net Regression,-2.626594359719023,-2.8473276389040407,5
Elastic Net Regression,-1.945164608357066,-1.9020711099152194,5
Elastic Net Regression,-3.6924119784161333,-2.333608412445244,5
Elastic Net Regression,-2.2313771400186773,-1.9533928205838293,5
Elastic Net Regression,-2.8201877676993385,-2.3483905330156034,5
Elastic Net Regression,-3.2402151004002007,-2.8672150485503067,5
Elastic Net Regression,-2.26736728311359,-2.1471157146326902,5
Elastic Net Regression,-1.95795837174818,-2.636405686795534,5
Elastic Net Regression,-1.8668031693530753,-2.080220666654334,5
Elastic Net Regression,-3.015555503033429,-2.1966197780530337,5
Elastic Net Regression,-2.1980100109869287,-1.9479728280487834,5
Elastic Net Regression,-2.7766733448672327,-1.9618012731808108,5
Elastic Net Regression,-2.4520022992105748,-2.1970510712461504,5
Elastic Net Regression,-4.059833781301273,-2.5132432745795157,5
Elastic Net Regression,-2.084073842416984,-2.5312498162471613,5
Elastic Net Regression,-1.9644153443855357,-1.7339451212427406,5
Elastic Net Regression,-1.4333467694862632,-1.921286197462841,5
Elastic Net Regression,-1.0942289641451028,-2.066172076554956,5
Elastic Net Regression,-1.5650830494456354,-1.5219558122256132,5
Elastic Net Regression,-3.5527489155241385,-1.9074233117660526,5
Elastic Net Regression,-3.6546223480637448,-3.3015068063010915,5
Elastic Net Regression,-1.8057322630823986,-2.1153463261520713,5
Elastic Net Regression,-2.1639051839291805,-2.0570424377580707,5
Elastic Net Regression,-3.312017362295172,-3.342940242420106,5
Elastic Net Regression,-1.4655690967005093,-2.120734193471165,5
Elastic Net Regression,-2.850003549488979,-2.308417509932056,5
Elastic Net Regression,-3.0397590359811644,-2.0858181510377065,5
Elastic Net Regression,-2.0008832971741093,-1.7773227371298361,5
Elastic Net Regression,-1.405215799824956,-2.0097549828176753,5
Elastic Net Regression,-3.6368695830464484,-3.704314458322237,5
Elastic Net Regression,-2.4796814387852613,-2.05828417333791,5
Elastic Net Regression,-2.190142441306164,-1.5916721850504771,5
Elastic Net Regression,-3.05329283374744,-2.130335552770312,5
Elastic Net Regression,-3.3010769020010144,-2.7826309821007698,5
Elastic Net Regression,-1.428472864706594,-1.551228034787954,5
Elastic Net Regression,-2.8165949053280404,-1.985437225947436,5
Elastic Net Regression,-2.4881639462888585,-1.92609624173339,5
Elastic Net Regression,-3.360662949678316,-2.001442800011425,5
Elastic Net Regression,-1.1090605687339063,-1.5560123058730397,5
Elastic Net Regression,-2.2355646390433175,-1.8905043018586483,5
Elastic Net Regression,-1.0460152967125962,-1.8799842102590887,5
Elastic Net Regression,-2.3371392715991264,-1.865082440360574,5
Elastic Net Regression,-1.9499388302923257,-1.879413650196824,5
Elastic Net Regression,-1.1895507451644802,-1.610542083645072,5
Elastic Net Regression,-1.5736750209710204,-1.8246578518599392,5
Elastic Net Regression,-1.7772835288524167,-1.5783777993151986,5
Elastic Net Regression,0.25792460161657743,-1.605839740478153,5
Elastic Net Regression,-0.40966424145785746,-2.3237566238905103,5
Elastic Net Regression,0.13858982128300762,-1.6312343574865196,5
Elastic Net Regression,0.2034251096067644,-2.0420547241536084,5
Elastic Net Regression,0.23583851209189552,-1.6496323088222766,5
Elastic Net Regression,0.25792460161657743,-1.8488695340233932,5
Elastic Net Regression,-0.3118025518663407,-2.0986789078548327,5
Elastic Net Regression,0.23141740977050707,-1.4563280731877768,5
Elastic Net Regression,-1.9219867657940077,-3.545082869426132,5
Elastic Net Regression,-3.3347136412278577,-2.8881290844928245,5
Elastic Net Regression,-1.2407370006641907,-1.7372208642136542,5
Elastic Net Regression,-1.6790364719823858,-1.7328100672459925,5
Elastic Net Regression,-1.098047311203653,-1.656478741465925,5
Elastic Net Regression,-1.5941100276318725,-2.3777683071096334,5
Elastic Net Regression,-1.315440666986884,-1.5016534815611706,5
Elastic Net Regression,-3.4519129118061063,-2.1231560188785963,5
Elastic Net Regression,-2.0424559224697187,-1.1511623896521854,5
Elastic Net Regression,-1.9190397324043553,-1.390490853615944,5
Elastic Net Regression,-1.5073537295089607,-1.3564465542988913,5
Elastic Net Regression,-2.5479760718766045,-2.7183093576084474,5
Elastic Net Regression,-1.7300615156440644,-1.4895643235510008,5
Elastic Net Regression,-1.5323301209746991,-1.8583265063407381,5
Elastic Net Regression,-1.1998361610596366,-1.8237235446176001,5
Elastic Net Regression,-1.6539166652584223,-1.962439011047529,5
Elastic Net Regression,-1.649488441015367,-1.7021553070439737,5
Elastic Net Regression,-1.540907293954747,-1.8004057148627837,5
Elastic Net Regression,-1.3198484161479276,-1.6720516229299207,5
Elastic Net Regression,-1.8070894000718147,-2.1100472023278343,5
Elastic Net Regression,-0.8959678728621829,-2.043581261849674,5
Elastic Net Regression,-1.1543394167845993,-1.7070043937397443,5
Elastic Net Regression,-0.6082262842300837,-1.6239010049610414,5
Elastic Net Regression,-0.7463040504271798,-1.8237566427285898,5
Elastic Net Regression,-1.466507781947675,-2.9690987507926394,5
Elastic Net Regression,-3.295634963777275,-3.24220889911534,5
Elastic Net Regression,-0.8317581654646831,-1.7383732849563884,5
Elastic Net Regression,-1.0748372190236377,-1.8178706301394882,5
Elastic Net Regression,-1.1827941397057182,-1.8476518521325431,5
Elastic Net Regression,-0.6158874808696795,-1.2643274490085972,5
Elastic Net Regression,-0.9402445883836209,-2.097252277353114,5
Elastic Net Regression,-2.192341601117107,-2.56485229783182,5
Elastic Net Regression,-2.5315835424986517,-2.078401194069606,5
