model,experiment,prediction,split #
Extreme Gradient Boosting,-2.218903098366632,-1.9950039386749268,1
Extreme Gradient Boosting,-3.5076503600642033,-2.4185352325439453,1
Extreme Gradient Boosting,-2.7922905193547125,-2.090376377105713,1
Extreme Gradient Boosting,-3.366321517882654,-2.1389572620391846,1
Extreme Gradient Boosting,-3.120277513484956,-2.3188695907592773,1
Extreme Gradient Boosting,-1.0745636623476162,-1.5100449323654175,1
Extreme Gradient Boosting,-1.5321588732385725,-1.412851095199585,1
Extreme Gradient Boosting,-1.4118568185099727,-1.5295127630233765,1
Extreme Gradient Boosting,-1.641711232958164,-2.0482072830200195,1
Extreme Gradient Boosting,-0.9452141888163385,-1.4102505445480347,1
Extreme Gradient Boosting,-1.6390957814475864,-1.3413735628128052,1
Extreme Gradient Boosting,-1.496009274431816,-1.9866976737976074,1
Extreme Gradient Boosting,-1.2247774230710238,-1.6120972633361816,1
Extreme Gradient Boosting,-1.6021765542362365,-1.869300127029419,1
Extreme Gradient Boosting,-3.4108437941069076,-3.593458890914917,1
Extreme Gradient Boosting,-1.4091232046942341,-1.7268962860107422,1
Extreme Gradient Boosting,-1.4985127097581414,-1.5246754884719849,1
Extreme Gradient Boosting,-0.9172087828988489,-1.4427121877670288,1
Extreme Gradient Boosting,-3.2351404478705748,-2.509488105773926,1
Extreme Gradient Boosting,-2.617367632441655,-2.4904937744140625,1
Extreme Gradient Boosting,-3.2834449518405893,-3.3042995929718018,1
Extreme Gradient Boosting,-2.6092962251353855,-2.329693555831909,1
Extreme Gradient Boosting,-3.0391954244610955,-3.2114317417144775,1
Extreme Gradient Boosting,0.05304456027413388,-1.1695008277893066,1
Extreme Gradient Boosting,-0.6704627883686575,-1.3177766799926758,1
Extreme Gradient Boosting,-0.5196118275771817,-0.8221186995506287,1
Extreme Gradient Boosting,-0.4049916766527308,-0.38133248686790466,1
Extreme Gradient Boosting,-0.6945493884044287,-1.2941054105758667,1
Extreme Gradient Boosting,-0.012750569114115418,-1.4388269186019897,1
Extreme Gradient Boosting,-1.1235679872330004,-2.344578742980957,1
Extreme Gradient Boosting,-3.0775844181294625,-3.0572235584259033,1
Extreme Gradient Boosting,-1.9101052340727014,-2.3595707416534424,1
Extreme Gradient Boosting,-1.1731208384522849,-2.103121757507324,1
Extreme Gradient Boosting,-1.8094490244732577,-2.189208745956421,1
Extreme Gradient Boosting,-2.9238738790387533,-2.3847267627716064,1
Extreme Gradient Boosting,-3.810574259769909,-3.488971710205078,1
Extreme Gradient Boosting,-2.3339531661956356,-2.907790422439575,1
Extreme Gradient Boosting,-2.9119908501955227,-3.042642593383789,1
Extreme Gradient Boosting,-3.4317548486561424,-3.465324878692627,1
Extreme Gradient Boosting,-3.9019276346378216,-3.093187093734741,1
Extreme Gradient Boosting,-2.778538031513268,-1.3540632724761963,1
Extreme Gradient Boosting,-3.3458359767686834,-3.494474172592163,1
Extreme Gradient Boosting,-1.800655814770182,-1.6077680587768555,1
Extreme Gradient Boosting,-1.9785756664607834,-2.081822633743286,1
Extreme Gradient Boosting,-2.845233778250056,-2.760265827178955,1
Extreme Gradient Boosting,-1.8319016673890882,-1.681044340133667,1
Extreme Gradient Boosting,-2.861353792341514,-2.7327749729156494,1
Extreme Gradient Boosting,-2.7103007043055714,-1.9504324197769165,1
Extreme Gradient Boosting,-1.115836390766966,-1.1760187149047852,1
Extreme Gradient Boosting,-1.4861381638460753,-2.0358145236968994,1
Extreme Gradient Boosting,-1.5372443207314632,-1.8023595809936523,1
Extreme Gradient Boosting,-2.635616939296958,-1.68242609500885,1
Extreme Gradient Boosting,-1.1202858432048246,-1.2450854778289795,1
Extreme Gradient Boosting,-1.6217142305536996,-2.1527435779571533,1
Extreme Gradient Boosting,-1.7028254486283225,-1.5230650901794434,1
Extreme Gradient Boosting,-2.715845949095462,-3.0571022033691406,1
Extreme Gradient Boosting,-1.1251042517136252,-1.143351674079895,1
Extreme Gradient Boosting,-1.3266108732423414,-1.6981819868087769,1
Extreme Gradient Boosting,-1.3104931690369908,-1.6584402322769165,1
Extreme Gradient Boosting,-1.1286208649028604,-1.2848563194274902,1
Extreme Gradient Boosting,-1.4197155850010228,-1.9213509559631348,1
Extreme Gradient Boosting,-3.52120992195253,-2.8948252201080322,1
Extreme Gradient Boosting,-2.5038360209902844,-2.791276693344116,1
Extreme Gradient Boosting,-1.2227575127427186,-2.247774839401245,1
Extreme Gradient Boosting,-2.498525274280529,-2.294956922531128,1
Extreme Gradient Boosting,-3.221262124613128,-2.234576940536499,1
Extreme Gradient Boosting,-3.2590502255091702,-2.466353416442871,1
Extreme Gradient Boosting,-3.1353471437504044,-2.597804307937622,1
Extreme Gradient Boosting,-3.9730828630218453,-3.9503650665283203,1
Extreme Gradient Boosting,-1.547722797531173,-1.9801294803619385,1
Extreme Gradient Boosting,-2.663203768289533,-2.3406622409820557,1
Extreme Gradient Boosting,-1.622950411914381,-1.267484426498413,1
Extreme Gradient Boosting,-1.7568408124580226,-1.8646600246429443,1
Extreme Gradient Boosting,-1.1465151741161497,-1.124908447265625,1
Extreme Gradient Boosting,-2.2875737313332407,-1.6378610134124756,1
Extreme Gradient Boosting,-3.216247878762871,-2.70999813079834,1
Extreme Gradient Boosting,-1.706119540338668,-1.9528234004974365,1
Extreme Gradient Boosting,-1.9381605982067327,-1.9997673034667969,1
Extreme Gradient Boosting,-3.2996658499018485,-2.7906510829925537,1
Extreme Gradient Boosting,-2.4995431395917818,-2.142052412033081,1
Extreme Gradient Boosting,-3.159004262647741,-2.853820562362671,1
Extreme Gradient Boosting,-2.9741896629359488,-1.489946722984314,1
Extreme Gradient Boosting,-3.246574755779347,-2.5079965591430664,1
Extreme Gradient Boosting,-3.4715139529702097,-2.7509076595306396,1
Extreme Gradient Boosting,-4.043611115346274,-3.71588134765625,1
Extreme Gradient Boosting,-1.7176063992666837,-2.0697402954101562,1
Extreme Gradient Boosting,-2.8667990786740405,-2.4072272777557373,1
Extreme Gradient Boosting,-1.262358754468822,-1.8107640743255615,1
Extreme Gradient Boosting,-2.362468744313884,-2.149266242980957,1
Extreme Gradient Boosting,-1.955139967558483,-1.8892587423324585,1
Extreme Gradient Boosting,-2.2625101343415968,-2.3131394386291504,1
Extreme Gradient Boosting,-3.3960495196322524,-2.731114149093628,1
Extreme Gradient Boosting,-2.0615953180564492,-2.515892744064331,1
Extreme Gradient Boosting,-1.7015723913432346,-1.8190414905548096,1
Extreme Gradient Boosting,-3.9030899869919438,-3.7295875549316406,1
Extreme Gradient Boosting,-1.7340876483093817,-1.6787229776382446,1
Extreme Gradient Boosting,-2.728175115284189,-2.8035995960235596,1
Extreme Gradient Boosting,-1.8211763195496429,-2.3594882488250732,1
Extreme Gradient Boosting,-3.7834435403498214,-3.177932024002075,1
Extreme Gradient Boosting,-1.272659841843383,-1.5728739500045776,1
Extreme Gradient Boosting,-1.1893279510795818,-1.5207853317260742,1
Extreme Gradient Boosting,-3.7834435403498214,-3.553175926208496,1
Extreme Gradient Boosting,-1.1134303475678107,-1.407381296157837,1
Extreme Gradient Boosting,-3.2861198587119835,-2.645996570587158,1
Extreme Gradient Boosting,-3.739785461604827,-3.1769890785217285,1
Extreme Gradient Boosting,-1.3173301868582306,-1.4048020839691162,1
Extreme Gradient Boosting,-3.5459650539173615,-3.4836721420288086,1
Extreme Gradient Boosting,-1.2834663142150111,-1.7259382009506226,1
Extreme Gradient Boosting,-1.2303723324828062,-2.1458523273468018,1
Extreme Gradient Boosting,-1.5213971031085405,-1.447312355041504,1
Extreme Gradient Boosting,-3.6572596108178765,-3.5772738456726074,1
Extreme Gradient Boosting,-2.7555635433899788,-2.622020959854126,1
Extreme Gradient Boosting,-1.8011659603551675,-2.137050151824951,1
Extreme Gradient Boosting,-3.1720823887102565,-3.219900608062744,1
Extreme Gradient Boosting,-1.3267843126055872,-1.9253568649291992,1
Extreme Gradient Boosting,-2.5142250705986213,-2.2082884311676025,1
Extreme Gradient Boosting,-2.7671936491741276,-2.9757890701293945,1
Extreme Gradient Boosting,-3.7469892929465796,-3.566164970397949,1
Extreme Gradient Boosting,-3.1720823887102565,-2.90738844871521,1
Extreme Gradient Boosting,-1.1441412885613946,-1.8950039148330688,1
Extreme Gradient Boosting,-2.9171991963522217,-3.023791551589966,1
Extreme Gradient Boosting,-2.1469087646472067,-1.7397483587265015,1
Extreme Gradient Boosting,-0.9349414936187838,-1.2952384948730469,1
Extreme Gradient Boosting,-2.536796608945731,-2.2284796237945557,1
Extreme Gradient Boosting,-2.244039132061237,-2.0461513996124268,1
Extreme Gradient Boosting,-2.1782870563447125,-1.8439778089523315,1
Extreme Gradient Boosting,-3.352587686654944,-2.3595945835113525,1
Extreme Gradient Boosting,-1.386590637896301,-1.630568027496338,1
Extreme Gradient Boosting,-2.560133846538238,-2.0811939239501953,1
Extreme Gradient Boosting,-3.437187483030755,-2.241410970687866,1
Extreme Gradient Boosting,-1.5438464586997465,-1.8836669921875,1
Extreme Gradient Boosting,-2.612904311968554,-1.6217769384384155,1
Extreme Gradient Boosting,-3.5378566631708024,-2.6401259899139404,1
Extreme Gradient Boosting,-2.9753058553179503,-2.793708324432373,1
Extreme Gradient Boosting,-3.9453409907865007,-2.716212511062622,1
Extreme Gradient Boosting,-2.0978386037648766,-1.659645676612854,1
Extreme Gradient Boosting,-3.7938003909509543,-3.126483678817749,1
Extreme Gradient Boosting,-2.4951902617888977,-2.022840738296509,1
Extreme Gradient Boosting,-1.881362165893176,-1.5756264925003052,1
Extreme Gradient Boosting,-3.6688623296866587,-2.7263541221618652,1
Extreme Gradient Boosting,-2.0893959764848726,-1.939219355583191,1
Extreme Gradient Boosting,-2.0990330852672687,-1.747110366821289,1
Extreme Gradient Boosting,-1.2394237537905008,-1.6452138423919678,1
Extreme Gradient Boosting,-1.4486812373435975,-1.2826215028762817,1
Extreme Gradient Boosting,-2.2675571837562845,-1.8714696168899536,1
Extreme Gradient Boosting,-2.8947429719805546,-2.2534141540527344,1
Extreme Gradient Boosting,-1.302742708063045,-1.4474143981933594,1
Extreme Gradient Boosting,-1.763658215013675,-2.395444869995117,1
Extreme Gradient Boosting,-1.2297848289673887,-1.5553730726242065,1
Extreme Gradient Boosting,-1.3693953613978682,-1.8468132019042969,1
Extreme Gradient Boosting,-1.409977601837042,-1.7928332090377808,1
Extreme Gradient Boosting,-2.0129990008635867,-1.4813514947891235,1
Extreme Gradient Boosting,-1.2640972244503184,-2.2723774909973145,1
Extreme Gradient Boosting,-3.6419813498697473,-3.348007917404175,1
Extreme Gradient Boosting,-1.4337063496845048,-2.2111921310424805,1
Extreme Gradient Boosting,-1.543738042979891,-1.3290870189666748,1
Extreme Gradient Boosting,-3.119103556806872,-2.7587623596191406,1
Extreme Gradient Boosting,-1.351662241081682,-1.4829518795013428,1
Extreme Gradient Boosting,-2.090032121190501,-1.917340874671936,1
Extreme Gradient Boosting,-1.0639605458204757,-1.3012717962265015,1
Extreme Gradient Boosting,-3.744840908818875,-3.5349228382110596,1
Extreme Gradient Boosting,-3.8997432135729384,-3.1516921520233154,1
Extreme Gradient Boosting,-2.653759917660552,-1.914153814315796,1
Extreme Gradient Boosting,-2.6904826786431757,-2.7414474487304688,1
Extreme Gradient Boosting,-2.5884932589587586,-2.4445817470550537,1
Extreme Gradient Boosting,-2.17663866294089,-1.6659724712371826,1
Extreme Gradient Boosting,-2.540720473654946,-2.4833123683929443,1
Extreme Gradient Boosting,-3.6308973708676717,-3.2175660133361816,1
Extreme Gradient Boosting,-2.568749167088006,-1.6585005521774292,1
Extreme Gradient Boosting,-1.9715416460145745,-1.752402663230896,1
Extreme Gradient Boosting,-1.5811083204741387,-2.0251193046569824,1
Extreme Gradient Boosting,-2.8398575372186334,-1.886066198348999,1
Extreme Gradient Boosting,-3.233202110369878,-3.002913236618042,1
Extreme Gradient Boosting,-2.626594359719023,-2.923201560974121,1
Extreme Gradient Boosting,-1.7083201719567802,-1.970004916191101,1
Extreme Gradient Boosting,-1.0471006958966393,-1.3512831926345825,1
Extreme Gradient Boosting,-1.1848306140119889,-1.7471950054168701,1
Extreme Gradient Boosting,-1.928979817650206,-1.7918360233306885,1
Extreme Gradient Boosting,-1.7246442506203672,-1.511893630027771,1
Extreme Gradient Boosting,-1.5372075124674875,-1.931943655014038,1
Extreme Gradient Boosting,-2.2270013364351495,-2.27817702293396,1
Extreme Gradient Boosting,-2.0118859545996086,-1.6184228658676147,1
Extreme Gradient Boosting,-4.059833781301273,-3.3728387355804443,1
Extreme Gradient Boosting,-1.7581838126622393,-2.091914176940918,1
Extreme Gradient Boosting,-1.5895913565043294,-2.1899003982543945,1
Extreme Gradient Boosting,-1.5650830494456354,-1.8084675073623657,1
Extreme Gradient Boosting,-1.6613977234664838,-1.3812891244888306,1
Extreme Gradient Boosting,-1.586700235918748,-1.7354352474212646,1
Extreme Gradient Boosting,-1.6663570851479517,-1.5650821924209595,1
Extreme Gradient Boosting,-1.717711472714874,-1.574546456336975,1
Extreme Gradient Boosting,-1.8196475705694013,-2.1835777759552,1
Extreme Gradient Boosting,-1.6159918285387698,-1.48995840549469,1
Extreme Gradient Boosting,-0.9751054096242024,-1.3346396684646606,1
Extreme Gradient Boosting,-1.47951268111869,-1.2730454206466675,1
Extreme Gradient Boosting,-1.1026053129321816,-1.3448971509933472,1
Extreme Gradient Boosting,-1.170757605358798,-1.56939697265625,1
Extreme Gradient Boosting,-2.5945173784671853,-2.0738015174865723,1
Extreme Gradient Boosting,-3.312017362295172,-3.267986536026001,1
Extreme Gradient Boosting,-3.064232839852069,-2.8352880477905273,1
Extreme Gradient Boosting,-1.4655690967005093,-2.101466417312622,1
Extreme Gradient Boosting,-2.809660176396059,-2.2707407474517822,1
Extreme Gradient Boosting,-2.850003549488979,-2.685051679611206,1
Extreme Gradient Boosting,-1.6362623936895822,-1.3782597780227661,1
Extreme Gradient Boosting,-2.2355646390433175,-1.6066256761550903,1
Extreme Gradient Boosting,-2.314076075024747,-1.6766663789749146,1
Extreme Gradient Boosting,-3.7618083196547483,-3.4652199745178223,1
Extreme Gradient Boosting,-1.8486158063184404,-1.782081127166748,1
Extreme Gradient Boosting,-1.3627172000570675,-1.634589672088623,1
Extreme Gradient Boosting,-1.1895507451644802,-1.095751166343689,1
Extreme Gradient Boosting,-1.4541338573389984,-1.3807501792907715,1
Extreme Gradient Boosting,0.016216578776438208,-0.4175281524658203,1
Extreme Gradient Boosting,-0.8579133376664105,-1.3724430799484253,1
Extreme Gradient Boosting,0.2034251096067644,-0.29220879077911377,1
Extreme Gradient Boosting,0.2461448119736277,0.43254974484443665,1
Extreme Gradient Boosting,0.23583851209189552,-0.033051274716854095,1
Extreme Gradient Boosting,-0.3118025518663407,-0.7841768860816956,1
Extreme Gradient Boosting,-0.9893876757536758,-2.8244802951812744,1
Extreme Gradient Boosting,-2.7286993920768685,-2.4647462368011475,1
Extreme Gradient Boosting,-1.6314222073485498,-2.0031259059906006,1
Extreme Gradient Boosting,-1.6163219968838958,-1.3180183172225952,1
Extreme Gradient Boosting,-2.327144451312569,-1.9386928081512451,1
Extreme Gradient Boosting,-1.816712585545078,-1.8140455484390259,1
Extreme Gradient Boosting,-1.9190397324043553,-1.3223727941513062,1
Extreme Gradient Boosting,-3.4519129118061063,-3.2919349670410156,1
Extreme Gradient Boosting,-1.1078591195735359,-1.2319015264511108,1
Extreme Gradient Boosting,-1.7868132829404095,-1.8037793636322021,1
Extreme Gradient Boosting,-1.1009937914140275,-1.4870725870132446,1
Extreme Gradient Boosting,-1.1814755688597112,-1.4816226959228516,1
Extreme Gradient Boosting,-1.455583530702784,-1.6311193704605103,1
Extreme Gradient Boosting,-2.088287115891733,-1.3911237716674805,1
Extreme Gradient Boosting,-3.8233531994782193,-3.906113862991333,1
Extreme Gradient Boosting,-1.2812660713628026,-1.303176999092102,1
Extreme Gradient Boosting,-1.4753372030036505,-2.138012170791626,1
Extreme Gradient Boosting,-1.5323301209746991,-1.7220981121063232,1
Extreme Gradient Boosting,-1.3469740509457453,-1.3110588788986206,1
Extreme Gradient Boosting,-0.9134224928394735,-1.2421576976776123,1
Extreme Gradient Boosting,-1.3198484161479276,-1.5669481754302979,1
Extreme Gradient Boosting,-0.9468333037780922,-1.5012099742889404,1
Extreme Gradient Boosting,-1.7563417007657087,-1.1487780809402466,1
Extreme Gradient Boosting,-1.8070894000718147,-2.170250177383423,1
Extreme Gradient Boosting,-1.3991403077454354,-1.4321136474609375,1
Extreme Gradient Boosting,-0.7463040504271798,-1.8023041486740112,1
Extreme Gradient Boosting,-1.042642722079717,-1.9538965225219727,1
Extreme Gradient Boosting,-0.9679951762893184,-1.6523423194885254,1
Extreme Gradient Boosting,-1.5600709478109722,-1.8647710084915161,1
Extreme Gradient Boosting,-1.483088664742514,-1.7359029054641724,1
Extreme Gradient Boosting,-1.7998312883961207,-1.6937909126281738,1
Extreme Gradient Boosting,-1.7283368624549476,-2.391042470932007,1
Extreme Gradient Boosting,-0.37949908787793823,-0.6942302584648132,1
Extreme Gradient Boosting,-0.6158874808696795,-0.7840702533721924,1
Extreme Gradient Boosting,-1.2028902052841348,-1.293870449066162,1
Extreme Gradient Boosting,-2.428366273865067,-1.5568859577178955,1
Extreme Gradient Boosting,-1.530055677420101,-1.8704875707626343,1
Extreme Gradient Boosting,-1.475460019768368,-1.8160314559936523,1
Extreme Gradient Boosting,-1.5167709261725162,-1.6384540796279907,1
Extreme Gradient Boosting,-0.988626069420939,-1.4664623737335205,1
Extreme Gradient Boosting,-1.9812071611751474,-1.905353307723999,1
Extreme Gradient Boosting,-1.3147618244158232,-1.750585675239563,1
Extreme Gradient Boosting,-1.2413209034031176,-1.6847707033157349,1
Extreme Gradient Boosting,-3.8301933583825565,-3.9036169052124023,1
Extreme Gradient Boosting,-2.3969317709673565,-1.928375482559204,2
Extreme Gradient Boosting,-1.8035334240706482,-2.152738332748413,2
Extreme Gradient Boosting,-2.881231480327938,-2.458035469055176,2
Extreme Gradient Boosting,-1.9138112509675613,-2.2244019508361816,2
Extreme Gradient Boosting,-2.858166273095228,-2.289210796356201,2
Extreme Gradient Boosting,-1.3240188516817268,-1.7936604022979736,2
Extreme Gradient Boosting,-1.5083613986405884,-1.4908472299575806,2
Extreme Gradient Boosting,-1.5530374141251506,-1.0840301513671875,2
Extreme Gradient Boosting,-1.1345513868310089,-1.5190249681472778,2
Extreme Gradient Boosting,-1.778416668028348,-1.9263120889663696,2
Extreme Gradient Boosting,-1.4610955316441951,-1.406339168548584,2
Extreme Gradient Boosting,-1.4187942485435616,-1.3028804063796997,2
Extreme Gradient Boosting,-1.8229892712376083,-1.889154076576233,2
Extreme Gradient Boosting,-1.8730671060734179,-2.4829134941101074,2
Extreme Gradient Boosting,-3.057527624268253,-3.029759407043457,2
Extreme Gradient Boosting,-1.8960550708053778,-1.7470669746398926,2
Extreme Gradient Boosting,-2.272602230242758,-1.9707627296447754,2
Extreme Gradient Boosting,-1.694125814017541,-3.8123815059661865,2
Extreme Gradient Boosting,0.14443509497441417,-0.4984593987464905,2
Extreme Gradient Boosting,-0.2659675601094114,-0.27301162481307983,2
Extreme Gradient Boosting,-0.6389033445220246,-1.83393132686615,2
Extreme Gradient Boosting,0.1297019665778856,-0.6719047427177429,2
Extreme Gradient Boosting,-0.5732799306060785,-0.6571072936058044,2
Extreme Gradient Boosting,-0.9300930772084189,-2.6353228092193604,2
Extreme Gradient Boosting,-0.14570591755806434,-2.111111640930176,2
Extreme Gradient Boosting,0.20849296776590773,-0.6917546987533569,2
Extreme Gradient Boosting,-2.2882000233155653,-3.384859323501587,2
Extreme Gradient Boosting,-2.465962973225779,-2.42496919631958,2
Extreme Gradient Boosting,-1.7426626842914594,-2.4681060314178467,2
Extreme Gradient Boosting,-1.1005815755977664,-1.3199400901794434,2
Extreme Gradient Boosting,-1.9615865844075526,-2.201756715774536,2
Extreme Gradient Boosting,-2.0174042079019414,-2.322223663330078,2
Extreme Gradient Boosting,-2.2017306515457955,-1.915618896484375,2
Extreme Gradient Boosting,-2.2432421390383843,-1.7450809478759766,2
Extreme Gradient Boosting,-2.7515330963273232,-2.6276750564575195,2
Extreme Gradient Boosting,-3.579179826019102,-3.705658435821533,2
Extreme Gradient Boosting,-3.20721692140729,-2.195885181427002,2
Extreme Gradient Boosting,-2.7237372356215404,-2.82234525680542,2
Extreme Gradient Boosting,-1.9112124620769755,-2.2755954265594482,2
Extreme Gradient Boosting,-3.1668739337041876,-2.0962531566619873,2
Extreme Gradient Boosting,-3.2474583508182433,-3.095522403717041,2
Extreme Gradient Boosting,-2.4751841978240816,-2.29522705078125,2
Extreme Gradient Boosting,-2.704319008875443,-2.7069990634918213,2
Extreme Gradient Boosting,-2.325708590111872,-2.045881748199463,2
Extreme Gradient Boosting,-2.7233828886420643,-2.8270998001098633,2
Extreme Gradient Boosting,-2.861353792341514,-3.024512529373169,2
Extreme Gradient Boosting,-1.8336101498155517,-1.9213923215866089,2
Extreme Gradient Boosting,-1.1386989940333996,-1.3225651979446411,2
Extreme Gradient Boosting,-2.186006727498246,-2.1101274490356445,2
Extreme Gradient Boosting,-2.6852623228853463,-2.1210179328918457,2
Extreme Gradient Boosting,-3.0605406542001403,-3.4644534587860107,2
Extreme Gradient Boosting,-1.4370923600242806,-0.9669241309165955,2
Extreme Gradient Boosting,-3.008152176256889,-2.815173387527466,2
Extreme Gradient Boosting,-1.6435374468814823,-1.6010798215866089,2
Extreme Gradient Boosting,-2.3478691638008677,-2.3882830142974854,2
Extreme Gradient Boosting,-1.8026465968079968,-1.9195283651351929,2
Extreme Gradient Boosting,-1.392520817816124,-1.444266438484192,2
Extreme Gradient Boosting,-2.6799272800459657,-2.8656468391418457,2
Extreme Gradient Boosting,-3.302921552819786,-3.402376890182495,2
Extreme Gradient Boosting,-2.3918623308235594,-2.104323625564575,2
Extreme Gradient Boosting,-2.3083760229550343,-2.7487056255340576,2
Extreme Gradient Boosting,-3.3114386993585976,-2.553023099899292,2
Extreme Gradient Boosting,-2.270552443792131,-2.821866989135742,2
Extreme Gradient Boosting,-2.5342163548062593,-2.526611566543579,2
Extreme Gradient Boosting,-3.384203503318252,-3.221646785736084,2
Extreme Gradient Boosting,-3.9730828630218453,-3.9466004371643066,2
Extreme Gradient Boosting,-2.457678098889193,-1.9702991247177124,2
Extreme Gradient Boosting,-1.6536721058017216,-1.8930248022079468,2
Extreme Gradient Boosting,-1.3160847906164357,-1.6899893283843994,2
Extreme Gradient Boosting,-1.1808764741089726,-1.519014596939087,2
Extreme Gradient Boosting,-1.5942049925158137,-2.092637300491333,2
Extreme Gradient Boosting,-1.41390601215094,-1.496931552886963,2
Extreme Gradient Boosting,-1.5862250860093259,-1.8071783781051636,2
Extreme Gradient Boosting,-3.0415646563875622,-2.4665915966033936,2
Extreme Gradient Boosting,-2.182199963303041,-2.0200979709625244,2
Extreme Gradient Boosting,-2.248890796910272,-2.250896692276001,2
Extreme Gradient Boosting,-2.0061846218108834,-1.6729189157485962,2
Extreme Gradient Boosting,-3.3388889969343114,-2.657787561416626,2
Extreme Gradient Boosting,-4.441291429466834,-3.619428873062134,2
Extreme Gradient Boosting,-2.287736284945912,-1.8577207326889038,2
Extreme Gradient Boosting,-2.1081088952398566,-1.6447433233261108,2
Extreme Gradient Boosting,-2.7669040895368373,-2.33286714553833,2
Extreme Gradient Boosting,-2.4911353637922846,-2.2835845947265625,2
Extreme Gradient Boosting,-1.7310907007998717,-2.229692220687866,2
Extreme Gradient Boosting,-2.0559062448512155,-1.7377064228057861,2
Extreme Gradient Boosting,-3.190894343543139,-2.1908118724823,2
Extreme Gradient Boosting,-3.690448608815449,-3.0549745559692383,2
Extreme Gradient Boosting,-3.3960495196322524,-3.428828001022339,2
Extreme Gradient Boosting,-1.3149788474841408,-1.4747272729873657,2
Extreme Gradient Boosting,-2.3552642027188186,-2.3843038082122803,2
Extreme Gradient Boosting,-1.9070646816834933,-1.7080059051513672,2
Extreme Gradient Boosting,-1.6668842660690988,-2.3110477924346924,2
Extreme Gradient Boosting,-1.3580712288885752,-1.441941261291504,2
Extreme Gradient Boosting,-3.333901540815397,-2.9688644409179688,2
Extreme Gradient Boosting,-2.8606575042266775,-2.0628302097320557,2
Extreme Gradient Boosting,-2.1620771953880977,-2.030917167663574,2
Extreme Gradient Boosting,-2.2414236426625673,-2.7054243087768555,2
Extreme Gradient Boosting,-1.2400249421136365,-1.8550232648849487,2
Extreme Gradient Boosting,-3.508144052188851,-3.258587121963501,2
Extreme Gradient Boosting,-1.3982848993986936,-1.5114656686782837,2
Extreme Gradient Boosting,-3.7834435403498214,-3.3656699657440186,2
Extreme Gradient Boosting,-1.936797812533807,-1.8268046379089355,2
Extreme Gradient Boosting,-1.556016572040716,-1.4924004077911377,2
Extreme Gradient Boosting,-2.5430732387631334,-2.158231496810913,2
Extreme Gradient Boosting,-1.4273499677206534,-1.363074541091919,2
Extreme Gradient Boosting,-1.1738116279378035,-0.9525775909423828,2
Extreme Gradient Boosting,-1.006612713059657,-1.3213706016540527,2
Extreme Gradient Boosting,-1.3450596755542978,-1.624483585357666,2
Extreme Gradient Boosting,-2.1142795046940637,-1.957579255104065,2
Extreme Gradient Boosting,-3.466783553422354,-3.2192165851593018,2
Extreme Gradient Boosting,-2.9206523063014074,-2.949418544769287,2
Extreme Gradient Boosting,-1.3195712003583318,-1.4687834978103638,2
Extreme Gradient Boosting,-1.42943857964666,-1.2625024318695068,2
Extreme Gradient Boosting,-1.6993207301372903,-1.4182571172714233,2
Extreme Gradient Boosting,-2.646263945417837,-2.126581907272339,2
Extreme Gradient Boosting,-3.172776808882327,-2.6097071170806885,2
Extreme Gradient Boosting,-1.4782087030212006,-1.536447525024414,2
Extreme Gradient Boosting,-1.2185345221225936,-1.8048295974731445,2
Extreme Gradient Boosting,-1.0209515518818744,-1.1234980821609497,2
Extreme Gradient Boosting,-2.049666891178964,-1.6875317096710205,2
Extreme Gradient Boosting,-2.648503823177817,-1.8913185596466064,2
Extreme Gradient Boosting,-1.9011407722544549,-2.512644052505493,2
Extreme Gradient Boosting,-0.6538319472043919,-1.0697494745254517,2
Extreme Gradient Boosting,-1.4330573818946528,-1.4974905252456665,2
Extreme Gradient Boosting,-1.5708763680120374,-1.669100046157837,2
Extreme Gradient Boosting,-3.054246410327101,-3.1570792198181152,2
Extreme Gradient Boosting,-3.7986028756795487,-3.4939699172973633,2
Extreme Gradient Boosting,-2.9206284299141125,-2.796588182449341,2
Extreme Gradient Boosting,-3.030623697854625,-3.193047523498535,2
Extreme Gradient Boosting,-2.7597061620105943,-2.74993634223938,2
Extreme Gradient Boosting,-1.421235229471209,-1.5206423997879028,2
Extreme Gradient Boosting,-1.6292558354409146,-1.4698548316955566,2
Extreme Gradient Boosting,-2.177111289133642,-2.324152946472168,2
Extreme Gradient Boosting,-1.167232267440179,-1.4481608867645264,2
Extreme Gradient Boosting,-1.3168403571338247,-1.3636850118637085,2
Extreme Gradient Boosting,-3.6688623296866587,-2.3972690105438232,2
Extreme Gradient Boosting,-1.4609239012072235,-1.2696025371551514,2
Extreme Gradient Boosting,-1.1598011320770079,-1.3947006464004517,2
Extreme Gradient Boosting,-2.062592350526869,-2.5152699947357178,2
Extreme Gradient Boosting,-0.9279654459479447,-1.6331874132156372,2
Extreme Gradient Boosting,-1.0193030390019762,-1.2824971675872803,2
Extreme Gradient Boosting,-2.174390400742264,-2.8262815475463867,2
Extreme Gradient Boosting,-0.975127284906683,-1.4393113851547241,2
Extreme Gradient Boosting,-2.329956957829961,-2.3427724838256836,2
Extreme Gradient Boosting,-2.0995080091454192,-2.1788032054901123,2
Extreme Gradient Boosting,-1.3448674070651871,-1.1692159175872803,2
Extreme Gradient Boosting,-1.709300425196423,-1.6074358224868774,2
Extreme Gradient Boosting,-2.2488337964546146,-1.5785269737243652,2
Extreme Gradient Boosting,-2.436631774638256,-2.5740773677825928,2
Extreme Gradient Boosting,-2.0916278587378,-1.3759514093399048,2
Extreme Gradient Boosting,-3.744840908818875,-3.251356601715088,2
Extreme Gradient Boosting,-1.785391290725075,-1.4782094955444336,2
Extreme Gradient Boosting,-2.8217593886833527,-2.021967887878418,2
Extreme Gradient Boosting,-4.034798298974088,-3.6034090518951416,2
Extreme Gradient Boosting,-3.233202110369878,-2.5874693393707275,2
Extreme Gradient Boosting,-3.233202110369878,-3.0912764072418213,2
Extreme Gradient Boosting,-4.034834060338741,-3.2029826641082764,2
Extreme Gradient Boosting,-2.345229430009625,-1.7935680150985718,2
Extreme Gradient Boosting,-3.3358640560027224,-3.402139663696289,2
Extreme Gradient Boosting,-2.483384252706259,-2.965529680252075,2
Extreme Gradient Boosting,-2.993441546294603,-2.0089175701141357,2
Extreme Gradient Boosting,-2.9710072633433735,-2.711412191390991,2
Extreme Gradient Boosting,-3.3466707249611667,-3.0150461196899414,2
Extreme Gradient Boosting,-2.1317533670782356,-1.6702840328216553,2
Extreme Gradient Boosting,-2.3582852103076553,-2.4481751918792725,2
Extreme Gradient Boosting,-2.025135764586199,-2.458070993423462,2
Extreme Gradient Boosting,-1.5951494590693263,-2.007866382598877,2
Extreme Gradient Boosting,-2.1980100109869287,-2.523236036300659,2
Extreme Gradient Boosting,-1.2662407394987067,-1.3487834930419922,2
Extreme Gradient Boosting,-3.0455186942585932,-3.2558882236480713,2
Extreme Gradient Boosting,-2.1633711620778806,-2.3519089221954346,2
Extreme Gradient Boosting,-2.4520022992105748,-2.5078206062316895,2
Extreme Gradient Boosting,-3.3309007861959947,-3.0734095573425293,2
Extreme Gradient Boosting,-2.5783960731301687,-2.8272972106933594,2
Extreme Gradient Boosting,-4.059833781301273,-3.4621782302856445,2
Extreme Gradient Boosting,-2.084073842416984,-2.3728535175323486,2
Extreme Gradient Boosting,-2.5585788782984222,-2.3980047702789307,2
Extreme Gradient Boosting,-1.0942289641451028,-1.1674808263778687,2
Extreme Gradient Boosting,-2.695416849848479,-2.37969708442688,2
Extreme Gradient Boosting,-1.5145266747759671,-1.733433485031128,2
Extreme Gradient Boosting,-3.844232919056576,-3.416588306427002,2
Extreme Gradient Boosting,-1.4566894173821427,-1.6172590255737305,2
Extreme Gradient Boosting,-3.393048191942752,-2.8481650352478027,2
Extreme Gradient Boosting,-3.6546223480637448,-3.571268320083618,2
Extreme Gradient Boosting,-1.8057322630823986,-2.2233662605285645,2
Extreme Gradient Boosting,-3.31795786632659,-3.4763145446777344,2
Extreme Gradient Boosting,-2.833475754814589,-2.0002923011779785,2
Extreme Gradient Boosting,-1.9412408278950934,-2.7647056579589844,2
Extreme Gradient Boosting,-0.6894774956008592,-1.28738534450531,2
Extreme Gradient Boosting,-1.1149880354485275,-1.3255245685577393,2
Extreme Gradient Boosting,-2.8559441417598115,-2.336038112640381,2
Extreme Gradient Boosting,-1.6189896501583372,-1.1450754404067993,2
Extreme Gradient Boosting,-3.0397590359811644,-3.07106614112854,2
Extreme Gradient Boosting,-1.7997913808340749,-1.7546182870864868,2
Extreme Gradient Boosting,-1.2165796349138172,-1.2867485284805298,2
Extreme Gradient Boosting,-1.5097699255058308,-1.460039496421814,2
Extreme Gradient Boosting,-0.9737395646276028,-1.1615543365478516,2
Extreme Gradient Boosting,-1.951987303305516,-1.4139307737350464,2
Extreme Gradient Boosting,-1.309961996475505,-1.8264437913894653,2
Extreme Gradient Boosting,-1.2800471306587051,-1.621730089187622,2
Extreme Gradient Boosting,-3.05329283374744,-2.8875410556793213,2
Extreme Gradient Boosting,-3.6368695830464484,-3.62481951713562,2
Extreme Gradient Boosting,-2.190142441306164,-1.6715548038482666,2
Extreme Gradient Boosting,-2.122395441870392,-1.3631924390792847,2
Extreme Gradient Boosting,-2.8165949053280404,-2.737596035003662,2
Extreme Gradient Boosting,-2.4881639462888585,-1.6800932884216309,2
Extreme Gradient Boosting,-2.017352405817494,-1.3813594579696655,2
Extreme Gradient Boosting,-2.464359595395084,-1.8473122119903564,2
Extreme Gradient Boosting,-1.34349300583641,-3.156238079071045,2
Extreme Gradient Boosting,0.10764671163334447,-0.5261973738670349,2
Extreme Gradient Boosting,-0.202317609683526,-1.1731091737747192,2
Extreme Gradient Boosting,-0.39778171004309776,-1.2155791521072388,2
Extreme Gradient Boosting,0.11059120541434526,-0.10175574570894241,2
Extreme Gradient Boosting,-0.2703526265197312,0.13569936156272888,2
Extreme Gradient Boosting,-0.004427072779599359,-0.9913051724433899,2
Extreme Gradient Boosting,-0.8579133376664105,-2.7044057846069336,2
Extreme Gradient Boosting,-1.4739374796247893,-1.5528697967529297,2
Extreme Gradient Boosting,-3.1657421077804533,-2.752540111541748,2
Extreme Gradient Boosting,-1.7181996551162337,-2.000638723373413,2
Extreme Gradient Boosting,-1.6790364719823858,-1.6923600435256958,2
Extreme Gradient Boosting,-1.5923333763280876,-1.4218883514404297,2
Extreme Gradient Boosting,-1.5671957242975716,-1.4472864866256714,2
Extreme Gradient Boosting,-0.8847086972378616,-1.141798734664917,2
Extreme Gradient Boosting,-1.315440666986884,-1.2211295366287231,2
Extreme Gradient Boosting,-1.1820723340995358,-1.814131498336792,2
Extreme Gradient Boosting,-3.4519129118061063,-3.1832640171051025,2
Extreme Gradient Boosting,-3.915670428497184,-3.664675235748291,2
Extreme Gradient Boosting,-2.0424559224697187,-1.620301604270935,2
Extreme Gradient Boosting,-1.5073537295089607,-1.6424082517623901,2
Extreme Gradient Boosting,-1.6115607525200502,-1.655091404914856,2
Extreme Gradient Boosting,-1.7236216619186897,-2.0330982208251953,2
Extreme Gradient Boosting,-1.6695950343945678,-1.859349250793457,2
Extreme Gradient Boosting,-1.7472661616036533,-1.838586688041687,2
Extreme Gradient Boosting,-2.176623074126691,-1.7238200902938843,2
Extreme Gradient Boosting,-1.111999901692932,-1.642967939376831,2
Extreme Gradient Boosting,-1.4597718515481843,-1.4256503582000732,2
Extreme Gradient Boosting,-1.3198484161479276,-1.3924076557159424,2
Extreme Gradient Boosting,-1.7854705731329945,-1.8457980155944824,2
Extreme Gradient Boosting,-0.952771189748095,-1.4821847677230835,2
Extreme Gradient Boosting,-0.9422704336465716,-1.1760820150375366,2
Extreme Gradient Boosting,-1.5966625231096632,-1.6928359270095825,2
Extreme Gradient Boosting,-1.4583509625515516,-1.6114060878753662,2
Extreme Gradient Boosting,-2.451728539243243,-2.6260015964508057,2
Extreme Gradient Boosting,-0.5052921847488494,-1.3408790826797485,2
Extreme Gradient Boosting,-1.9406256000139548,-1.8420283794403076,2
Extreme Gradient Boosting,-1.0181181552809078,-1.99801766872406,2
Extreme Gradient Boosting,-2.723197328038221,-2.581857204437256,2
Extreme Gradient Boosting,-3.295634963777275,-3.3636794090270996,2
Extreme Gradient Boosting,-0.8317581654646831,-1.654995083808899,2
Extreme Gradient Boosting,-1.1827941397057182,-1.464824914932251,2
Extreme Gradient Boosting,-1.025762740954669,-1.0170972347259521,2
Extreme Gradient Boosting,-2.385444450882969,-1.5090805292129517,2
Extreme Gradient Boosting,-1.048516497297764,-1.3821619749069214,2
Extreme Gradient Boosting,-3.4495551653497865,-3.4604222774505615,2
Extreme Gradient Boosting,-1.6643405451853508,-1.7864617109298706,2
Extreme Gradient Boosting,-1.63438498383371,-1.465272068977356,2
Extreme Gradient Boosting,-1.4158076024067474,-1.5052125453948975,2
Extreme Gradient Boosting,-1.0940337585544895,-1.4055707454681396,2
Extreme Gradient Boosting,-2.5315835424986517,-2.4739556312561035,2
Extreme Gradient Boosting,-2.703826191329584,-1.8777556419372559,3
Extreme Gradient Boosting,-3.7465335671940925,-3.4433093070983887,3
Extreme Gradient Boosting,-3.1408689109724577,-2.561932325363159,3
Extreme Gradient Boosting,-2.559953281626918,-1.9924767017364502,3
Extreme Gradient Boosting,-1.6844526576962697,-2.155064105987549,3
Extreme Gradient Boosting,-2.158822044993741,-1.876645565032959,3
Extreme Gradient Boosting,-2.3969317709673565,-1.8503576517105103,3
Extreme Gradient Boosting,-2.2593946471787434,-1.7521451711654663,3
Extreme Gradient Boosting,-0.28950830319552845,-1.473402500152588,3
Extreme Gradient Boosting,-0.3239443747054647,-0.9130443930625916,3
Extreme Gradient Boosting,-1.524080623031204,-1.5226765871047974,3
Extreme Gradient Boosting,-1.520097156387571,-1.422293782234192,3
Extreme Gradient Boosting,-1.7190338740193807,-1.6959525346755981,3
Extreme Gradient Boosting,-1.3629507222657735,-1.5169576406478882,3
Extreme Gradient Boosting,-1.374139089297611,-1.5805050134658813,3
Extreme Gradient Boosting,-1.1383767799226443,-1.079448938369751,3
Extreme Gradient Boosting,-1.9196885629650766,-1.7392040491104126,3
Extreme Gradient Boosting,-1.680228158144333,-1.3943482637405396,3
Extreme Gradient Boosting,-1.1938637358837367,-1.1351308822631836,3
Extreme Gradient Boosting,-1.833927238128002,-2.184509754180908,3
Extreme Gradient Boosting,-1.0056334760903496,-1.2412376403808594,3
Extreme Gradient Boosting,-1.221874373746708,-1.6571578979492188,3
Extreme Gradient Boosting,-1.6571034663893656,-1.8117477893829346,3
Extreme Gradient Boosting,-1.3355656611938254,-1.6913719177246094,3
Extreme Gradient Boosting,-1.1131158581897997,-0.9429463148117065,3
Extreme Gradient Boosting,-1.9996117840097518,-1.5321147441864014,3
Extreme Gradient Boosting,-1.3897810295006061,-2.079665184020996,3
Extreme Gradient Boosting,-2.3531252756425936,-2.02178955078125,3
Extreme Gradient Boosting,-3.399950007606853,-3.267595052719116,3
Extreme Gradient Boosting,-2.808030042713029,-2.216153383255005,3
Extreme Gradient Boosting,-2.808030042713029,-1.5991148948669434,3
Extreme Gradient Boosting,-1.3607499667563296,-1.7660309076309204,3
Extreme Gradient Boosting,-2.4318269168378195,-2.6977696418762207,3
Extreme Gradient Boosting,-1.7873296113427601,-2.2240869998931885,3
Extreme Gradient Boosting,-1.1061070209631036,-1.139471173286438,3
Extreme Gradient Boosting,-2.5901613502180045,-2.2421886920928955,3
Extreme Gradient Boosting,-2.461494632742434,-2.1064162254333496,3
Extreme Gradient Boosting,-2.736709137429952,-2.4157748222351074,3
Extreme Gradient Boosting,-2.1155432005946873,-2.3230955600738525,3
Extreme Gradient Boosting,-0.7406200937095554,-1.1643285751342773,3
Extreme Gradient Boosting,-0.3696586894071177,-0.366197794675827,3
Extreme Gradient Boosting,-1.0877694915519545,-1.1635537147521973,3
Extreme Gradient Boosting,0.20995355888867073,-0.17639103531837463,3
Extreme Gradient Boosting,-0.7019607372542168,-0.6880674958229065,3
Extreme Gradient Boosting,-3.0110100837480736,-1.0580823421478271,3
Extreme Gradient Boosting,-0.08363954432116573,-0.9958984851837158,3
Extreme Gradient Boosting,-0.3417701012907816,-0.6393356919288635,3
Extreme Gradient Boosting,-2.9107287853445634,-2.585362672805786,3
Extreme Gradient Boosting,-2.931358924489361,-1.9892823696136475,3
Extreme Gradient Boosting,-2.3140538776829995,-1.590055227279663,3
Extreme Gradient Boosting,-1.2279630916135922,-1.4990514516830444,3
Extreme Gradient Boosting,-2.1223515198479075,-2.4957122802734375,3
Extreme Gradient Boosting,-1.4735211762278637,-1.888972520828247,3
Extreme Gradient Boosting,-3.1381335734004905,-2.425427198410034,3
Extreme Gradient Boosting,-2.2415951055389973,-2.5525224208831787,3
Extreme Gradient Boosting,-3.3308765956121587,-3.0670018196105957,3
Extreme Gradient Boosting,-3.20721692140729,-2.0999245643615723,3
Extreme Gradient Boosting,-1.1468871297310963,-1.6336814165115356,3
Extreme Gradient Boosting,-2.4909497090997137,-2.5409834384918213,3
Extreme Gradient Boosting,-3.366814432940472,-2.8891525268554688,3
Extreme Gradient Boosting,-3.310333372786738,-2.822791576385498,3
Extreme Gradient Boosting,-2.7923263244120906,-3.060214042663574,3
Extreme Gradient Boosting,-3.130720745231321,-3.400787353515625,3
Extreme Gradient Boosting,-0.9910136950037374,-1.384778618812561,3
Extreme Gradient Boosting,-2.6732644443606475,-1.9406334161758423,3
Extreme Gradient Boosting,-2.617794503701521,-2.21279239654541,3
Extreme Gradient Boosting,-1.4542413778154994,-2.1993110179901123,3
Extreme Gradient Boosting,-3.873453012328298,-3.6498160362243652,3
Extreme Gradient Boosting,-3.434121498561107,-3.5875539779663086,3
Extreme Gradient Boosting,-2.586212054867284,-2.459610939025879,3
Extreme Gradient Boosting,-1.3870823799964922,-1.5641964673995972,3
Extreme Gradient Boosting,-1.2886807788238237,-2.092088222503662,3
Extreme Gradient Boosting,-1.4100025284401918,-1.8920923471450806,3
Extreme Gradient Boosting,-3.7342838339347466,-3.461827278137207,3
Extreme Gradient Boosting,-3.6203410251864447,-3.0861408710479736,3
Extreme Gradient Boosting,-3.007286136495451,-2.5307228565216064,3
Extreme Gradient Boosting,-3.52120992195253,-2.5225346088409424,3
Extreme Gradient Boosting,-2.8871236492020507,-2.0677080154418945,3
Extreme Gradient Boosting,-2.487130374543647,-2.262932538986206,3
Extreme Gradient Boosting,-3.5222913974306227,-3.234957218170166,3
Extreme Gradient Boosting,-3.6472310978345055,-2.608091115951538,3
Extreme Gradient Boosting,-2.810836301965318,-2.4239728450775146,3
Extreme Gradient Boosting,-1.5554661639976504,-2.39554762840271,3
Extreme Gradient Boosting,-3.2590502255091702,-2.5055644512176514,3
Extreme Gradient Boosting,-1.1630496225248408,-1.3625012636184692,3
Extreme Gradient Boosting,-1.935943656763284,-1.4911346435546875,3
Extreme Gradient Boosting,-1.1883246153441216,-1.5224967002868652,3
Extreme Gradient Boosting,-3.848875409949318,-3.875094175338745,3
Extreme Gradient Boosting,-3.7105715966505453,-2.2369883060455322,3
Extreme Gradient Boosting,-2.236090057320799,-1.7528010606765747,3
Extreme Gradient Boosting,-2.470173263354167,-2.2669498920440674,3
Extreme Gradient Boosting,-2.5339607001524365,-2.10286283493042,3
Extreme Gradient Boosting,-1.2376574055894478,-2.144301176071167,3
Extreme Gradient Boosting,-3.20266873961377,-2.2681169509887695,3
Extreme Gradient Boosting,-2.0364325385907973,-1.908058524131775,3
Extreme Gradient Boosting,-3.09259777670544,-1.9894049167633057,3
Extreme Gradient Boosting,-2.848471723996311,-2.774904727935791,3
Extreme Gradient Boosting,-3.7551664480113374,-2.7598214149475098,3
Extreme Gradient Boosting,-1.4855749296151965,-1.802822232246399,3
Extreme Gradient Boosting,-1.9555954093204297,-1.8243865966796875,3
Extreme Gradient Boosting,-1.883787384700319,-2.433981418609619,3
Extreme Gradient Boosting,-1.4886987965534475,-1.61906898021698,3
Extreme Gradient Boosting,-2.848471723996311,-2.308267116546631,3
Extreme Gradient Boosting,-1.2684519185896421,-1.881772756576538,3
Extreme Gradient Boosting,-2.550141932709222,-2.746683120727539,3
Extreme Gradient Boosting,-2.258697330779929,-2.3154032230377197,3
Extreme Gradient Boosting,-3.231239100298885,-3.4239423274993896,3
Extreme Gradient Boosting,-3.8287505085021976,-3.8263702392578125,3
Extreme Gradient Boosting,-1.6846961468463335,-1.7728670835494995,3
Extreme Gradient Boosting,-1.7818010064165613,-1.7312207221984863,3
Extreme Gradient Boosting,-2.020315121682196,-1.5841397047042847,3
Extreme Gradient Boosting,-2.3662117992181373,-1.8869869709014893,3
Extreme Gradient Boosting,-1.4975728800155672,-1.4441171884536743,3
Extreme Gradient Boosting,-1.012145447578458,-1.3157892227172852,3
Extreme Gradient Boosting,-2.258862588858495,-1.4726277589797974,3
Extreme Gradient Boosting,-2.728175115284189,-2.2037367820739746,3
Extreme Gradient Boosting,-1.2174698965346429,-1.3739502429962158,3
Extreme Gradient Boosting,-3.23633470688153,-2.8566200733184814,3
Extreme Gradient Boosting,-2.2151453721747094,-2.081677198410034,3
Extreme Gradient Boosting,-1.3434220574020639,-1.0752818584442139,3
Extreme Gradient Boosting,-1.2662523005170878,-1.7208690643310547,3
Extreme Gradient Boosting,-1.8441291379223155,-2.509148359298706,3
Extreme Gradient Boosting,-1.0807113206322263,-1.4076427221298218,3
Extreme Gradient Boosting,-1.9718622007532294,-1.9566459655761719,3
Extreme Gradient Boosting,-1.8350242298439021,-2.135795831680298,3
Extreme Gradient Boosting,-1.6517269019834395,-2.060250759124756,3
Extreme Gradient Boosting,-1.790442094293253,-1.6781034469604492,3
Extreme Gradient Boosting,-2.484467237840419,-1.8496003150939941,3
Extreme Gradient Boosting,-2.1469087646472067,-2.5032920837402344,3
Extreme Gradient Boosting,-1.4115626764192806,-1.8638653755187988,3
Extreme Gradient Boosting,-2.4368442826786825,-2.008018970489502,3
Extreme Gradient Boosting,-1.015474675864504,-1.13486909866333,3
Extreme Gradient Boosting,-1.7625310634593319,-1.4179750680923462,3
Extreme Gradient Boosting,-1.4257747559860434,-1.5977216958999634,3
Extreme Gradient Boosting,-0.9637364568210032,-2.0464389324188232,3
Extreme Gradient Boosting,-1.2563082695173393,-1.0934940576553345,3
Extreme Gradient Boosting,-0.6074545522659878,-1.2186912298202515,3
Extreme Gradient Boosting,-0.7705521408719755,-1.2383265495300293,3
Extreme Gradient Boosting,-4.219679806977318,-3.5610430240631104,3
Extreme Gradient Boosting,-2.8108233787082515,-2.3483307361602783,3
Extreme Gradient Boosting,-1.86662075613132,-2.334928512573242,3
Extreme Gradient Boosting,-2.2151887800651093,-2.1919772624969482,3
Extreme Gradient Boosting,-2.034185120528877,-2.424044370651245,3
Extreme Gradient Boosting,-2.5910208366914373,-2.4665753841400146,3
Extreme Gradient Boosting,-3.0607359079332865,-3.3452436923980713,3
Extreme Gradient Boosting,-1.5110863339963716,-2.5425076484680176,3
Extreme Gradient Boosting,-1.2327435377262763,-1.7672040462493896,3
Extreme Gradient Boosting,-1.453797527240351,-1.244239330291748,3
Extreme Gradient Boosting,-0.9642747859315978,-1.2317382097244263,3
Extreme Gradient Boosting,-1.318606216338379,-1.8884546756744385,3
Extreme Gradient Boosting,-1.270721247267063,-1.5807029008865356,3
Extreme Gradient Boosting,-1.8626742516440307,-1.8603211641311646,3
Extreme Gradient Boosting,-1.3284164293502903,-1.8973991870880127,3
Extreme Gradient Boosting,-0.7242679085347501,-1.280855655670166,3
Extreme Gradient Boosting,-1.8035282856682657,-1.5104765892028809,3
Extreme Gradient Boosting,-1.4399552960568784,-1.4928632974624634,3
Extreme Gradient Boosting,-1.0624918421054752,-1.3997255563735962,3
Extreme Gradient Boosting,-3.2740051086991615,-3.4632749557495117,3
Extreme Gradient Boosting,-1.1177693107076099,-1.3505775928497314,3
Extreme Gradient Boosting,-2.7874427365568386,-2.993748426437378,3
Extreme Gradient Boosting,-3.4366316559477377,-3.310960531234741,3
Extreme Gradient Boosting,-2.0948568608862326,-1.4251519441604614,3
Extreme Gradient Boosting,-1.7701752248722789,-1.7855943441390991,3
Extreme Gradient Boosting,-2.7292012545882884,-2.20639705657959,3
Extreme Gradient Boosting,-1.7448404020099417,-2.0564396381378174,3
Extreme Gradient Boosting,-1.4467153895386817,-1.6804282665252686,3
Extreme Gradient Boosting,-2.5444075781780136,-2.836930513381958,3
Extreme Gradient Boosting,-3.6924119784161333,-2.5116615295410156,3
Extreme Gradient Boosting,-2.804329449939637,-2.7071285247802734,3
Extreme Gradient Boosting,-1.6524312761675333,-2.36991024017334,3
Extreme Gradient Boosting,-3.290189204280069,-3.220287561416626,3
Extreme Gradient Boosting,-2.1032881447661516,-1.942462682723999,3
Extreme Gradient Boosting,-3.4116117497612004,-2.208524703979492,3
Extreme Gradient Boosting,-2.0864005407417032,-1.6127899885177612,3
Extreme Gradient Boosting,-1.5226715493865826,-1.8947982788085938,3
Extreme Gradient Boosting,-1.6345122959030371,-1.9872355461120605,3
Extreme Gradient Boosting,-1.593236649552128,-1.3326400518417358,3
Extreme Gradient Boosting,-1.4643518021071489,-1.6663788557052612,3
Extreme Gradient Boosting,-1.95795837174818,-1.967706561088562,3
Extreme Gradient Boosting,-1.356590498479473,-1.499193549156189,3
Extreme Gradient Boosting,-1.6404184550270633,-1.618005633354187,3
Extreme Gradient Boosting,-4.056947918112584,-3.797546625137329,3
Extreme Gradient Boosting,-1.694880975742639,-2.365896463394165,3
Extreme Gradient Boosting,-1.5572116152486462,-2.0075132846832275,3
Extreme Gradient Boosting,-1.6895586727819518,-1.8999443054199219,3
Extreme Gradient Boosting,-3.5527489155241385,-3.542550802230835,3
Extreme Gradient Boosting,-1.8074474879886533,-2.0207839012145996,3
Extreme Gradient Boosting,-1.2067214626499687,-1.3625584840774536,3
Extreme Gradient Boosting,-1.5281785967617054,-1.7580294609069824,3
Extreme Gradient Boosting,-3.7727484977747765,-3.539719343185425,3
Extreme Gradient Boosting,-1.6374387034297335,-1.4985594749450684,3
Extreme Gradient Boosting,-1.9643120034496402,-1.9792722463607788,3
Extreme Gradient Boosting,-1.4562179644760493,-1.660161018371582,3
Extreme Gradient Boosting,-1.6183307304435026,-1.4371037483215332,3
Extreme Gradient Boosting,-1.514016684929528,-1.4843940734863281,3
Extreme Gradient Boosting,-1.428472864706594,-1.2692917585372925,3
Extreme Gradient Boosting,-2.152965298392503,-1.4833393096923828,3
Extreme Gradient Boosting,-2.2355646390433175,-1.6037086248397827,3
Extreme Gradient Boosting,-1.0460152967125962,-1.303383708000183,3
Extreme Gradient Boosting,-1.391500388590343,-1.8094998598098755,3
Extreme Gradient Boosting,-2.3371392715991264,-2.0790112018585205,3
Extreme Gradient Boosting,-1.9499388302923257,-1.896172046661377,3
Extreme Gradient Boosting,-1.9765773961271407,-1.821946620941162,3
Extreme Gradient Boosting,-1.7772835288524167,-1.7813423871994019,3
Extreme Gradient Boosting,-3.8396725549649426,-3.799208879470825,3
Extreme Gradient Boosting,0.3580642293861346,-0.17931705713272095,3
Extreme Gradient Boosting,0.013270809352243309,-0.9466795325279236,3
Extreme Gradient Boosting,-0.9486409221793155,-3.312743663787842,3
Extreme Gradient Boosting,0.26528954569788904,-0.16280323266983032,3
Extreme Gradient Boosting,-0.31923658554998896,-1.3812443017959595,3
Extreme Gradient Boosting,0.011790398005349874,-0.07386068254709244,3
Extreme Gradient Boosting,-0.002962342870760633,-0.33561208844184875,3
Extreme Gradient Boosting,-0.43783118657286935,-1.9784729480743408,3
Extreme Gradient Boosting,0.2733961152011059,0.29938429594039917,3
Extreme Gradient Boosting,0.27486911420534327,0.039391063153743744,3
Extreme Gradient Boosting,-1.9219867657940077,-3.1356441974639893,3
Extreme Gradient Boosting,-3.6464665167152384,-3.531798839569092,3
Extreme Gradient Boosting,-1.5200924815934278,-1.6155141592025757,3
Extreme Gradient Boosting,-2.2749377863952085,-1.490918755531311,3
Extreme Gradient Boosting,-3.3347136412278577,-3.3857407569885254,3
Extreme Gradient Boosting,-1.2407370006641907,-1.681030035018921,3
Extreme Gradient Boosting,-1.1505417041520314,-1.4951668977737427,3
Extreme Gradient Boosting,-2.297622719595401,-2.3726212978363037,3
Extreme Gradient Boosting,-2.1235976234646596,-1.7571572065353394,3
Extreme Gradient Boosting,-2.2038635814094025,-1.9491345882415771,3
Extreme Gradient Boosting,-1.0801819981618899,-1.904115080833435,3
Extreme Gradient Boosting,-3.525699217034543,-3.5073964595794678,3
Extreme Gradient Boosting,-2.789746241172472,-2.6302335262298584,3
Extreme Gradient Boosting,-1.621304790891127,-1.622502326965332,3
Extreme Gradient Boosting,-2.3812985463366814,-2.2396721839904785,3
Extreme Gradient Boosting,-3.2294115893983317,-3.020442008972168,3
Extreme Gradient Boosting,-1.2328253445920763,-1.5467009544372559,3
Extreme Gradient Boosting,-1.5290505627346085,-1.244025468826294,3
Extreme Gradient Boosting,-1.10868225389701,-1.0918294191360474,3
Extreme Gradient Boosting,-1.1998361610596366,-1.2906904220581055,3
Extreme Gradient Boosting,-1.6539166652584223,-1.7688558101654053,3
Extreme Gradient Boosting,-1.3198484161479276,-1.1794019937515259,3
Extreme Gradient Boosting,-1.2818579528648468,-1.520117163658142,3
Extreme Gradient Boosting,-1.5240818424273839,-1.3921258449554443,3
Extreme Gradient Boosting,-1.4094344835568617,-1.135238528251648,3
Extreme Gradient Boosting,-1.5398588190217488,-1.8886635303497314,3
Extreme Gradient Boosting,-0.8959678728621829,-1.940359354019165,3
Extreme Gradient Boosting,-1.2755333695267534,-1.2520887851715088,3
Extreme Gradient Boosting,-0.8609839615611586,-0.8902638554573059,3
Extreme Gradient Boosting,-2.0401269907408133,-1.6407365798950195,3
Extreme Gradient Boosting,-1.6181431713572578,-1.7855974435806274,3
Extreme Gradient Boosting,-1.1400317683551704,-1.2709228992462158,3
Extreme Gradient Boosting,-3.1791288900792822,-2.054701805114746,3
Extreme Gradient Boosting,-3.1791288900792822,-2.5438666343688965,3
Extreme Gradient Boosting,-0.6143935172969877,-0.9994643926620483,3
Extreme Gradient Boosting,-3.20055468102406,-3.5153493881225586,3
Extreme Gradient Boosting,-1.9652557068613081,-2.332712173461914,3
Extreme Gradient Boosting,-1.031601943299423,-1.0605844259262085,3
Extreme Gradient Boosting,-1.0945491836072103,-1.3806815147399902,3
Extreme Gradient Boosting,-1.0884067327209506,-1.481999397277832,3
Extreme Gradient Boosting,-1.0775646199327256,-1.4712860584259033,3
Extreme Gradient Boosting,-1.137767503887176,-1.175398826599121,3
Extreme Gradient Boosting,-2.390077592912712,-2.512859582901001,3
Extreme Gradient Boosting,-1.3089106800327817,-1.6996415853500366,3
Extreme Gradient Boosting,-2.0772161211350064,-2.8114728927612305,4
Extreme Gradient Boosting,-3.5076503600642033,-2.7929513454437256,4
Extreme Gradient Boosting,-3.431262194557772,-3.1001052856445312,4
Extreme Gradient Boosting,-2.642729293000293,-2.404324769973755,4
Extreme Gradient Boosting,-2.403452823620798,-2.69449520111084,4
Extreme Gradient Boosting,-2.423624898245491,-2.1347720623016357,4
Extreme Gradient Boosting,-2.1263969370231783,-1.9208356142044067,4
Extreme Gradient Boosting,-1.7253486984128064,-1.6090381145477295,4
Extreme Gradient Boosting,-3.3692782873859213,-2.962514877319336,4
Extreme Gradient Boosting,-3.6845481800874196,-3.175318717956543,4
Extreme Gradient Boosting,-0.737425984358659,-1.235945701599121,4
Extreme Gradient Boosting,-1.5424726897801078,-1.0102330446243286,4
Extreme Gradient Boosting,-1.2059345608151744,-1.7119712829589844,4
Extreme Gradient Boosting,-0.32212322804184973,-1.438480257987976,4
Extreme Gradient Boosting,-1.414958380703708,-1.4998736381530762,4
Extreme Gradient Boosting,-1.7566657394319904,-1.428614616394043,4
Extreme Gradient Boosting,-1.103883331173482,-1.0930029153823853,4
Extreme Gradient Boosting,-2.885418369996712,-2.438774824142456,4
Extreme Gradient Boosting,-3.2180472636163895,-3.4043827056884766,4
Extreme Gradient Boosting,-1.0225392132375182,-1.1443910598754883,4
Extreme Gradient Boosting,-1.1631032781134523,-1.2472572326660156,4
Extreme Gradient Boosting,-1.4201920378605053,-1.4473615884780884,4
Extreme Gradient Boosting,-1.5041031112940382,-2.508840560913086,4
Extreme Gradient Boosting,-1.2696661993818519,-1.3875951766967773,4
Extreme Gradient Boosting,-0.9582190949069228,-1.1349855661392212,4
Extreme Gradient Boosting,-3.694349887124185,-3.7668755054473877,4
Extreme Gradient Boosting,-1.8194641482091292,-2.3709418773651123,4
Extreme Gradient Boosting,-3.1597853454922076,-2.4005396366119385,4
Extreme Gradient Boosting,-2.9688776583453143,-2.803175449371338,4
Extreme Gradient Boosting,-2.151509814945314,-2.7303624153137207,4
Extreme Gradient Boosting,-2.9142603715445343,-3.054469585418701,4
Extreme Gradient Boosting,-3.3816182003459216,-3.3868720531463623,4
Extreme Gradient Boosting,-3.876468483448327,-3.7601633071899414,4
Extreme Gradient Boosting,-1.7661589553081318,-2.4536142349243164,4
Extreme Gradient Boosting,-0.40674416735366103,-1.694474697113037,4
Extreme Gradient Boosting,-0.16542042319834802,-0.17316317558288574,4
Extreme Gradient Boosting,-0.7545795752718538,-1.323734164237976,4
Extreme Gradient Boosting,-0.28184511787174465,-1.2009477615356445,4
Extreme Gradient Boosting,-0.3135898872515433,-0.19798463582992554,4
Extreme Gradient Boosting,-0.27744790362250854,-0.7736546397209167,4
Extreme Gradient Boosting,-2.004293876429448,-1.7913925647735596,4
Extreme Gradient Boosting,-3.2691119889214533,-2.7514450550079346,4
Extreme Gradient Boosting,-1.8033790498935367,-1.6468082666397095,4
Extreme Gradient Boosting,-1.9304209166838449,-2.385535478591919,4
Extreme Gradient Boosting,-2.1460708341762897,-1.8322114944458008,4
Extreme Gradient Boosting,-1.894217061776159,-1.8843505382537842,4
Extreme Gradient Boosting,-3.0166281405425486,-3.072251081466675,4
Extreme Gradient Boosting,-1.4817410394981543,-1.4163395166397095,4
Extreme Gradient Boosting,-2.209721593275448,-2.4537301063537598,4
Extreme Gradient Boosting,-2.8170555006405635,-2.6639795303344727,4
Extreme Gradient Boosting,-3.447382880362,-2.9294466972351074,4
Extreme Gradient Boosting,-2.67596440114224,-3.051348924636841,4
Extreme Gradient Boosting,-2.5493325073158326,-2.447239875793457,4
Extreme Gradient Boosting,-2.5090165872531767,-2.440936803817749,4
Extreme Gradient Boosting,-2.6991941581253336,-2.9939332008361816,4
Extreme Gradient Boosting,-2.97249382976246,-2.3368313312530518,4
Extreme Gradient Boosting,-3.447382880362,-2.8751938343048096,4
Extreme Gradient Boosting,-2.991150818979587,-2.849170446395874,4
Extreme Gradient Boosting,-3.310333372786738,-2.540588617324829,4
Extreme Gradient Boosting,-1.624154843179839,-2.245659351348877,4
Extreme Gradient Boosting,-2.6788398129059168,-2.396451234817505,4
Extreme Gradient Boosting,-1.4326336990343642,-1.428645133972168,4
Extreme Gradient Boosting,-1.415304935020491,-1.5998917818069458,4
Extreme Gradient Boosting,-1.3158802108242549,-2.1754400730133057,4
Extreme Gradient Boosting,-1.4093732376842594,-1.6668801307678223,4
Extreme Gradient Boosting,-1.6037557432468053,-1.4279630184173584,4
Extreme Gradient Boosting,-2.9864932974615632,-1.8062304258346558,4
Extreme Gradient Boosting,-1.7089770353918146,-1.443611979484558,4
Extreme Gradient Boosting,-1.4616237416558537,-1.4566899538040161,4
Extreme Gradient Boosting,-1.4729877775908402,-1.6989213228225708,4
Extreme Gradient Boosting,-2.691578169406441,-2.286820411682129,4
Extreme Gradient Boosting,-3.6203410251864447,-3.49884295463562,4
Extreme Gradient Boosting,-1.794765718416369,-2.499702215194702,4
Extreme Gradient Boosting,-2.5986223809209954,-2.0679779052734375,4
Extreme Gradient Boosting,-2.4555313487080666,-1.874924898147583,4
Extreme Gradient Boosting,-3.1782271514224525,-3.086591958999634,4
Extreme Gradient Boosting,-3.5222913974306227,-2.667678117752075,4
Extreme Gradient Boosting,-2.2317936703338876,-1.8144769668579102,4
Extreme Gradient Boosting,-3.135663383730844,-2.479491710662842,4
Extreme Gradient Boosting,-1.9704478542261563,-1.9504145383834839,4
Extreme Gradient Boosting,-1.7113615374852664,-1.7188282012939453,4
Extreme Gradient Boosting,-1.0232314473246815,-0.7324155569076538,4
Extreme Gradient Boosting,-1.2543892714743548,-1.3543376922607422,4
Extreme Gradient Boosting,-2.4934863088506534,-2.3012216091156006,4
Extreme Gradient Boosting,-2.7592630971786845,-2.670130729675293,4
Extreme Gradient Boosting,-2.988535711454289,-2.8973371982574463,4
Extreme Gradient Boosting,-3.688222835963096,-2.4850962162017822,4
Extreme Gradient Boosting,-2.1210586466718686,-1.8209900856018066,4
Extreme Gradient Boosting,-2.2826863141215226,-1.332103967666626,4
Extreme Gradient Boosting,-1.5371060964041248,-2.082627534866333,4
Extreme Gradient Boosting,-3.1495014132834878,-2.9748220443725586,4
Extreme Gradient Boosting,-2.3566470252815495,-2.7273612022399902,4
Extreme Gradient Boosting,-2.082759927050954,-1.9555448293685913,4
Extreme Gradient Boosting,-2.4462457037304657,-2.3598885536193848,4
Extreme Gradient Boosting,-3.4398948173744337,-2.9129815101623535,4
Extreme Gradient Boosting,-1.5518607813097591,-2.22049880027771,4
Extreme Gradient Boosting,-2.8197963948012763,-2.337650775909424,4
Extreme Gradient Boosting,-1.6253102968663857,-2.765232563018799,4
Extreme Gradient Boosting,-1.6379527351562522,-1.5607134103775024,4
Extreme Gradient Boosting,-1.4722472768836088,-1.9080479145050049,4
Extreme Gradient Boosting,-1.7883466398341077,-1.5806400775909424,4
Extreme Gradient Boosting,-1.512256636766295,-1.5484795570373535,4
Extreme Gradient Boosting,-1.3752808174958797,-1.3477826118469238,4
Extreme Gradient Boosting,-3.48241354468584,-3.2571725845336914,4
Extreme Gradient Boosting,-4.026482380351305,-3.3254051208496094,4
Extreme Gradient Boosting,-3.3980931244651527,-2.909810781478882,4
Extreme Gradient Boosting,-2.000920332458684,-2.188580274581909,4
Extreme Gradient Boosting,-2.3458067992518874,-1.5825598239898682,4
Extreme Gradient Boosting,-1.3819820537899474,-1.231297492980957,4
Extreme Gradient Boosting,-1.945720453842236,-2.3755733966827393,4
Extreme Gradient Boosting,-1.6384460109776287,-1.6494414806365967,4
Extreme Gradient Boosting,-1.5213971031085405,-1.9461212158203125,4
Extreme Gradient Boosting,-1.5838670484167507,-1.6156015396118164,4
Extreme Gradient Boosting,-1.9705460914481276,-1.6522862911224365,4
Extreme Gradient Boosting,-1.385136327132139,-1.2040693759918213,4
Extreme Gradient Boosting,-2.4117878095891196,-2.001891851425171,4
Extreme Gradient Boosting,-2.8343485837796827,-2.292058229446411,4
Extreme Gradient Boosting,-1.9458635904251336,-2.0496575832366943,4
Extreme Gradient Boosting,-1.479191830676853,-1.6502583026885986,4
Extreme Gradient Boosting,-1.9429726110972225,-2.4983766078948975,4
Extreme Gradient Boosting,-3.926105768520805,-3.830080986022949,4
Extreme Gradient Boosting,-1.5625822596100025,-2.190491199493408,4
Extreme Gradient Boosting,-2.176441984856953,-1.7386693954467773,4
Extreme Gradient Boosting,-3.4629936067206395,-3.4647436141967773,4
Extreme Gradient Boosting,-2.6148556108775285,-1.6886823177337646,4
Extreme Gradient Boosting,-3.289282825523282,-1.4953557252883911,4
Extreme Gradient Boosting,-1.98115226552214,-2.1896426677703857,4
Extreme Gradient Boosting,-1.7892523214132656,-1.419234275817871,4
Extreme Gradient Boosting,-2.099963060637607,-1.8185884952545166,4
Extreme Gradient Boosting,-2.0630158256502544,-2.264235496520996,4
Extreme Gradient Boosting,-3.390442939572028,-3.2815067768096924,4
Extreme Gradient Boosting,-1.9745795534681516,-1.5666563510894775,4
Extreme Gradient Boosting,-1.4285635434183963,-1.85215425491333,4
Extreme Gradient Boosting,-1.3467292946628289,-1.6379286050796509,4
Extreme Gradient Boosting,-1.0937551186817627,-1.5765585899353027,4
Extreme Gradient Boosting,-2.00821940080217,-1.4794137477874756,4
Extreme Gradient Boosting,-1.4215944093236903,-1.448991298675537,4
Extreme Gradient Boosting,-0.664255515397868,-0.9588552713394165,4
Extreme Gradient Boosting,-1.982318834323383,-1.9008471965789795,4
Extreme Gradient Boosting,-3.9600428565808334,-3.5007288455963135,4
Extreme Gradient Boosting,-2.1225210730141013,-2.056328058242798,4
Extreme Gradient Boosting,-1.6958725916338202,-2.6003475189208984,4
Extreme Gradient Boosting,-2.5312982881059978,-2.436218023300171,4
Extreme Gradient Boosting,-2.7906820711849507,-2.6642298698425293,4
Extreme Gradient Boosting,-1.3544637580442256,-1.226860761642456,4
Extreme Gradient Boosting,-1.9945993491296803,-2.5831360816955566,4
Extreme Gradient Boosting,-2.806163575333855,-1.933247447013855,4
Extreme Gradient Boosting,-1.7139014654061842,-2.530569553375244,4
Extreme Gradient Boosting,-3.644312909802797,-4.071176052093506,4
Extreme Gradient Boosting,-1.2158410977813483,-1.5778814554214478,4
Extreme Gradient Boosting,-2.672496188704653,-1.9380046129226685,4
Extreme Gradient Boosting,-1.4436245197644126,-1.7735776901245117,4
Extreme Gradient Boosting,-1.8793987946410835,-2.024604320526123,4
Extreme Gradient Boosting,-1.2503305415619155,-0.9996237754821777,4
Extreme Gradient Boosting,-1.8347593251696876,-1.895632028579712,4
Extreme Gradient Boosting,-1.4001202888111866,-1.8681937456130981,4
Extreme Gradient Boosting,-2.2689882869552584,-3.2780613899230957,4
Extreme Gradient Boosting,-1.4180277802789096,-1.3071131706237793,4
Extreme Gradient Boosting,-1.1843962080688974,-1.3182700872421265,4
Extreme Gradient Boosting,-1.8162387276731846,-1.8060505390167236,4
Extreme Gradient Boosting,-1.1301967317733737,-0.7930824756622314,4
Extreme Gradient Boosting,-1.0225594503600544,-1.7740366458892822,4
Extreme Gradient Boosting,-3.312493333735544,-3.416437864303589,4
Extreme Gradient Boosting,-1.9341938240909706,-1.7734607458114624,4
Extreme Gradient Boosting,-2.119103556806872,-1.8541784286499023,4
Extreme Gradient Boosting,-3.542851120580754,-3.4787189960479736,4
Extreme Gradient Boosting,-1.215596170273078,-1.507902979850769,4
Extreme Gradient Boosting,-2.0598606483703086,-2.303321361541748,4
Extreme Gradient Boosting,-2.3087676366549488,-2.0520379543304443,4
Extreme Gradient Boosting,-2.04835547456192,-2.2121427059173584,4
Extreme Gradient Boosting,-1.8171279243372191,-2.8112969398498535,4
Extreme Gradient Boosting,-2.2176402640700728,-2.238057851791382,4
Extreme Gradient Boosting,-1.4790145740873064,-1.52218496799469,4
Extreme Gradient Boosting,-3.3980116731740355,-2.660369634628296,4
Extreme Gradient Boosting,-2.3758693662733776,-1.261269450187683,4
Extreme Gradient Boosting,-3.3980116731740355,-3.086538314819336,4
Extreme Gradient Boosting,-2.019028072917717,-1.6846845149993896,4
Extreme Gradient Boosting,-3.290189204280069,-3.160865306854248,4
Extreme Gradient Boosting,-2.5041654897477077,-2.3612241744995117,4
Extreme Gradient Boosting,-1.7613667161535187,-1.6476612091064453,4
Extreme Gradient Boosting,-2.3460680222446215,-1.469233512878418,4
Extreme Gradient Boosting,-2.43241576499949,-1.9526668787002563,4
Extreme Gradient Boosting,-2.579721210352638,-2.674577474594116,4
Extreme Gradient Boosting,-1.3308187576670196,-1.4970955848693848,4
Extreme Gradient Boosting,-2.0645418092014314,-2.152559757232666,4
Extreme Gradient Boosting,-1.753896033344213,-1.8358741998672485,4
Extreme Gradient Boosting,-1.8668031693530753,-2.1591951847076416,4
Extreme Gradient Boosting,-1.7139992395270756,-1.6823289394378662,4
Extreme Gradient Boosting,-2.1956618739690814,-2.3078925609588623,4
Extreme Gradient Boosting,-3.1090516644066044,-1.9832111597061157,4
Extreme Gradient Boosting,-1.9644153443855357,-1.7134921550750732,4
Extreme Gradient Boosting,-1.5049121890283346,-1.4337503910064697,4
Extreme Gradient Boosting,-2.432175336754664,-2.7082931995391846,4
Extreme Gradient Boosting,-2.9620793251113042,-2.608158826828003,4
Extreme Gradient Boosting,-0.9490993255496558,-1.0618481636047363,4
Extreme Gradient Boosting,-2.292547184423849,-2.2373907566070557,4
Extreme Gradient Boosting,-3.184747097908846,-3.12477970123291,4
Extreme Gradient Boosting,-1.9603652993893874,-1.9982551336288452,4
Extreme Gradient Boosting,-3.184747097908846,-3.04638671875,4
Extreme Gradient Boosting,-2.1639051839291805,-1.533113718032837,4
Extreme Gradient Boosting,-1.2183710988289476,-1.7016299962997437,4
Extreme Gradient Boosting,-1.3132997440363454,-1.4954255819320679,4
Extreme Gradient Boosting,-1.9362137770978871,-2.1274590492248535,4
Extreme Gradient Boosting,-2.4796814387852613,-2.372474193572998,4
Extreme Gradient Boosting,-1.8884660362981867,-1.8673126697540283,4
Extreme Gradient Boosting,-3.3010769020010144,-3.6310770511627197,4
Extreme Gradient Boosting,-2.006498035079166,-1.9394135475158691,4
Extreme Gradient Boosting,-1.4262388316017447,-1.2313244342803955,4
Extreme Gradient Boosting,-2.035715142789073,-2.1648974418640137,4
Extreme Gradient Boosting,-1.5736750209710204,-2.353463888168335,4
Extreme Gradient Boosting,-2.740096874062147,-2.64011549949646,4
Extreme Gradient Boosting,0.25792460161657743,0.05688246712088585,4
Extreme Gradient Boosting,0.23583851209189552,-0.29754871129989624,4
Extreme Gradient Boosting,0.13858982128300762,0.18770749866962433,4
Extreme Gradient Boosting,0.004405968258246192,0.027267862111330032,4
Extreme Gradient Boosting,0.3323074801803344,-0.05426093190908432,4
Extreme Gradient Boosting,-0.5442825169537446,-0.8685953617095947,4
Extreme Gradient Boosting,-1.7405367157549274,-1.6444728374481201,4
Extreme Gradient Boosting,-1.181419364072578,-1.1604336500167847,4
Extreme Gradient Boosting,-1.1181615001713328,-1.6044632196426392,4
Extreme Gradient Boosting,-0.9771273167949791,-1.3356122970581055,4
Extreme Gradient Boosting,-2.1512701073865577,-1.609886646270752,4
Extreme Gradient Boosting,-2.703220329010491,-2.1092822551727295,4
Extreme Gradient Boosting,-1.5941100276318725,-2.4884636402130127,4
Extreme Gradient Boosting,-2.642143447351316,-2.213451385498047,4
Extreme Gradient Boosting,-2.5479760718766045,-1.986626148223877,4
Extreme Gradient Boosting,-2.6216055516158603,-2.4991021156311035,4
Extreme Gradient Boosting,-1.862548056774303,-1.9486827850341797,4
Extreme Gradient Boosting,-1.852111989478871,-1.6415894031524658,4
Extreme Gradient Boosting,-1.947863458882499,-2.3787388801574707,4
Extreme Gradient Boosting,-1.5674558687076858,-1.265196681022644,4
Extreme Gradient Boosting,-1.3041517533417322,-1.2796852588653564,4
Extreme Gradient Boosting,-1.6322137070153477,-2.1246609687805176,4
Extreme Gradient Boosting,-1.540907293954747,-1.600635290145874,4
Extreme Gradient Boosting,-0.7476890179412806,-0.7819751501083374,4
Extreme Gradient Boosting,-1.3551617678005954,-1.5950217247009277,4
Extreme Gradient Boosting,-0.6082262842300837,-0.9496142864227295,4
Extreme Gradient Boosting,-1.8459806844208395,-1.8694684505462646,4
Extreme Gradient Boosting,-1.1291381497161614,-1.3254793882369995,4
Extreme Gradient Boosting,-2.2646029664100515,-2.249861240386963,4
Extreme Gradient Boosting,-2.6212424559235727,-2.7628071308135986,4
Extreme Gradient Boosting,-3.4341521813264824,-3.0792288780212402,4
Extreme Gradient Boosting,-3.2172494016790187,-3.5603439807891846,4
Extreme Gradient Boosting,-2.761915740881935,-1.7128688097000122,4
Extreme Gradient Boosting,-0.428471724353625,-1.0824350118637085,4
Extreme Gradient Boosting,-1.450536715424269,-2.1186676025390625,4
Extreme Gradient Boosting,-1.0748372190236377,-1.0874929428100586,4
Extreme Gradient Boosting,-0.5935262904426333,-1.3808255195617676,4
Extreme Gradient Boosting,-0.6591799251191045,-1.054866075515747,4
Extreme Gradient Boosting,-0.14567163968046612,-1.4813477993011475,4
Extreme Gradient Boosting,-1.4806961523875994,-1.590431571006775,4
Extreme Gradient Boosting,-1.0026227122886122,-1.2224335670471191,4
Extreme Gradient Boosting,-2.114518460874232,-1.396023154258728,4
Extreme Gradient Boosting,-1.7462641625323523,-1.6231451034545898,4
Extreme Gradient Boosting,-3.241946952668458,-2.440897226333618,4
Extreme Gradient Boosting,-1.7793995024399858,-2.047771692276001,4
Extreme Gradient Boosting,-1.3068936298450675,-1.4308005571365356,4
Extreme Gradient Boosting,-1.5672159407631352,-1.6327452659606934,4
Extreme Gradient Boosting,-1.4154063781902113,-1.7028836011886597,4
Extreme Gradient Boosting,-3.431262194557772,-2.644667387008667,5
Extreme Gradient Boosting,-2.064990291304019,-1.9298511743545532,5
Extreme Gradient Boosting,-1.7636611133035243,-2.8197243213653564,5
Extreme Gradient Boosting,-2.3146334389286793,-2.4391510486602783,5
Extreme Gradient Boosting,-1.9492654506102318,-2.5694596767425537,5
Extreme Gradient Boosting,-1.169002914533462,-2.3792951107025146,5
Extreme Gradient Boosting,-1.9492654506102318,-2.3898348808288574,5
Extreme Gradient Boosting,-1.5393527377902698,-1.4997838735580444,5
Extreme Gradient Boosting,-1.4103143043656896,-1.2240746021270752,5
Extreme Gradient Boosting,-1.6443425309821194,-1.4189192056655884,5
Extreme Gradient Boosting,-0.9407520429016281,-1.6542882919311523,5
Extreme Gradient Boosting,-1.2391607486734533,-1.3442721366882324,5
Extreme Gradient Boosting,-1.820599175381769,-1.5360170602798462,5
Extreme Gradient Boosting,-0.22901321309844905,-1.0151078701019287,5
Extreme Gradient Boosting,-1.5498899805881399,-2.0207183361053467,5
Extreme Gradient Boosting,-1.339883282003717,-1.9119175672531128,5
Extreme Gradient Boosting,-2.123767317417046,-2.1788063049316406,5
Extreme Gradient Boosting,-1.0225392132375182,-1.2043520212173462,5
Extreme Gradient Boosting,-2.3529321054630254,-1.619539499282837,5
Extreme Gradient Boosting,-2.8184713897478226,-2.866088628768921,5
Extreme Gradient Boosting,-2.341290856803062,-2.5891003608703613,5
Extreme Gradient Boosting,-3.8326531224143645,-3.822098731994629,5
Extreme Gradient Boosting,-1.5041031112940382,-2.0122618675231934,5
Extreme Gradient Boosting,-2.7929079641438137,-2.515655040740967,5
Extreme Gradient Boosting,-2.2025638997362065,-2.203211545944214,5
Extreme Gradient Boosting,-2.0569241023003397,-2.2370028495788574,5
Extreme Gradient Boosting,-2.66118307205398,-2.4592649936676025,5
Extreme Gradient Boosting,-2.772379350111858,-2.558105945587158,5
Extreme Gradient Boosting,-3.2036005297986074,-3.0844857692718506,5
Extreme Gradient Boosting,-2.6396789104480054,-2.1762516498565674,5
Extreme Gradient Boosting,-2.198253243671017,-2.5300164222717285,5
Extreme Gradient Boosting,-1.4349038067728495,-1.933701515197754,5
Extreme Gradient Boosting,-0.19201915469350456,-0.7134109735488892,5
Extreme Gradient Boosting,-1.5018248431082857,-1.6699260473251343,5
Extreme Gradient Boosting,-0.5987130334578719,-0.6674989461898804,5
Extreme Gradient Boosting,-1.1159606660259742,-1.4567313194274902,5
Extreme Gradient Boosting,-3.6800158253354924,-3.7113070487976074,5
Extreme Gradient Boosting,-2.7785748071197123,-2.4064266681671143,5
Extreme Gradient Boosting,-3.2691119889214533,-3.7889227867126465,5
Extreme Gradient Boosting,-2.541474704475919,-2.7573800086975098,5
Extreme Gradient Boosting,-1.5397653155309607,-2.1280343532562256,5
Extreme Gradient Boosting,-2.8170555006405635,-2.0229485034942627,5
Extreme Gradient Boosting,-3.4785088685395653,-2.9369590282440186,5
Extreme Gradient Boosting,-3.349843097267282,-3.0288116931915283,5
Extreme Gradient Boosting,-2.0468682910310587,-2.7027924060821533,5
Extreme Gradient Boosting,-2.557865138098485,-3.0601024627685547,5
Extreme Gradient Boosting,-3.1413617595139014,-2.673280715942383,5
Extreme Gradient Boosting,-1.3360910210889294,-1.9419333934783936,5
Extreme Gradient Boosting,-2.492075482831661,-1.2661337852478027,5
Extreme Gradient Boosting,-2.174597252967641,-1.9209918975830078,5
Extreme Gradient Boosting,-1.0599038235929437,-1.6850026845932007,5
Extreme Gradient Boosting,-2.048440290036772,-2.0343515872955322,5
Extreme Gradient Boosting,-1.5372443207314632,-1.2518337965011597,5
Extreme Gradient Boosting,-3.434121498561107,-3.458211660385132,5
Extreme Gradient Boosting,-1.3859030337523468,-1.1247490644454956,5
Extreme Gradient Boosting,-2.8807530211105905,-2.7758140563964844,5
Extreme Gradient Boosting,-1.777268237794943,-2.2644259929656982,5
Extreme Gradient Boosting,-1.183812038624167,-1.8278638124465942,5
Extreme Gradient Boosting,-1.0556956867709293,-1.1231850385665894,5
Extreme Gradient Boosting,-2.01828162271433,-2.2627031803131104,5
Extreme Gradient Boosting,-3.7342838339347466,-3.3305153846740723,5
Extreme Gradient Boosting,-2.2476183878149794,-2.770245313644409,5
Extreme Gradient Boosting,-2.7186459189940226,-2.492633581161499,5
Extreme Gradient Boosting,-2.2669235674490644,-2.2074413299560547,5
Extreme Gradient Boosting,-3.302921552819786,-2.9754860401153564,5
Extreme Gradient Boosting,-2.9303729669440868,-2.439350128173828,5
Extreme Gradient Boosting,-3.4401053391639986,-2.8751301765441895,5
Extreme Gradient Boosting,-1.4113517913995703,-1.9582669734954834,5
Extreme Gradient Boosting,-3.6472310978345055,-3.73964786529541,5
Extreme Gradient Boosting,-1.5623567401916558,-1.2479456663131714,5
Extreme Gradient Boosting,-1.7751555586449395,-2.2080185413360596,5
Extreme Gradient Boosting,-3.4161712191583424,-3.3308608531951904,5
Extreme Gradient Boosting,-1.6698969598127007,-1.954313039779663,5
Extreme Gradient Boosting,-2.644753893986956,-2.51409912109375,5
Extreme Gradient Boosting,-3.688222835963096,-3.0912933349609375,5
Extreme Gradient Boosting,-1.987977989665314,-2.4222664833068848,5
Extreme Gradient Boosting,-3.285204336328503,-2.9651663303375244,5
Extreme Gradient Boosting,-2.2175363341456173,-2.8431692123413086,5
Extreme Gradient Boosting,-1.5650446341096866,-1.3850572109222412,5
Extreme Gradient Boosting,-3.159004262647741,-2.7757833003997803,5
Extreme Gradient Boosting,-3.40015839520823,-2.7929584980010986,5
Extreme Gradient Boosting,-2.4308272469150642,-2.9601564407348633,5
Extreme Gradient Boosting,-3.339134521996131,-2.684288740158081,5
Extreme Gradient Boosting,-3.688222835963096,-3.499035120010376,5
Extreme Gradient Boosting,-2.999290941959355,-2.6746675968170166,5
Extreme Gradient Boosting,-1.7478447295977892,-2.0710978507995605,5
Extreme Gradient Boosting,-2.8326132427713318,-1.8467192649841309,5
Extreme Gradient Boosting,-2.618445069067542,-2.071568727493286,5
Extreme Gradient Boosting,-2.9211605333956863,-2.964341640472412,5
Extreme Gradient Boosting,-2.110664900131247,-2.4127352237701416,5
Extreme Gradient Boosting,-1.7565625592771141,-1.6101027727127075,5
Extreme Gradient Boosting,-1.7883466398341077,-1.9805223941802979,5
Extreme Gradient Boosting,-1.7983538696326367,-2.2517900466918945,5
Extreme Gradient Boosting,-2.9187956800017982,-2.0225160121917725,5
Extreme Gradient Boosting,-2.772360579555891,-2.3505656719207764,5
Extreme Gradient Boosting,-2.0731453982830836,-1.8638324737548828,5
Extreme Gradient Boosting,-1.0474177734305667,-1.3794821500778198,5
Extreme Gradient Boosting,-3.5459650539173615,-2.813776969909668,5
Extreme Gradient Boosting,-3.739785461604827,-3.0689167976379395,5
Extreme Gradient Boosting,-2.0116848782875407,-2.1931538581848145,5
Extreme Gradient Boosting,-2.5037832349706837,-1.916052222251892,5
Extreme Gradient Boosting,-1.2175444827866113,-1.5826386213302612,5
Extreme Gradient Boosting,-1.8887177216857802,-1.8158012628555298,5
Extreme Gradient Boosting,-1.8555915719713854,-1.5195086002349854,5
Extreme Gradient Boosting,-1.069394064585742,-1.1459790468215942,5
Extreme Gradient Boosting,-1.4441845681180592,-1.1907103061676025,5
Extreme Gradient Boosting,-3.4629936067206395,-3.150045156478882,5
Extreme Gradient Boosting,-2.635540187918821,-2.810263156890869,5
Extreme Gradient Boosting,-1.9930514957526793,-1.9382904767990112,5
Extreme Gradient Boosting,-1.840084037547579,-1.8990648984909058,5
Extreme Gradient Boosting,-3.0153277959856664,-2.2982237339019775,5
Extreme Gradient Boosting,-3.2877805976748804,-3.230633497238159,5
Extreme Gradient Boosting,-1.064270917741021,-1.7112973928451538,5
Extreme Gradient Boosting,-2.809138225804324,-2.2932448387145996,5
Extreme Gradient Boosting,-1.737359048801603,-2.0603270530700684,5
Extreme Gradient Boosting,-0.5687544073603336,-1.5119602680206299,5
Extreme Gradient Boosting,-2.1372208240925845,-2.8671488761901855,5
Extreme Gradient Boosting,-1.0111406945890653,-1.6904807090759277,5
Extreme Gradient Boosting,-2.001001072492525,-1.1112852096557617,5
Extreme Gradient Boosting,-1.1521693207507044,-0.9681164026260376,5
Extreme Gradient Boosting,-2.8641555620169683,-2.577280282974243,5
Extreme Gradient Boosting,-3.7692522846397316,-3.581019401550293,5
Extreme Gradient Boosting,-2.2062980891288984,-1.8340061902999878,5
Extreme Gradient Boosting,-1.9090244195663402,-2.1932451725006104,5
Extreme Gradient Boosting,-2.647947017470284,-1.6120445728302002,5
Extreme Gradient Boosting,-2.4706410072083687,-1.8498501777648926,5
Extreme Gradient Boosting,-3.392655441034186,-2.567330837249756,5
Extreme Gradient Boosting,-1.297434930657182,-1.3668439388275146,5
Extreme Gradient Boosting,-1.3310146489007124,-1.5192995071411133,5
Extreme Gradient Boosting,-3.6688623296866587,-2.7214720249176025,5
Extreme Gradient Boosting,-1.366206440166372,-1.1957035064697266,5
Extreme Gradient Boosting,-1.4386260150993235,-1.1590348482131958,5
Extreme Gradient Boosting,-3.5624063821538914,-2.7730934619903564,5
Extreme Gradient Boosting,-4.0490653862997,-3.610013961791992,5
Extreme Gradient Boosting,-1.2189474946453842,-1.6442039012908936,5
Extreme Gradient Boosting,-2.1481523894209715,-3.3420169353485107,5
Extreme Gradient Boosting,-0.7420831923821466,-2.182678699493408,5
Extreme Gradient Boosting,-1.9811271489159006,-2.3152472972869873,5
Extreme Gradient Boosting,-1.5310782741493767,-1.593464732170105,5
Extreme Gradient Boosting,-1.493245786531943,-1.538668155670166,5
Extreme Gradient Boosting,-1.0144370432648293,-1.8102911710739136,5
Extreme Gradient Boosting,-1.8019484611556353,-1.395411729812622,5
Extreme Gradient Boosting,-2.1834863402339466,-2.9345765113830566,5
Extreme Gradient Boosting,-2.3465562136207656,-2.4699630737304688,5
Extreme Gradient Boosting,-1.917076538816309,-1.9241446256637573,5
Extreme Gradient Boosting,-1.5609490414532068,-1.4998563528060913,5
Extreme Gradient Boosting,-1.396090167895999,-2.1238491535186768,5
Extreme Gradient Boosting,-1.1984184440476704,-1.261886477470398,5
Extreme Gradient Boosting,-1.394827676426251,-1.9388847351074219,5
Extreme Gradient Boosting,-1.2530119718858257,-1.188076376914978,5
Extreme Gradient Boosting,-1.525605260081181,-1.773864984512329,5
Extreme Gradient Boosting,-1.7550940407409845,-1.9566659927368164,5
Extreme Gradient Boosting,-3.3707035768809224,-3.7793867588043213,5
Extreme Gradient Boosting,-2.258173837778395,-2.597228527069092,5
Extreme Gradient Boosting,-1.936404341844701,-1.4472050666809082,5
Extreme Gradient Boosting,-2.443810430479706,-1.9089617729187012,5
Extreme Gradient Boosting,-2.540720473654946,-2.54050874710083,5
Extreme Gradient Boosting,-1.6434286328720604,-1.6600340604782104,5
Extreme Gradient Boosting,-1.2111861770342556,-1.2223660945892334,5
Extreme Gradient Boosting,-1.7709615792854492,-1.9190175533294678,5
Extreme Gradient Boosting,-3.6924119784161333,-3.465566873550415,5
Extreme Gradient Boosting,-2.2405786779424,-1.620848536491394,5
Extreme Gradient Boosting,-1.945164608357066,-1.6033438444137573,5
Extreme Gradient Boosting,-2.300301079838426,-2.4084885120391846,5
Extreme Gradient Boosting,-1.8175258287604161,-1.394774317741394,5
Extreme Gradient Boosting,-2.2313771400186773,-2.2195093631744385,5
Extreme Gradient Boosting,-2.033677685255944,-2.1944708824157715,5
Extreme Gradient Boosting,-1.2545644486474818,-1.5171421766281128,5
Extreme Gradient Boosting,-2.8201877676993385,-2.4127357006073,5
Extreme Gradient Boosting,-2.1622159208236154,-2.1821160316467285,5
Extreme Gradient Boosting,-3.7268829315132583,-3.461761713027954,5
Extreme Gradient Boosting,-3.8817848914990014,-3.430244207382202,5
Extreme Gradient Boosting,-3.4116117497612004,-3.457871913909912,5
Extreme Gradient Boosting,-2.7386203038591304,-2.1640453338623047,5
Extreme Gradient Boosting,-3.2402151004002007,-3.4603493213653564,5
Extreme Gradient Boosting,-2.26736728311359,-2.938819646835327,5
Extreme Gradient Boosting,-3.015555503033429,-2.622527837753296,5
Extreme Gradient Boosting,-1.8762488134939106,-1.627264142036438,5
Extreme Gradient Boosting,-3.600326278518962,-3.7289247512817383,5
Extreme Gradient Boosting,-2.7766733448672327,-2.5277771949768066,5
Extreme Gradient Boosting,-1.6819366650372385,-1.7755926847457886,5
Extreme Gradient Boosting,-3.3036200184447138,-2.8336844444274902,5
Extreme Gradient Boosting,-1.5279900670983446,-1.38189697265625,5
Extreme Gradient Boosting,-1.4333467694862632,-1.6030352115631104,5
Extreme Gradient Boosting,-4.059833781301273,-3.8608415126800537,5
Extreme Gradient Boosting,-3.276542686022807,-2.4550728797912598,5
Extreme Gradient Boosting,-1.2054304558342028,-1.110709547996521,5
Extreme Gradient Boosting,-2.22015815118179,-1.9797066450119019,5
Extreme Gradient Boosting,-2.0742842332450646,-2.108144998550415,5
Extreme Gradient Boosting,-1.5363868405196788,-1.5002905130386353,5
Extreme Gradient Boosting,-0.8521750241183932,-1.6917356252670288,5
Extreme Gradient Boosting,-1.8161267212970162,-1.600568413734436,5
Extreme Gradient Boosting,-0.7856945313640958,-0.8138743042945862,5
Extreme Gradient Boosting,-1.2672463833090828,-1.3083051443099976,5
Extreme Gradient Boosting,-1.2862388841839494,-1.6033742427825928,5
Extreme Gradient Boosting,-2.5255934458757454,-2.0505588054656982,5
Extreme Gradient Boosting,-1.2025079170212445,-1.8393995761871338,5
Extreme Gradient Boosting,-1.5350740375460707,-1.5329840183258057,5
Extreme Gradient Boosting,-1.740666799910411,-1.5341670513153076,5
Extreme Gradient Boosting,-0.7797693247910334,-1.3816900253295898,5
Extreme Gradient Boosting,-3.0397590359811644,-2.262620449066162,5
Extreme Gradient Boosting,-2.0008832971741093,-1.602982521057129,5
Extreme Gradient Boosting,-2.3822676402388554,-1.488736629486084,5
Extreme Gradient Boosting,-1.405215799824956,-1.6944844722747803,5
Extreme Gradient Boosting,-3.05329283374744,-2.2764785289764404,5
Extreme Gradient Boosting,-3.360662949678316,-2.7824971675872803,5
Extreme Gradient Boosting,-2.0703010191144675,-1.9352744817733765,5
Extreme Gradient Boosting,-1.1090605687339063,-1.2543314695358276,5
Extreme Gradient Boosting,-3.3625502994733605,-2.8635549545288086,5
Extreme Gradient Boosting,-3.3625502994733605,-3.373518228530884,5
Extreme Gradient Boosting,-0.40966424145785746,-1.376446008682251,5
Extreme Gradient Boosting,0.25792460161657743,-0.07877373695373535,5
Extreme Gradient Boosting,-0.03690399983927772,-0.16551321744918823,5
Extreme Gradient Boosting,0.23141740977050707,0.055694423615932465,5
Extreme Gradient Boosting,-1.7655110123526006,-1.9991697072982788,5
Extreme Gradient Boosting,-1.7473311829109102,-1.8811259269714355,5
Extreme Gradient Boosting,-1.098047311203653,-1.661430835723877,5
Extreme Gradient Boosting,-1.621304790891127,-1.4115923643112183,5
Extreme Gradient Boosting,-1.492201494031574,-1.5011529922485352,5
Extreme Gradient Boosting,-3.915670428497184,-3.539231538772583,5
Extreme Gradient Boosting,-2.5395917281791975,-2.149329423904419,5
Extreme Gradient Boosting,-2.7488910409678486,-2.5448076725006104,5
Extreme Gradient Boosting,-2.405003945642156,-2.3562514781951904,5
Extreme Gradient Boosting,-2.103347370511212,-2.0675244331359863,5
Extreme Gradient Boosting,-2.3872497229566574,-2.5096750259399414,5
Extreme Gradient Boosting,-1.7300615156440644,-1.575390100479126,5
Extreme Gradient Boosting,-1.1286832686838821,-1.3005138635635376,5
Extreme Gradient Boosting,-1.42625067509891,-1.5940864086151123,5
Extreme Gradient Boosting,-1.4753372030036505,-1.6357041597366333,5
Extreme Gradient Boosting,-1.573747505577719,-1.3733278512954712,5
Extreme Gradient Boosting,-1.649488441015367,-1.5116653442382812,5
Extreme Gradient Boosting,-1.28375174993668,-1.5462459325790405,5
Extreme Gradient Boosting,-1.793068638288037,-1.334047794342041,5
Extreme Gradient Boosting,-0.8769725367904692,-1.4306035041809082,5
Extreme Gradient Boosting,-1.629049819754814,-1.7044423818588257,5
Extreme Gradient Boosting,-1.1431217053996168,-1.1501805782318115,5
Extreme Gradient Boosting,-1.2491101104442828,-1.5163171291351318,5
Extreme Gradient Boosting,-3.151893437607053,-3.473747491836548,5
Extreme Gradient Boosting,-2.14182332020342,-2.1901488304138184,5
Extreme Gradient Boosting,-2.348164353297759,-2.3257510662078857,5
Extreme Gradient Boosting,-0.7266296487986936,-1.133131504058838,5
Extreme Gradient Boosting,-1.8036577587890321,-1.817184329032898,5
Extreme Gradient Boosting,-1.1543394167845993,-1.1068273782730103,5
Extreme Gradient Boosting,-0.8837798009584171,-1.3150302171707153,5
Extreme Gradient Boosting,-0.9568598388437015,-1.5429069995880127,5
Extreme Gradient Boosting,-0.9172146296835499,-1.1969565153121948,5
Extreme Gradient Boosting,-1.148825472087486,-1.367781162261963,5
Extreme Gradient Boosting,-1.466507781947675,-2.0794384479522705,5
Extreme Gradient Boosting,-2.0560190796534115,-1.6517486572265625,5
Extreme Gradient Boosting,-0.4819145002205912,-1.4262570142745972,5
Extreme Gradient Boosting,-3.2503548803911073,-2.3521108627319336,5
Extreme Gradient Boosting,-0.9800565288767592,-1.1710875034332275,5
Extreme Gradient Boosting,-0.2468343715025799,-0.7281119227409363,5
Extreme Gradient Boosting,-3.121373090381552,-2.702194929122925,5
Extreme Gradient Boosting,-0.9402445883836209,-1.073840618133545,5
Extreme Gradient Boosting,-3.7648251925435416,-3.4918885231018066,5
Extreme Gradient Boosting,-2.192341601117107,-2.354966163635254,5
Extreme Gradient Boosting,-1.011455146773862,-1.402328610420227,5
Extreme Gradient Boosting,-3.3694633107167937,-2.485788583755493,5
