model,experiment,prediction,split #
Kernel Ridge Regression,-2.703826191329584,-0.9302177429199219,1
Kernel Ridge Regression,-3.1408689109724577,-2.1757952037441702e-20,1
Kernel Ridge Regression,-2.881231480327938,-6.342921522219103e-16,1
Kernel Ridge Regression,-2.423624898245491,4.847103689015371e-17,1
Kernel Ridge Regression,-1.7253486984128064,5.6460478653486135e-14,1
Kernel Ridge Regression,-3.6845481800874196,-2.2063273913935364e-21,1
Kernel Ridge Regression,-1.5424726897801078,-9.596329081380812e-22,1
Kernel Ridge Regression,-1.4118568185099727,-1.8500391697663115e-21,1
Kernel Ridge Regression,-0.32212322804184973,-3.303385661037884e-21,1
Kernel Ridge Regression,-1.5530374141251506,-2.746448902696989e-22,1
Kernel Ridge Regression,-1.374139089297611,-5.863458715407689e-22,1
Kernel Ridge Regression,-1.6443425309821194,4.168008010289853e-21,1
Kernel Ridge Regression,-0.22901321309844905,-1.626394604024807e-21,1
Kernel Ridge Regression,-2.885418369996712,-3.434260840657671e-21,1
Kernel Ridge Regression,-1.5498899805881399,8.87351715543605e-18,1
Kernel Ridge Regression,-3.4108437941069076,-3.490604391465078e-21,1
Kernel Ridge Regression,-2.3529321054630254,1.5345907663642973e-17,1
Kernel Ridge Regression,-1.4610955316441951,1.0610089196116945e-13,1
Kernel Ridge Regression,-1.1131158581897997,2.4379825066020406e-19,1
Kernel Ridge Regression,-1.4187942485435616,1.7412113417769604e-13,1
Kernel Ridge Regression,-1.9996117840097518,4.525961734975744e-18,1
Kernel Ridge Regression,-1.8229892712376083,-8.457792516383997e-22,1
Kernel Ridge Regression,-1.2696661993818519,1.4159463532226191e-14,1
Kernel Ridge Regression,-3.694349887124185,-1.6186324698860873e-21,1
Kernel Ridge Regression,-2.617367632441655,1.0001595634589328e-16,1
Kernel Ridge Regression,-3.2834449518405893,4.2319036594245726e-17,1
Kernel Ridge Regression,-2.0569241023003397,2.008579815735963e-18,1
Kernel Ridge Regression,-2.151509814945314,1.3513219533360286e-18,1
Kernel Ridge Regression,-3.2036005297986074,1.6940129549493973e-18,1
Kernel Ridge Regression,-2.5901613502180045,1.9288859268001542e-19,1
Kernel Ridge Regression,-3.0391954244610955,-1.3324070210639316e-22,1
Kernel Ridge Regression,-3.876468483448327,-8.196289039053321e-22,1
Kernel Ridge Regression,-2.1155432005946873,7.861753240599734e-16,1
Kernel Ridge Regression,-0.6389033445220246,1.3964439278318572e-16,1
Kernel Ridge Regression,-0.7545795752718538,-9.126387095874123e-21,1
Kernel Ridge Regression,-1.1235679872330004,-2.7646961010936413e-21,1
Kernel Ridge Regression,-0.3417701012907816,6.987208663218614e-16,1
Kernel Ridge Regression,0.20849296776590773,6.805976227042265e-09,1
Kernel Ridge Regression,-0.27744790362250854,3.942592780026288e-15,1
Kernel Ridge Regression,-2.7785748071197123,1.0332974775889911e-19,1
Kernel Ridge Regression,-3.2691119889214533,1.8629695581470285e-18,1
Kernel Ridge Regression,-2.2017306515457955,1.1901287247373382e-14,1
Kernel Ridge Regression,-3.4785088685395653,-4.861707025335227e-20,1
Kernel Ridge Regression,-2.5090165872531767,-2.7169005713245617e-21,1
Kernel Ridge Regression,-3.1668739337041876,-2.017979078729926e-20,1
Kernel Ridge Regression,-3.2474583508182433,9.28096647284497e-20,1
Kernel Ridge Regression,-2.4909497090997137,-1.2066589677980707e-20,1
Kernel Ridge Regression,-3.366814432940472,-8.621593664715103e-21,1
Kernel Ridge Regression,-2.704319008875443,-4.838077565297416e-20,1
Kernel Ridge Regression,-2.325708590111872,1.2427561522996688e-19,1
Kernel Ridge Regression,-2.7923263244120906,9.748013326207724e-21,1
Kernel Ridge Regression,-1.800655814770182,2.085355411470685e-18,1
Kernel Ridge Regression,-1.9785756664607834,9.943319767818232e-18,1
Kernel Ridge Regression,-1.4093732376842594,6.43894117711985e-16,1
Kernel Ridge Regression,-2.617794503701521,-2.029280837745715e-21,1
Kernel Ridge Regression,-1.6037557432468053,1.0463821513905999e-16,1
Kernel Ridge Regression,-2.6852623228853463,1.145515901415232e-21,1
Kernel Ridge Regression,-1.5372443207314632,8.863802746322228e-19,1
Kernel Ridge Regression,-1.7089770353918146,2.2983730803977087e-15,1
Kernel Ridge Regression,-3.008152176256889,-1.119136594693033e-20,1
Kernel Ridge Regression,-1.3859030337523468,3.8293681919009115e-16,1
Kernel Ridge Regression,-1.6217142305536996,4.285258794167713e-19,1
Kernel Ridge Regression,-1.1251042517136252,1.606281517437533e-17,1
Kernel Ridge Regression,-2.5986223809209954,-0.11338329315185547,1
Kernel Ridge Regression,-2.487130374543647,1.7945981174358454e-18,1
Kernel Ridge Regression,-3.221262124613128,5.639439483700725e-18,1
Kernel Ridge Regression,-3.4401053391639986,1.5691616220130935e-20,1
Kernel Ridge Regression,-3.384203503318252,-2.153367421203081e-21,1
Kernel Ridge Regression,-3.1353471437504044,-2.244104812704565e-20,1
Kernel Ridge Regression,-3.9730828630218453,-2.021023445686645e-21,1
Kernel Ridge Regression,-1.547722797531173,2.902543682224072e-18,1
Kernel Ridge Regression,-1.7568408124580226,1.110507627695434e-15,1
Kernel Ridge Regression,-3.2590502255091702,3.1168165480998083e-21,1
Kernel Ridge Regression,-1.3160847906164357,-0.00587114691734314,1
Kernel Ridge Regression,-1.1630496225248408,1.9798562789219432e-10,1
Kernel Ridge Regression,-3.5222913974306227,-4.975530158597675e-21,1
Kernel Ridge Regression,-3.135663383730844,1.206225738866959e-16,1
Kernel Ridge Regression,-1.0232314473246815,1.3215123439991316e-14,1
Kernel Ridge Regression,-1.935943656763284,1.6983179999038173e-16,1
Kernel Ridge Regression,-3.216247878762871,1.906904098329925e-17,1
Kernel Ridge Regression,-1.1808764741089726,1.4942387605021423e-13,1
Kernel Ridge Regression,-1.706119540338668,2.2587183859390514e-15,1
Kernel Ridge Regression,-1.5862250860093259,3.826883254731683e-12,1
Kernel Ridge Regression,-3.4161712191583424,8.831704002652107e-22,1
Kernel Ridge Regression,-3.2996658499018485,1.0451923347975036e-19,1
Kernel Ridge Regression,-2.988535711454289,3.285984909534253e-18,1
Kernel Ridge Regression,-2.1210586466718686,4.7872404825011206e-15,1
Kernel Ridge Regression,-2.4995431395917818,1.62120782615493e-18,1
Kernel Ridge Regression,-1.5371060964041248,4.692630290424604e-16,1
Kernel Ridge Regression,-3.4715139529702097,-6.041582437480117e-20,1
Kernel Ridge Regression,-3.09259777670544,6.061706583730675e-16,1
Kernel Ridge Regression,-1.7310907007998717,2.827528326832863e-18,1
Kernel Ridge Regression,-1.7176063992666837,1.5174807008297604e-17,1
Kernel Ridge Regression,-2.8326132427713318,1.0995122930071259e-17,1
Kernel Ridge Regression,-1.2684519185896421,9.27313781318162e-13,1
Kernel Ridge Regression,-2.550141932709222,2.365157525472872e-20,1
Kernel Ridge Regression,-2.362468744313884,8.436871671126459e-18,1
Kernel Ridge Regression,-3.231239100298885,-6.971050172980632e-21,1
Kernel Ridge Regression,-2.8197963948012763,1.3749329967407422e-18,1
Kernel Ridge Regression,-2.9211605333956863,6.701507130174923e-21,1
Kernel Ridge Regression,-1.4722472768836088,8.191147413127986e-15,1
Kernel Ridge Regression,-2.110664900131247,9.067699458594099e-18,1
Kernel Ridge Regression,-3.3960495196322524,-1.30679027146893e-21,1
Kernel Ridge Regression,-1.7883466398341077,2.0857855453892125e-19,1
Kernel Ridge Regression,-2.020315121682196,-7.472116343647566e-21,1
Kernel Ridge Regression,-1.7983538696326367,4.426458657079413e-16,1
Kernel Ridge Regression,-2.3662117992181373,4.064847416995754e-14,1
Kernel Ridge Regression,-2.9187956800017982,-4.275367006511286e-21,1
Kernel Ridge Regression,-1.4975728800155672,-4.9727783203125,1
Kernel Ridge Regression,-3.7834435403498214,1.351626355801448e-18,1
Kernel Ridge Regression,-2.3458067992518874,3.0665769064157876e-18,1
Kernel Ridge Regression,-2.5430732387631334,1.1008516638549718e-18,1
Kernel Ridge Regression,-1.3450596755542978,2.0099346449350963e-15,1
Kernel Ridge Regression,-3.739785461604827,-3.861667042258059e-21,1
Kernel Ridge Regression,-2.2151453721747094,1.1717178812936148e-19,1
Kernel Ridge Regression,-1.5213971031085405,1.0845409856644062e-17,1
Kernel Ridge Regression,-3.4629936067206395,-2.191739231220165e-21,1
Kernel Ridge Regression,-2.635540187918821,-6.777936033835408e-20,1
Kernel Ridge Regression,-3.6572596108178765,-3.438800438555517e-21,1
Kernel Ridge Regression,-1.840084037547579,4.43262929210016e-19,1
Kernel Ridge Regression,-1.790442094293253,5.440598499332778e-19,1
Kernel Ridge Regression,-1.3267843126055872,3.5611912080530956e-18,1
Kernel Ridge Regression,-2.1469087646472067,9.851803813567815e-20,1
Kernel Ridge Regression,-1.7892523214132656,3.538419557358452e-13,1
Kernel Ridge Regression,-2.7671936491741276,-1.2214704686932066e-20,1
Kernel Ridge Regression,-1.9011407722544549,1.2826262578247247e-20,1
Kernel Ridge Regression,-1.3467292946628289,8.783086462149303e-20,1
Kernel Ridge Regression,-1.1521693207507044,1.6804862622982197e-15,1
Kernel Ridge Regression,-3.054246410327101,-7.30633125431604e-23,1
Kernel Ridge Regression,-3.7986028756795487,-2.310269553552634e-22,1
Kernel Ridge Regression,-1.86662075613132,9.051960569994577e-14,1
Kernel Ridge Regression,-2.9206284299141125,5.175583065960589e-18,1
Kernel Ridge Regression,-3.7692522846397316,3.0402130059324975e-17,1
Kernel Ridge Regression,-2.5312982881059978,1.451007143316019e-19,1
Kernel Ridge Regression,-1.421235229471209,-0.0014155209064483643,1
Kernel Ridge Regression,-2.5910208366914373,1.2272448614530744e-17,1
Kernel Ridge Regression,-3.9453409907865007,-9.631467621915547e-21,1
Kernel Ridge Regression,-1.2158410977813483,1.1731327020925164e-10,1
Kernel Ridge Regression,-1.5110863339963716,-5.658091165742877e-20,1
Kernel Ridge Regression,-1.167232267440179,4.8168691257899354e-12,1
Kernel Ridge Regression,-2.672496188704653,3.4626706883755798e-18,1
Kernel Ridge Regression,-1.4436245197644126,1.453427222325443e-15,1
Kernel Ridge Regression,-1.4386260150993235,3.431921413721284e-12,1
Kernel Ridge Regression,-3.6688623296866587,2.177701855056105e-19,1
Kernel Ridge Regression,-2.2675571837562845,1.2808154602021726e-16,1
Kernel Ridge Regression,-1.4609239012072235,5.217909437860158e-13,1
Kernel Ridge Regression,-3.5624063821538914,7.692986491896296e-21,1
Kernel Ridge Regression,-2.2689882869552584,-2.7046015040601333e-21,1
Kernel Ridge Regression,-1.763658215013675,4.1149257624307936e-19,1
Kernel Ridge Regression,-2.1481523894209715,-1.0400542507238422e-20,1
Kernel Ridge Regression,-1.8162387276731846,-4.228288797429655e-21,1
Kernel Ridge Regression,-1.0225594503600544,2.1446212479988842e-18,1
Kernel Ridge Regression,-1.8626742516440307,-1.3648480107124957e-21,1
Kernel Ridge Regression,-1.409977601837042,7.540922571168222e-18,1
Kernel Ridge Regression,-2.119103556806872,2.1350922332213917e-15,1
Kernel Ridge Regression,-2.329956957829961,1.896625353514994e-16,1
Kernel Ridge Regression,-2.3087676366549488,-1.2875479824694152e-20,1
Kernel Ridge Regression,-1.0639605458204757,1.2246508230521081e-17,1
Kernel Ridge Regression,-1.3448674070651871,4.234460004859386e-15,1
Kernel Ridge Regression,-1.394827676426251,1.3302906546512963e-16,1
Kernel Ridge Regression,-2.2488337964546146,4.877283472926042e-16,1
Kernel Ridge Regression,-1.2530119718858257,1.976812268565664e-15,1
Kernel Ridge Regression,-3.744840908818875,-4.904771763513216e-22,1
Kernel Ridge Regression,-3.8997432135729384,-3.566234922451092e-21,1
Kernel Ridge Regression,-2.258173837778395,1.0064974027834683e-14,1
Kernel Ridge Regression,-2.568749167088006,2.533581424356019e-17,1
Kernel Ridge Regression,-1.4467153895386817,1.303462546231593e-13,1
Kernel Ridge Regression,-2.540720473654946,6.038497880975907e-17,1
Kernel Ridge Regression,-1.9715416460145745,-11.38409423828125,1
Kernel Ridge Regression,-3.744840908818875,1.0612313668749069e-20,1
Kernel Ridge Regression,-1.4790145740873064,4.4328707371477094e-12,1
Kernel Ridge Regression,-1.2111861770342556,1.0746225598268211e-07,1
Kernel Ridge Regression,-4.034798298974088,-1.3778960789238956e-21,1
Kernel Ridge Regression,-3.3358640560027224,-2.4735595447479463e-20,1
Kernel Ridge Regression,-3.6924119784161333,9.100183172121301e-17,1
Kernel Ridge Regression,-2.9710072633433735,-7.246102165964522e-22,1
Kernel Ridge Regression,-1.2545644486474818,1.0976276446994851e-17,1
Kernel Ridge Regression,-2.1317533670782356,-0.053205251693725586,1
Kernel Ridge Regression,-3.8817848914990014,-3.2591456196653614e-21,1
Kernel Ridge Regression,-3.4116117497612004,-3.578457444964165e-21,1
Kernel Ridge Regression,-1.5226715493865826,3.15619383926824e-15,1
Kernel Ridge Regression,-1.593236649552128,7.67853662597684e-15,1
Kernel Ridge Regression,-1.0471006958966393,1.777430877177369e-16,1
Kernel Ridge Regression,-3.015555503033429,1.3739271451158777e-18,1
Kernel Ridge Regression,-1.5372075124674875,4.001701280184535e-18,1
Kernel Ridge Regression,-1.6819366650372385,1.3398821465671062e-06,1
Kernel Ridge Regression,-4.059833781301273,-1.1834319587983519e-20,1
Kernel Ridge Regression,-2.084073842416984,-2.5457620724661687e-20,1
Kernel Ridge Regression,-1.9644153443855357,2.1482295109453986e-13,1
Kernel Ridge Regression,-2.5585788782984222,9.481971361695356e-21,1
Kernel Ridge Regression,-1.7581838126622393,9.447127867316663e-17,1
Kernel Ridge Regression,-3.844232919056576,-3.532206295326052e-20,1
Kernel Ridge Regression,-1.8057322630823986,3.8635952051126817e-20,1
Kernel Ridge Regression,-0.9490993255496558,9.424088571151346e-16,1
Kernel Ridge Regression,-1.717711472714874,2.3736167111682027e-15,1
Kernel Ridge Regression,-2.8559441417598115,1.1757214354583714e-19,1
Kernel Ridge Regression,-1.8161267212970162,2.401812743916404e-16,1
Kernel Ridge Regression,-2.1639051839291805,1.132271292242186e-16,1
Kernel Ridge Regression,-2.5255934458757454,2.2593677425722402e-18,1
Kernel Ridge Regression,-1.2165796349138172,6.881092917687681e-13,1
Kernel Ridge Regression,-1.5350740375460707,1.3831644163353474e-13,1
Kernel Ridge Regression,-0.7797693247910334,1.35243633105726e-17,1
Kernel Ridge Regression,-1.405215799824956,7.159207173488072e-17,1
Kernel Ridge Regression,-3.7618083196547483,-1.0738884419373186e-21,1
Kernel Ridge Regression,-2.122395441870392,1.118267804744999e-14,1
Kernel Ridge Regression,-2.035715142789073,-7.353816591355412e-21,1
Kernel Ridge Regression,-2.0703010191144675,-9.078472658891989e-20,1
Kernel Ridge Regression,-1.0460152967125962,1.1633319904180012e-16,1
Kernel Ridge Regression,-3.3625502994733605,2.2127941653630545e-18,1
Kernel Ridge Regression,-1.9765773961271407,2.854035164126002e-17,1
Kernel Ridge Regression,-3.3625502994733605,-8.061626317346515e-22,1
Kernel Ridge Regression,-3.8396725549649426,-4.458790314229625e-22,1
Kernel Ridge Regression,0.23583851209189552,1.0839523723049638e-12,1
Kernel Ridge Regression,-0.40966424145785746,-1.221192587706177e-20,1
Kernel Ridge Regression,-0.31923658554998896,1.2403076976865118e-18,1
Kernel Ridge Regression,-0.39778171004309776,2.1757331651982287e-20,1
Kernel Ridge Regression,0.11059120541434526,1.3503781426393857e-13,1
Kernel Ridge Regression,-0.004427072779599359,2.257065698927505e-20,1
Kernel Ridge Regression,0.25792460161657743,2.3773673730586448e-17,1
Kernel Ridge Regression,0.23141740977050707,3.277933480205775e-14,1
Kernel Ridge Regression,-0.43783118657286935,-0.0846710205078125,1
Kernel Ridge Regression,0.27486911420534327,1.7341940803847732e-17,1
Kernel Ridge Regression,-1.9219867657940077,-4.5260601316064695e-22,1
Kernel Ridge Regression,-1.181419364072578,1.3063942289059938e-13,1
Kernel Ridge Regression,-1.5200924815934278,8.924664392923054e-15,1
Kernel Ridge Regression,-2.7286993920768685,2.896508572474885e-18,1
Kernel Ridge Regression,-0.9771273167949791,2.320694092623754e-15,1
Kernel Ridge Regression,-3.1657421077804533,5.771669267701002e-19,1
Kernel Ridge Regression,-1.7181996551162337,2.4136303093684795e-20,1
Kernel Ridge Regression,-1.5923333763280876,8.793591655928727e-19,1
Kernel Ridge Regression,-2.297622719595401,6.353657003081061e-20,1
Kernel Ridge Regression,-1.6163219968838958,5.744189846002001e-14,1
Kernel Ridge Regression,-1.1820723340995358,-0.04359316825866699,1
Kernel Ridge Regression,-3.4519129118061063,-8.220196194538077e-22,1
Kernel Ridge Regression,-3.915670428497184,-2.4737087032778803e-22,1
Kernel Ridge Regression,-2.7488910409678486,4.870935755079759e-20,1
Kernel Ridge Regression,-1.0801819981618899,6.4073191197167034e-12,1
Kernel Ridge Regression,-2.405003945642156,4.994384189697173e-19,1
Kernel Ridge Regression,-2.6216055516158603,2.2863748586998515e-17,1
Kernel Ridge Regression,-1.6115607525200502,6.370907490796385e-16,1
Kernel Ridge Regression,-1.6695950343945678,1.1479939178091203e-15,1
Kernel Ridge Regression,-1.1286832686838821,-6.261381824432512e-21,1
Kernel Ridge Regression,-1.6539166652584223,-2.834246212129069e-21,1
Kernel Ridge Regression,-1.3041517533417322,-6.07477859720459e-22,1
Kernel Ridge Regression,-0.952771189748095,4.0507656636542405e-17,1
Kernel Ridge Regression,-0.7266296487986936,2.6997440727427602e-08,1
Kernel Ridge Regression,-1.8036577587890321,-1.617965278153722e-20,1
Kernel Ridge Regression,-1.3551617678005954,2.269598312388296e-18,1
Kernel Ridge Regression,-1.1400317683551704,9.983807942696987e-17,1
Kernel Ridge Regression,-3.295634963777275,-3.094848851957838e-20,1
Kernel Ridge Regression,-0.8317581654646831,3.815476851565941e-16,1
Kernel Ridge Regression,-3.1791288900792822,-3.830841437794996e-20,1
Kernel Ridge Regression,-3.2503548803911073,-5.464868236999025e-20,1
Kernel Ridge Regression,-0.14567163968046612,8.01287924900862e-11,1
Kernel Ridge Regression,-3.20055468102406,-3.1397805850708466e-21,1
Kernel Ridge Regression,-2.428366273865067,3.067360411891998e-17,1
Kernel Ridge Regression,-2.114518460874232,-2.5602417863708482e-17,1
Kernel Ridge Regression,-1.3089106800327817,4.284430588086252e-09,1
Kernel Ridge Regression,-1.5672159407631352,4.850911339282504e-13,1
Kernel Ridge Regression,-1.2413209034031176,-3.4074859619140625,1
Kernel Ridge Regression,-3.431262194557772,2.4680422500622176e-19,2
Kernel Ridge Regression,-1.8035334240706482,-3.3861802251067274e-15,2
Kernel Ridge Regression,-1.6844526576962697,-5.967448757360216e-16,2
Kernel Ridge Regression,-1.9492654506102318,-1.9895196601282805e-13,2
Kernel Ridge Regression,-1.3240188516817268,-8.267041565201971e-19,2
Kernel Ridge Regression,-3.3692782873859213,6.776263578034403e-20,2
Kernel Ridge Regression,-3.120277513484956,4.462804840846095e-19,2
Kernel Ridge Regression,-0.3239443747054647,3.9203656445279616e-20,2
Kernel Ridge Regression,-1.0745636623476162,2.205222154035744e-20,2
Kernel Ridge Regression,-1.5321588732385725,2.2598483862069218e-20,2
Kernel Ridge Regression,-1.520097156387571,2.73482454122282e-20,2
Kernel Ridge Regression,-1.9196885629650766,4.9365518571705277e-20,2
Kernel Ridge Regression,-1.680228158144333,3.446871952266123e-20,2
Kernel Ridge Regression,-1.4985127097581414,-1.1204974725842476e-09,2
Kernel Ridge Regression,-2.8184713897478226,-3.1712913545201005e-18,2
Kernel Ridge Regression,-1.3355656611938254,3.3881317890172014e-20,2
Kernel Ridge Regression,-2.341290856803062,-2.2768245622195593e-17,2
Kernel Ridge Regression,-0.9582190949069228,-1.8417267710901797e-11,2
Kernel Ridge Regression,-1.5041031112940382,-2.203098814490545e-16,2
Kernel Ridge Regression,-3.057527624268253,7.773644873426341e-19,2
Kernel Ridge Regression,-1.8960550708053778,-2.28125,2
Kernel Ridge Regression,-3.399950007606853,3.4345862522181794e-19,2
Kernel Ridge Regression,-2.7929079641438137,-5.149960319306146e-19,2
Kernel Ridge Regression,-2.808030042713029,-9.540979117872439e-18,2
Kernel Ridge Regression,-1.3607499667563296,-1.6643753042444587e-10,2
Kernel Ridge Regression,-2.2025638997362065,-3.365363543395006e-16,2
Kernel Ridge Regression,-1.8194641482091292,-1.8735013540549517e-15,2
Kernel Ridge Regression,-2.6092962251353855,-1.1796119636642288e-16,2
Kernel Ridge Regression,-0.2659675601094114,-3.157196726277789e-16,2
Kernel Ridge Regression,0.05304456027413388,-0.021240234375,2
Kernel Ridge Regression,-1.0877694915519545,3.2864878353466853e-19,2
Kernel Ridge Regression,-0.6704627883686575,7.69952949054159e-19,2
Kernel Ridge Regression,-0.5732799306060785,-3.3480163086352377e-16,2
Kernel Ridge Regression,-0.5987130334578719,4.1081097941833566e-19,2
Kernel Ridge Regression,-0.7019607372542168,-2.7284841053187847e-12,2
Kernel Ridge Regression,-0.28184511787174465,-2.0328790734103208e-19,2
Kernel Ridge Regression,-0.6945493884044287,-2.778268066994105e-19,2
Kernel Ridge Regression,-0.08363954432116573,-2.8406096919120216e-17,2
Kernel Ridge Regression,-2.2882000233155653,4.461412002788288e-20,2
Kernel Ridge Regression,-2.931358924489361,-6.375108774214766e-17,2
Kernel Ridge Regression,-2.541474704475919,2.1277467635028025e-18,2
Kernel Ridge Regression,-1.9304209166838449,-1.1275702593849246e-16,2
Kernel Ridge Regression,-1.9101052340727014,2.621002007393686e-18,2
Kernel Ridge Regression,-1.1731208384522849,-4.413136522884997e-15,2
Kernel Ridge Regression,-1.7426626842914594,9.046311876675928e-19,2
Kernel Ridge Regression,-1.4817410394981543,-1.936228954946273e-13,2
Kernel Ridge Regression,-2.7515330963273232,6.505213034913027e-19,2
Kernel Ridge Regression,-1.4735211762278637,-6.369687763352339e-19,2
Kernel Ridge Regression,-3.1381335734004905,3.4780544641608703e-19,2
Kernel Ridge Regression,-2.6991941581253336,5.369328617755209e-19,2
Kernel Ridge Regression,-3.20721692140729,1.916464982722058e-18,2
Kernel Ridge Regression,-3.3308765956121587,1.1588705256097474e-18,2
Kernel Ridge Regression,-1.9112124620769755,8.764144026121839e-19,2
Kernel Ridge Regression,-3.20721692140729,4.944712090848591e-19,2
Kernel Ridge Regression,-2.991150818979587,2.505914391290531e-19,2
Kernel Ridge Regression,-3.1413617595139014,3.3955939921181954e-19,2
Kernel Ridge Regression,-1.4326336990343642,-1.6764367671839864e-14,2
Kernel Ridge Regression,-3.130720745231321,2.517921240999165e-19,2
Kernel Ridge Regression,-0.9910136950037374,-1.2168044349891716e-13,2
Kernel Ridge Regression,-1.3158802108242549,-1.096345236817342e-15,2
Kernel Ridge Regression,-2.048440290036772,-6.314393452555578e-16,2
Kernel Ridge Regression,-1.115836390766966,-5.440092820663267e-15,2
Kernel Ridge Regression,-3.873453012328298,2.9838112572336624e-20,2
Kernel Ridge Regression,-2.586212054867284,3.222960364302613e-19,2
Kernel Ridge Regression,-1.4616237416558537,-83.5,2
Kernel Ridge Regression,-1.4729877775908402,-5.421010862427522e-17,2
Kernel Ridge Regression,-1.1202858432048246,-7.424616477180734e-16,2
Kernel Ridge Regression,-1.183812038624167,-1.3891340334970526e-19,2
Kernel Ridge Regression,-1.7028254486283225,-2.303929616531697e-19,2
Kernel Ridge Regression,-3.302921552819786,3.562457518173338e-20,2
Kernel Ridge Regression,-2.01828162271433,-2.927345865710862e-17,2
Kernel Ridge Regression,-2.2476183878149794,-7.355227538141662e-16,2
Kernel Ridge Regression,-2.4555313487080666,1.255144009153263e-18,2
Kernel Ridge Regression,-3.2590502255091702,-3.903127820947816e-18,2
Kernel Ridge Regression,-2.810836301965318,-4.544975507059235e-16,2
Kernel Ridge Regression,-1.1465151741161497,-9.325873406851315e-14,2
Kernel Ridge Regression,-1.2543892714743548,-8.770761894538737e-15,2
Kernel Ridge Regression,-1.41390601215094,-5.906386491005833e-14,2
Kernel Ridge Regression,-2.236090057320799,-3.3584246494910985e-15,2
Kernel Ridge Regression,-2.2175363341456173,-7.15573433840433e-18,2
Kernel Ridge Regression,-3.159004262647741,2.3944562627695003e-19,2
Kernel Ridge Regression,-1.2376574055894478,-5.583641188300348e-18,2
Kernel Ridge Regression,-3.159004262647741,-6.776263578034403e-21,2
Kernel Ridge Regression,-2.0364325385907973,-3.268496584496461e-12,2
Kernel Ridge Regression,-4.441291429466834,2.120017502232989e-20,2
Kernel Ridge Regression,-2.1081088952398566,-1.3784529073745944e-12,2
Kernel Ridge Regression,-2.999290941959355,2.2236666273344515e-18,2
Kernel Ridge Regression,-1.9555954093204297,-6.904199434387692e-16,2
Kernel Ridge Regression,-2.3566470252815495,-4.391018798566293e-18,2
Kernel Ridge Regression,-1.7478447295977892,-1.4203048459560108e-17,2
Kernel Ridge Regression,-1.4886987965534475,-1.1435297153639112e-14,2
Kernel Ridge Regression,-2.4462457037304657,6.352747104407253e-19,2
Kernel Ridge Regression,-1.5518607813097591,-1.2545520178264269e-14,2
Kernel Ridge Regression,-1.6379527351562522,-4.640385298237959e-17,2
Kernel Ridge Regression,-1.3149788474841408,-5.334274688628682e-17,2
Kernel Ridge Regression,-1.3580712288885752,3.3796614595446584e-19,2
Kernel Ridge Regression,-2.8606575042266775,2.8070539523109505e-19,2
Kernel Ridge Regression,-3.508144052188851,7.035204713975885e-20,2
Kernel Ridge Regression,-4.026482380351305,4.0352400128229652e-19,2
Kernel Ridge Regression,-1.8211763195496429,-5.724587470723463e-17,2
Kernel Ridge Regression,-1.272659841843383,-1.7889335846010823e-17,2
Kernel Ridge Regression,-1.4273499677206534,-8.01492205937393e-12,2
Kernel Ridge Regression,-3.7834435403498214,1.027442900008494e-18,2
Kernel Ridge Regression,-1.945720453842236,-6.279698983036042e-16,2
Kernel Ridge Regression,-3.739785461604827,3.360222824201794e-20,2
Kernel Ridge Regression,-2.5037832349706837,-6.201636426617085e-17,2
Kernel Ridge Regression,-3.466783553422354,-4.3368086899420177e-16,2
Kernel Ridge Regression,-1.2175444827866113,-0.0986328125,2
Kernel Ridge Regression,-1.8887177216857802,-3.8163916471489756e-16,2
Kernel Ridge Regression,-1.8555915719713854,-2.5500435096859064e-16,2
Kernel Ridge Regression,-2.9206523063014074,-4.607859233063394e-19,2
Kernel Ridge Regression,-1.3195712003583318,-7.216449660063518e-15,2
Kernel Ridge Regression,-3.926105768520805,2.5495594595372854e-20,2
Kernel Ridge Regression,-1.5625822596100025,-1.124100812432971e-15,2
Kernel Ridge Regression,-2.7555635433899788,1.548376227580861e-18,2
Kernel Ridge Regression,-1.4782087030212006,-2.864908310584724e-11,2
Kernel Ridge Regression,-2.6148556108775285,-7.26415455565288e-18,2
Kernel Ridge Regression,-1.2185345221225936,-1.4850343177386094e-12,2
Kernel Ridge Regression,-3.0153277959856664,-2.0122792321330962e-16,2
Kernel Ridge Regression,-1.0209515518818744,5.844527336054672e-19,2
Kernel Ridge Regression,-2.0630158256502544,-2.040034807748725e-15,2
Kernel Ridge Regression,-3.390442939572028,2.862616837278874e-20,2
Kernel Ridge Regression,-3.1720823887102565,1.133746155274368e-19,2
Kernel Ridge Regression,-0.9637364568210032,-1.4230153513872246e-18,2
Kernel Ridge Regression,-2.809138225804324,2.77085652870563e-19,2
Kernel Ridge Regression,-1.1441412885613946,-6.1257422745431e-18,2
Kernel Ridge Regression,-2.9171991963522217,-7.724940478959219e-19,2
Kernel Ridge Regression,-1.737359048801603,2.8841471854008927e-19,2
Kernel Ridge Regression,-1.4330573818946528,-2.6020852139652106e-16,2
Kernel Ridge Regression,-2.001001072492525,-1.341149413747189e-13,2
Kernel Ridge Regression,-4.219679806977318,6.216390984851218e-20,2
Kernel Ridge Regression,-3.030623697854625,-6.993104012531504e-18,2
Kernel Ridge Regression,-1.3544637580442256,6.8630844551279685e-19,2
Kernel Ridge Regression,-1.9945993491296803,-2.927345865710862e-18,2
Kernel Ridge Regression,-3.5378566631708024,-1.3322676295501878e-13,2
Kernel Ridge Regression,-1.9090244195663402,9.020900888258299e-19,2
Kernel Ridge Regression,-2.4706410072083687,5.692061405548898e-19,2
Kernel Ridge Regression,-1.2394237537905008,-0.00104522705078125,2
Kernel Ridge Regression,-1.3310146489007124,-5.854691731421724e-18,2
Kernel Ridge Regression,-1.2503305415619155,-1.0368239600211382e-10,2
Kernel Ridge Regression,-4.0490653862997,8.29766991859289e-20,2
Kernel Ridge Regression,-1.2189474946453842,-1.6263032587282567e-17,2
Kernel Ridge Regression,-0.7420831923821466,-6.451002926288751e-18,2
Kernel Ridge Regression,-1.1598011320770079,-4.3576253716537394e-15,2
Kernel Ridge Regression,-1.9811271489159006,-1.734723475976807e-18,2
Kernel Ridge Regression,-0.9642747859315978,-9.947598300641403e-14,2
Kernel Ridge Regression,-1.318606216338379,-1.2545520178264269e-14,2
Kernel Ridge Regression,-1.1301967317733737,-0.000560760498046875,2
Kernel Ridge Regression,-1.270721247267063,-4.510281037539698e-16,2
Kernel Ridge Regression,-2.174390400742264,7.182839392716467e-19,2
Kernel Ridge Regression,-1.0144370432648293,-4.141652298894627e-17,2
Kernel Ridge Regression,-2.1834863402339466,6.299807545203859e-20,2
Kernel Ridge Regression,-3.312493333735544,3.5783321157922533e-20,2
Kernel Ridge Regression,-1.4399552960568784,-4.468647674116255e-15,2
Kernel Ridge Regression,-1.215596170273078,-4.334310688136611e-13,2
Kernel Ridge Regression,-1.1177693107076099,-1.5543122344752192e-15,2
Kernel Ridge Regression,-1.917076538816309,1.4987189210480777e-19,2
Kernel Ridge Regression,-1.5609490414532068,-0.234375,2
Kernel Ridge Regression,-1.1984184440476704,-3.694822225952521e-13,2
Kernel Ridge Regression,-2.0948568608862326,-8.271161533457416e-15,2
Kernel Ridge Regression,-1.525605260081181,-1.3969838619232178e-09,2
Kernel Ridge Regression,-2.2176402640700728,-2.098321516541546e-14,2
Kernel Ridge Regression,-2.6904826786431757,9.58841296291868e-19,2
Kernel Ridge Regression,-3.6308973708676717,6.556035011748285e-19,2
Kernel Ridge Regression,-2.7292012545882884,-9.71445146547012e-17,2
Kernel Ridge Regression,-2.443810430479706,-3.2742905609062234e-17,2
Kernel Ridge Regression,-1.5811083204741387,-2.0296264668928643e-16,2
Kernel Ridge Regression,-3.3980116731740355,-3.219646771412954e-15,2
Kernel Ridge Regression,-3.6924119784161333,2.242255030059743e-19,2
Kernel Ridge Regression,-3.233202110369878,8.893845946170154e-19,2
Kernel Ridge Regression,-4.034834060338741,2.809047392963718e-19,2
Kernel Ridge Regression,-2.8398575372186334,-1.723881454251952e-17,2
Kernel Ridge Regression,-3.3466707249611667,1.427250516123496e-18,2
Kernel Ridge Regression,-1.6524312761675333,-1.2663481374630692e-16,2
Kernel Ridge Regression,-2.1032881447661516,-5.655198531684391e-16,2
Kernel Ridge Regression,-1.7613667161535187,-2.3418766925686896e-17,2
Kernel Ridge Regression,-1.3308187576670196,-1.8207657603852567e-14,2
Kernel Ridge Regression,-1.356590498479473,-8.503775461576879e-11,2
Kernel Ridge Regression,-1.8762488134939106,-1.454392162258955e-14,2
Kernel Ridge Regression,-3.0455186942585932,5.430275285288116e-20,2
Kernel Ridge Regression,-3.600326278518962,4.8328814887138415e-20,2
Kernel Ridge Regression,-2.1633711620778806,-2.1006417091906648e-19,2
Kernel Ridge Regression,-4.056947918112584,8.333817529607904e-20,2
Kernel Ridge Regression,-3.3036200184447138,-9.107298248878237e-17,2
Kernel Ridge Regression,-1.694880975742639,-5.312590645178972e-18,2
Kernel Ridge Regression,-2.1956618739690814,-5.551115123125783e-17,2
Kernel Ridge Regression,-3.1090516644066044,1.2794432668276207e-18,2
Kernel Ridge Regression,-4.059833781301273,4.768795493041711e-19,2
Kernel Ridge Regression,-1.5049121890283346,-1.3944401189291966e-13,2
Kernel Ridge Regression,-1.4333467694862632,-6.59383658785373e-12,2
Kernel Ridge Regression,-1.4566894173821427,-3.552713678800501e-13,2
Kernel Ridge Regression,-1.6895586727819518,1.3552527156068805e-19,2
Kernel Ridge Regression,-3.5527489155241385,-6.979551485375435e-19,2
Kernel Ridge Regression,-2.9620793251113042,1.05106200842418e-18,2
Kernel Ridge Regression,-3.31795786632659,7.435146964236897e-19,2
Kernel Ridge Regression,-1.9603652993893874,1.3780167260643399e-18,2
Kernel Ridge Regression,-1.8074474879886533,-5.963111948670274e-19,2
Kernel Ridge Regression,-3.184747097908846,1.354523530047521e-18,2
Kernel Ridge Regression,-1.2067214626499687,-8.659739592076221e-14,2
Kernel Ridge Regression,-1.1026053129321816,-2.609024107869118e-15,2
Kernel Ridge Regression,-1.170757605358798,-1.7997756063259374e-17,2
Kernel Ridge Regression,-1.6189896501583372,8.6714997975159e-19,2
Kernel Ridge Regression,-2.5945173784671853,9.365934465366418e-19,2
Kernel Ridge Regression,-3.312017362295172,2.6083434556846337e-20,2
Kernel Ridge Regression,-1.5097699255058308,-3.1086244689504383e-15,2
Kernel Ridge Regression,-1.9362137770978871,-3.3306690738754696e-15,2
Kernel Ridge Regression,-2.190142441306164,-1.5959455978986625e-16,2
Kernel Ridge Regression,-1.4262388316017447,-1.609823385706477e-15,2
Kernel Ridge Regression,-2.017352405817494,-0.2060546875,2
Kernel Ridge Regression,-1.5736750209710204,-1.5699247457590104e-16,2
Kernel Ridge Regression,0.26528954569788904,-3.1712913545201005e-18,2
Kernel Ridge Regression,-0.202317609683526,8.978549240895584e-20,2
Kernel Ridge Regression,0.3323074801803344,-4.926614671774132e-16,2
Kernel Ridge Regression,-1.7655110123526006,-1.3808398868775384e-15,2
Kernel Ridge Regression,-3.3347136412278577,1.1479829675921713e-19,2
Kernel Ridge Regression,-1.2407370006641907,-2.142730437526552e-14,2
Kernel Ridge Regression,-1.6790364719823858,-6.261657858885883e-14,2
Kernel Ridge Regression,-2.642143447351316,-1.7957098481791167e-19,2
Kernel Ridge Regression,-1.315440666986884,-1.6653345369377348e-15,2
Kernel Ridge Regression,-3.915670428497184,1.8459311497179935e-19,2
Kernel Ridge Regression,-1.1009937914140275,-2.914335439641036e-15,2
Kernel Ridge Regression,-1.2328253445920763,-8.630249292984615e-17,2
Kernel Ridge Regression,-1.852111989478871,-9.658940314238862e-15,2
Kernel Ridge Regression,-2.103347370511212,-7.7021722333370235e-16,2
Kernel Ridge Regression,-2.088287115891733,-0.0108642578125,2
Kernel Ridge Regression,-1.5290505627346085,2.4004239023688015e-19,2
Kernel Ridge Regression,-1.10868225389701,7.334124684456535e-20,2
Kernel Ridge Regression,-1.3469740509457453,5.996251970559931e-20,2
Kernel Ridge Regression,-1.28375174993668,7.478371493133215e-20,2
Kernel Ridge Regression,-1.2818579528648468,5.2116749157934707e-20,2
Kernel Ridge Regression,-1.1431217053996168,-0.0002117156982421875,2
Kernel Ridge Regression,-1.8070894000718147,9.859463506040056e-19,2
Kernel Ridge Regression,-1.4583509625515516,-1.8973538018496328e-17,2
Kernel Ridge Regression,-2.14182332020342,-1.4094628242311558e-18,2
Kernel Ridge Regression,-0.7476890179412806,-2.3201926491189795e-17,2
Kernel Ridge Regression,-1.9406256000139548,3.9228213369714784e-19,2
Kernel Ridge Regression,-0.9568598388437015,-5.89534931288993e-19,2
Kernel Ridge Regression,-1.042642722079717,1.07742590890747e-18,2
Kernel Ridge Regression,-3.4341521813264824,3.2373337593664573e-20,2
Kernel Ridge Regression,-0.9172146296835499,-0.0021514892578125,2
Kernel Ridge Regression,-2.761915740881935,4.0657581468206416e-19,2
Kernel Ridge Regression,-0.428471724353625,-9.603429163007604e-15,2
Kernel Ridge Regression,-1.7998312883961207,-3.599551212651875e-17,2
Kernel Ridge Regression,-0.5935262904426333,7.420008617947671e-19,2
Kernel Ridge Regression,-0.6158874808696795,-6.106226635438361e-15,2
Kernel Ridge Regression,-2.385444450882969,1.179069862577986e-18,2
Kernel Ridge Regression,-1.048516497297764,-5.204170427930421e-17,2
Kernel Ridge Regression,-3.7648251925435416,4.6866761037547434e-20,2
Kernel Ridge Regression,-1.530055677420101,-6.146194664324867e-13,2
Kernel Ridge Regression,-1.4806961523875994,-4.718447854656915e-16,2
Kernel Ridge Regression,-1.9652557068613081,-1.9312351197398048e-19,2
Kernel Ridge Regression,-1.031601943299423,-1.0186340659856796e-08,2
Kernel Ridge Regression,-1.63438498383371,-1.2468324983583301e-17,2
Kernel Ridge Regression,-1.7793995024399858,4.1758724299637007e-19,2
Kernel Ridge Regression,-1.5167709261725162,-3.4283687000424834e-13,2
Kernel Ridge Regression,-1.0945491836072103,-1.214306433183765e-17,2
Kernel Ridge Regression,-1.0884067327209506,-1.4203048459560108e-17,2
Kernel Ridge Regression,-1.011455146773862,-1.7337242752546445e-12,2
Kernel Ridge Regression,-3.3694633107167937,5.808638037227528e-20,2
Kernel Ridge Regression,-3.5076503600642033,-1.0489063757478667e-19,3
Kernel Ridge Regression,-1.9138112509675613,-8.282923432962989e-19,3
Kernel Ridge Regression,-2.158822044993741,-3.9760917684198934e-20,3
Kernel Ridge Regression,-1.169002914533462,1.1175210075591404e-20,3
Kernel Ridge Regression,-2.3969317709673565,-4.8158976806433884e-12,3
Kernel Ridge Regression,-1.641711232958164,1.405856544917931e-20,3
Kernel Ridge Regression,-1.7190338740193807,1.9116676784310292e-21,3
Kernel Ridge Regression,-1.3629507222657735,2.1117527428441527e-21,3
Kernel Ridge Regression,-0.9452141888163385,7.639696071028087e-22,3
Kernel Ridge Regression,-1.4091232046942341,-0.020358145236968994,3
Kernel Ridge Regression,-1.1938637358837367,-3.7556763254897874e-16,3
Kernel Ridge Regression,-1.0056334760903496,-1.1450259143619412e-15,3
Kernel Ridge Regression,-1.0225392132375182,-9.886297509809072e-16,3
Kernel Ridge Regression,-2.3531252756425936,-2.19712405583885e-19,3
Kernel Ridge Regression,-2.772379350111858,1.2140736645593925e-20,3
Kernel Ridge Regression,-2.6396789104480054,-4.179545111883436e-19,3
Kernel Ridge Regression,-1.4349038067728495,1.4058024983218203e-20,3
Kernel Ridge Regression,0.14443509497441417,-2.9802007216195303e-17,3
Kernel Ridge Regression,-0.19201915469350456,-1.775156064318399e-18,3
Kernel Ridge Regression,-1.7661589553081318,2.482319375570415e-20,3
Kernel Ridge Regression,-0.40674416735366103,4.164926762508093e-20,3
Kernel Ridge Regression,-0.5196118275771817,1.5565884767022875e-20,3
Kernel Ridge Regression,-0.4049916766527308,-8.925186165218563e-18,3
Kernel Ridge Regression,-1.1159606660259742,-6.260063171131911e-18,3
Kernel Ridge Regression,-2.9107287853445634,-9.362625742916205e-19,3
Kernel Ridge Regression,-3.2691119889214533,7.541042526291482e-20,3
Kernel Ridge Regression,-2.3140538776829995,4.080201495797642e-20,3
Kernel Ridge Regression,-1.894217061776159,-4.629564452336785e-20,3
Kernel Ridge Regression,-3.0166281405425486,1.1262121413447564e-19,3
Kernel Ridge Regression,-2.9238738790387533,-9.250129179608994e-18,3
Kernel Ridge Regression,-3.579179826019102,1.2896239167051788e-19,3
Kernel Ridge Regression,-3.447382880362,3.471653690699682e-20,3
Kernel Ridge Regression,-2.5493325073158326,4.9309890675511086e-20,3
Kernel Ridge Regression,-2.7237372356215404,1.3583548044626678e-20,3
Kernel Ridge Regression,-2.4751841978240816,3.361656476029571e-20,3
Kernel Ridge Regression,-1.624154843179839,3.707377632885487e-20,3
Kernel Ridge Regression,-3.4317548486561424,2.6950699631940424e-21,3
Kernel Ridge Regression,-2.778538031513268,2.2932858699996708e-20,3
Kernel Ridge Regression,-2.861353792341514,9.285102375907736e-21,3
Kernel Ridge Regression,-2.845233778250056,1.7305006155521473e-20,3
Kernel Ridge Regression,-2.174597252967641,-4.1390132618683378e-19,3
Kernel Ridge Regression,-1.1386989940333996,-6.681395887941921e-17,3
Kernel Ridge Regression,-2.186006727498246,1.5658528995628814e-21,3
Kernel Ridge Regression,-1.4542413778154994,5.2319531086003623e-17,3
Kernel Ridge Regression,-1.4861381638460753,-3.81474522685775e-18,3
Kernel Ridge Regression,-3.434121498561107,1.0785104347789937e-20,3
Kernel Ridge Regression,-2.3478691638008677,1.2578496135393473e-20,3
Kernel Ridge Regression,-1.777268237794943,2.1021968087422645e-20,3
Kernel Ridge Regression,-1.3104931690369908,-1.4687551305389568e-17,3
Kernel Ridge Regression,-1.1286208649028604,-1.0569843611474283e-13,3
Kernel Ridge Regression,-3.7342838339347466,8.822892102692113e-22,3
Kernel Ridge Regression,-3.52120992195253,-8.147331986953297e-19,3
Kernel Ridge Regression,-2.3918623308235594,-1.743552947418986e-15,3
Kernel Ridge Regression,-3.007286136495451,-1.0821904692357755e-18,3
Kernel Ridge Regression,-2.7186459189940226,3.009821382100928e-20,3
Kernel Ridge Regression,-3.302921552819786,-2.626331532080365e-19,3
Kernel Ridge Regression,-3.1782271514224525,-5.215870070514371e-19,3
Kernel Ridge Regression,-3.6472310978345055,1.1441652705712977e-20,3
Kernel Ridge Regression,-1.5554661639976504,3.1156977540095876e-20,3
Kernel Ridge Regression,-1.4113517913995703,-2.8392544391964147e-18,3
Kernel Ridge Regression,-1.6536721058017216,-4.601269316733755e-16,3
Kernel Ridge Regression,-1.622950411914381,-2.6304078781390263e-18,3
Kernel Ridge Regression,-2.2875737313332407,1.27962772810422e-20,3
Kernel Ridge Regression,-1.7113615374852664,8.456008908188179e-21,3
Kernel Ridge Regression,-1.1883246153441216,-1.409072511449061e-14,3
Kernel Ridge Regression,-1.6698969598127007,-6.984977790193783e-18,3
Kernel Ridge Regression,-3.0415646563875622,9.138277817179573e-22,3
Kernel Ridge Regression,-3.7105715966505453,2.3541545887823606e-21,3
Kernel Ridge Regression,-2.470173263354167,-1.677612279508186e-17,3
Kernel Ridge Regression,-2.2826863141215226,-0.11401224136352539,3
Kernel Ridge Regression,-3.40015839520823,1.2458374000814288e-20,3
Kernel Ridge Regression,-3.3388889969343114,1.3600813824326588e-20,3
Kernel Ridge Regression,-2.4911353637922846,2.8324318535040774e-20,3
Kernel Ridge Regression,-2.0559062448512155,-0.004373818635940552,3
Kernel Ridge Regression,-1.262358754468822,6.496788006503718e-20,3
Kernel Ridge Regression,-3.4398948173744337,3.354092852426763e-20,3
Kernel Ridge Regression,-3.690448608815449,5.8252274220282086e-21,3
Kernel Ridge Regression,-1.6846961468463335,-5.918854477176237e-18,3
Kernel Ridge Regression,-1.955139967558483,-2.3086776332477513e-19,3
Kernel Ridge Regression,-2.3552642027188186,4.598710615488557e-21,3
Kernel Ridge Regression,-1.6668842660690988,-2.5902002829240487e-19,3
Kernel Ridge Regression,-1.7883466398341077,1.7728186587024774e-20,3
Kernel Ridge Regression,-1.512256636766295,-2.608861477543245e-17,3
Kernel Ridge Regression,-1.2400249421136365,3.481520480174438e-20,3
Kernel Ridge Regression,-1.7015723913432346,-1.1115983943732607e-19,3
Kernel Ridge Regression,-2.772360579555891,1.1114619095721895e-20,3
Kernel Ridge Regression,-3.7834435403498214,5.667669938945693e-21,3
Kernel Ridge Regression,-1.7340876483093817,-4.8479083703152626e-17,3
Kernel Ridge Regression,-1.936797812533807,-3.2419127264974278e-18,3
Kernel Ridge Regression,-2.258862588858495,-7.139147712761416e-20,3
Kernel Ridge Regression,-1.1738116279378035,-1.282069068964109e-17,3
Kernel Ridge Regression,-1.3819820537899474,-1.227772224166035e-14,3
Kernel Ridge Regression,-1.1134303475678107,-6.96873114769403e-14,3
Kernel Ridge Regression,-3.2861198587119835,6.932947095688432e-20,3
Kernel Ridge Regression,-1.5213971031085405,3.4958307047716056e-20,3
Kernel Ridge Regression,-3.5459650539173615,4.9105787090537894e-21,3
Kernel Ridge Regression,-3.23633470688153,3.438299566154332e-20,3
Kernel Ridge Regression,-1.3173301868582306,-2.8677504815277644e-11,3
Kernel Ridge Regression,-3.5459650539173615,1.5843498374381748e-20,3
Kernel Ridge Regression,-2.8343485837796827,2.3557948749145374e-20,3
Kernel Ridge Regression,-1.2303723324828062,-3.095971596663472e-20,3
Kernel Ridge Regression,-1.9458635904251336,-2.347406229527484e-19,3
Kernel Ridge Regression,-1.4441845681180592,-6.135536523288465e-11,3
Kernel Ridge Regression,-1.42943857964666,-1.2330848148112139e-14,3
Kernel Ridge Regression,-3.172776808882327,7.020581711709596e-20,3
Kernel Ridge Regression,-1.8011659603551675,-8.425860242812153e-19,3
Kernel Ridge Regression,-1.98115226552214,3.1914540887462337e-20,3
Kernel Ridge Regression,-2.049666891178964,-1.3809049390078876e-14,3
Kernel Ridge Regression,-2.484467237840419,4.366404695271282e-20,3
Kernel Ridge Regression,-2.099963060637607,-1.0527169413965254e-14,3
Kernel Ridge Regression,-1.015474675864504,-5.327769475593769e-15,3
Kernel Ridge Regression,-1.4257747559860434,-2.1777555887086963e-16,3
Kernel Ridge Regression,-1.9745795534681516,-4.1021805635525765e-18,3
Kernel Ridge Regression,-1.2563082695173393,-4.4946956313102193e-17,3
Kernel Ridge Regression,-0.6074545522659878,-7.328529059644207e-17,3
Kernel Ridge Regression,-0.5687544073603336,-0.24896717071533203,3
Kernel Ridge Regression,-1.0937551186817627,-1.9685409653659463e-19,3
Kernel Ridge Regression,-0.7705521408719755,-1.8808101895985722e-18,3
Kernel Ridge Regression,-2.00821940080217,-1.93459347302677e-19,3
Kernel Ridge Regression,-1.0111406945890653,-4.096590146100698e-17,3
Kernel Ridge Regression,-1.5708763680120374,-1.4879827784416294e-17,3
Kernel Ridge Regression,-1.982318834323383,3.5403330217269584e-22,3
Kernel Ridge Regression,-3.352587686654944,-7.548122351219884e-19,3
Kernel Ridge Regression,-1.386590637896301,-7.124754120013677e-10,3
Kernel Ridge Regression,-1.6958725916338202,-5.546583496857972e-18,3
Kernel Ridge Regression,-2.7906820711849507,-5.397484522317534e-17,3
Kernel Ridge Regression,-2.2151887800651093,-6.033890021742844e-16,3
Kernel Ridge Regression,-2.034185120528877,1.3537637905042851e-20,3
Kernel Ridge Regression,-2.560133846538238,-1.1132183448848846e-17,3
Kernel Ridge Regression,-2.806163575333855,1.7965406477068497e-20,3
Kernel Ridge Regression,-1.6292558354409146,-1.405112137753406e-12,3
Kernel Ridge Regression,-3.392655441034186,8.378641671520329e-20,3
Kernel Ridge Regression,-2.177111289133642,9.25615105446838e-20,3
Kernel Ridge Regression,-3.6688623296866587,6.056575086082641e-20,3
Kernel Ridge Regression,-2.0990330852672687,-7.056150368861536e-15,3
Kernel Ridge Regression,-1.8793987946410835,-2.945345315840016e-18,3
Kernel Ridge Regression,-3.6688623296866587,1.0057999260761971e-19,3
Kernel Ridge Regression,-1.453797527240351,-9.586862553812026e-14,3
Kernel Ridge Regression,-1.3693953613978682,3.849946725005557e-20,3
Kernel Ridge Regression,-0.9279654459479447,-2.3940268170652423e-15,3
Kernel Ridge Regression,-1.0193030390019762,-8.584043645711893e-18,3
Kernel Ridge Regression,-3.6419813498697473,2.0809120742932435e-21,3
Kernel Ridge Regression,-1.9341938240909706,-3.1489111558668658e-19,3
Kernel Ridge Regression,-2.3465562136207656,-2.5470959012039105e-20,3
Kernel Ridge Regression,-3.542851120580754,9.036241410636073e-21,3
Kernel Ridge Regression,-2.0598606483703086,1.5414097124619394e-20,3
Kernel Ridge Regression,-1.396090167895999,-3.442427924425182e-19,3
Kernel Ridge Regression,-2.7874427365568386,-1.909026974653981e-18,3
Kernel Ridge Regression,-2.0995080091454192,-1.518807002223928e-21,3
Kernel Ridge Regression,-2.653759917660552,8.620483433236692e-20,3
Kernel Ridge Regression,-1.7550940407409845,-1.4264367464988936e-11,3
Kernel Ridge Regression,-3.3707035768809224,3.229625730672872e-20,3
Kernel Ridge Regression,-1.936404341844701,-1.5649981310872363e-13,3
Kernel Ridge Regression,-1.6434286328720604,-2.0125502826762176e-18,3
Kernel Ridge Regression,-2.8217593886833527,-2.8139166344254285e-14,3
Kernel Ridge Regression,-3.233202110369878,2.1231644801772913e-19,3
Kernel Ridge Regression,-2.2313771400186773,-5.129843286808856e-19,3
Kernel Ridge Regression,-2.804329449939637,7.643350485264286e-20,3
Kernel Ridge Regression,-3.290189204280069,7.476280681043888e-20,3
Kernel Ridge Regression,-2.8201877676993385,-2.0679462374266488e-16,3
Kernel Ridge Regression,-2.1622159208236154,-4.484063382588708e-20,3
Kernel Ridge Regression,-3.2402151004002007,2.3364694210429506e-20,3
Kernel Ridge Regression,-2.43241576499949,-2.326968912697014e-17,3
Kernel Ridge Regression,-2.0645418092014314,-6.03862526679024e-21,3
Kernel Ridge Regression,-1.8668031693530753,-4.3818238588771535e-20,3
Kernel Ridge Regression,-2.2270013364351495,1.9784505891043316e-20,3
Kernel Ridge Regression,-2.1980100109869287,-5.757590653675349e-21,3
Kernel Ridge Regression,-1.2662407394987067,-1.9742643934603232e-17,3
Kernel Ridge Regression,-1.0942289641451028,1.5514933088267568e-16,3
Kernel Ridge Regression,-3.393048191942752,6.983120769718601e-20,3
Kernel Ridge Regression,-1.6613977234664838,-1.161126316623351e-15,3
Kernel Ridge Regression,-2.22015815118179,8.833130889208761e-20,3
Kernel Ridge Regression,-2.0742842332450646,8.007832112549292e-20,3
Kernel Ridge Regression,-0.8521750241183932,-1.1429650832012715e-19,3
Kernel Ridge Regression,-1.1149880354485275,3.4802797092556086e-20,3
Kernel Ridge Regression,-0.7856945313640958,-9.790779298413099e-14,3
Kernel Ridge Regression,-3.0397590359811644,6.164083685672673e-21,3
Kernel Ridge Regression,-3.7727484977747765,4.026851384033545e-21,3
Kernel Ridge Regression,-1.7997913808340749,-4.022135950037045e-18,3
Kernel Ridge Regression,-1.2025079170212445,-7.801967537600157e-21,3
Kernel Ridge Regression,-1.4655690967005093,-4.3255590336112966e-19,3
Kernel Ridge Regression,-2.809660176396059,7.040134193438819e-21,3
Kernel Ridge Regression,-1.2183710988289476,-1.754846268298138e-14,3
Kernel Ridge Regression,-1.740666799910411,-7.440390348240978e-19,3
Kernel Ridge Regression,-0.9737395646276028,-4.133970943343002e-12,3
Kernel Ridge Regression,-1.6374387034297335,-1.1291015361348828e-19,3
Kernel Ridge Regression,-1.9643120034496402,-2.379368488396533e-19,3
Kernel Ridge Regression,-1.951987303305516,-2.0903417885520525e-15,3
Kernel Ridge Regression,-1.309961996475505,-1.9906333051660126e-18,3
Kernel Ridge Regression,-1.4562179644760493,-1.044323861328772e-16,3
Kernel Ridge Regression,-2.0008832971741093,-8.570872283382089e-17,3
Kernel Ridge Regression,-3.6368695830464484,2.693888869356174e-22,3
Kernel Ridge Regression,-2.4796814387852613,2.8841409815462985e-20,3
Kernel Ridge Regression,-3.3010769020010144,9.04684366333692e-21,3
Kernel Ridge Regression,-2.006498035079166,-2.6481426304721632e-18,3
Kernel Ridge Regression,-1.428472864706594,-4.665965693245039e-17,3
Kernel Ridge Regression,-2.2355646390433175,-2.165962094212446e-20,3
Kernel Ridge Regression,-1.8486158063184404,6.416853601880112e-21,3
Kernel Ridge Regression,-1.9499388302923257,-7.447107054814908e-21,3
Kernel Ridge Regression,-2.740096874062147,4.2188860803103995e-21,3
Kernel Ridge Regression,-1.7772835288524167,-1.1689054672109345e-19,3
Kernel Ridge Regression,0.25792460161657743,-4.3308455779933475e-16,3
Kernel Ridge Regression,0.013270809352243309,-1.2279198408329177e-18,3
Kernel Ridge Regression,-0.9486409221793155,1.0499415049859736e-20,3
Kernel Ridge Regression,0.13858982128300762,-4.861672655708145e-17,3
Kernel Ridge Regression,-0.8579133376664105,1.4529776426314852e-20,3
Kernel Ridge Regression,0.2034251096067644,-2.0243260258765225e-19,3
Kernel Ridge Regression,-0.8579133376664105,-2.887977031637013e-20,3
Kernel Ridge Regression,-0.002962342870760633,-1.6854632161380492e-20,3
Kernel Ridge Regression,-0.03690399983927772,-7.225402798315995e-18,3
Kernel Ridge Regression,0.004405968258246192,-1.0593332851541182e-16,3
Kernel Ridge Regression,0.2733961152011059,-1.6596099494670113e-13,3
Kernel Ridge Regression,-0.5442825169537446,1.739638376381444e-20,3
Kernel Ridge Regression,-2.2749377863952085,3.494857940371243e-18,3
Kernel Ridge Regression,-1.7473311829109102,-2.0440460116797867e-20,3
Kernel Ridge Regression,-2.1512701073865577,-3.377831868378589e-15,3
Kernel Ridge Regression,-2.327144451312569,3.383530596859875e-21,3
Kernel Ridge Regression,-1.492201494031574,-4.168486302663643e-16,3
Kernel Ridge Regression,-1.816712585545078,-3.1687634905681384e-20,3
Kernel Ridge Regression,-2.1235976234646596,-5.711712569925198e-17,3
Kernel Ridge Regression,-2.3812985463366814,2.3416475015004664e-20,3
Kernel Ridge Regression,-1.1814755688597112,-2.141082450224374e-15,3
Kernel Ridge Regression,-2.3872497229566574,1.9041077315511282e-20,3
Kernel Ridge Regression,-1.7472661616036533,-3.1937112578427377e-19,3
Kernel Ridge Regression,-3.8233531994782193,3.1556705060564664e-21,3
Kernel Ridge Regression,-1.42625067509891,1.3277885499685084e-21,3
Kernel Ridge Regression,-1.4753372030036505,3.2535586978343577e-21,3
Kernel Ridge Regression,-1.2812660713628026,9.843089332297888e-21,3
Kernel Ridge Regression,-1.4753372030036505,4.229956536631308e-20,3
Kernel Ridge Regression,-1.5323301209746991,5.562892361452268e-21,3
Kernel Ridge Regression,-1.6322137070153477,7.469269047240062e-21,3
Kernel Ridge Regression,-1.540907293954747,2.391162742875889e-21,3
Kernel Ridge Regression,-1.3198484161479276,1.9369177031572725e-21,3
Kernel Ridge Regression,-0.9468333037780922,2.5231024509428338e-21,3
Kernel Ridge Regression,-1.7854705731329945,1.1292343433827709e-21,3
Kernel Ridge Regression,-1.7563417007657087,1.3144757170370905e-21,3
Kernel Ridge Regression,-0.8769725367904692,3.4868764895304686e-21,3
Kernel Ridge Regression,-1.629049819754814,2.3289983834807904e-22,3
Kernel Ridge Regression,-0.9422704336465716,-3.1915523826184233e-15,3
Kernel Ridge Regression,-1.5966625231096632,3.82223617448503e-20,3
Kernel Ridge Regression,-0.8959678728621829,-9.521666766675041e-17,3
Kernel Ridge Regression,-2.348164353297759,3.843133955620645e-20,3
Kernel Ridge Regression,-1.2755333695267534,-2.0081592638776513e-14,3
Kernel Ridge Regression,-0.8837798009584171,-9.447127867316663e-17,3
Kernel Ridge Regression,-0.7463040504271798,-3.9968028886505635e-15,3
Kernel Ridge Regression,-0.9679951762893184,-1.0016164601282102e-17,3
Kernel Ridge Regression,-1.5600709478109722,1.0897856416202374e-19,3
Kernel Ridge Regression,-1.148825472087486,-4.764526446987549e-16,3
Kernel Ridge Regression,-2.723197328038221,7.690375703087925e-20,3
Kernel Ridge Regression,-1.450536715424269,9.624057726477238e-20,3
Kernel Ridge Regression,-1.0748372190236377,-7.63047936468142e-16,3
Kernel Ridge Regression,-0.4819145002205912,-1.6003431219102637e-13,3
Kernel Ridge Regression,-0.9800565288767592,-5.640930431094482e-14,3
Kernel Ridge Regression,-3.121373090381552,1.2597883080025989e-20,3
Kernel Ridge Regression,-1.6643405451853508,-1.6172704464391776e-19,3
Kernel Ridge Regression,-1.7462641625323523,-7.140487745353752e-17,3
Kernel Ridge Regression,-1.0775646199327256,1.4349929266569924e-20,3
Kernel Ridge Regression,-1.4158076024067474,-2.1858125661029792e-15,3
Kernel Ridge Regression,-1.9812071611751474,-7.203981335079934e-16,3
Kernel Ridge Regression,-2.064990291304019,1.4652992361141592e-15,4
Kernel Ridge Regression,-2.0772161211350064,-5.217576130527762e-20,4
Kernel Ridge Regression,-2.3146334389286793,2.9987083915170368e-18,4
Kernel Ridge Regression,-2.559953281626918,3.401250635304276e-15,4
Kernel Ridge Regression,-2.642729293000293,2.870316725559006e-20,4
Kernel Ridge Regression,-2.403452823620798,-5.620910637979537e-18,4
Kernel Ridge Regression,-3.366321517882654,1.5719740360957738e-19,4
Kernel Ridge Regression,-2.858166273095228,1.6485908131528854e-18,4
Kernel Ridge Regression,-0.737425984358659,-5.2090083488393025e-21,4
Kernel Ridge Regression,-0.28950830319552845,-0.00011109188199043274,4
Kernel Ridge Regression,-1.5083613986405884,-1.774646937882547e-21,4
Kernel Ridge Regression,-1.1383767799226443,-1.3647116955480735e-21,4
Kernel Ridge Regression,-1.2391607486734533,-5.94019077389643e-22,4
Kernel Ridge Regression,-1.496009274431816,-8.050456551799565e-22,4
Kernel Ridge Regression,-1.820599175381769,-6.2574219099268145e-22,4
Kernel Ridge Regression,-1.6021765542362365,-1.0111215896314271e-22,4
Kernel Ridge Regression,-3.2180472636163895,-1.2063136764378795e-20,4
Kernel Ridge Regression,-1.0225392132375182,4.0005498913586734e-13,4
Kernel Ridge Regression,-1.221874373746708,4.964407164298251e-20,4
Kernel Ridge Regression,-1.6571034663893656,2.6846146780408513e-21,4
Kernel Ridge Regression,-0.9172087828988489,1.3057859914872294e-17,4
Kernel Ridge Regression,-1.3897810295006061,2.8830553069923227e-20,4
Kernel Ridge Regression,-1.5041031112940382,1.1057591609931264e-17,4
Kernel Ridge Regression,-1.8730671060734179,1.5509636485369269e-21,4
Kernel Ridge Regression,-3.2351404478705748,-1.1297487807303985e-21,4
Kernel Ridge Regression,-3.8326531224143645,-1.2481804392433755e-21,4
Kernel Ridge Regression,-2.808030042713029,-3.1679052906826147e-20,4
Kernel Ridge Regression,-3.1597853454922076,4.0174772688271465e-18,4
Kernel Ridge Regression,-1.1061070209631036,1.0497749153910474e-20,4
Kernel Ridge Regression,-2.461494632742434,6.722794623238975e-19,4
Kernel Ridge Regression,-2.272602230242758,3.382837833096862e-20,4
Kernel Ridge Regression,-2.198253243671017,1.9529191631895149e-16,4
Kernel Ridge Regression,-2.736709137429952,8.868699655548542e-20,4
Kernel Ridge Regression,-0.3696586894071177,8.964010089762553e-14,4
Kernel Ridge Regression,-3.0110100837480736,-8.97739118803801e-21,4
Kernel Ridge Regression,-0.3135898872515433,5.523359547510154e-13,4
Kernel Ridge Regression,-2.004293876429448,1.432756230280649e-18,4
Kernel Ridge Regression,-1.8094490244732577,9.55347285384444e-19,4
Kernel Ridge Regression,-1.1005815755977664,3.095905422214468e-17,4
Kernel Ridge Regression,-1.9615865844075526,4.22484152222684e-19,4
Kernel Ridge Regression,-2.0174042079019414,-4.4558565237006495e-20,4
Kernel Ridge Regression,-1.2279630916135922,-5.530298441414061e-15,4
Kernel Ridge Regression,-2.2432421390383843,-2.5683621895922215e-13,4
Kernel Ridge Regression,-2.209721593275448,4.404994842195989e-18,4
Kernel Ridge Regression,-2.8170555006405635,-9.416954965548688e-20,4
Kernel Ridge Regression,-3.349843097267282,-1.2947284271742584e-19,4
Kernel Ridge Regression,-2.67596440114224,-9.391294797049463e-20,4
Kernel Ridge Regression,-2.2415951055389973,-5.364301614463329e-06,4
Kernel Ridge Regression,-2.9119908501955227,-1.5313508271526087e-20,4
Kernel Ridge Regression,-3.310333372786738,-1.4516673435635078e-20,4
Kernel Ridge Regression,-3.9019276346378216,-4.430367164571105e-20,4
Kernel Ridge Regression,-2.6788398129059168,4.070522707148947e-19,4
Kernel Ridge Regression,-3.3458359767686834,-5.184938069541122e-21,4
Kernel Ridge Regression,-2.492075482831661,-0.0003199726343154907,4
Kernel Ridge Regression,-2.6732644443606475,-9.652559591575945e-21,4
Kernel Ridge Regression,-3.0605406542001403,-1.2159212197134534e-21,4
Kernel Ridge Regression,-1.4370923600242806,5.510628398042172e-09,4
Kernel Ridge Regression,-2.635616939296958,-2.8262150742128585e-20,4
Kernel Ridge Regression,-1.3870823799964922,4.691802502065912e-13,4
Kernel Ridge Regression,-1.4100025284401918,9.643300697900759e-17,4
Kernel Ridge Regression,-1.392520817816124,1.0911410663894117e-15,4
Kernel Ridge Regression,-2.5038360209902844,-9.672419681095461e-20,4
Kernel Ridge Regression,-3.6203410251864447,-5.883366050753451e-20,4
Kernel Ridge Regression,-3.52120992195253,1.610040226140974e-16,4
Kernel Ridge Regression,-2.2669235674490644,1.4162390878091902e-17,4
Kernel Ridge Regression,-1.2227575127427186,-3.052099358690337e-20,4
Kernel Ridge Regression,-3.3114386993585976,-4.9815298029780986e-20,4
Kernel Ridge Regression,-2.270552443792131,4.1099626787554754e-19,4
Kernel Ridge Regression,-2.5342163548062593,-2.893808654955512e-20,4
Kernel Ridge Regression,-3.9730828630218453,-6.563080581906491e-21,4
Kernel Ridge Regression,-3.6472310978345055,-1.3127220611897302e-20,4
Kernel Ridge Regression,-1.5623567401916558,1.582554007002572e-17,4
Kernel Ridge Regression,-2.2317936703338876,-2.9163327668794596e-20,4
Kernel Ridge Regression,-1.9704478542261563,4.845293156090615e-20,4
Kernel Ridge Regression,-1.9381605982067327,1.0515384644570105e-18,4
Kernel Ridge Regression,-2.5339607001524365,1.5268602354678862e-14,4
Kernel Ridge Regression,-3.285204336328503,6.893392352771911e-20,4
Kernel Ridge Regression,-3.20266873961377,-4.619655352700036e-14,4
Kernel Ridge Regression,-2.9741896629359488,6.260725445017545e-16,4
Kernel Ridge Regression,-2.4308272469150642,1.7035950151652116e-19,4
Kernel Ridge Regression,-3.246574755779347,-7.100156486637198e-21,4
Kernel Ridge Regression,-3.688222835963096,-2.9422469056761325e-21,4
Kernel Ridge Regression,-4.043611115346274,-1.6783889731263033e-20,4
Kernel Ridge Regression,-3.7551664480113374,-6.163254243238132e-20,4
Kernel Ridge Regression,-1.4855749296151965,4.7890511001291713e-14,4
Kernel Ridge Regression,-1.883787384700319,2.962630081919924e-20,4
Kernel Ridge Regression,-2.8667990786740405,-6.306476688892568e-20,4
Kernel Ridge Regression,-2.848471723996311,5.207151983904756e-16,4
Kernel Ridge Regression,-3.8287505085021976,-5.340063071623396e-21,4
Kernel Ridge Regression,-2.2625101343415968,-3.7834207242409795e-20,4
Kernel Ridge Regression,-3.3960495196322524,-2.0834129425919918e-20,4
Kernel Ridge Regression,-2.0615953180564492,1.2415980994420945e-21,4
Kernel Ridge Regression,-3.333901540815397,7.032491044578829e-19,4
Kernel Ridge Regression,-2.1620771953880977,-1.918624751301434e-20,4
Kernel Ridge Regression,-1.3752808174958797,3.6987557114342984e-16,4
Kernel Ridge Regression,-3.9030899869919438,-1.7950342997434154e-21,4
Kernel Ridge Regression,-3.3980931244651527,-5.2589248213977564e-20,4
Kernel Ridge Regression,-1.012145447578458,2.896646037697792e-06,4
Kernel Ridge Regression,-2.0731453982830836,-5.201709772403229e-20,4
Kernel Ridge Regression,-1.556016572040716,1.1888801054737996e-10,4
Kernel Ridge Regression,-1.0474177734305667,2.4609654591944974e-14,4
Kernel Ridge Regression,-1.1893279510795818,1.8082168190409185e-19,4
Kernel Ridge Regression,-1.9705460914481276,4.969358258222201e-13,4
Kernel Ridge Regression,-2.0116848782875407,2.482865326639168e-20,4
Kernel Ridge Regression,-1.2834663142150111,9.695816740630525e-17,4
Kernel Ridge Regression,-1.479191830676853,3.595485454505054e-17,4
Kernel Ridge Regression,-1.0807113206322263,4.413777787704021e-08,4
Kernel Ridge Regression,-1.6993207301372903,9.875874769393108e-20,4
Kernel Ridge Regression,-2.646263945417837,5.640445335325589e-19,4
Kernel Ridge Regression,-2.176441984856953,4.8602750513451753e-17,4
Kernel Ridge Regression,-3.289282825523282,4.464094024991816e-15,4
Kernel Ridge Regression,-1.8350242298439021,-0.00038386881351470947,4
Kernel Ridge Regression,-1.6517269019834395,6.150949975053388e-16,4
Kernel Ridge Regression,-3.1720823887102565,-2.0187839157724172e-19,4
Kernel Ridge Regression,-2.5142250705986213,-4.670261738474394e-21,4
Kernel Ridge Regression,-1.4115626764192806,-2.945506252099994e-16,4
Kernel Ridge Regression,-0.9349414936187838,1.854853076688201e-14,4
Kernel Ridge Regression,-2.1372208240925845,1.945528800724721e-21,4
Kernel Ridge Regression,-0.6538319472043919,2.4236168627567167e-13,4
Kernel Ridge Regression,-1.4215944093236903,5.53562500810287e-19,4
Kernel Ridge Regression,-2.536796608945731,-3.424837928699242e-21,4
Kernel Ridge Regression,-2.8108233787082515,1.251027958425199e-19,4
Kernel Ridge Regression,-2.8641555620169683,-4.6607491614300344e-20,4
Kernel Ridge Regression,-3.437187483030755,-5.930719555882698e-20,4
Kernel Ridge Regression,-1.5438464586997465,8.982276185863503e-17,4
Kernel Ridge Regression,-2.9753058553179503,-2.856089219023094e-20,4
Kernel Ridge Regression,-1.881362165893176,2.2068935220942443e-16,4
Kernel Ridge Regression,-2.0893959764848726,2.1281702799764296e-20,4
Kernel Ridge Regression,-1.297434930657182,1.931441118152577e-13,4
Kernel Ridge Regression,-1.2327435377262763,1.1502178028121365e-18,4
Kernel Ridge Regression,-1.4486812373435975,3.9987457789436576e-13,4
Kernel Ridge Regression,-1.3168403571338247,2.953279981676715e-14,4
Kernel Ridge Regression,-1.8347593251696876,2.161310444037754e-18,4
Kernel Ridge Regression,-2.8947429719805546,2.0462463121091777e-19,4
Kernel Ridge Regression,-1.4001202888111866,7.145781701274091e-19,4
Kernel Ridge Regression,-1.1843962080688974,7.09474796620202e-18,4
Kernel Ridge Regression,-1.302742708063045,8.94857105082636e-15,4
Kernel Ridge Regression,-1.2297848289673887,6.044215353369874e-18,4
Kernel Ridge Regression,-2.062592350526869,-2.5579267973495267e-20,4
Kernel Ridge Regression,-1.5310782741493767,1.399791740852585e-14,4
Kernel Ridge Regression,-2.0129990008635867,4.466506374825596e-16,4
Kernel Ridge Regression,-1.8019484611556353,6.295506206018583e-20,4
Kernel Ridge Regression,-1.3284164293502903,6.183001701777491e-17,4
Kernel Ridge Regression,-0.7242679085347501,6.269399062397429e-16,4
Kernel Ridge Regression,-1.2640972244503184,-6.307219083492334e-19,4
Kernel Ridge Regression,-1.4337063496845048,-5.136791603954302e-21,4
Kernel Ridge Regression,-3.119103556806872,-1.3728303036236324e-20,4
Kernel Ridge Regression,-1.351662241081682,3.386505485758473e-15,4
Kernel Ridge Regression,-1.0624918421054752,2.8140467386861268e-15,4
Kernel Ridge Regression,-3.2740051086991615,6.176557633933458e-21,4
Kernel Ridge Regression,-1.8171279243372191,-2.860132064266947e-21,4
Kernel Ridge Regression,-1.7701752248722789,5.401928904191777e-15,4
Kernel Ridge Regression,-2.17663866294089,-2.8433201973432354e-17,4
Kernel Ridge Regression,-2.540720473654946,3.5816258779056056e-19,4
Kernel Ridge Regression,-2.436631774638256,7.9970074616173e-17,4
Kernel Ridge Regression,-1.7448404020099417,5.125078726480551e-19,4
Kernel Ridge Regression,-2.345229430009625,1.2571887975099116e-13,4
Kernel Ridge Regression,-2.626594359719023,-1.2199921418422095e-19,4
Kernel Ridge Regression,-2.5444075781780136,2.133887752370396e-18,4
Kernel Ridge Regression,-1.945164608357066,2.800883846685795e-17,4
Kernel Ridge Regression,-2.300301079838426,7.63229625035328e-19,4
Kernel Ridge Regression,-2.483384252706259,-7.481021459929582e-20,4
Kernel Ridge Regression,-2.3582852103076553,4.359509172928433e-17,4
Kernel Ridge Regression,-2.0864005407417032,1.2340423008547902e-17,4
Kernel Ridge Regression,-1.7083201719567802,2.171223270619471e-15,4
Kernel Ridge Regression,-2.7386203038591304,2.8898381880152575e-20,4
Kernel Ridge Regression,-1.6345122959030371,1.4942852329647934e-19,4
Kernel Ridge Regression,-2.579721210352638,-3.5477776472399357e-20,4
Kernel Ridge Regression,-2.26736728311359,2.9971731443001384e-19,4
Kernel Ridge Regression,-1.95795837174818,-4.848736295390367e-20,4
Kernel Ridge Regression,-2.025135764586199,8.304734531354788e-18,4
Kernel Ridge Regression,-1.753896033344213,1.961079796240718e-20,4
Kernel Ridge Regression,-1.1848306140119889,5.6862067138174766e-15,4
Kernel Ridge Regression,-1.7246442506203672,-0.03094959259033203,4
Kernel Ridge Regression,-1.5951494590693263,-7.542232825258506e-21,4
Kernel Ridge Regression,-1.7139992395270756,7.174369063243924e-18,4
Kernel Ridge Regression,-1.6404184550270633,-8.760861773451228e-18,4
Kernel Ridge Regression,-1.5279900670983446,2.130240428499519e-13,4
Kernel Ridge Regression,-2.5783960731301687,1.5492762000873187e-19,4
Kernel Ridge Regression,-2.432175336754664,1.70279033386532e-17,4
Kernel Ridge Regression,-1.586700235918748,1.7815748876159887e-12,4
Kernel Ridge Regression,-4.059833781301273,-1.8896072661455263e-21,4
Kernel Ridge Regression,-3.6546223480637448,-1.3259029903803067e-20,4
Kernel Ridge Regression,-1.6663570851479517,6.018241460736817e-13,4
Kernel Ridge Regression,-2.292547184423849,-4.4495699510452465e-20,4
Kernel Ridge Regression,-1.9412408278950934,-5.943044547009738e-20,4
Kernel Ridge Regression,-1.8196475705694013,-9.869091888370173e-21,4
Kernel Ridge Regression,-1.6159918285387698,2.5260826416739768e-15,4
Kernel Ridge Regression,-0.9751054096242024,1.8830770276423436e-13,4
Kernel Ridge Regression,-1.5281785967617054,-0.4067535400390625,4
Kernel Ridge Regression,-1.2862388841839494,4.4228509743504674e-14,4
Kernel Ridge Regression,-3.064232839852069,-4.069408866347905e-21,4
Kernel Ridge Regression,-2.850003549488979,7.128973391227014e-20,4
Kernel Ridge Regression,-1.6362623936895822,-7.680992373014277e-21,4
Kernel Ridge Regression,-3.0397590359811644,5.813187117006263e-18,4
Kernel Ridge Regression,-1.2800471306587051,1.5975041385216104e-17,4
Kernel Ridge Regression,-2.2355646390433175,-0.21112060546875,4
Kernel Ridge Regression,-2.314076075024747,-5.375640005828989e-22,4
Kernel Ridge Regression,-2.3822676402388554,3.1110097137299064e-15,4
Kernel Ridge Regression,-3.05329283374744,1.1809037219960161e-21,4
Kernel Ridge Regression,-1.8884660362981867,-4.820676261061037e-19,4
Kernel Ridge Regression,-1.514016684929528,3.301395615218361e-15,4
Kernel Ridge Regression,-2.4881639462888585,6.365981994208101e-20,4
Kernel Ridge Regression,-3.360662949678316,1.2921487610364352e-18,4
Kernel Ridge Regression,-2.152965298392503,1.3642736164951388e-17,4
Kernel Ridge Regression,-1.391500388590343,4.69960984190998e-16,4
Kernel Ridge Regression,-1.4541338573389984,2.0883089094786422e-16,4
Kernel Ridge Regression,-2.464359595395084,1.3681567331627078e-19,4
Kernel Ridge Regression,0.3580642293861346,2.528075710198866e-18,4
Kernel Ridge Regression,0.10764671163334447,4.323510438553058e-09,4
Kernel Ridge Regression,-0.2703526265197312,1.21688194273901e-19,4
Kernel Ridge Regression,0.011790398005349874,1.5732048808472527e-18,4
Kernel Ridge Regression,0.2461448119736277,2.049025638967356e-19,4
Kernel Ridge Regression,0.23583851209189552,-6.981177788634163e-16,4
Kernel Ridge Regression,-0.3118025518663407,6.273337765602162e-21,4
Kernel Ridge Regression,-3.6464665167152384,-3.1766609752521654e-21,4
Kernel Ridge Regression,-1.4739374796247893,3.6896381061524153e-07,4
Kernel Ridge Regression,-0.8847086972378616,5.537477892674988e-20,4
Kernel Ridge Regression,-1.098047311203653,3.2068098176907256e-14,4
Kernel Ridge Regression,-1.6314222073485498,6.1255305163062865e-18,4
Kernel Ridge Regression,-1.5941100276318725,-2.8537731133079455e-23,4
Kernel Ridge Regression,-1.621304790891127,3.9815262198317214e-11,4
Kernel Ridge Regression,-2.5395917281791975,-1.6284208410963924e-19,4
Kernel Ridge Regression,-2.2038635814094025,-3.191457514928331e-15,4
Kernel Ridge Regression,-1.9190397324043553,2.404218317486606e-15,4
Kernel Ridge Regression,-3.4519129118061063,4.300280394091676e-19,4
Kernel Ridge Regression,-2.5479760718766045,-6.949709821944526e-20,4
Kernel Ridge Regression,-1.7868132829404095,-1.4606355256461363e-20,4
Kernel Ridge Regression,-1.862548056774303,2.9490510849842534e-18,4
Kernel Ridge Regression,-1.7236216619186897,7.662683557336028e-18,4
Kernel Ridge Regression,-1.455583530702784,2.5009683213284006e-10,4
Kernel Ridge Regression,-1.947863458882499,6.151576779434356e-19,4
Kernel Ridge Regression,-1.649488441015367,-6.093610485893557e-21,4
Kernel Ridge Regression,-1.3198484161479276,-1.4617877639480288e-21,4
Kernel Ridge Regression,-1.5240818424273839,-1.2267149013458658e-21,4
Kernel Ridge Regression,-1.793068638288037,-5.439100768191675e-21,4
Kernel Ridge Regression,-1.4094344835568617,-9.29913260552842e-21,4
Kernel Ridge Regression,-1.1543394167845993,4.4162180287471084e-18,4
Kernel Ridge Regression,-0.5052921847488494,-1.5193653491374012e-20,4
Kernel Ridge Regression,-1.3991403077454354,-1.4310638187473655e-20,4
Kernel Ridge Regression,-0.8609839615611586,6.042394232533277e-17,4
Kernel Ridge Regression,-2.0401269907408133,-1.9279113884851188e-20,4
Kernel Ridge Regression,-1.8459806844208395,-1.7424973193735804e-20,4
Kernel Ridge Regression,-1.0181181552809078,2.5582512589448006e-18,4
Kernel Ridge Regression,-2.6212424559235727,-4.155630189463534e-21,4
Kernel Ridge Regression,-3.2172494016790187,-2.5196018191644865e-20,4
Kernel Ridge Regression,-1.483088664742514,1.4817782621029917e-18,4
Kernel Ridge Regression,-1.466507781947675,-1.3325342000831116e-19,4
Kernel Ridge Regression,-3.1791288900792822,-6.279458902135054e-20,4
Kernel Ridge Regression,-2.0560190796534115,1.958101946035527e-19,4
Kernel Ridge Regression,-1.025762740954669,4.1955328100584666e-13,4
Kernel Ridge Regression,-0.6143935172969877,4.123568145470748e-18,4
Kernel Ridge Regression,-0.37949908787793823,3.075664722906879e-15,4
Kernel Ridge Regression,-1.2028902052841348,-1.5554018318653107e-05,4
Kernel Ridge Regression,-3.4495551653497865,-1.1218515484818612e-20,4
Kernel Ridge Regression,-3.241946952668458,1.802856688671575e-18,4
Kernel Ridge Regression,-1.3068936298450675,2.971773938043043e-10,4
Kernel Ridge Regression,-1.475460019768368,2.0052446235061493e-18,4
Kernel Ridge Regression,-1.0940337585544895,2.3355874729353264e-18,4
Kernel Ridge Regression,-2.3969317709673565,9.414691248821327e-14,5
Kernel Ridge Regression,-1.7636611133035243,8.809142651444724e-19,5
Kernel Ridge Regression,-3.7465335671940925,1.3674776413058152e-20,5
Kernel Ridge Regression,-3.431262194557772,9.219755107516046e-21,5
Kernel Ridge Regression,-1.9492654506102318,1.3753697481041702e-19,5
Kernel Ridge Regression,-2.218903098366632,1.1600963245594897e-16,5
Kernel Ridge Regression,-3.5076503600642033,1.8224236460615167e-20,5
Kernel Ridge Regression,-2.1263969370231783,1.8865117801247777e-16,5
Kernel Ridge Regression,-2.2593946471787434,8.621575675604731e-16,5
Kernel Ridge Regression,-2.7922905193547125,5.509949321889224e-19,5
Kernel Ridge Regression,-1.524080623031204,3.8678965442979574e-21,5
Kernel Ridge Regression,-1.5393527377902698,5.448341426854157e-22,5
Kernel Ridge Regression,-1.2059345608151744,8.521123532032588e-22,5
Kernel Ridge Regression,-1.4103143043656896,2.068571916841984e-21,5
Kernel Ridge Regression,-1.414958380703708,2.0766110784202337e-22,5
Kernel Ridge Regression,-1.7566657394319904,1.1555583910395085e-21,5
Kernel Ridge Regression,-1.6390957814475864,5.13501445810702e-22,5
Kernel Ridge Regression,-0.9407520429016281,1.7193441785990517e-22,5
Kernel Ridge Regression,-1.103883331173482,1.2939172731860735e-21,5
Kernel Ridge Regression,-1.2247774230710238,4.688459711950561e-21,5
Kernel Ridge Regression,-1.339883282003717,4.30970363562988e-18,5
Kernel Ridge Regression,-1.833927238128002,1.0062751413381088e-18,5
Kernel Ridge Regression,-2.123767317417046,1.0554824616176633e-20,5
Kernel Ridge Regression,-1.1345513868310089,2.9282132274488504e-15,5
Kernel Ridge Regression,-1.778416668028348,6.76779324856186e-19,5
Kernel Ridge Regression,-1.1631032781134523,5.4616684438957286e-18,5
Kernel Ridge Regression,-1.4201920378605053,1.547373340571312e-15,5
Kernel Ridge Regression,-2.4318269168378195,1.599198204416119e-18,5
Kernel Ridge Regression,-1.7873296113427601,2.3869388453626184e-18,5
Kernel Ridge Regression,-2.9688776583453143,8.229094489164979e-17,5
Kernel Ridge Regression,-2.66118307205398,5.2120650396966274e-21,5
Kernel Ridge Regression,-2.9142603715445343,3.9641141931501256e-19,5
Kernel Ridge Regression,-3.3816182003459216,8.613858233518025e-22,5
Kernel Ridge Regression,-0.7406200937095554,1.8168856718604742e-19,5
Kernel Ridge Regression,-1.694125814017541,3.1457785728039263e-21,5
Kernel Ridge Regression,0.1297019665778856,1.5439038936193583e-16,5
Kernel Ridge Regression,-0.16542042319834802,4.8551928536616495e-18,5
Kernel Ridge Regression,-1.5018248431082857,1.4177213954668852e-19,5
Kernel Ridge Regression,0.20995355888867073,3.473783760643556e-16,5
Kernel Ridge Regression,-0.9300930772084189,2.6827121626319794e-20,5
Kernel Ridge Regression,-0.14570591755806434,6.96684599116662e-20,5
Kernel Ridge Regression,-0.012750569114115418,5.128784495624789e-19,5
Kernel Ridge Regression,-3.6800158253354924,1.2170269578401483e-20,5
Kernel Ridge Regression,-1.8033790498935367,-0.0005998611450195312,5
Kernel Ridge Regression,-2.465962973225779,2.2646272877790974e-17,5
Kernel Ridge Regression,-1.5397653155309607,2.626371342628886e-15,5
Kernel Ridge Regression,-2.1460708341762897,2.780978572425319e-17,5
Kernel Ridge Regression,-3.0775844181294625,7.543887186483612e-20,5
Kernel Ridge Regression,-2.8170555006405635,4.5102810375396984e-17,5
Kernel Ridge Regression,-2.1223515198479075,3.576067224189249e-20,5
Kernel Ridge Regression,-3.810574259769909,3.779609882358263e-21,5
Kernel Ridge Regression,-2.0468682910310587,4.1301326508119685e-18,5
Kernel Ridge Regression,-2.557865138098485,2.5811240436528106e-20,5
Kernel Ridge Regression,-2.97249382976246,1.0462550964485118e-17,5
Kernel Ridge Regression,-3.447382880362,4.6613281878588216e-20,5
Kernel Ridge Regression,-2.3339531661956356,6.876035777075076e-21,5
Kernel Ridge Regression,-1.1468871297310963,1.1072639679634828e-20,5
Kernel Ridge Regression,-3.310333372786738,1.5564230405797769e-19,5
Kernel Ridge Regression,-1.3360910210889294,2.9688504801263227e-19,5
Kernel Ridge Regression,-1.415304935020491,1.7618285302889447e-19,5
Kernel Ridge Regression,-2.7233828886420643,4.881027358552906e-20,5
Kernel Ridge Regression,-1.8336101498155517,1.545835128739098e-20,5
Kernel Ridge Regression,-1.8319016673890882,1.0545560193316039e-19,5
Kernel Ridge Regression,-1.0599038235929437,7.216720710606639e-19,5
Kernel Ridge Regression,-2.861353792341514,4.436335061244398e-20,5
Kernel Ridge Regression,-2.7103007043055714,1.1759199588053841e-20,5
Kernel Ridge Regression,-2.9864932974615632,1.3254371558635292e-17,5
Kernel Ridge Regression,-3.434121498561107,1.7436926922939476e-21,5
Kernel Ridge Regression,-1.5372443207314632,1.7621459846850485e-12,5
Kernel Ridge Regression,-1.6435374468814823,4.107825191113079e-15,5
Kernel Ridge Regression,-2.8807530211105905,1.6501557065229377e-16,5
Kernel Ridge Regression,-1.8026465968079968,5.116079001415974e-19,5
Kernel Ridge Regression,-1.0556956867709293,2.4444841462167074e-20,5
Kernel Ridge Regression,-2.715845949095462,3.222960364302613e-19,5
Kernel Ridge Regression,-1.2886807788238237,3.366955965335844e-19,5
Kernel Ridge Regression,-1.3266108732423414,7.670730370334944e-18,5
Kernel Ridge Regression,-2.6799272800459657,4.728164381353106e-21,5
Kernel Ridge Regression,-1.4197155850010228,1.2533440641403475e-20,5
Kernel Ridge Regression,-2.691578169406441,3.3542504711270293e-19,5
Kernel Ridge Regression,-3.7342838339347466,4.415918240398543e-21,5
Kernel Ridge Regression,-3.6203410251864447,2.02192927005165e-20,5
Kernel Ridge Regression,-1.794765718416369,1.2411946470614055e-15,5
Kernel Ridge Regression,-2.3083760229550343,5.3416015236224315e-20,5
Kernel Ridge Regression,-2.9303729669440868,2.0540548970916783e-20,5
Kernel Ridge Regression,-2.8871236492020507,5.9674487573602164e-15,5
Kernel Ridge Regression,-3.5222913974306227,1.1844908734404136e-17,5
Kernel Ridge Regression,-2.498525274280529,1.974603206639225e-17,5
Kernel Ridge Regression,-2.457678098889193,1.5590827240341554e-16,5
Kernel Ridge Regression,-2.663203768289533,-1.2874900798265365e-19,5
Kernel Ridge Regression,-1.7751555586449395,5.747118547120428e-19,5
Kernel Ridge Regression,-1.5942049925158137,1.1232334506949826e-16,5
Kernel Ridge Regression,-2.4934863088506534,3.271664758769735e-20,5
Kernel Ridge Regression,-3.848875409949318,4.466982683541114e-22,5
Kernel Ridge Regression,-2.182199963303041,2.9878322038712213e-12,5
Kernel Ridge Regression,-2.644753893986956,2.3662712414496134e-17,5
Kernel Ridge Regression,-2.7592630971786845,3.536362554786704e-19,5
Kernel Ridge Regression,-3.688222835963096,1.327914396362003e-20,5
Kernel Ridge Regression,-3.688222835963096,4.599388903590851e-19,5
Kernel Ridge Regression,-1.987977989665314,1.2720745351358452e-20,5
Kernel Ridge Regression,-1.5650446341096866,1.070930011337623e-10,5
Kernel Ridge Regression,-2.248890796910272,2.6281060661048627e-16,5
Kernel Ridge Regression,-2.0061846218108834,1.6341095143701523e-15,5
Kernel Ridge Regression,-3.339134521996131,1.9439406139486193e-19,5
Kernel Ridge Regression,-2.287736284945912,1.8279648628105605e-16,5
Kernel Ridge Regression,-2.848471723996311,3.0789647632693817e-19,5
Kernel Ridge Regression,-3.1495014132834878,4.019105160272651e-20,5
Kernel Ridge Regression,-2.7669040895368373,-4.126744519022951e-18,5
Kernel Ridge Regression,-2.082759927050954,3.832654679736258e-17,5
Kernel Ridge Regression,-2.258697330779929,9.804406364468526e-20,5
Kernel Ridge Regression,-2.618445069067542,4.194507154803295e-18,5
Kernel Ridge Regression,-3.190894343543139,1.2468324983583301e-18,5
Kernel Ridge Regression,-1.6253102968663857,2.44795830478943e-20,5
Kernel Ridge Regression,-1.7818010064165613,7.345469718589293e-17,5
Kernel Ridge Regression,-1.9070646816834933,-6.51925802230835e-06,5
Kernel Ridge Regression,-1.7565625592771141,3.585998685495806e-17,5
Kernel Ridge Regression,-2.2414236426625673,1.5602346888424212e-18,5
Kernel Ridge Regression,-1.3982848993986936,2.0472512574087887e-13,5
Kernel Ridge Regression,-3.48241354468584,1.900447457340581e-20,5
Kernel Ridge Regression,-2.728175115284189,5.574535584117364e-20,5
Kernel Ridge Regression,-2.728175115284189,5.166900978251232e-20,5
Kernel Ridge Regression,-2.000920332458684,1.844414242646239e-19,5
Kernel Ridge Regression,-1.2174698965346429,1.928128767758608e-08,5
Kernel Ridge Regression,-1.6384460109776287,2.4530074152484538e-17,5
Kernel Ridge Regression,-1.006612713059657,1.1453948900452815e-11,5
Kernel Ridge Regression,-1.5838670484167507,2.97983859809392e-13,5
Kernel Ridge Regression,-2.1142795046940637,4.324103195733203e-19,5
Kernel Ridge Regression,-1.385136327132139,0.0005807876586914062,5
Kernel Ridge Regression,-2.4117878095891196,1.1384122811097797e-17,5
Kernel Ridge Regression,-1.3434220574020639,1.695310558602614e-13,5
Kernel Ridge Regression,-1.069394064585742,1.0148132334464322e-16,5
Kernel Ridge Regression,-1.2662523005170878,6.1257422745431e-18,5
Kernel Ridge Regression,-1.8441291379223155,3.08455518072126e-17,5
Kernel Ridge Regression,-1.9429726110972225,3.4966578853841586e-20,5
Kernel Ridge Regression,-1.9718622007532294,2.4702462297909733e-15,5
Kernel Ridge Regression,-1.9930514957526793,1.233457780358549e-13,5
Kernel Ridge Regression,-3.4629936067206395,1.8776379519494313e-20,5
Kernel Ridge Regression,-2.648503823177817,5.620504062164855e-16,5
Kernel Ridge Regression,-3.2877805976748804,3.760169194209997e-21,5
Kernel Ridge Regression,-3.7469892929465796,1.558436799260237e-21,5
Kernel Ridge Regression,-2.4368442826786825,5.849270720559296e-17,5
Kernel Ridge Regression,-1.7625310634593319,7.386127300057499e-18,5
Kernel Ridge Regression,-1.064270917741021,4.360525612465138e-18,5
Kernel Ridge Regression,-2.1469087646472067,2.896852679609707e-18,5
Kernel Ridge Regression,-1.4285635434183963,2.7316812548951186e-20,5
Kernel Ridge Regression,-0.664255515397868,3.3151259515307174e-13,5
Kernel Ridge Regression,-2.244039132061237,6.505213034913027e-19,5
Kernel Ridge Regression,-2.1782870563447125,5.46229728115577e-14,5
Kernel Ridge Regression,-3.9600428565808334,8.78755323745709e-21,5
Kernel Ridge Regression,-2.1225210730141013,5.0133508455729725e-16,5
Kernel Ridge Regression,-2.7597061620105943,5.95443833129039e-16,5
Kernel Ridge Regression,-2.2062980891288984,6.499792024050599e-17,5
Kernel Ridge Regression,-2.612904311968554,9.97465998686664e-16,5
Kernel Ridge Regression,-1.7139014654061842,2.2256502196782435e-15,5
Kernel Ridge Regression,-3.0607359079332865,4.842483326947349e-21,5
Kernel Ridge Regression,-3.644312909802797,4.971658183150248e-22,5
Kernel Ridge Regression,-2.647947017470284,9.912071163853398e-12,5
Kernel Ridge Regression,-2.0978386037648766,6.388119200284592e-16,5
Kernel Ridge Regression,-3.7938003909509543,2.176575613109197e-20,5
Kernel Ridge Regression,-2.4951902617888977,5.4108464670604706e-18,5
Kernel Ridge Regression,-1.366206440166372,3.9410748969848086e-17,5
Kernel Ridge Regression,-1.4180277802789096,1.0921819004749977e-14,5
Kernel Ridge Regression,-1.493245786531943,9.656175598699024e-20,5
Kernel Ridge Regression,-0.975127284906683,2.7863995832877464e-17,5
Kernel Ridge Regression,-1.8035282856682657,4.7874302178813055e-18,5
Kernel Ridge Regression,-1.543738042979891,4.0679265511656126e-16,5
Kernel Ridge Regression,-2.090032121190501,1.8079071226195786e-17,5
Kernel Ridge Regression,-2.04835547456192,4.206213414832146e-21,5
Kernel Ridge Regression,-1.709300425196423,-8.704148513061227e-14,5
Kernel Ridge Regression,-3.4366316559477377,7.44565948874294e-22,5
Kernel Ridge Regression,-2.5884932589587586,3.962029698006492e-20,5
Kernel Ridge Regression,-2.0916278587378,3.238577534267614e-20,5
Kernel Ridge Regression,-1.785391290725075,-4.0381564758718014e-10,5
Kernel Ridge Regression,-2.3758693662733776,1.163513729807164e-12,5
Kernel Ridge Regression,-1.7709615792854492,3.903127820947816e-17,5
Kernel Ridge Regression,-3.233202110369878,6.559211385300488e-20,5
Kernel Ridge Regression,-2.2405786779424,2.90532300908225e-19,5
Kernel Ridge Regression,-1.8175258287604161,1.2434497875801753e-14,5
Kernel Ridge Regression,-2.993441546294603,6.828541392747754e-20,5
Kernel Ridge Regression,-3.3980116731740355,1.0217334926254998e-19,5
Kernel Ridge Regression,-2.033677685255944,2.631900773708562e-17,5
Kernel Ridge Regression,-2.019028072917717,-2.0816681711721685e-17,5
Kernel Ridge Regression,-3.290189204280069,9.105604182983729e-20,5
Kernel Ridge Regression,-3.4116117497612004,1.0757318430129614e-19,5
Kernel Ridge Regression,-3.7268829315132583,8.283593449259157e-21,5
Kernel Ridge Regression,-2.5041654897477077,4.103874629447085e-19,5
Kernel Ridge Regression,-2.3460680222446215,-8.803721640582296e-17,5
Kernel Ridge Regression,-1.4643518021071489,3.1606661732297425e-15,5
Kernel Ridge Regression,-1.928979817650206,9.825582188149884e-19,5
Kernel Ridge Regression,-2.0118859545996086,1.7785772854495008e-13,5
Kernel Ridge Regression,-2.7766733448672327,4.302927372051846e-18,5
Kernel Ridge Regression,-2.4520022992105748,6.355394082367422e-20,5
Kernel Ridge Regression,-3.3309007861959947,2.333000879159873e-20,5
Kernel Ridge Regression,-2.695416849848479,2.3093506273941244e-17,5
Kernel Ridge Regression,-1.5145266747759671,1.862645149230957e-08,5
Kernel Ridge Regression,-1.5895913565043294,6.667843360785852e-18,5
Kernel Ridge Regression,-1.5572116152486462,-0.233154296875,5
Kernel Ridge Regression,-1.5650830494456354,1.071143174158351e-12,5
Kernel Ridge Regression,-3.276542686022807,1.0492620634112645e-19,5
Kernel Ridge Regression,-1.2054304558342028,3.8902214782865485e-13,5
Kernel Ridge Regression,-2.833475754814589,2.987776372541536e-20,5
Kernel Ridge Regression,-3.184747097908846,2.820355016560803e-20,5
Kernel Ridge Regression,-1.5363868405196788,5.312590645178972e-16,5
Kernel Ridge Regression,-0.6894774956008592,2.4841240175987878e-15,5
Kernel Ridge Regression,-1.47951268111869,7.547063560035816e-19,5
Kernel Ridge Regression,-1.2672463833090828,4.1494585545365226e-14,5
Kernel Ridge Regression,-1.3132997440363454,3.896188927043909e-15,5
Kernel Ridge Regression,-1.6183307304435026,7.965850201685498e-15,5
Kernel Ridge Regression,-3.05329283374744,2.0942889620862576e-19,5
Kernel Ridge Regression,-2.8165949053280404,2.0117032497289633e-20,5
Kernel Ridge Regression,-1.1090605687339063,1.7041923427996153e-14,5
Kernel Ridge Regression,-2.3371392715991264,2.5887444450459554e-20,5
Kernel Ridge Regression,-1.3627172000570675,2.9713915789680856e-18,5
Kernel Ridge Regression,-1.1895507451644802,3.361755318564974e-13,5
Kernel Ridge Regression,0.016216578776438208,1.5602346888424212e-18,5
Kernel Ridge Regression,-1.34349300583641,1.030694306273957e-21,5
Kernel Ridge Regression,-0.9893876757536758,1.5869718545771259e-21,5
Kernel Ridge Regression,-1.7405367157549274,7.655060260810739e-20,5
Kernel Ridge Regression,-1.1181615001713328,1.2923689896027213e-16,5
Kernel Ridge Regression,-1.1505417041520314,2.821636153893525e-17,5
Kernel Ridge Regression,-1.5671957242975716,1.9142944607947188e-19,5
Kernel Ridge Regression,-2.703220329010491,1.6127507315721878e-17,5
Kernel Ridge Regression,-2.0424559224697187,1.3201245652183502e-15,5
Kernel Ridge Regression,-3.525699217034543,1.527811638673392e-20,5
Kernel Ridge Regression,-2.789746241172472,6.469214134654719e-20,5
Kernel Ridge Regression,-1.621304790891127,1.20346441145891e-16,5
Kernel Ridge Regression,-1.5073537295089607,2.248635305734936e-16,5
Kernel Ridge Regression,-1.1078591195735359,1.2365108936762681e-14,5
Kernel Ridge Regression,-3.2294115893983317,4.2944570425793027e-19,5
Kernel Ridge Regression,-1.7300615156440644,5.9674487573602164e-15,5
Kernel Ridge Regression,-2.176623074126691,5.481997234629832e-18,5
Kernel Ridge Regression,-1.5674558687076858,4.000556392342618e-21,5
Kernel Ridge Regression,-1.573747505577719,3.576240203084191e-22,5
Kernel Ridge Regression,-1.1998361610596366,1.2282533244725924e-21,5
Kernel Ridge Regression,-1.111999901692932,6.4181030565797864e-21,5
Kernel Ridge Regression,-0.9134224928394735,1.1138540286619876e-21,5
Kernel Ridge Regression,-1.4597718515481843,1.5181559206089692e-21,5
Kernel Ridge Regression,-1.3198484161479276,4.914894245211004e-22,5
Kernel Ridge Regression,-1.2491101104442828,1.7921824953902686e-21,5
Kernel Ridge Regression,-3.151893437607053,2.6054194045310014e-21,5
Kernel Ridge Regression,-1.5398588190217488,1.4431323838845142e-19,5
Kernel Ridge Regression,-2.451728539243243,1.0115606269289756e-16,5
Kernel Ridge Regression,-0.6082262842300837,3.432584078089107e-16,5
Kernel Ridge Regression,-1.1291381497161614,2.1198320876436583e-15,5
Kernel Ridge Regression,-1.6181431713572578,4.0911691352382706e-19,5
Kernel Ridge Regression,-2.2646029664100515,4.123844320397764e-21,5
Kernel Ridge Regression,-1.7283368624549476,2.879912020664621e-18,5
Kernel Ridge Regression,-0.6591799251191045,4.849454171562684e-13,5
Kernel Ridge Regression,-1.1827941397057182,8.207410445715269e-17,5
Kernel Ridge Regression,-0.2468343715025799,4.088396288182139e-14,5
Kernel Ridge Regression,-0.9402445883836209,1.2934098236883074e-14,5
Kernel Ridge Regression,-1.0026227122886122,1.7348611436318606e-10,5
Kernel Ridge Regression,-2.192341601117107,2.6893296075324036e-19,5
Kernel Ridge Regression,-1.137767503887176,8.1601392309949e-14,5
Kernel Ridge Regression,-2.390077592912712,1.6008922703106276e-18,5
Kernel Ridge Regression,-0.988626069420939,1.2634338020234281e-13,5
Kernel Ridge Regression,-1.3147618244158232,1.582257545471033e-18,5
Kernel Ridge Regression,-1.4154063781902113,4.909402962285925e-18,5
Kernel Ridge Regression,-3.8301933583825565,3.1305943761518405e-22,5
Kernel Ridge Regression,-2.5315835424986517,4.9260259838757904e-20,5
