model,experiment,prediction,split #
Light Gradient Boosting,-1.8035334240706482,-2.1633880063993933,1
Light Gradient Boosting,-2.881231480327938,-2.572355662852604,1
Light Gradient Boosting,-2.642729293000293,-2.1784472351386532,1
Light Gradient Boosting,-2.1263969370231783,-2.2506424655028705,1
Light Gradient Boosting,-3.366321517882654,-2.4390432929924617,1
Light Gradient Boosting,-0.28950830319552845,-1.6780426691369794,1
Light Gradient Boosting,-1.0745636623476162,-1.2526552319024282,1
Light Gradient Boosting,-1.520097156387571,-1.7224089198957382,1
Light Gradient Boosting,-1.1383767799226443,-1.1072318108975934,1
Light Gradient Boosting,-1.103883331173482,-1.4604870494572166,1
Light Gradient Boosting,-0.22901321309844905,-0.9956706706033555,1
Light Gradient Boosting,-3.4108437941069076,-3.6264771148354202,1
Light Gradient Boosting,-1.1938637358837367,-1.4143640743840626,1
Light Gradient Boosting,-1.339883282003717,-1.816181212402769,1
Light Gradient Boosting,-1.4985127097581414,-1.5029647628647391,1
Light Gradient Boosting,-1.1345513868310089,-1.3477097907815463,1
Light Gradient Boosting,-1.8229892712376083,-2.2524985906094646,1
Light Gradient Boosting,-1.1631032781134523,-1.1900681574933054,1
Light Gradient Boosting,-1.4201920378605053,-1.5389731394297728,1
Light Gradient Boosting,-3.2351404478705748,-3.1720277441629836,1
Light Gradient Boosting,-3.057527624268253,-2.4353461594961203,1
Light Gradient Boosting,-3.694349887124185,-3.5868441112948015,1
Light Gradient Boosting,-1.8960550708053778,-1.6718080882146102,1
Light Gradient Boosting,-2.808030042713029,-2.443627258432596,1
Light Gradient Boosting,-1.7873296113427601,-2.3871499195521535,1
Light Gradient Boosting,-2.9142603715445343,-2.72868793376669,1
Light Gradient Boosting,-1.4349038067728495,-1.860182640027384,1
Light Gradient Boosting,-2.1155432005946873,-2.323258845299416,1
Light Gradient Boosting,-1.0877694915519545,-1.2907442623657048,1
Light Gradient Boosting,-0.5987130334578719,-0.43958919554860987,1
Light Gradient Boosting,-0.9300930772084189,-2.190938800212653,1
Light Gradient Boosting,-0.6945493884044287,-0.7503226546905322,1
Light Gradient Boosting,-0.27744790362250854,-0.07449586671022983,1
Light Gradient Boosting,-2.7785748071197123,-2.4204862975571535,1
Light Gradient Boosting,-2.931358924489361,-2.292405844218726,1
Light Gradient Boosting,-1.1731208384522849,-1.9936884194363074,1
Light Gradient Boosting,-3.0166281405425486,-3.1347448754027756,1
Light Gradient Boosting,-2.0174042079019414,-1.651865828979366,1
Light Gradient Boosting,-2.8170555006405635,-2.6880994563793594,1
Light Gradient Boosting,-3.4785088685395653,-2.2120651539775085,1
Light Gradient Boosting,-3.579179826019102,-3.2983045596953255,1
Light Gradient Boosting,-2.97249382976246,-1.9756318137846287,1
Light Gradient Boosting,-1.9112124620769755,-2.6038888499942923,1
Light Gradient Boosting,-3.4317548486561424,-2.913076905644638,1
Light Gradient Boosting,-2.845233778250056,-2.464868614156788,1
Light Gradient Boosting,-2.861353792341514,-2.8120818361480318,1
Light Gradient Boosting,-2.048440290036772,-1.6328048139859082,1
Light Gradient Boosting,-2.9864932974615632,-1.8974904680701223,1
Light Gradient Boosting,-3.0605406542001403,-2.9482360266608247,1
Light Gradient Boosting,-2.635616939296958,-1.8798361538567057,1
Light Gradient Boosting,-2.3478691638008677,-2.2348933708625576,1
Light Gradient Boosting,-1.8026465968079968,-1.8110306699352525,1
Light Gradient Boosting,-1.4729877775908402,-1.6327203352639545,1
Light Gradient Boosting,-1.0556956867709293,-1.779827293495743,1
Light Gradient Boosting,-2.6799272800459657,-2.5872432482874608,1
Light Gradient Boosting,-3.6203410251864447,-3.4464763886685974,1
Light Gradient Boosting,-2.7186459189940226,-2.818214224942617,1
Light Gradient Boosting,-2.9303729669440868,-2.616734756717721,1
Light Gradient Boosting,-2.498525274280529,-2.3419606261151236,1
Light Gradient Boosting,-2.810836301965318,-2.4562487824772297,1
Light Gradient Boosting,-1.5554661639976504,-2.4051063416514213,1
Light Gradient Boosting,-1.1465151741161497,-1.3324025344697872,1
Light Gradient Boosting,-2.2875737313332407,-1.8784241860404587,1
Light Gradient Boosting,-3.848875409949318,-4.090200142333541,1
Light Gradient Boosting,-3.688222835963096,-2.786653454301354,1
Light Gradient Boosting,-3.688222835963096,-2.9705921157631123,1
Light Gradient Boosting,-2.2175363341456173,-2.4634708788563167,1
Light Gradient Boosting,-2.4995431395917818,-2.300607765963149,1
Light Gradient Boosting,-1.2376574055894478,-2.0405110384030167,1
Light Gradient Boosting,-3.159004262647741,-2.4576637687882683,1
Light Gradient Boosting,-2.0061846218108834,-1.8520011493111876,1
Light Gradient Boosting,-3.40015839520823,-2.680381539680054,1
Light Gradient Boosting,-2.4308272469150642,-2.768360855676356,1
Light Gradient Boosting,-3.246574755779347,-3.2122138560530735,1
Light Gradient Boosting,-3.339134521996131,-2.7439439340645713,1
Light Gradient Boosting,-2.287736284945912,-2.137112609151296,1
Light Gradient Boosting,-4.043611115346274,-3.919609212681318,1
Light Gradient Boosting,-2.1081088952398566,-1.7707077281270243,1
Light Gradient Boosting,-2.4911353637922846,-2.350075223750635,1
Light Gradient Boosting,-2.0559062448512155,-1.6821547851946925,1
Light Gradient Boosting,-1.262358754468822,-2.0976693636788197,1
Light Gradient Boosting,-2.4462457037304657,-2.2955026618987113,1
Light Gradient Boosting,-3.231239100298885,-3.648780883669742,1
Light Gradient Boosting,-3.690448608815449,-3.271833682888673,1
Light Gradient Boosting,-2.9211605333956863,-3.001388741002153,1
Light Gradient Boosting,-1.7883466398341077,-1.8380997804585226,1
Light Gradient Boosting,-1.512256636766295,-1.5182169594813866,1
Light Gradient Boosting,-2.1620771953880977,-2.473177386505685,1
Light Gradient Boosting,-2.772360579555891,-2.3379882973925414,1
Light Gradient Boosting,-2.728175115284189,-2.529112553980551,1
Light Gradient Boosting,-4.026482380351305,-3.6576607624376885,1
Light Gradient Boosting,-3.3980931244651527,-2.640702737934186,1
Light Gradient Boosting,-2.000920332458684,-2.3244321525798,1
Light Gradient Boosting,-3.2861198587119835,-2.855115732071204,1
Light Gradient Boosting,-1.006612713059657,-1.383952048363604,1
Light Gradient Boosting,-1.3173301868582306,-1.4035962708820768,1
Light Gradient Boosting,-2.0116848782875407,-2.151352996301425,1
Light Gradient Boosting,-1.385136327132139,-1.2431859144448392,1
Light Gradient Boosting,-1.479191830676853,-1.811671012657282,1
Light Gradient Boosting,-1.840084037547579,-1.9056570056173256,1
Light Gradient Boosting,-2.484467237840419,-2.2238975044632667,1
Light Gradient Boosting,-2.5142250705986213,-2.3394866381196833,1
Light Gradient Boosting,-2.099963060637607,-2.094068602263129,1
Light Gradient Boosting,-2.648503823177817,-1.8832893874536303,1
Light Gradient Boosting,-1.7625310634593319,-1.268158618010728,1
Light Gradient Boosting,-1.064270917741021,-1.5013188823002546,1
Light Gradient Boosting,-1.4285635434183963,-1.9419787759482923,1
Light Gradient Boosting,-0.664255515397868,-1.2650726441516589,1
Light Gradient Boosting,-1.0111406945890653,-1.3859921026441722,1
Light Gradient Boosting,-2.001001072492525,-1.235562717529487,1
Light Gradient Boosting,-3.9600428565808334,-3.5423798367344377,1
Light Gradient Boosting,-1.386590637896301,-1.6573424845872358,1
Light Gradient Boosting,-2.1225210730141013,-2.2191751745349784,1
Light Gradient Boosting,-1.6958725916338202,-2.2832354260624257,1
Light Gradient Boosting,-3.7692522846397316,-3.271863593555062,1
Light Gradient Boosting,-2.2151887800651093,-2.392865613833463,1
Light Gradient Boosting,-1.421235229471209,-1.7834514561202155,1
Light Gradient Boosting,-2.5910208366914373,-2.3946860367039675,1
Light Gradient Boosting,-2.560133846538238,-2.2666275001488136,1
Light Gradient Boosting,-1.5438464586997465,-2.0469336889495144,1
Light Gradient Boosting,-1.9945993491296803,-2.3875037055983386,1
Light Gradient Boosting,-1.7139014654061842,-2.1214689251861807,1
Light Gradient Boosting,-2.4706410072083687,-2.250497298275396,1
Light Gradient Boosting,-2.177111289133642,-2.3688078101216616,1
Light Gradient Boosting,-2.0893959764848726,-1.9995406382436782,1
Light Gradient Boosting,-2.0990330852672687,-1.7483647373057036,1
Light Gradient Boosting,-1.4436245197644126,-1.4687155225108564,1
Light Gradient Boosting,-1.3310146489007124,-2.0285026261007753,1
Light Gradient Boosting,-3.6688623296866587,-2.692428573247624,1
Light Gradient Boosting,-1.3168403571338247,-1.4819320036800743,1
Light Gradient Boosting,-3.5624063821538914,-3.1645816208867807,1
Light Gradient Boosting,-2.2689882869552584,-3.3731756349237063,1
Light Gradient Boosting,-1.1843962080688974,-1.497179785482409,1
Light Gradient Boosting,-2.1481523894209715,-3.259605673149488,1
Light Gradient Boosting,-1.9811271489159006,-2.179397393326656,1
Light Gradient Boosting,-0.9279654459479447,-1.2569948315964226,1
Light Gradient Boosting,-1.8626742516440307,-1.9345746072291188,1
Light Gradient Boosting,-1.409977601837042,-1.2412874553347801,1
Light Gradient Boosting,-0.975127284906683,-1.2435982674221882,1
Light Gradient Boosting,-1.3284164293502903,-1.7523198526387012,1
Light Gradient Boosting,-1.9341938240909706,-1.9881446223463561,1
Light Gradient Boosting,-3.2740051086991615,-3.01819750231849,1
Light Gradient Boosting,-2.090032121190501,-1.8341681575409714,1
Light Gradient Boosting,-1.1177693107076099,-1.470713228845406,1
Light Gradient Boosting,-1.917076538816309,-1.791608945907189,1
Light Gradient Boosting,-1.0639605458204757,-1.421296208552253,1
Light Gradient Boosting,-1.5609490414532068,-1.498386177150834,1
Light Gradient Boosting,-2.7874427365568386,-2.8319887830138812,1
Light Gradient Boosting,-2.04835547456192,-2.2711838422063217,1
Light Gradient Boosting,-1.3448674070651871,-1.4489930610173198,1
Light Gradient Boosting,-2.653759917660552,-2.2576550600747702,1
Light Gradient Boosting,-2.258173837778395,-2.5306892331620143,1
Light Gradient Boosting,-2.540720473654946,-2.3150862506576004,1
Light Gradient Boosting,-3.6308973708676717,-3.589310134691606,1
Light Gradient Boosting,-2.568749167088006,-2.374958377570884,1
Light Gradient Boosting,-2.7292012545882884,-2.2072987753437316,1
Light Gradient Boosting,-1.4467153895386817,-1.5443509589756426,1
Light Gradient Boosting,-2.540720473654946,-2.292234058073715,1
Light Gradient Boosting,-1.5811083204741387,-1.9002626230280695,1
Light Gradient Boosting,-1.785391290725075,-1.572441582409103,1
Light Gradient Boosting,-2.8217593886833527,-1.9002061815005558,1
Light Gradient Boosting,-3.233202110369878,-2.67113433088756,1
Light Gradient Boosting,-2.8398575372186334,-2.331858038869874,1
Light Gradient Boosting,-2.993441546294603,-2.243246100194329,1
Light Gradient Boosting,-2.9710072633433735,-2.645465326172712,1
Light Gradient Boosting,-1.2545644486474818,-1.48620779767353,1
Light Gradient Boosting,-3.290189204280069,-2.771579875364176,1
Light Gradient Boosting,-2.1032881447661516,-1.9377735538248293,1
Light Gradient Boosting,-2.8201877676993385,-2.369520206845204,1
Light Gradient Boosting,-3.4116117497612004,-3.5746583373669747,1
Light Gradient Boosting,-1.5226715493865826,-1.7503813760773788,1
Light Gradient Boosting,-1.6345122959030371,-1.7996368453309326,1
Light Gradient Boosting,-1.593236649552128,-1.5307322573266702,1
Light Gradient Boosting,-2.0645418092014314,-1.923217506050016,1
Light Gradient Boosting,-1.1848306140119889,-1.6802594027753006,1
Light Gradient Boosting,-2.2270013364351495,-2.2430177003685166,1
Light Gradient Boosting,-2.1980100109869287,-2.219795221419075,1
Light Gradient Boosting,-1.6404184550270633,-2.1236253833487786,1
Light Gradient Boosting,-2.7766733448672327,-2.6672700380030907,1
Light Gradient Boosting,-3.3036200184447138,-2.609031651346962,1
Light Gradient Boosting,-1.694880975742639,-2.470307998384992,1
Light Gradient Boosting,-2.1956618739690814,-2.320894787310956,1
Light Gradient Boosting,-3.1090516644066044,-2.9680418659299557,1
Light Gradient Boosting,-1.5049121890283346,-1.7425704403132996,1
Light Gradient Boosting,-1.4333467694862632,-1.6723317199220327,1
Light Gradient Boosting,-1.5145266747759671,-1.5982755897373675,1
Light Gradient Boosting,-1.5572116152486462,-2.080591458321204,1
Light Gradient Boosting,-4.059833781301273,-4.021279083461265,1
Light Gradient Boosting,-2.22015815118179,-2.1187727260424434,1
Light Gradient Boosting,-1.1149880354485275,-1.7197452896659118,1
Light Gradient Boosting,-0.9751054096242024,-1.317904290206844,1
Light Gradient Boosting,-1.8161267212970162,-1.6423672230527684,1
Light Gradient Boosting,-3.7727484977747765,-3.7219907377070918,1
Light Gradient Boosting,-2.5945173784671853,-2.3241821154769373,1
Light Gradient Boosting,-2.1639051839291805,-2.1217893429649224,1
Light Gradient Boosting,-2.809660176396059,-2.6980893848913916,1
Light Gradient Boosting,-1.5097699255058308,-1.575959098023976,1
Light Gradient Boosting,-0.7797693247910334,-1.1777090936258876,1
Light Gradient Boosting,-1.4562179644760493,-1.53325120401331,1
Light Gradient Boosting,-2.0008832971741093,-1.6003119106120576,1
Light Gradient Boosting,-2.314076075024747,-2.129876029689585,1
Light Gradient Boosting,-1.405215799824956,-1.6396608992618666,1
Light Gradient Boosting,-3.05329283374744,-2.2990793022528835,1
Light Gradient Boosting,-3.3010769020010144,-3.199688262499141,1
Light Gradient Boosting,-3.360662949678316,-2.665993053940906,1
Light Gradient Boosting,-1.1090605687339063,-1.5355234771555897,1
Light Gradient Boosting,-2.2355646390433175,-1.8115287714020818,1
Light Gradient Boosting,-1.8486158063184404,-1.9836658963363374,1
Light Gradient Boosting,-1.0460152967125962,-1.4855552363831097,1
Light Gradient Boosting,-1.391500388590343,-1.567176229182483,1
Light Gradient Boosting,-1.3627172000570675,-1.6181115083942221,1
Light Gradient Boosting,-1.9765773961271407,-1.9336801206308365,1
Light Gradient Boosting,-1.1895507451644802,-1.552264074646053,1
Light Gradient Boosting,-1.7772835288524167,-1.973197557148733,1
Light Gradient Boosting,-1.34349300583641,-2.9467780641592385,1
Light Gradient Boosting,0.3580642293861346,-0.123565965547171,1
Light Gradient Boosting,0.11059120541434526,-0.0420447275557204,1
Light Gradient Boosting,0.2461448119736277,-0.17610458508781582,1
Light Gradient Boosting,0.23583851209189552,0.05072222402689699,1
Light Gradient Boosting,0.25792460161657743,-0.2725979593882912,1
Light Gradient Boosting,-0.8579133376664105,-2.107180530820736,1
Light Gradient Boosting,-0.3118025518663407,-0.29996369259387495,1
Light Gradient Boosting,0.004405968258246192,-0.2555330645950661,1
Light Gradient Boosting,0.3323074801803344,0.09861586546553767,1
Light Gradient Boosting,0.2733961152011059,-0.03448447984351311,1
Light Gradient Boosting,-1.9219867657940077,-3.0097625369399634,1
Light Gradient Boosting,-1.5671957242975716,-1.5130967018141712,1
Light Gradient Boosting,-1.098047311203653,-1.4448330008552304,1
Light Gradient Boosting,-1.315440666986884,-1.2766242732309956,1
Light Gradient Boosting,-2.327144451312569,-2.280727957192521,1
Light Gradient Boosting,-3.915670428497184,-3.9443662824399612,1
Light Gradient Boosting,-2.6216055516158603,-2.32916702326949,1
Light Gradient Boosting,-2.3812985463366814,-2.3642190032053456,1
Light Gradient Boosting,-1.1078591195735359,-1.432502570869009,1
Light Gradient Boosting,-2.176623074126691,-2.5171664535161065,1
Light Gradient Boosting,-1.5290505627346085,-1.3049128362334081,1
Light Gradient Boosting,-1.4753372030036505,-1.9179765612022042,1
Light Gradient Boosting,-1.5674558687076858,-1.5498966706766448,1
Light Gradient Boosting,-1.1998361610596366,-1.4293879806852592,1
Light Gradient Boosting,-0.9468333037780922,-1.4906115429184337,1
Light Gradient Boosting,-1.793068638288037,-1.3332649244351922,1
Light Gradient Boosting,-1.5966625231096632,-1.8348270748977336,1
Light Gradient Boosting,-1.4583509625515516,-1.6573212794882197,1
Light Gradient Boosting,-0.8959678728621829,-1.447984561897981,1
Light Gradient Boosting,-2.348164353297759,-1.9500700542266252,1
Light Gradient Boosting,-1.1543394167845993,-1.3553960587913123,1
Light Gradient Boosting,-1.3991403077454354,-1.4135461093385557,1
Light Gradient Boosting,-0.8609839615611586,-1.0349933237036477,1
Light Gradient Boosting,-0.8837798009584171,-0.865629010199296,1
Light Gradient Boosting,-1.1291381497161614,-1.4573034576757038,1
Light Gradient Boosting,-2.2646029664100515,-2.4941173623817066,1
Light Gradient Boosting,-3.4341521813264824,-3.6900064395043577,1
Light Gradient Boosting,-0.9679951762893184,-1.6597517602468699,1
Light Gradient Boosting,-1.466507781947675,-1.8504598816940383,1
Light Gradient Boosting,-3.1791288900792822,-3.0295089910134925,1
Light Gradient Boosting,-0.4819145002205912,-0.7644175743748514,1
Light Gradient Boosting,-1.1827941397057182,-1.456678990659091,1
Light Gradient Boosting,-0.6143935172969877,-0.9289332252118931,1
Light Gradient Boosting,-1.0775646199327256,-1.481198690889959,1
Light Gradient Boosting,-2.390077592912712,-2.4311222115277813,1
Light Gradient Boosting,-1.9138112509675613,-2.0422665096266828,2
Light Gradient Boosting,-3.431262194557772,-3.155981865724903,2
Light Gradient Boosting,-1.9492654506102318,-2.408650899237584,2
Light Gradient Boosting,-2.559953281626918,-1.6986700503776055,2
Light Gradient Boosting,-2.403452823620798,-2.2250614685363277,2
Light Gradient Boosting,-3.3692782873859213,-2.9325511923323426,2
Light Gradient Boosting,-3.120277513484956,-2.6414939169479412,2
Light Gradient Boosting,-0.737425984358659,-1.460944346572751,2
Light Gradient Boosting,-1.641711232958164,-2.129184110165425,2
Light Gradient Boosting,-1.7190338740193807,-2.063860725035358,2
Light Gradient Boosting,-1.6390957814475864,-1.6218419705697018,2
Light Gradient Boosting,-1.0225392132375182,-1.4128188003807676,2
Light Gradient Boosting,-1.0225392132375182,-1.2413772322356837,2
Light Gradient Boosting,-1.6571034663893656,-1.6216470894324693,2
Light Gradient Boosting,-1.4187942485435616,-1.4188705059098297,2
Light Gradient Boosting,-0.9172087828988489,-1.423910794825243,2
Light Gradient Boosting,-1.2696661993818519,-1.628911709576037,2
Light Gradient Boosting,-2.3531252756425936,-2.5543952502942817,2
Light Gradient Boosting,-1.3607499667563296,-1.5694219405652023,2
Light Gradient Boosting,-2.2025638997362065,-2.3805041237322127,2
Light Gradient Boosting,-2.9688776583453143,-2.2110504637170103,2
Light Gradient Boosting,-1.1061070209631036,-1.459104816765592,2
Light Gradient Boosting,-2.5901613502180045,-2.821958000232748,2
Light Gradient Boosting,-3.0391954244610955,-3.17204254135483,2
Light Gradient Boosting,-0.40674416735366103,-1.065532055425521,2
Light Gradient Boosting,0.1297019665778856,-0.4738668663632598,2
Light Gradient Boosting,0.20995355888867073,0.05166284003432931,2
Light Gradient Boosting,-0.7545795752718538,-1.0004319565650257,2
Light Gradient Boosting,-0.4049916766527308,0.03283649911258344,2
Light Gradient Boosting,-2.2882000233155653,-2.758234625975908,2
Light Gradient Boosting,-1.8033790498935367,-1.7641536708891872,2
Light Gradient Boosting,-1.5397653155309607,-2.3696120822501316,2
Light Gradient Boosting,-2.1460708341762897,-1.981497550372553,2
Light Gradient Boosting,-3.0775844181294625,-3.129265879491328,2
Light Gradient Boosting,-2.8170555006405635,-2.610648385438886,2
Light Gradient Boosting,-1.7426626842914594,-2.281142335693683,2
Light Gradient Boosting,-1.4817410394981543,-1.4846091277353182,2
Light Gradient Boosting,-2.1223515198479075,-2.798053625858968,2
Light Gradient Boosting,-1.4735211762278637,-1.888878762572384,2
Light Gradient Boosting,-2.6991941581253336,-2.9104249966934765,2
Light Gradient Boosting,-3.447382880362,-3.2952890948168165,2
Light Gradient Boosting,-2.7237372356215404,-2.6997434965965326,2
Light Gradient Boosting,-2.3339531661956356,-2.66485140506275,2
Light Gradient Boosting,-1.1468871297310963,-1.926807849847181,2
Light Gradient Boosting,-3.1668739337041876,-2.8941699568644914,2
Light Gradient Boosting,-2.9119908501955227,-3.038414475922038,2
Light Gradient Boosting,-2.6788398129059168,-2.2298156358711445,2
Light Gradient Boosting,-2.778538031513268,-2.4318371130830942,2
Light Gradient Boosting,-1.4326336990343642,-1.7522675483665513,2
Light Gradient Boosting,-1.3360910210889294,-1.8017567634234346,2
Light Gradient Boosting,-2.325708590111872,-2.0603829451010798,2
Light Gradient Boosting,-2.7233828886420643,-2.4932611744598363,2
Light Gradient Boosting,-2.861353792341514,-2.677577318216139,2
Light Gradient Boosting,-1.8319016673890882,-1.8860840101599892,2
Light Gradient Boosting,-2.7103007043055714,-2.131789002033057,2
Light Gradient Boosting,-1.4861381638460753,-2.0745585451032387,2
Light Gradient Boosting,-3.434121498561107,-3.683842180554159,2
Light Gradient Boosting,-1.4370923600242806,-1.2429981497525697,2
Light Gradient Boosting,-3.008152176256889,-2.52665310675547,2
Light Gradient Boosting,-1.3870823799964922,-1.4699394010668507,2
Light Gradient Boosting,-1.1202858432048246,-1.3981960223269958,2
Light Gradient Boosting,-1.2886807788238237,-1.4503272562255012,2
Light Gradient Boosting,-1.4197155850010228,-1.9536583305071502,2
Light Gradient Boosting,-3.302921552819786,-3.2792632410256926,2
Light Gradient Boosting,-1.794765718416369,-2.3793026011244107,2
Light Gradient Boosting,-2.3083760229550343,-2.756282272085029,2
Light Gradient Boosting,-3.52120992195253,-2.6635184414031765,2
Light Gradient Boosting,-3.302921552819786,-3.1046386407876994,2
Light Gradient Boosting,-2.4555313487080666,-2.5222343154255773,2
Light Gradient Boosting,-1.2227575127427186,-1.9156544448136101,2
Light Gradient Boosting,-3.3114386993585976,-2.8110743570538066,2
Light Gradient Boosting,-2.5342163548062593,-2.63257154956031,2
Light Gradient Boosting,-3.6472310978345055,-2.8943620083920707,2
Light Gradient Boosting,-3.9730828630218453,-3.827408901445471,2
Light Gradient Boosting,-1.547722797531173,-2.0291226714752506,2
Light Gradient Boosting,-1.622950411914381,-1.8877281972189843,2
Light Gradient Boosting,-1.5623567401916558,-1.508979658817996,2
Light Gradient Boosting,-2.2317936703338876,-2.416942702276157,2
Light Gradient Boosting,-3.135663383730844,-2.0091438899443324,2
Light Gradient Boosting,-1.7113615374852664,-1.9508512759785896,2
Light Gradient Boosting,-3.216247878762871,-2.4971686261767063,2
Light Gradient Boosting,-1.5942049925158137,-1.746093759664114,2
Light Gradient Boosting,-1.5862250860093259,-1.461887936076409,2
Light Gradient Boosting,-3.2996658499018485,-2.757903352999247,2
Light Gradient Boosting,-2.644753893986956,-2.4574684231642143,2
Light Gradient Boosting,-3.159004262647741,-2.489133575878755,2
Light Gradient Boosting,-4.441291429466834,-3.9042503817824605,2
Light Gradient Boosting,-3.4715139529702097,-2.823167767620025,2
Light Gradient Boosting,-2.999290941959355,-2.6917383809761275,2
Light Gradient Boosting,-1.4855749296151965,-1.9802925215500726,2
Light Gradient Boosting,-1.7310907007998717,-2.1472950037093685,2
Light Gradient Boosting,-1.883787384700319,-2.3003400415250153,2
Light Gradient Boosting,-2.3566470252815495,-2.7680080526730166,2
Light Gradient Boosting,-2.082759927050954,-2.1793338788352643,2
Light Gradient Boosting,-3.4398948173744337,-2.9321392963634665,2
Light Gradient Boosting,-1.6253102968663857,-2.7182274469872576,2
Light Gradient Boosting,-2.110664900131247,-2.1866784736060523,2
Light Gradient Boosting,-2.0615953180564492,-2.4866343232232087,2
Light Gradient Boosting,-1.3752808174958797,-1.3739775845429185,2
Light Gradient Boosting,-2.2414236426625673,-2.3097008156242884,2
Light Gradient Boosting,-1.3982848993986936,-1.536140856796422,2
Light Gradient Boosting,-3.7834435403498214,-3.4645118951740055,2
Light Gradient Boosting,-1.4975728800155672,-1.6799710011508928,2
Light Gradient Boosting,-1.8211763195496429,-2.1087194508867024,2
Light Gradient Boosting,-2.3458067992518874,-1.477230275094523,2
Light Gradient Boosting,-1.0474177734305667,-1.220323782385158,2
Light Gradient Boosting,-1.1893279510795818,-1.421580498157119,2
Light Gradient Boosting,-3.7834435403498214,-3.1358420973750554,2
Light Gradient Boosting,-1.945720453842236,-2.151325315890567,2
Light Gradient Boosting,-3.739785461604827,-3.6438311880840155,2
Light Gradient Boosting,-1.3434220574020639,-1.3511377444949015,2
Light Gradient Boosting,-1.2662523005170878,-1.8404146896869034,2
Light Gradient Boosting,-1.8441291379223155,-1.9893676041198076,2
Light Gradient Boosting,-3.926105768520805,-3.817208380791333,2
Light Gradient Boosting,-1.9718622007532294,-1.9358887854936913,2
Light Gradient Boosting,-1.9930514957526793,-2.0225229115988035,2
Light Gradient Boosting,-1.2185345221225936,-1.6851774380897249,2
Light Gradient Boosting,-3.289282825523282,-2.0695227306568666,2
Light Gradient Boosting,-3.0153277959856664,-2.0672427871226398,2
Light Gradient Boosting,-1.8350242298439021,-1.6945143571983503,2
Light Gradient Boosting,-3.1720823887102565,-2.8343261377041147,2
Light Gradient Boosting,-2.1469087646472067,-2.3018199696277395,2
Light Gradient Boosting,-1.015474675864504,-1.3861200310080837,2
Light Gradient Boosting,-1.4257747559860434,-1.4769014096969124,2
Light Gradient Boosting,-1.737359048801603,-1.986334925225588,2
Light Gradient Boosting,-0.6538319472043919,-1.0658591281937468,2
Light Gradient Boosting,-1.4330573818946528,-1.485202452927043,2
Light Gradient Boosting,-2.536796608945731,-2.1950707761857715,2
Light Gradient Boosting,-3.054246410327101,-2.842438062021229,2
Light Gradient Boosting,-2.244039132061237,-2.1809497421740076,2
Light Gradient Boosting,-3.352587686654944,-2.920103634010745,2
Light Gradient Boosting,-2.7906820711849507,-2.5144101521547886,2
Light Gradient Boosting,-3.5378566631708024,-1.8798867877763832,2
Light Gradient Boosting,-2.9753058553179503,-3.0180613541116696,2
Light Gradient Boosting,-2.647947017470284,-1.5944239487523484,2
Light Gradient Boosting,-1.5110863339963716,-2.326127225522526,2
Light Gradient Boosting,-1.167232267440179,-1.243595797501211,2
Light Gradient Boosting,-2.4951902617888977,-2.427865292009662,2
Light Gradient Boosting,-3.6688623296866587,-3.3712812151091645,2
Light Gradient Boosting,-1.297434930657182,-1.2694845971214659,2
Light Gradient Boosting,-1.2327435377262763,-2.018699542383831,2
Light Gradient Boosting,-1.2394237537905008,-1.5822216354677003,2
Light Gradient Boosting,-1.4486812373435975,-1.4756507135162338,2
Light Gradient Boosting,-1.4386260150993235,-1.5439965188853562,2
Light Gradient Boosting,-3.6688623296866587,-2.58309798127411,2
Light Gradient Boosting,-4.0490653862997,-3.5171976842421424,2
Light Gradient Boosting,-1.2189474946453842,-1.2777457734993858,2
Light Gradient Boosting,-1.1598011320770079,-0.9805366346134768,2
Light Gradient Boosting,-1.2297848289673887,-1.1153045454459882,2
Light Gradient Boosting,-1.3693953613978682,-1.8235923002281798,2
Light Gradient Boosting,-1.270721247267063,-1.3642721015886667,2
Light Gradient Boosting,-2.0129990008635867,-1.4024811108334423,2
Light Gradient Boosting,-1.8019484611556353,-1.3694904935736683,2
Light Gradient Boosting,-1.2640972244503184,-1.861592310853544,2
Light Gradient Boosting,-1.351662241081682,-1.9587356077373026,2
Light Gradient Boosting,-2.329956957829961,-2.1002644421546015,2
Light Gradient Boosting,-1.1984184440476704,-1.2530106024899068,2
Light Gradient Boosting,-1.2530119718858257,-1.6621094602655457,2
Light Gradient Boosting,-2.6904826786431757,-3.192381506181228,2
Light Gradient Boosting,-3.3707035768809224,-3.77826172603252,2
Light Gradient Boosting,-2.443810430479706,-1.9019323206608647,2
Light Gradient Boosting,-1.7448404020099417,-2.1178258792932665,2
Light Gradient Boosting,-2.0916278587378,-1.5585944788666526,2
Light Gradient Boosting,-1.4790145740873064,-1.7140775054690411,2
Light Gradient Boosting,-3.3980116731740355,-2.19584239505779,2
Light Gradient Boosting,-3.233202110369878,-2.673975826562029,2
Light Gradient Boosting,-2.626594359719023,-2.346870404731742,2
Light Gradient Boosting,-2.5444075781780136,-2.2330165909972375,2
Light Gradient Boosting,-2.2405786779424,-2.449375826275878,2
Light Gradient Boosting,-3.6924119784161333,-1.8177292501685312,2
Light Gradient Boosting,-2.2313771400186773,-2.3531818205515265,2
Light Gradient Boosting,-2.033677685255944,-1.8768420461980404,2
Light Gradient Boosting,-2.804329449939637,-2.656485653869354,2
Light Gradient Boosting,-2.019028072917717,-1.2883645910583532,2
Light Gradient Boosting,-2.1317533670782356,-1.7775385316415673,2
Light Gradient Boosting,-1.6524312761675333,-2.375077375976008,2
Light Gradient Boosting,-2.3582852103076553,-1.4516593544060379,2
Light Gradient Boosting,-2.0864005407417032,-2.1077082081070895,2
Light Gradient Boosting,-3.7268829315132583,-3.331419942678751,2
Light Gradient Boosting,-2.3460680222446215,-1.7612077547211178,2
Light Gradient Boosting,-1.3308187576670196,-1.4501875703657543,2
Light Gradient Boosting,-1.95795837174818,-2.0466675938085688,2
Light Gradient Boosting,-2.025135764586199,-2.108838148443771,2
Light Gradient Boosting,-1.356590498479473,-1.40762006157233,2
Light Gradient Boosting,-1.5951494590693263,-2.0833869824817097,2
Light Gradient Boosting,-1.5372075124674875,-1.7443975906220817,2
Light Gradient Boosting,-3.600326278518962,-3.737945895110197,2
Light Gradient Boosting,-2.1633711620778806,-2.1418850407818932,2
Light Gradient Boosting,-4.056947918112584,-3.94355518225836,2
Light Gradient Boosting,-4.059833781301273,-3.7512813482231184,2
Light Gradient Boosting,-2.5783960731301687,-2.807932349172807,2
Light Gradient Boosting,-2.084073842416984,-2.2694665111104975,2
Light Gradient Boosting,-3.844232919056576,-3.1954320107048457,2
Light Gradient Boosting,-1.5650830494456354,-1.6642316571330438,2
Light Gradient Boosting,-3.276542686022807,-2.837661774442796,2
Light Gradient Boosting,-2.292547184423849,-2.6096418623100295,2
Light Gradient Boosting,-1.717711472714874,-1.5179633683711096,2
Light Gradient Boosting,-1.9603652993893874,-2.2178311147082117,2
Light Gradient Boosting,-1.5363868405196788,-1.4334151305042422,2
Light Gradient Boosting,-0.7856945313640958,-1.0532825039892244,2
Light Gradient Boosting,-1.7997913808340749,-1.7007207427945008,2
Light Gradient Boosting,-1.2165796349138172,-1.4893978385194153,2
Light Gradient Boosting,-1.5350740375460707,-1.6784084192388675,2
Light Gradient Boosting,-1.740666799910411,-1.666868752483305,2
Light Gradient Boosting,-1.9643120034496402,-1.5514944617501136,2
Light Gradient Boosting,-3.0397590359811644,-2.3248540470715464,2
Light Gradient Boosting,-2.3822676402388554,-1.4904169820268642,2
Light Gradient Boosting,-2.190142441306164,-1.811486885771601,2
Light Gradient Boosting,-2.122395441870392,-1.6446160102748646,2
Light Gradient Boosting,-2.8165949053280404,-2.6183494699178143,2
Light Gradient Boosting,-2.0703010191144675,-2.03165652695075,2
Light Gradient Boosting,-3.3625502994733605,-2.772013408641533,2
Light Gradient Boosting,0.23583851209189552,-0.3552994262055996,2
Light Gradient Boosting,0.26528954569788904,0.2495280545697709,2
Light Gradient Boosting,-0.8579133376664105,-0.5615665130211641,2
Light Gradient Boosting,0.011790398005349874,0.05721236621503617,2
Light Gradient Boosting,-0.43783118657286935,-1.2673828278920218,2
Light Gradient Boosting,-1.181419364072578,-1.4673296811682401,2
Light Gradient Boosting,-1.7473311829109102,-1.905779652539561,2
Light Gradient Boosting,-1.4739374796247893,-1.457436287539585,2
Light Gradient Boosting,-0.9771273167949791,-1.5842812484569966,2
Light Gradient Boosting,-2.1512701073865577,-1.6365518117067404,2
Light Gradient Boosting,-1.6790364719823858,-1.6484897976265795,2
Light Gradient Boosting,-3.4519129118061063,-2.8876040318524065,2
Light Gradient Boosting,-2.5395917281791975,-2.098802526526778,2
Light Gradient Boosting,-3.915670428497184,-3.7541986260526485,2
Light Gradient Boosting,-2.2038635814094025,-1.8405770742565652,2
Light Gradient Boosting,-3.525699217034543,-3.5210636594031977,2
Light Gradient Boosting,-1.9190397324043553,-1.3380400057600876,2
Light Gradient Boosting,-3.4519129118061063,-3.086054215493086,2
Light Gradient Boosting,-1.6695950343945678,-1.8455721579905697,2
Light Gradient Boosting,-3.8233531994782193,-3.823933112488417,2
Light Gradient Boosting,-1.4753372030036505,-1.6819364654256206,2
Light Gradient Boosting,-1.649488441015367,-1.3703304076986849,2
Light Gradient Boosting,-1.2818579528648468,-1.684930125859074,2
Light Gradient Boosting,-1.5240818424273839,-1.4794411733913007,2
Light Gradient Boosting,-1.6322137070153477,-1.5291274142893811,2
Light Gradient Boosting,-1.8070894000718147,-1.9525429079364836,2
Light Gradient Boosting,-3.151893437607053,-3.376725094533447,2
Light Gradient Boosting,-0.952771189748095,-1.6472744911502923,2
Light Gradient Boosting,-0.7476890179412806,-1.343790903615716,2
Light Gradient Boosting,-2.451728539243243,-2.2588468866223423,2
Light Gradient Boosting,-1.3551617678005954,-2.123079989915971,2
Light Gradient Boosting,-1.9406256000139548,-1.7625794858175854,2
Light Gradient Boosting,-2.0401269907408133,-1.690879487434023,2
Light Gradient Boosting,-1.6181431713572578,-1.5397622194710856,2
Light Gradient Boosting,-2.6212424559235727,-2.562473058487151,2
Light Gradient Boosting,-2.761915740881935,-1.6578843980692397,2
Light Gradient Boosting,-1.025762740954669,-1.027067879447086,2
Light Gradient Boosting,-0.37949908787793823,-1.1177639800203623,2
Light Gradient Boosting,-2.428366273865067,-1.488493561615585,2
Light Gradient Boosting,-0.9402445883836209,-1.3163871354828967,2
Light Gradient Boosting,-1.530055677420101,-1.3438224253073157,2
Light Gradient Boosting,-1.4806961523875994,-1.6080674633783285,2
Light Gradient Boosting,-3.4495551653497865,-3.5337138546669244,2
Light Gradient Boosting,-1.6643405451853508,-1.9824140326153146,2
Light Gradient Boosting,-1.7793995024399858,-1.9615668005958666,2
Light Gradient Boosting,-1.011455146773862,-1.2215384125107704,2
Light Gradient Boosting,-1.5672159407631352,-1.4145244688108323,2
Light Gradient Boosting,-3.431262194557772,-2.74707034308741,3
Light Gradient Boosting,-2.0772161211350064,-2.676545127948801,3
Light Gradient Boosting,-3.1408689109724577,-2.549888895735722,3
Light Gradient Boosting,-1.6844526576962697,-1.9868564038923922,3
Light Gradient Boosting,-2.218903098366632,-2.4013244917835532,3
Light Gradient Boosting,-1.169002914533462,-1.488031295505002,3
Light Gradient Boosting,-2.858166273095228,-2.0098960006333386,3
Light Gradient Boosting,-3.6845481800874196,-3.3981704297541477,3
Light Gradient Boosting,-0.3239443747054647,-0.924377924419787,3
Light Gradient Boosting,-1.6443425309821194,-1.492609283096862,3
Light Gradient Boosting,-1.414958380703708,-1.0716261934505695,3
Light Gradient Boosting,-1.496009274431816,-1.8202231846942185,3
Light Gradient Boosting,-2.123767317417046,-1.7682145495507688,3
Light Gradient Boosting,-2.8184713897478226,-2.438009184293487,3
Light Gradient Boosting,-1.778416668028348,-1.6719574011396903,3
Light Gradient Boosting,-1.4610955316441951,-1.433240016599781,3
Light Gradient Boosting,-1.3355656611938254,-1.7101956496263724,3
Light Gradient Boosting,-1.1131158581897997,-0.9550249969689021,3
Light Gradient Boosting,-1.8730671060734179,-2.223871912764297,3
Light Gradient Boosting,-2.4318269168378195,-2.5029994569391736,3
Light Gradient Boosting,-2.6092962251353855,-2.2142236295034654,3
Light Gradient Boosting,-3.2036005297986074,-3.2546140995176236,3
Light Gradient Boosting,-2.6396789104480054,-1.9361259432651117,3
Light Gradient Boosting,-3.3816182003459216,-3.3771481935429053,3
Light Gradient Boosting,-0.7406200937095554,-1.533849763360217,3
Light Gradient Boosting,-0.3696586894071177,-0.1593277913090076,3
Light Gradient Boosting,-0.16542042319834802,-0.6098331412299274,3
Light Gradient Boosting,-1.5018248431082857,-1.0695449562106205,3
Light Gradient Boosting,-0.5732799306060785,-0.6442419118908873,3
Light Gradient Boosting,-0.28184511787174465,-0.4943002401471311,3
Light Gradient Boosting,-0.08363954432116573,-0.16319807732425057,3
Light Gradient Boosting,-0.012750569114115418,-0.608500728414216,3
Light Gradient Boosting,-0.3417701012907816,-0.6528787879171399,3
Light Gradient Boosting,-1.1159606660259742,-1.1894822780397203,3
Light Gradient Boosting,-2.004293876429448,-2.362309057091753,3
Light Gradient Boosting,-3.6800158253354924,-2.903073876628676,3
Light Gradient Boosting,-3.2691119889214533,-2.8882290952822482,3
Light Gradient Boosting,-1.8094490244732577,-2.1770271798732423,3
Light Gradient Boosting,-1.1005815755977664,-1.6006026280086167,3
Light Gradient Boosting,-2.2017306515457955,-1.7425549906391329,3
Light Gradient Boosting,-3.810574259769909,-2.9656455932888433,3
Light Gradient Boosting,-2.67596440114224,-2.8396741349082677,3
Light Gradient Boosting,-2.5090165872531767,-2.631668006668923,3
Light Gradient Boosting,-3.3308765956121587,-3.1149305495613135,3
Light Gradient Boosting,-2.4751841978240816,-2.9459714493098974,3
Light Gradient Boosting,-2.704319008875443,-2.7868930419774656,3
Light Gradient Boosting,-1.624154843179839,-2.6285724896506446,3
Light Gradient Boosting,-2.7923263244120906,-2.8803565120233934,3
Light Gradient Boosting,-3.130720745231321,-3.1393475857090243,3
Light Gradient Boosting,-2.492075482831661,-1.3811018737484766,3
Light Gradient Boosting,-2.174597252967641,-1.8209992845471934,3
Light Gradient Boosting,-1.0599038235929437,-1.3396163341646503,3
Light Gradient Boosting,-1.3158802108242549,-1.8096516370011684,3
Light Gradient Boosting,-1.6037557432468053,-1.476377567074834,3
Light Gradient Boosting,-2.6852623228853463,-2.5041563363051695,3
Light Gradient Boosting,-1.115836390766966,-1.3123034606899942,3
Light Gradient Boosting,-3.434121498561107,-3.458299645152321,3
Light Gradient Boosting,-1.777268237794943,-1.680108899931546,3
Light Gradient Boosting,-1.6217142305536996,-2.186030183319512,3
Light Gradient Boosting,-2.715845949095462,-3.0164773255929243,3
Light Gradient Boosting,-1.392520817816124,-1.6486439227995933,3
Light Gradient Boosting,-2.01828162271433,-2.1165437327041503,3
Light Gradient Boosting,-3.52120992195253,-2.723987451175847,3
Light Gradient Boosting,-2.8871236492020507,-2.0125704887837066,3
Light Gradient Boosting,-3.2590502255091702,-2.404873624018435,3
Light Gradient Boosting,-3.1353471437504044,-2.7921343614125953,3
Light Gradient Boosting,-1.4113517913995703,-1.478333299659769,3
Light Gradient Boosting,-1.6536721058017216,-1.8628896095028071,3
Light Gradient Boosting,-2.663203768289533,-2.5318462065631357,3
Light Gradient Boosting,-3.6472310978345055,-3.542754583932128,3
Light Gradient Boosting,-1.9704478542261563,-1.8501237962093608,3
Light Gradient Boosting,-2.470173263354167,-2.4926940073554493,3
Light Gradient Boosting,-2.5339607001524365,-1.4745785311938666,3
Light Gradient Boosting,-2.1210586466718686,-2.0912191585097486,3
Light Gradient Boosting,-2.2826863141215226,-1.791372280578318,3
Light Gradient Boosting,-1.987977989665314,-2.9406789799452877,3
Light Gradient Boosting,-3.285204336328503,-2.6433493551606753,3
Light Gradient Boosting,-3.20266873961377,-2.0424037509898216,3
Light Gradient Boosting,-3.3388889969343114,-2.763904272783781,3
Light Gradient Boosting,-2.9741896629359488,-1.6444595935774302,3
Light Gradient Boosting,-3.09259777670544,-2.092175624433018,3
Light Gradient Boosting,-2.848471723996311,-2.4563468191003843,3
Light Gradient Boosting,-3.1495014132834878,-3.1136358926953425,3
Light Gradient Boosting,-1.4886987965534475,-1.6275817559802193,3
Light Gradient Boosting,-2.8667990786740405,-1.878780825676074,3
Light Gradient Boosting,-1.2684519185896421,-1.5060260043011453,3
Light Gradient Boosting,-2.258697330779929,-2.09018960311471,3
Light Gradient Boosting,-1.5518607813097591,-1.9677291329701925,3
Light Gradient Boosting,-1.6846961468463335,-1.7731069991197967,3
Light Gradient Boosting,-2.2625101343415968,-2.0451865484619374,3
Light Gradient Boosting,-2.3552642027188186,-2.142430997717544,3
Light Gradient Boosting,-1.3580712288885752,-1.3385075795563683,3
Light Gradient Boosting,-2.8606575042266775,-2.0537377472050897,3
Light Gradient Boosting,-2.9187956800017982,-2.7742118567960325,3
Light Gradient Boosting,-3.9030899869919438,-3.7456708397173206,3
Light Gradient Boosting,-3.48241354468584,-3.2061245482822898,3
Light Gradient Boosting,-1.012145447578458,-1.2542479398943474,3
Light Gradient Boosting,-2.728175115284189,-2.4041709947456313,3
Light Gradient Boosting,-2.0731453982830836,-2.4047583195563913,3
Light Gradient Boosting,-1.272659841843383,-2.0540400621852246,3
Light Gradient Boosting,-1.4273499677206534,-1.5436042374429906,3
Light Gradient Boosting,-1.1738116279378035,-1.593819662764872,3
Light Gradient Boosting,-1.3450596755542978,-1.616725560738944,3
Light Gradient Boosting,-1.5838670484167507,-1.3903182127339115,3
Light Gradient Boosting,-1.9705460914481276,-1.3822053445856322,3
Light Gradient Boosting,-2.5037832349706837,-1.6164367095400323,3
Light Gradient Boosting,-2.1142795046940637,-2.074629191211888,3
Light Gradient Boosting,-2.8343485837796827,-2.316349214412594,3
Light Gradient Boosting,-1.2834663142150111,-1.5131556457112527,3
Light Gradient Boosting,-1.2175444827866113,-1.6862961237212872,3
Light Gradient Boosting,-1.8887177216857802,-1.854434850777543,3
Light Gradient Boosting,-2.9206523063014074,-2.9543759453998795,3
Light Gradient Boosting,-1.3195712003583318,-1.43283972163427,3
Light Gradient Boosting,-1.4441845681180592,-1.090808875233694,3
Light Gradient Boosting,-1.6993207301372903,-1.391673905943575,3
Light Gradient Boosting,-3.4629936067206395,-3.1307594134846526,3
Light Gradient Boosting,-2.176441984856953,-1.8772731465473447,3
Light Gradient Boosting,-2.6148556108775285,-2.0292567681488376,3
Light Gradient Boosting,-1.790442094293253,-2.0038675949057345,3
Light Gradient Boosting,-1.0209515518818744,-1.2067500542762644,3
Light Gradient Boosting,-2.049666891178964,-1.6548833654446924,3
Light Gradient Boosting,-1.7892523214132656,-1.5878279816196226,3
Light Gradient Boosting,-1.4115626764192806,-1.8660859482464063,3
Light Gradient Boosting,-3.2877805976748804,-3.325718567350066,3
Light Gradient Boosting,-1.9011407722544549,-2.094532550039557,3
Light Gradient Boosting,-1.9745795534681516,-1.5152402565941476,3
Light Gradient Boosting,-3.1720823887102565,-3.073370906656639,3
Light Gradient Boosting,-1.2563082695173393,-1.271934504598299,3
Light Gradient Boosting,-2.9171991963522217,-2.7812263811607534,3
Light Gradient Boosting,-2.1469087646472067,-1.915264804998601,3
Light Gradient Boosting,-1.0937551186817627,-1.4402724669498106,3
Light Gradient Boosting,-0.9349414936187838,-1.1876656058067203,3
Light Gradient Boosting,-2.00821940080217,-1.3223461117156619,3
Light Gradient Boosting,-1.4215944093236903,-1.2630877691692897,3
Light Gradient Boosting,-2.1782870563447125,-2.2374000843847317,3
Light Gradient Boosting,-2.9206284299141125,-2.7624601493346845,3
Light Gradient Boosting,-3.030623697854625,-2.6836940032725924,3
Light Gradient Boosting,-2.8641555620169683,-2.4919075529399937,3
Light Gradient Boosting,-2.5312982881059978,-2.390459633852256,3
Light Gradient Boosting,-1.9090244195663402,-1.9761452864484494,3
Light Gradient Boosting,-1.6292558354409146,-1.5065485666905436,3
Light Gradient Boosting,-2.672496188704653,-1.6312605266235345,3
Light Gradient Boosting,-1.8793987946410835,-1.8031428058612566,3
Light Gradient Boosting,-1.4609239012072235,-1.367531925750565,3
Light Gradient Boosting,-1.8347593251696876,-1.599834330382542,3
Light Gradient Boosting,-1.4001202888111866,-1.3833685393084023,3
Light Gradient Boosting,-1.302742708063045,-1.4461241416448063,3
Light Gradient Boosting,-1.8162387276731846,-1.4057312423783155,3
Light Gradient Boosting,-0.7242679085347501,-1.2707445055539341,3
Light Gradient Boosting,-3.6419813498697473,-3.2142789258690625,3
Light Gradient Boosting,-1.215596170273078,-1.6014948293776954,3
Light Gradient Boosting,-1.543738042979891,-1.2990437766971552,3
Light Gradient Boosting,-2.0598606483703086,-2.135790555368766,3
Light Gradient Boosting,-1.394827676426251,-1.7516400647526809,3
Light Gradient Boosting,-1.709300425196423,-1.6749761525783977,3
Light Gradient Boosting,-1.8171279243372191,-2.6464055568842286,3
Light Gradient Boosting,-2.2488337964546146,-1.6140594360976135,3
Light Gradient Boosting,-1.525605260081181,-1.5808368011110496,3
Light Gradient Boosting,-2.2176402640700728,-2.30503570025552,3
Light Gradient Boosting,-1.7701752248722789,-1.6215441080857464,3
Light Gradient Boosting,-1.6434286328720604,-1.9833749296510117,3
Light Gradient Boosting,-1.7709615792854492,-2.0308023903970764,3
Light Gradient Boosting,-4.034834060338741,-3.208108414737114,3
Light Gradient Boosting,-3.3358640560027224,-3.2459199161596963,3
Light Gradient Boosting,-3.4116117497612004,-2.7257244180231637,3
Light Gradient Boosting,-3.8817848914990014,-3.485936809469915,3
Light Gradient Boosting,-1.7083201719567802,-1.6273729025144401,3
Light Gradient Boosting,-2.7386203038591304,-2.4498713727741963,3
Light Gradient Boosting,-3.2402151004002007,-3.347381171497463,3
Light Gradient Boosting,-2.43241576499949,-1.9049857429551944,3
Light Gradient Boosting,-2.579721210352638,-2.7319232998797984,3
Light Gradient Boosting,-1.7246442506203672,-1.5792633257973028,3
Light Gradient Boosting,-1.8762488134939106,-1.717989584767582,3
Light Gradient Boosting,-3.0455186942585932,-3.271211209483842,3
Light Gradient Boosting,-1.6819366650372385,-1.5749960609346514,3
Light Gradient Boosting,-3.3309007861959947,-2.986197388392301,3
Light Gradient Boosting,-1.5279900670983446,-1.3772442066189678,3
Light Gradient Boosting,-2.5585788782984222,-2.3487489730968205,3
Light Gradient Boosting,-1.7581838126622393,-2.246053651535229,3
Light Gradient Boosting,-2.695416849848479,-2.381989898015893,3
Light Gradient Boosting,-1.5895913565043294,-2.041568792429561,3
Light Gradient Boosting,-3.393048191942752,-2.8439569935809046,3
Light Gradient Boosting,-1.6613977234664838,-1.4461927299395891,3
Light Gradient Boosting,-1.586700235918748,-1.5379310043819732,3
Light Gradient Boosting,-3.5527489155241385,-2.9604134369322637,3
Light Gradient Boosting,-1.6663570851479517,-1.3564225710518518,3
Light Gradient Boosting,-2.9620793251113042,-2.6151060844981227,3
Light Gradient Boosting,-3.31795786632659,-3.7279966173177077,3
Light Gradient Boosting,-2.833475754814589,-2.4558874067339125,3
Light Gradient Boosting,-1.8196475705694013,-1.8589356812946023,3
Light Gradient Boosting,-1.6159918285387698,-1.324020647823793,3
Light Gradient Boosting,-0.8521750241183932,-1.3253369559461046,3
Light Gradient Boosting,-0.6894774956008592,-1.3622869979317485,3
Light Gradient Boosting,-1.2067214626499687,-1.2952862113445522,3
Light Gradient Boosting,-1.5281785967617054,-1.7485861309212933,3
Light Gradient Boosting,-2.8559441417598115,-2.302147069446582,3
Light Gradient Boosting,-1.2862388841839494,-1.6128306929110956,3
Light Gradient Boosting,-2.5255934458757454,-2.3643081691659615,3
Light Gradient Boosting,-0.9737395646276028,-1.2066741208399416,3
Light Gradient Boosting,-1.6374387034297335,-1.6305539777749067,3
Light Gradient Boosting,-1.9362137770978871,-1.667915882308155,3
Light Gradient Boosting,-3.7618083196547483,-3.2075172893542034,3
Light Gradient Boosting,-1.8884660362981867,-1.7605858336805498,3
Light Gradient Boosting,-1.428472864706594,-1.4254466082259154,3
Light Gradient Boosting,-2.4881639462888585,-2.0302133438387115,3
Light Gradient Boosting,-2.035715142789073,-2.188478397016652,3
Light Gradient Boosting,-2.017352405817494,-1.179735833212962,3
Light Gradient Boosting,-1.5736750209710204,-2.3306561646135955,3
Light Gradient Boosting,-2.740096874062147,-2.496789563962264,3
Light Gradient Boosting,-3.3625502994733605,-3.399374284106643,3
Light Gradient Boosting,-3.8396725549649426,-3.06837797317078,3
Light Gradient Boosting,-2.464359595395084,-2.3386839795249625,3
Light Gradient Boosting,-0.9486409221793155,-2.6683851838900705,3
Light Gradient Boosting,-0.03690399983927772,0.11053758821111258,3
Light Gradient Boosting,-0.9893876757536758,-2.6311785668741474,3
Light Gradient Boosting,-0.5442825169537446,-0.37136074731431656,3
Light Gradient Boosting,-2.2749377863952085,-1.6907115035655533,3
Light Gradient Boosting,-3.3347136412278577,-3.297642422104855,3
Light Gradient Boosting,-1.1181615001713328,-1.9521976125653184,3
Light Gradient Boosting,-3.1657421077804533,-2.8850634579483643,3
Light Gradient Boosting,-1.492201494031574,-1.6554471278303717,3
Light Gradient Boosting,-1.1820723340995358,-1.6598309698874865,3
Light Gradient Boosting,-2.1235976234646596,-1.8256779075347334,3
Light Gradient Boosting,-2.7488910409678486,-2.1880281543143374,3
Light Gradient Boosting,-2.0424559224697187,-1.9704006607322582,3
Light Gradient Boosting,-2.789746241172472,-2.8297648879603345,3
Light Gradient Boosting,-1.621304790891127,-1.9093533411132595,3
Light Gradient Boosting,-1.5073537295089607,-1.5189216265624812,3
Light Gradient Boosting,-1.862548056774303,-1.9848680644067633,3
Light Gradient Boosting,-1.1009937914140275,-1.332294255874211,3
Light Gradient Boosting,-1.2328253445920763,-1.525218492713716,3
Light Gradient Boosting,-2.103347370511212,-2.164951949244831,3
Light Gradient Boosting,-2.088287115891733,-1.8369249983716787,3
Light Gradient Boosting,-1.10868225389701,-1.1769343412978148,3
Light Gradient Boosting,-1.2812660713628026,-1.1911838835677846,3
Light Gradient Boosting,-1.573747505577719,-1.496892023546236,3
Light Gradient Boosting,-1.6539166652584223,-1.7550647578204945,3
Light Gradient Boosting,-1.4597718515481843,-1.588519123420568,3
Light Gradient Boosting,-1.3198484161479276,-1.2233274156238818,3
Light Gradient Boosting,-1.7854705731329945,-1.764144950442591,3
Light Gradient Boosting,-1.629049819754814,-2.1566081324343536,3
Light Gradient Boosting,-0.9422704336465716,-1.4068028892361548,3
Light Gradient Boosting,-1.8036577587890321,-1.6201924515570911,3
Light Gradient Boosting,-0.9568598388437015,-1.3006939537507995,3
Light Gradient Boosting,-1.042642722079717,-1.5684430389531636,3
Light Gradient Boosting,-0.9172146296835499,-1.4014874486919775,3
Light Gradient Boosting,-1.5600709478109722,-1.651736531048341,3
Light Gradient Boosting,-0.8317581654646831,-1.230534084247322,3
Light Gradient Boosting,-1.450536715424269,-2.062852717189512,3
Light Gradient Boosting,-2.0560190796534115,-1.4644372060365176,3
Light Gradient Boosting,-2.385444450882969,-1.620427046815987,3
Light Gradient Boosting,-1.2028902052841348,-0.9699534660914736,3
Light Gradient Boosting,-0.2468343715025799,-0.9143828910841467,3
Light Gradient Boosting,-2.192341601117107,-2.1292575578226636,3
Light Gradient Boosting,-2.114518460874232,-1.7125214209742252,3
Light Gradient Boosting,-1.3068936298450675,-1.4202755274468142,3
Light Gradient Boosting,-1.3089106800327817,-1.351776920949771,3
Light Gradient Boosting,-1.9812071611751474,-2.115865061191591,3
Light Gradient Boosting,-2.5315835424986517,-2.3522460256483617,3
Light Gradient Boosting,-2.064990291304019,-2.2021074710047537,4
Light Gradient Boosting,-3.7465335671940925,-3.3203549303047932,4
Light Gradient Boosting,-2.158822044993741,-2.2257777959570606,4
Light Gradient Boosting,-2.423624898245491,-1.8436721957282662,4
Light Gradient Boosting,-1.9492654506102318,-2.308476445381611,4
Light Gradient Boosting,-2.7922905193547125,-2.3622957588984526,4
Light Gradient Boosting,-1.3240188516817268,-2.1273641647725308,4
Light Gradient Boosting,-1.5321588732385725,-1.6098856692400003,4
Light Gradient Boosting,-1.4118568185099727,-1.1544929074840968,4
Light Gradient Boosting,-1.524080623031204,-1.9183191832623259,4
Light Gradient Boosting,-1.5393527377902698,-1.4176185351467994,4
Light Gradient Boosting,-0.32212322804184973,-1.1246428708424518,4
Light Gradient Boosting,-1.374139089297611,-1.276130170739351,4
Light Gradient Boosting,-0.9407520429016281,-1.4497386156674024,4
Light Gradient Boosting,-1.820599175381769,-1.5862460184392462,4
Light Gradient Boosting,-1.680228158144333,-1.485500925108296,4
Light Gradient Boosting,-1.4091232046942341,-1.6270883859121792,4
Light Gradient Boosting,-1.0056334760903496,-1.4232074456175619,4
Light Gradient Boosting,-1.221874373746708,-1.8287219484805657,4
Light Gradient Boosting,-1.9996117840097518,-1.5737866281504889,4
Light Gradient Boosting,-1.3897810295006061,-2.051250346013668,4
Light Gradient Boosting,-1.5041031112940382,-1.6153093566243117,4
Light Gradient Boosting,-3.8326531224143645,-3.5869626432952475,4
Light Gradient Boosting,-1.5041031112940382,-1.8078599849050818,4
Light Gradient Boosting,-3.399950007606853,-3.0940072226663364,4
Light Gradient Boosting,-2.808030042713029,-2.6233604432604225,4
Light Gradient Boosting,-2.7929079641438137,-2.654322867759853,4
Light Gradient Boosting,-3.1597853454922076,-2.7159656415266134,4
Light Gradient Boosting,-2.0569241023003397,-1.930897252504032,4
Light Gradient Boosting,-2.151509814945314,-2.7908996516829125,4
Light Gradient Boosting,-2.772379350111858,-2.604856457792539,4
Light Gradient Boosting,-2.461494632742434,-2.62940779313916,4
Light Gradient Boosting,-2.736709137429952,-2.2886008667782387,4
Light Gradient Boosting,-0.6389033445220246,-0.7224833142421382,4
Light Gradient Boosting,-0.19201915469350456,-0.08934934733641152,4
Light Gradient Boosting,-0.6704627883686575,-1.2710192054672762,4
Light Gradient Boosting,-3.0110100837480736,-0.5145704274824118,4
Light Gradient Boosting,-2.9107287853445634,-2.2848284930346185,4
Light Gradient Boosting,-3.2691119889214533,-2.7026105931273054,4
Light Gradient Boosting,-1.9304209166838449,-1.9071234450049384,4
Light Gradient Boosting,-1.9101052340727014,-2.0941894300103976,4
Light Gradient Boosting,-2.3140538776829995,-2.2854257538863054,4
Light Gradient Boosting,-1.2279630916135922,-1.8059209791867963,4
Light Gradient Boosting,-2.7515330963273232,-2.470133563754427,4
Light Gradient Boosting,-2.209721593275448,-2.331480731798888,4
Light Gradient Boosting,-2.2415951055389973,-1.9833950690918554,4
Light Gradient Boosting,-2.5493325073158326,-2.561354537313221,4
Light Gradient Boosting,-3.20721692140729,-2.344648997640237,4
Light Gradient Boosting,-3.20721692140729,-2.676042657077484,4
Light Gradient Boosting,-2.4909497090997137,-2.8638139653256336,4
Light Gradient Boosting,-3.310333372786738,-3.1429652073876406,4
Light Gradient Boosting,-3.3458359767686834,-3.5250776749511297,4
Light Gradient Boosting,-1.8336101498155517,-1.9329364076306201,4
Light Gradient Boosting,-1.4093732376842594,-1.56016885836292,4
Light Gradient Boosting,-2.617794503701521,-2.347743565593366,4
Light Gradient Boosting,-3.873453012328298,-3.757358589560776,4
Light Gradient Boosting,-1.7089770353918146,-1.3496548813331954,4
Light Gradient Boosting,-1.4616237416558537,-1.6394819741129993,4
Light Gradient Boosting,-1.1251042517136252,-1.196247637566073,4
Light Gradient Boosting,-1.3266108732423414,-1.5888026304487104,4
Light Gradient Boosting,-1.1286208649028604,-1.2122096848696666,4
Light Gradient Boosting,-2.691578169406441,-2.5921264527482024,4
Light Gradient Boosting,-3.7342838339347466,-3.835096433957433,4
Light Gradient Boosting,-2.2476183878149794,-2.4783984942263033,4
Light Gradient Boosting,-3.6203410251864447,-2.9345620292311616,4
Light Gradient Boosting,-2.5038360209902844,-2.685172612791394,4
Light Gradient Boosting,-2.2669235674490644,-2.3240676104482088,4
Light Gradient Boosting,-3.1782271514224525,-2.652849966451637,4
Light Gradient Boosting,-3.5222913974306227,-2.957064397052104,4
Light Gradient Boosting,-3.221262124613128,-2.5683558744891277,4
Light Gradient Boosting,-2.270552443792131,-2.489057627310685,4
Light Gradient Boosting,-3.4401053391639986,-3.0469150451972054,4
Light Gradient Boosting,-2.457678098889193,-1.6930014779388811,4
Light Gradient Boosting,-1.7568408124580226,-1.8535931483642538,4
Light Gradient Boosting,-1.935943656763284,-1.7007647186968655,4
Light Gradient Boosting,-1.1808764741089726,-1.3652004723663465,4
Light Gradient Boosting,-1.41390601215094,-1.461140090813963,4
Light Gradient Boosting,-1.9381605982067327,-2.1657299389073006,4
Light Gradient Boosting,-2.4934863088506534,-2.3003312841826506,4
Light Gradient Boosting,-1.1883246153441216,-1.3558465023940254,4
Light Gradient Boosting,-2.7592630971786845,-2.3189704658508603,4
Light Gradient Boosting,-2.248890796910272,-2.1107857487949953,4
Light Gradient Boosting,-2.0364325385907973,-1.9881788980075759,4
Light Gradient Boosting,-1.5371060964041248,-2.0061273838597633,4
Light Gradient Boosting,-3.688222835963096,-3.586117750622506,4
Light Gradient Boosting,-2.7669040895368373,-2.3770359384709225,4
Light Gradient Boosting,-1.7176063992666837,-1.7439967811732393,4
Light Gradient Boosting,-2.8326132427713318,-1.9106495966587176,4
Light Gradient Boosting,-2.848471723996311,-2.312982399370511,4
Light Gradient Boosting,-2.550141932709222,-2.4052877713716514,4
Light Gradient Boosting,-2.618445069067542,-2.06550236825889,4
Light Gradient Boosting,-3.190894343543139,-2.379824436639509,4
Light Gradient Boosting,-1.7818010064165613,-1.7438147537828255,4
Light Gradient Boosting,-3.3960495196322524,-3.2265406563746972,4
Light Gradient Boosting,-1.9070646816834933,-1.6944091162595405,4
Light Gradient Boosting,-1.6668842660690988,-2.2563447722829078,4
Light Gradient Boosting,-1.7883466398341077,-1.8351879687980852,4
Light Gradient Boosting,-2.3662117992181373,-1.696667443130556,4
Light Gradient Boosting,-1.2400249421136365,-2.024466440099842,4
Light Gradient Boosting,-1.7015723913432346,-1.6722390372912845,4
Light Gradient Boosting,-3.508144052188851,-3.1952091325025154,4
Light Gradient Boosting,-1.7340876483093817,-1.9110750124656166,4
Light Gradient Boosting,-1.936797812533807,-1.5274549935193875,4
Light Gradient Boosting,-2.258862588858495,-2.464327515072832,4
Light Gradient Boosting,-3.7834435403498214,-3.4350849030866386,4
Light Gradient Boosting,-1.556016572040716,-1.4429888957242318,4
Light Gradient Boosting,-3.5459650539173615,-3.217296918040931,4
Light Gradient Boosting,-3.23633470688153,-2.6118513967450827,4
Light Gradient Boosting,-3.739785461604827,-3.400226888386552,4
Light Gradient Boosting,-3.466783553422354,-2.543858140183965,4
Light Gradient Boosting,-1.2303723324828062,-1.7033442906577698,4
Light Gradient Boosting,-1.5213971031085405,-1.5544222745700584,4
Light Gradient Boosting,-1.9458635904251336,-2.014155450647557,4
Light Gradient Boosting,-1.069394064585742,-1.5283422160044213,4
Light Gradient Boosting,-1.42943857964666,-1.503591235042008,4
Light Gradient Boosting,-1.5625822596100025,-2.030465985361167,4
Light Gradient Boosting,-1.4782087030212006,-1.431171470894174,4
Light Gradient Boosting,-1.8011659603551675,-2.036107624036842,4
Light Gradient Boosting,-1.6517269019834395,-1.752278194344586,4
Light Gradient Boosting,-2.7671936491741276,-2.773056222804436,4
Light Gradient Boosting,-2.4368442826786825,-2.3083537371424123,4
Light Gradient Boosting,-3.390442939572028,-3.678874442854206,4
Light Gradient Boosting,-0.9637364568210032,-2.1398914417146506,4
Light Gradient Boosting,-0.6074545522659878,-1.3119084798346252,4
Light Gradient Boosting,-0.5687544073603336,-1.4794327437514294,4
Light Gradient Boosting,-2.1372208240925845,-3.1276381031751406,4
Light Gradient Boosting,-3.7986028756795487,-3.706952592606608,4
Light Gradient Boosting,-4.219679806977318,-3.8604633374956494,4
Light Gradient Boosting,-2.8108233787082515,-2.6149571056504133,4
Light Gradient Boosting,-2.7597061620105943,-2.0766573018108767,4
Light Gradient Boosting,-2.034185120528877,-2.322215153219092,4
Light Gradient Boosting,-1.3544637580442256,-1.873278113498746,4
Light Gradient Boosting,-3.437187483030755,-3.4920173941443244,4
Light Gradient Boosting,-3.0607359079332865,-3.459641413031641,4
Light Gradient Boosting,-3.644312909802797,-4.029833758022931,4
Light Gradient Boosting,-2.0978386037648766,-1.56744025538869,4
Light Gradient Boosting,-1.881362165893176,-1.6512902503878648,4
Light Gradient Boosting,-1.366206440166372,-1.3825568536915158,4
Light Gradient Boosting,-2.8947429719805546,-2.4999171501417865,4
Light Gradient Boosting,-1.4180277802789096,-1.1306910688208196,4
Light Gradient Boosting,-0.7420831923821466,-1.7707793051885465,4
Light Gradient Boosting,-2.062592350526869,-2.7214727798134803,4
Light Gradient Boosting,-1.5310782741493767,-1.4257842236164724,4
Light Gradient Boosting,-1.318606216338379,-1.3888668328362692,4
Light Gradient Boosting,-1.1301967317733737,-1.1528704550385753,4
Light Gradient Boosting,-1.0193030390019762,-1.4442349678421158,4
Light Gradient Boosting,-1.0225594503600544,-1.7076131121304896,4
Light Gradient Boosting,-3.312493333735544,-3.202435210138102,4
Light Gradient Boosting,-1.8035282856682657,-1.5611317497210562,4
Light Gradient Boosting,-3.542851120580754,-3.320906231547589,4
Light Gradient Boosting,-3.119103556806872,-2.6418147226885926,4
Light Gradient Boosting,-2.3087676366549488,-1.696059888039161,4
Light Gradient Boosting,-3.744840908818875,-3.855882304113631,4
Light Gradient Boosting,-2.5884932589587586,-2.593827422654156,4
Light Gradient Boosting,-1.9715416460145745,-1.5880170164180614,4
Light Gradient Boosting,-2.3758693662733776,-1.6849654267121381,4
Light Gradient Boosting,-3.6924119784161333,-3.2960174285695563,4
Light Gradient Boosting,-4.034798298974088,-3.978209778239979,4
Light Gradient Boosting,-2.345229430009625,-1.5545005719005074,4
Light Gradient Boosting,-1.945164608357066,-2.1452327653794834,4
Light Gradient Boosting,-2.300301079838426,-2.4711775727447667,4
Light Gradient Boosting,-2.483384252706259,-3.0302721237921317,4
Light Gradient Boosting,-3.3980116731740355,-2.9221807204581194,4
Light Gradient Boosting,-3.290189204280069,-2.794973225857518,4
Light Gradient Boosting,-2.5041654897477077,-2.68544686208467,4
Light Gradient Boosting,-1.7613667161535187,-2.037557203113762,4
Light Gradient Boosting,-2.26736728311359,-2.713294292538564,4
Light Gradient Boosting,-1.8668031693530753,-1.868337646154687,4
Light Gradient Boosting,-3.015555503033429,-2.9535574941306106,4
Light Gradient Boosting,-1.2662407394987067,-1.4465454160472493,4
Light Gradient Boosting,-2.4520022992105748,-2.8433670578202053,4
Light Gradient Boosting,-1.6895586727819518,-1.9537097134143884,4
Light Gradient Boosting,-3.6546223480637448,-3.5074186114727093,4
Light Gradient Boosting,-1.8057322630823986,-2.2284303894465363,4
Light Gradient Boosting,-1.9412408278950934,-2.619489803616617,4
Light Gradient Boosting,-3.184747097908846,-3.2187691636576905,4
Light Gradient Boosting,-3.312017362295172,-3.3595043079580043,4
Light Gradient Boosting,-1.2025079170212445,-1.532899778220847,4
Light Gradient Boosting,-3.064232839852069,-3.442227554064591,4
Light Gradient Boosting,-1.4655690967005093,-2.164375879996412,4
Light Gradient Boosting,-1.951987303305516,-1.5788291142359863,4
Light Gradient Boosting,-1.309961996475505,-1.8146195016671147,4
Light Gradient Boosting,-1.3132997440363454,-1.4570840675665906,4
Light Gradient Boosting,-1.2800471306587051,-1.582072422118325,4
Light Gradient Boosting,-1.6183307304435026,-1.8546548972749732,4
Light Gradient Boosting,-3.6368695830464484,-3.826132793572487,4
Light Gradient Boosting,-2.4796814387852613,-2.489934907326909,4
Light Gradient Boosting,-1.4262388316017447,-1.2948539625812,4
Light Gradient Boosting,-2.152965298392503,-2.1771656947841866,4
Light Gradient Boosting,-1.9499388302923257,-2.012769008068664,4
Light Gradient Boosting,0.016216578776438208,0.06070282662483026,4
Light Gradient Boosting,0.013270809352243309,-0.24131279115911952,4
Light Gradient Boosting,0.10764671163334447,-0.2127514753207626,4
Light Gradient Boosting,-0.31923658554998896,-0.49445031722537053,4
Light Gradient Boosting,-0.202317609683526,-0.8404831060014968,4
Light Gradient Boosting,0.13858982128300762,-0.03538848852775289,4
Light Gradient Boosting,-0.39778171004309776,-0.7772298238374739,4
Light Gradient Boosting,-0.2703526265197312,-0.3449845205484467,4
Light Gradient Boosting,-0.004427072779599359,-0.2836863981077784,4
Light Gradient Boosting,0.27486911420534327,0.05556111598933947,4
Light Gradient Boosting,-1.7405367157549274,-2.240562718354771,4
Light Gradient Boosting,-1.5200924815934278,-1.626642776177674,4
Light Gradient Boosting,-1.7655110123526006,-1.886485472440589,4
Light Gradient Boosting,-1.7181996551162337,-1.8627108438775475,4
Light Gradient Boosting,-1.1505417041520314,-1.530098774028929,4
Light Gradient Boosting,-0.8847086972378616,-1.1034291138971581,4
Light Gradient Boosting,-1.6314222073485498,-1.6774212012889658,4
Light Gradient Boosting,-1.5941100276318725,-2.4944003107746653,4
Light Gradient Boosting,-2.642143447351316,-2.3654969740030714,4
Light Gradient Boosting,-1.6163219968838958,-1.4846921717495456,4
Light Gradient Boosting,-1.621304790891127,-1.5418512184425142,4
Light Gradient Boosting,-1.0801819981618899,-1.6326069960465452,4
Light Gradient Boosting,-2.5479760718766045,-2.116097159438079,4
Light Gradient Boosting,-1.7868132829404095,-2.0016571685582085,4
Light Gradient Boosting,-1.6115607525200502,-1.6615267853834106,4
Light Gradient Boosting,-1.7236216619186897,-1.7507153975076113,4
Light Gradient Boosting,-3.2294115893983317,-2.852968704868589,4
Light Gradient Boosting,-1.1814755688597112,-1.5824895567091686,4
Light Gradient Boosting,-1.455583530702784,-1.8387647347969032,4
Light Gradient Boosting,-2.3872497229566574,-2.2544777937180522,4
Light Gradient Boosting,-1.7300615156440644,-1.5641750019178609,4
Light Gradient Boosting,-1.7472661616036533,-1.9648516535924145,4
Light Gradient Boosting,-1.1286832686838821,-1.2135465903715394,4
Light Gradient Boosting,-1.42625067509891,-1.4329382050649426,4
Light Gradient Boosting,-0.9134224928394735,-1.0618889140464727,4
Light Gradient Boosting,-1.540907293954747,-1.6670054904299882,4
Light Gradient Boosting,-1.4094344835568617,-1.4100150602272221,4
Light Gradient Boosting,-1.2491101104442828,-1.452848474442873,4
Light Gradient Boosting,-1.2755333695267534,-1.4281002946365535,4
Light Gradient Boosting,-0.7266296487986936,-1.1097813867505812,4
Light Gradient Boosting,-0.6082262842300837,-1.1170976459755961,4
Light Gradient Boosting,-0.5052921847488494,-1.6373270538139229,4
Light Gradient Boosting,-1.1400317683551704,-1.3848032385221551,4
Light Gradient Boosting,-3.2172494016790187,-3.6930611620517158,4
Light Gradient Boosting,-1.483088664742514,-1.6863753935905752,4
Light Gradient Boosting,-1.148825472087486,-1.1112242258692038,4
Light Gradient Boosting,-2.723197328038221,-2.444534300637312,4
Light Gradient Boosting,-3.295634963777275,-3.0605579878823925,4
Light Gradient Boosting,-1.7998312883961207,-1.5290566721613865,4
Light Gradient Boosting,-1.7283368624549476,-1.9604275750910276,4
Light Gradient Boosting,-1.0748372190236377,-1.095874683286896,4
Light Gradient Boosting,-0.5935262904426333,-1.44973840355231,4
Light Gradient Boosting,-0.6591799251191045,-0.9165036430528785,4
Light Gradient Boosting,-0.14567163968046612,-1.029000887605741,4
Light Gradient Boosting,-3.121373090381552,-2.9898062958664013,4
Light Gradient Boosting,-3.7648251925435416,-3.6714672383408327,4
Light Gradient Boosting,-1.0026227122886122,-1.3820278874586716,4
Light Gradient Boosting,-1.031601943299423,-1.3131804665270612,4
Light Gradient Boosting,-1.63438498383371,-1.915157156605247,4
Light Gradient Boosting,-1.475460019768368,-1.957460893957529,4
Light Gradient Boosting,-1.5167709261725162,-1.5317958565655336,4
Light Gradient Boosting,-1.0945491836072103,-1.6483631109715922,4
Light Gradient Boosting,-1.0884067327209506,-1.8711746046910824,4
Light Gradient Boosting,-1.4158076024067474,-1.9665163795823069,4
Light Gradient Boosting,-1.137767503887176,-1.2961976953404613,4
Light Gradient Boosting,-0.988626069420939,-1.531774185960223,4
Light Gradient Boosting,-1.3147618244158232,-1.8799737134330852,4
Light Gradient Boosting,-1.2413209034031176,-1.7221040538870285,4
Light Gradient Boosting,-1.4154063781902113,-1.4504109221409491,4
Light Gradient Boosting,-2.703826191329584,-1.82980753961563,5
Light Gradient Boosting,-2.3969317709673565,-1.8509329968315429,5
Light Gradient Boosting,-3.5076503600642033,-2.510396348557934,5
Light Gradient Boosting,-1.7636611133035243,-2.2295000249260233,5
Light Gradient Boosting,-2.3146334389286793,-1.9311228185661307,5
Light Gradient Boosting,-2.3969317709673565,-1.6718991736777828,5
Light Gradient Boosting,-3.5076503600642033,-3.0582899226412517,5
Light Gradient Boosting,-2.2593946471787434,-2.0852008823580492,5
Light Gradient Boosting,-1.7253486984128064,-1.7445226913904328,5
Light Gradient Boosting,-1.5424726897801078,-1.3884760138934886,5
Light Gradient Boosting,-1.2059345608151744,-1.282413335953995,5
Light Gradient Boosting,-1.5083613986405884,-0.9112645446282355,5
Light Gradient Boosting,-1.4103143043656896,-1.4095888542906376,5
Light Gradient Boosting,-1.5530374141251506,-1.194841136658914,5
Light Gradient Boosting,-1.3629507222657735,-1.331543215332919,5
Light Gradient Boosting,-0.9452141888163385,-0.9429495748879064,5
Light Gradient Boosting,-1.7566657394319904,-1.775807100630411,5
Light Gradient Boosting,-1.2391607486734533,-1.1018483897656408,5
Light Gradient Boosting,-1.9196885629650766,-1.505308858579284,5
Light Gradient Boosting,-1.2247774230710238,-1.3690454931430474,5
Light Gradient Boosting,-1.6021765542362365,-2.7539311324590554,5
Light Gradient Boosting,-2.885418369996712,-2.0557167649440293,5
Light Gradient Boosting,-1.5498899805881399,-1.4082542800711724,5
Light Gradient Boosting,-1.833927238128002,-2.067150684420739,5
Light Gradient Boosting,-3.2180472636163895,-3.329395835853536,5
Light Gradient Boosting,-2.3529321054630254,-1.716442176691591,5
Light Gradient Boosting,-2.341290856803062,-2.2546707478798753,5
Light Gradient Boosting,-0.9582190949069228,-1.1164964396369803,5
Light Gradient Boosting,-2.617367632441655,-2.3211797405627976,5
Light Gradient Boosting,-1.8194641482091292,-2.082167324866528,5
Light Gradient Boosting,-3.2834449518405893,-3.071693436983831,5
Light Gradient Boosting,-2.66118307205398,-2.543066594223171,5
Light Gradient Boosting,-2.272602230242758,-2.0607484591541607,5
Light Gradient Boosting,-2.198253243671017,-2.3906772227659228,5
Light Gradient Boosting,-3.876468483448327,-3.6055812915592407,5
Light Gradient Boosting,-1.694125814017541,-2.6737979868257624,5
Light Gradient Boosting,0.14443509497441417,-0.3304192603158723,5
Light Gradient Boosting,-0.2659675601094114,-0.7346443306563463,5
Light Gradient Boosting,0.05304456027413388,-1.5218247034759345,5
Light Gradient Boosting,-1.7661589553081318,-2.725581163313572,5
Light Gradient Boosting,-0.5196118275771817,-1.0501551243370295,5
Light Gradient Boosting,-0.7019607372542168,-0.7103374678520542,5
Light Gradient Boosting,-0.14570591755806434,-1.3257829565117463,5
Light Gradient Boosting,-0.3135898872515433,-0.38926962427292133,5
Light Gradient Boosting,-1.1235679872330004,-2.021413322869685,5
Light Gradient Boosting,0.20849296776590773,-1.2295287608832643,5
Light Gradient Boosting,-2.541474704475919,-2.6200781019791743,5
Light Gradient Boosting,-2.465962973225779,-1.988991574782509,5
Light Gradient Boosting,-1.894217061776159,-2.3325837662171445,5
Light Gradient Boosting,-1.9615865844075526,-2.077040720209401,5
Light Gradient Boosting,-2.2432421390383843,-1.9119073670526407,5
Light Gradient Boosting,-2.9238738790387533,-2.7582939587803517,5
Light Gradient Boosting,-3.349843097267282,-2.6612271061400654,5
Light Gradient Boosting,-2.0468682910310587,-1.9645267117914917,5
Light Gradient Boosting,-3.1381335734004905,-2.8088461263098674,5
Light Gradient Boosting,-3.447382880362,-3.249095566813805,5
Light Gradient Boosting,-2.557865138098485,-2.9738274609041357,5
Light Gradient Boosting,-3.2474583508182433,-2.846682378414541,5
Light Gradient Boosting,-2.991150818979587,-2.9351293045053093,5
Light Gradient Boosting,-3.1413617595139014,-2.958443438249475,5
Light Gradient Boosting,-3.310333372786738,-2.255058248771929,5
Light Gradient Boosting,-3.366814432940472,-3.2450895451270614,5
Light Gradient Boosting,-3.9019276346378216,-3.7260095960580726,5
Light Gradient Boosting,-1.800655814770182,-1.7721896614342105,5
Light Gradient Boosting,-1.415304935020491,-1.7087809610119873,5
Light Gradient Boosting,-1.9785756664607834,-1.70601634418198,5
Light Gradient Boosting,-0.9910136950037374,-1.5903276949724945,5
Light Gradient Boosting,-1.1386989940333996,-1.1981708098688435,5
Light Gradient Boosting,-2.6732644443606475,-2.2648138343776925,5
Light Gradient Boosting,-2.186006727498246,-2.0158755713673626,5
Light Gradient Boosting,-1.4542413778154994,-1.8392466773398208,5
Light Gradient Boosting,-1.5372443207314632,-1.746736758927908,5
Light Gradient Boosting,-1.5372443207314632,-1.32438320839686,5
Light Gradient Boosting,-2.586212054867284,-2.633322966398038,5
Light Gradient Boosting,-1.6435374468814823,-1.2843368766425343,5
Light Gradient Boosting,-1.3859030337523468,-1.2711897748719487,5
Light Gradient Boosting,-2.8807530211105905,-1.909122678472319,5
Light Gradient Boosting,-1.183812038624167,-1.8472825180296355,5
Light Gradient Boosting,-1.7028254486283225,-1.8534934626158373,5
Light Gradient Boosting,-1.3104931690369908,-1.6018939187761718,5
Light Gradient Boosting,-1.4100025284401918,-1.4827617211673763,5
Light Gradient Boosting,-3.7342838339347466,-3.718093846294612,5
Light Gradient Boosting,-2.3918623308235594,-2.2814626854760656,5
Light Gradient Boosting,-3.007286136495451,-2.4038642857986834,5
Light Gradient Boosting,-2.5986223809209954,-2.0123175194291534,5
Light Gradient Boosting,-2.487130374543647,-2.571770100105502,5
Light Gradient Boosting,-3.384203503318252,-3.3294728590604823,5
Light Gradient Boosting,-3.9730828630218453,-3.6589983060777023,5
Light Gradient Boosting,-3.2590502255091702,-2.8795074109252363,5
Light Gradient Boosting,-1.3160847906164357,-1.7757509459794043,5
Light Gradient Boosting,-1.1630496225248408,-1.3453637593250074,5
Light Gradient Boosting,-3.5222913974306227,-2.8266219075364414,5
Light Gradient Boosting,-1.0232314473246815,-1.295489187001739,5
Light Gradient Boosting,-1.2543892714743548,-1.781079457189754,5
Light Gradient Boosting,-1.7751555586449395,-1.821976957275165,5
Light Gradient Boosting,-1.706119540338668,-1.8589176896163249,5
Light Gradient Boosting,-3.4161712191583424,-3.430854060487235,5
Light Gradient Boosting,-1.6698969598127007,-2.095705118726768,5
Light Gradient Boosting,-3.0415646563875622,-2.7702524581554946,5
Light Gradient Boosting,-3.7105715966505453,-3.7015162637974206,5
Light Gradient Boosting,-2.182199963303041,-1.8609441832302596,5
Light Gradient Boosting,-2.236090057320799,-2.0369918550122597,5
Light Gradient Boosting,-2.988535711454289,-2.7167662969821453,5
Light Gradient Boosting,-1.5650446341096866,-1.5524823468365052,5
Light Gradient Boosting,-3.7551664480113374,-3.2367655943143743,5
Light Gradient Boosting,-1.9555954093204297,-2.0381591208087486,5
Light Gradient Boosting,-1.7478447295977892,-2.520121334031674,5
Light Gradient Boosting,-2.362468744313884,-2.6170345451429466,5
Light Gradient Boosting,-3.8287505085021976,-3.8000274851381923,5
Light Gradient Boosting,-2.8197963948012763,-2.5047229301178935,5
Light Gradient Boosting,-1.6379527351562522,-1.8617155296517252,5
Light Gradient Boosting,-1.955139967558483,-1.996827594114611,5
Light Gradient Boosting,-3.3960495196322524,-3.417689022369326,5
Light Gradient Boosting,-1.4722472768836088,-1.6103079808363747,5
Light Gradient Boosting,-1.3149788474841408,-1.243097091154946,5
Light Gradient Boosting,-1.7565625592771141,-1.6649468315262634,5
Light Gradient Boosting,-2.020315121682196,-1.559008424884381,5
Light Gradient Boosting,-1.7983538696326367,-1.9999474895531182,5
Light Gradient Boosting,-3.333901540815397,-3.0864146288951497,5
Light Gradient Boosting,-2.5430732387631334,-2.7149991854584057,5
Light Gradient Boosting,-1.3819820537899474,-1.4354942346775657,5
Light Gradient Boosting,-1.2174698965346429,-1.2307542202323078,5
Light Gradient Boosting,-1.1134303475678107,-1.1490656219712914,5
Light Gradient Boosting,-1.6384460109776287,-1.776609165953428,5
Light Gradient Boosting,-1.5213971031085405,-2.042244211153498,5
Light Gradient Boosting,-3.5459650539173615,-3.4305662138593327,5
Light Gradient Boosting,-2.4117878095891196,-2.0235015403592427,5
Light Gradient Boosting,-2.2151453721747094,-2.094356547425014,5
Light Gradient Boosting,-1.8555915719713854,-1.5421195258676825,5
Light Gradient Boosting,-1.9429726110972225,-2.6497649979396867,5
Light Gradient Boosting,-1.0807113206322263,-1.3445108706401108,5
Light Gradient Boosting,-2.646263945417837,-2.431379602512587,5
Light Gradient Boosting,-2.635540187918821,-2.5532700111836837,5
Light Gradient Boosting,-3.6572596108178765,-3.4873759402166744,5
Light Gradient Boosting,-3.172776808882327,-3.1975032712609472,5
Light Gradient Boosting,-3.4629936067206395,-3.0834447491766244,5
Light Gradient Boosting,-2.7555635433899788,-2.5909085982707025,5
Light Gradient Boosting,-1.98115226552214,-1.7500646067620074,5
Light Gradient Boosting,-1.3267843126055872,-1.7594281645956877,5
Light Gradient Boosting,-2.0630158256502544,-2.015863368828488,5
Light Gradient Boosting,-3.7469892929465796,-3.5364874981872054,5
Light Gradient Boosting,-2.809138225804324,-2.380447801431292,5
Light Gradient Boosting,-1.1441412885613946,-2.000790207253501,5
Light Gradient Boosting,-1.3467292946628289,-1.75910336534647,5
Light Gradient Boosting,-0.7705521408719755,-1.2428341143323263,5
Light Gradient Boosting,-1.5708763680120374,-1.6884400532339339,5
Light Gradient Boosting,-1.1521693207507044,-1.146283020414461,5
Light Gradient Boosting,-1.982318834323383,-2.1483907958806765,5
Light Gradient Boosting,-1.86662075613132,-2.2090982159733907,5
Light Gradient Boosting,-2.2062980891288984,-2.022524811650319,5
Light Gradient Boosting,-2.612904311968554,-1.8051977731172872,5
Light Gradient Boosting,-2.806163575333855,-2.901747973396504,5
Light Gradient Boosting,-3.9453409907865007,-3.1622680401181955,5
Light Gradient Boosting,-1.2158410977813483,-1.5022916754638578,5
Light Gradient Boosting,-3.392655441034186,-2.9856178550256103,5
Light Gradient Boosting,-3.7938003909509543,-3.3323629461520827,5
Light Gradient Boosting,-1.2503305415619155,-1.326238546896598,5
Light Gradient Boosting,-2.2675571837562845,-1.8660624351569146,5
Light Gradient Boosting,-1.453797527240351,-1.4434506109127943,5
Light Gradient Boosting,-1.763658215013675,-2.5477572099935557,5
Light Gradient Boosting,-0.9642747859315978,-1.3442971250154248,5
Light Gradient Boosting,-1.493245786531943,-1.7919222526970389,5
Light Gradient Boosting,-2.174390400742264,-2.882535472577551,5
Light Gradient Boosting,-1.0144370432648293,-1.7352914977321041,5
Light Gradient Boosting,-2.1834863402339466,-2.7317374855929812,5
Light Gradient Boosting,-1.4399552960568784,-1.79863375714161,5
Light Gradient Boosting,-2.3465562136207656,-2.0922623457022365,5
Light Gradient Boosting,-2.119103556806872,-2.0914469273051606,5
Light Gradient Boosting,-1.4337063496845048,-2.1453857957230777,5
Light Gradient Boosting,-1.0624918421054752,-1.4785653229840228,5
Light Gradient Boosting,-1.396090167895999,-2.1537160275144758,5
Light Gradient Boosting,-2.0995080091454192,-2.3125827508038124,5
Light Gradient Boosting,-3.4366316559477377,-3.584334618950825,5
Light Gradient Boosting,-2.0948568608862326,-2.1326539625073067,5
Light Gradient Boosting,-3.8997432135729384,-3.6391140976676004,5
Light Gradient Boosting,-1.7550940407409845,-1.7830926454439497,5
Light Gradient Boosting,-2.17663866294089,-2.1977036484890102,5
Light Gradient Boosting,-2.436631774638256,-2.073606575298152,5
Light Gradient Boosting,-1.936404341844701,-1.9459744123825344,5
Light Gradient Boosting,-3.744840908818875,-3.2345280637670513,5
Light Gradient Boosting,-1.2111861770342556,-1.6340427652821923,5
Light Gradient Boosting,-3.233202110369878,-2.9131626140705307,5
Light Gradient Boosting,-1.8175258287604161,-1.5369371729380505,5
Light Gradient Boosting,-3.3466707249611667,-2.8959178505492087,5
Light Gradient Boosting,-2.1622159208236154,-2.5897288538775958,5
Light Gradient Boosting,-1.4643518021071489,-1.855571270781662,5
Light Gradient Boosting,-1.753896033344213,-1.6775148223428138,5
Light Gradient Boosting,-1.0471006958966393,-1.262154345422554,5
Light Gradient Boosting,-1.928979817650206,-1.8472266681912803,5
Light Gradient Boosting,-1.7139992395270756,-1.7385423195925351,5
Light Gradient Boosting,-2.0118859545996086,-1.710728312900843,5
Light Gradient Boosting,-4.059833781301273,-3.5563332718677105,5
Light Gradient Boosting,-1.9644153443855357,-2.11825336291926,5
Light Gradient Boosting,-1.0942289641451028,-1.3242708269142425,5
Light Gradient Boosting,-1.4566894173821427,-1.4983516291436085,5
Light Gradient Boosting,-2.432175336754664,-2.4308192670250963,5
Light Gradient Boosting,-1.2054304558342028,-1.1490301659279873,5
Light Gradient Boosting,-2.0742842332450646,-1.9227002002470053,5
Light Gradient Boosting,-0.9490993255496558,-1.1521017938579698,5
Light Gradient Boosting,-3.184747097908846,-2.6476822822627932,5
Light Gradient Boosting,-1.8074474879886533,-1.798389328492119,5
Light Gradient Boosting,-1.47951268111869,-1.2912957661865043,5
Light Gradient Boosting,-1.1026053129321816,-1.3167934353063024,5
Light Gradient Boosting,-1.170757605358798,-1.423595326961907,5
Light Gradient Boosting,-1.6189896501583372,-1.5984000840384007,5
Light Gradient Boosting,-3.0397590359811644,-3.13671981291805,5
Light Gradient Boosting,-1.2672463833090828,-1.507082096416057,5
Light Gradient Boosting,-1.2183710988289476,-1.6276153621805745,5
Light Gradient Boosting,-2.850003549488979,-2.923017037970089,5
Light Gradient Boosting,-1.6362623936895822,-1.8357839809131227,5
Light Gradient Boosting,-2.2355646390433175,-1.3216788978307603,5
Light Gradient Boosting,-3.05329283374744,-3.307393923714699,5
Light Gradient Boosting,-1.514016684929528,-1.4951301161399762,5
Light Gradient Boosting,-2.006498035079166,-1.7410358624636282,5
Light Gradient Boosting,-2.3371392715991264,-2.3624605552006903,5
Light Gradient Boosting,-1.4541338573389984,-1.519466502036683,5
Light Gradient Boosting,0.25792460161657743,-0.14283621100498053,5
Light Gradient Boosting,-0.40966424145785746,-0.536221145367792,5
Light Gradient Boosting,0.2034251096067644,0.19617511420752587,5
Light Gradient Boosting,-0.002962342870760633,0.01810300765483087,5
Light Gradient Boosting,0.23141740977050707,-0.28983649736817907,5
Light Gradient Boosting,-3.6464665167152384,-3.3718563538089983,5
Light Gradient Boosting,-2.7286993920768685,-2.5946366149732785,5
Light Gradient Boosting,-1.2407370006641907,-1.439264367502323,5
Light Gradient Boosting,-1.5923333763280876,-1.5922264738249399,5
Light Gradient Boosting,-2.703220329010491,-2.6301865088433045,5
Light Gradient Boosting,-2.297622719595401,-2.2545517134924227,5
Light Gradient Boosting,-1.816712585545078,-2.0553262250675086,5
Light Gradient Boosting,-2.405003945642156,-2.159234295770058,5
Light Gradient Boosting,-1.852111989478871,-1.7708499116939989,5
Light Gradient Boosting,-1.947863458882499,-2.2676049407287513,5
Light Gradient Boosting,-1.5323301209746991,-1.48167980253621,5
Light Gradient Boosting,-1.3469740509457453,-1.6276386526188915,5
Light Gradient Boosting,-1.111999901692932,-1.1730116551112841,5
Light Gradient Boosting,-1.3041517533417322,-1.6063009232197436,5
Light Gradient Boosting,-1.28375174993668,-1.5599545123302998,5
Light Gradient Boosting,-1.3198484161479276,-1.361150660864134,5
Light Gradient Boosting,-1.3198484161479276,-1.345662052313654,5
Light Gradient Boosting,-1.7563417007657087,-1.7180744489573605,5
Light Gradient Boosting,-0.8769725367904692,-1.0866096412853594,5
Light Gradient Boosting,-1.1431217053996168,-1.8785818713611384,5
Light Gradient Boosting,-1.5398588190217488,-1.4887228535915866,5
Light Gradient Boosting,-2.14182332020342,-1.6473434491382832,5
Light Gradient Boosting,-0.7463040504271798,-1.2962447914095567,5
Light Gradient Boosting,-1.8459806844208395,-1.6730776207544498,5
Light Gradient Boosting,-1.0181181552809078,-1.1170025333200009,5
Light Gradient Boosting,-0.428471724353625,-1.1554479627970904,5
Light Gradient Boosting,-3.1791288900792822,-2.25864543535721,5
Light Gradient Boosting,-3.2503548803911073,-2.988375808331545,5
Light Gradient Boosting,-0.9800565288767592,-1.0068037696290424,5
Light Gradient Boosting,-0.6158874808696795,-1.3924052693212452,5
Light Gradient Boosting,-1.048516497297764,-1.2829922667933313,5
Light Gradient Boosting,-3.20055468102406,-3.5572746690129966,5
Light Gradient Boosting,-1.9652557068613081,-1.9187245765219332,5
Light Gradient Boosting,-1.7462641625323523,-1.4384410889876644,5
Light Gradient Boosting,-3.241946952668458,-2.2189094125779634,5
Light Gradient Boosting,-1.0940337585544895,-1.4004883092762221,5
Light Gradient Boosting,-3.3694633107167937,-3.268808269489516,5
Light Gradient Boosting,-3.8301933583825565,-3.7937885489494447,5
