model,experiment,prediction,split #
Stochastic Gradient Descent,-3.7465335671940925,-2.625044952675587e+43,1
Stochastic Gradient Descent,-1.8035334240706482,-4.4632209009408435e+53,1
Stochastic Gradient Descent,-2.881231480327938,-7.127071374422264e+52,1
Stochastic Gradient Descent,-3.431262194557772,-4.5935048117355575e+47,1
Stochastic Gradient Descent,-2.158822044993741,-1.26668734795579e+50,1
Stochastic Gradient Descent,-2.218903098366632,-5.664627002561005e+52,1
Stochastic Gradient Descent,-1.3240188516817268,-1.845955051360471e+50,1
Stochastic Gradient Descent,-0.28950830319552845,-7.80901069647724e+64,1
Stochastic Gradient Descent,-1.0745636623476162,-3.042971318886201e+45,1
Stochastic Gradient Descent,-1.5530374141251506,-3.397101481399762e+44,1
Stochastic Gradient Descent,-1.374139089297611,-4.0021842319651635e+44,1
Stochastic Gradient Descent,-1.414958380703708,-4.437341729432614e+45,1
Stochastic Gradient Descent,-1.7566657394319904,-3.7607858788063416e+45,1
Stochastic Gradient Descent,-1.6390957814475864,-3.864290970762374e+44,1
Stochastic Gradient Descent,-0.9407520429016281,-1.452889632914799e+44,1
Stochastic Gradient Descent,-0.22901321309844905,-1.195134849751413e+46,1
Stochastic Gradient Descent,-2.885418369996712,-1.5832263157350538e+46,1
Stochastic Gradient Descent,-1.1938637358837367,-1.0124393454514789e+55,1
Stochastic Gradient Descent,-1.833927238128002,-4.39201638551837e+50,1
Stochastic Gradient Descent,-1.1131158581897997,-3.538926493796981e+49,1
Stochastic Gradient Descent,-0.9582190949069228,-2.4320192862423998e+57,1
Stochastic Gradient Descent,-3.694349887124185,-2.700375942545123e+43,1
Stochastic Gradient Descent,-2.617367632441655,-1.671513206836743e+52,1
Stochastic Gradient Descent,-2.6092962251353855,-1.4939228928863258e+52,1
Stochastic Gradient Descent,-2.6396789104480054,-1.2480451516021614e+50,1
Stochastic Gradient Descent,-2.272602230242758,-4.0157049936005284e+49,1
Stochastic Gradient Descent,-2.736709137429952,-1.4031389251072847e+50,1
Stochastic Gradient Descent,-0.19201915469350456,-1.1403805899220342e+51,1
Stochastic Gradient Descent,-0.16542042319834802,-1.813063011335487e+51,1
Stochastic Gradient Descent,-0.6704627883686575,-2.0611786428319546e+49,1
Stochastic Gradient Descent,-0.4049916766527308,-2.2723918211621426e+52,1
Stochastic Gradient Descent,-1.1235679872330004,-6.122960552095156e+47,1
Stochastic Gradient Descent,-0.27744790362250854,-3.8533115053914436e+54,1
Stochastic Gradient Descent,-3.6800158253354924,-6.242119026792515e+45,1
Stochastic Gradient Descent,-2.7785748071197123,-2.6690910248587673e+49,1
Stochastic Gradient Descent,-1.8033790498935367,-4.175495325537093e+65,1
Stochastic Gradient Descent,-1.5397653155309607,-1.2728762926053711e+54,1
Stochastic Gradient Descent,-1.1731208384522849,-5.747974676375602e+53,1
Stochastic Gradient Descent,-1.1005815755977664,-2.0889061794439025e+52,1
Stochastic Gradient Descent,-2.8170555006405635,-1.302221794273388e+49,1
Stochastic Gradient Descent,-2.67596440114224,-8.757316457554586e+45,1
Stochastic Gradient Descent,-2.5090165872531767,-6.2548919150925766e+47,1
Stochastic Gradient Descent,-2.6991941581253336,-9.61172876483474e+46,1
Stochastic Gradient Descent,-2.991150818979587,-8.931604907571806e+43,1
Stochastic Gradient Descent,-3.9019276346378216,-2.980564410356348e+43,1
Stochastic Gradient Descent,-2.845233778250056,-2.9422866475551394e+48,1
Stochastic Gradient Descent,-2.174597252967641,-6.7945288992567715e+50,1
Stochastic Gradient Descent,-1.1386989940333996,-2.1288029848924254e+53,1
Stochastic Gradient Descent,-1.8319016673890882,-3.7374903590582803e+49,1
Stochastic Gradient Descent,-2.6732644443606475,-3.370604864033202e+46,1
Stochastic Gradient Descent,-2.048440290036772,-7.969052806387194e+52,1
Stochastic Gradient Descent,-3.0605406542001403,-4.247488806314272e+44,1
Stochastic Gradient Descent,-1.4861381638460753,-4.3560146832799155e+51,1
Stochastic Gradient Descent,-1.7089770353918146,-3.4254626528358812e+53,1
Stochastic Gradient Descent,-1.4616237416558537,-9.850422531080259e+69,1
Stochastic Gradient Descent,-1.6217142305536996,-6.902931508998183e+49,1
Stochastic Gradient Descent,-1.1286208649028604,-2.861929792295566e+56,1
Stochastic Gradient Descent,-3.6203410251864447,-1.1955209557312027e+47,1
Stochastic Gradient Descent,-3.007286136495451,-1.2397640408057674e+52,1
Stochastic Gradient Descent,-3.302921552819786,-8.688015515123873e+51,1
Stochastic Gradient Descent,-3.1782271514224525,-2.7307356786832368e+51,1
Stochastic Gradient Descent,-3.221262124613128,-1.0291849467105034e+51,1
Stochastic Gradient Descent,-2.270552443792131,-3.660015059446358e+50,1
Stochastic Gradient Descent,-3.4401053391639986,-4.540026751799832e+48,1
Stochastic Gradient Descent,-1.1465151741161497,-1.2190243706892468e+55,1
Stochastic Gradient Descent,-2.2875737313332407,-1.0132245732335017e+49,1
Stochastic Gradient Descent,-1.6698969598127007,-4.324859130767328e+51,1
Stochastic Gradient Descent,-2.236090057320799,-4.4311119342485755e+53,1
Stochastic Gradient Descent,-2.5339607001524365,-1.0065245436231734e+55,1
Stochastic Gradient Descent,-1.987977989665314,-1.909206926702352e+46,1
Stochastic Gradient Descent,-1.5650446341096866,-4.399141867021386e+58,1
Stochastic Gradient Descent,-2.248890796910272,-3.80629672664065e+53,1
Stochastic Gradient Descent,-3.159004262647741,-3.6952853833308015e+49,1
Stochastic Gradient Descent,-3.3388889969343114,-1.1580262401684418e+48,1
Stochastic Gradient Descent,-1.5371060964041248,-7.361768252612674e+52,1
Stochastic Gradient Descent,-3.688222835963096,-2.2957524032745083e+45,1
Stochastic Gradient Descent,-2.1081088952398566,-1.7115750772508253e+56,1
Stochastic Gradient Descent,-3.7551664480113374,-3.057608674523855e+47,1
Stochastic Gradient Descent,-2.0559062448512155,-1.2272984733876509e+66,1
Stochastic Gradient Descent,-1.883787384700319,-1.117728569082266e+50,1
Stochastic Gradient Descent,-1.4886987965534475,-1.4685842600996155e+54,1
Stochastic Gradient Descent,-2.4462457037304657,-3.846228149808184e+49,1
Stochastic Gradient Descent,-3.4398948173744337,-1.6930767095855403e+46,1
Stochastic Gradient Descent,-1.5518607813097591,-1.6197774844473582e+54,1
Stochastic Gradient Descent,-2.2625101343415968,-2.5399283363010717e+48,1
Stochastic Gradient Descent,-1.3149788474841408,-6.622053321335115e+51,1
Stochastic Gradient Descent,-2.110664900131247,-1.3133018736075341e+51,1
Stochastic Gradient Descent,-1.9070646816834933,-2.2792489261608874e+63,1
Stochastic Gradient Descent,-2.0615953180564492,-1.3244704709295187e+49,1
Stochastic Gradient Descent,-2.3662117992181373,-5.4340945820261835e+54,1
Stochastic Gradient Descent,-1.3982848993986936,-8.717840281531849e+55,1
Stochastic Gradient Descent,-3.7834435403498214,-7.66589998843854e+44,1
Stochastic Gradient Descent,-1.7340876483093817,-2.25473132933817e+53,1
Stochastic Gradient Descent,-3.48241354468584,-2.9426179684731948e+47,1
Stochastic Gradient Descent,-1.8211763195496429,-7.745384037915374e+51,1
Stochastic Gradient Descent,-2.728175115284189,-1.1804958847061436e+49,1
Stochastic Gradient Descent,-2.000920332458684,-6.956984536711854e+49,1
Stochastic Gradient Descent,-1.0474177734305667,-1.893395092473796e+55,1
Stochastic Gradient Descent,-1.1893279510795818,-1.5232354908233677e+50,1
Stochastic Gradient Descent,-1.1738116279378035,-2.855431916877123e+52,1
Stochastic Gradient Descent,-1.945720453842236,-8.25057452837668e+52,1
Stochastic Gradient Descent,-1.9705460914481276,-4.271880323268839e+56,1
Stochastic Gradient Descent,-1.385136327132139,-2.2206297308835366e+65,1
Stochastic Gradient Descent,-2.4117878095891196,-5.379846149916486e+51,1
Stochastic Gradient Descent,-2.8343485837796827,-1.0297526143000872e+49,1
Stochastic Gradient Descent,-3.466783553422354,-5.700468632224773e+52,1
Stochastic Gradient Descent,-1.2175444827866113,-9.72696780837409e+66,1
Stochastic Gradient Descent,-1.479191830676853,-2.4729917530700715e+52,1
Stochastic Gradient Descent,-1.8441291379223155,-1.361609925754737e+52,1
Stochastic Gradient Descent,-3.6572596108178765,-1.3405470421939636e+45,1
Stochastic Gradient Descent,-2.176441984856953,-3.183586476761783e+52,1
Stochastic Gradient Descent,-1.98115226552214,-1.0292756893108289e+49,1
Stochastic Gradient Descent,-1.790442094293253,-1.269018586039861e+50,1
Stochastic Gradient Descent,-2.099963060637607,-2.771145092321417e+55,1
Stochastic Gradient Descent,-2.0630158256502544,-2.705924020246483e+53,1
Stochastic Gradient Descent,-1.9745795534681516,-1.6687053571387663e+53,1
Stochastic Gradient Descent,-0.5687544073603336,-9.83118899169565e+67,1
Stochastic Gradient Descent,-1.4330573818946528,-3.4013786222953497e+52,1
Stochastic Gradient Descent,-1.0111406945890653,-1.614708788409217e+53,1
Stochastic Gradient Descent,-3.7986028756795487,-1.9301939827967847e+42,1
Stochastic Gradient Descent,-1.982318834323383,-2.2410672632742006e+50,1
Stochastic Gradient Descent,-2.9206284299141125,-7.739109646403941e+50,1
Stochastic Gradient Descent,-2.7906820711849507,-2.6116232418428716e+52,1
Stochastic Gradient Descent,-2.7597061620105943,-2.590275764516342e+53,1
Stochastic Gradient Descent,-2.034185120528877,-2.8971170978340796e+49,1
Stochastic Gradient Descent,-3.437187483030755,-2.6453370976155655e+49,1
Stochastic Gradient Descent,-2.2062980891288984,-2.5169966067900375e+52,1
Stochastic Gradient Descent,-2.647947017470284,-4.093043796312752e+57,1
Stochastic Gradient Descent,-3.392655441034186,-6.864757629548375e+48,1
Stochastic Gradient Descent,-2.4951902617888977,-2.1056819206421937e+51,1
Stochastic Gradient Descent,-2.672496188704653,-6.098835971257118e+50,1
Stochastic Gradient Descent,-4.0490653862997,-3.422723917069535e+42,1
Stochastic Gradient Descent,-2.8947429719805546,-2.081599518647123e+50,1
Stochastic Gradient Descent,-2.2689882869552584,-6.039106067776023e+43,1
Stochastic Gradient Descent,-1.1598011320770079,-5.765991297015281e+53,1
Stochastic Gradient Descent,-2.062592350526869,-9.364686761414627e+47,1
Stochastic Gradient Descent,-1.493245786531943,-3.522677244611509e+49,1
Stochastic Gradient Descent,-0.975127284906683,-1.0793563760912268e+52,1
Stochastic Gradient Descent,-1.0144370432648293,-5.708075607144712e+51,1
Stochastic Gradient Descent,-1.8019484611556353,-8.125459513900198e+49,1
Stochastic Gradient Descent,-0.7242679085347501,-1.1086665030792697e+54,1
Stochastic Gradient Descent,-2.3465562136207656,-7.452171048854877e+49,1
Stochastic Gradient Descent,-3.2740051086991615,-1.191680845530197e+49,1
Stochastic Gradient Descent,-2.090032121190501,-1.5663937471985958e+52,1
Stochastic Gradient Descent,-1.917076538816309,-4.04365156352045e+47,1
Stochastic Gradient Descent,-1.0639605458204757,-1.686557973191449e+51,1
Stochastic Gradient Descent,-1.709300425196423,-4.0590366091882074e+55,1
Stochastic Gradient Descent,-1.525605260081181,-1.5474264405354041e+59,1
Stochastic Gradient Descent,-3.3707035768809224,-3.8758812708536194e+44,1
Stochastic Gradient Descent,-2.540720473654946,-1.0738279696129272e+52,1
Stochastic Gradient Descent,-3.3980116731740355,-4.335360183752122e+53,1
Stochastic Gradient Descent,-2.8217593886833527,-4.026130429108264e+55,1
Stochastic Gradient Descent,-2.3758693662733776,-8.710256334840657e+56,1
Stochastic Gradient Descent,-1.7709615792854492,-1.5732920458677463e+52,1
Stochastic Gradient Descent,-4.034798298974088,-2.8480845410314004e+42,1
Stochastic Gradient Descent,-3.233202110369878,-2.565391559012094e+49,1
Stochastic Gradient Descent,-3.233202110369878,-9.668944713722873e+46,1
Stochastic Gradient Descent,-3.3358640560027224,-6.861025683283023e+48,1
Stochastic Gradient Descent,-2.5444075781780136,-1.4410918708445558e+51,1
Stochastic Gradient Descent,-2.483384252706259,-2.08506992949117e+49,1
Stochastic Gradient Descent,-3.3466707249611667,-2.2503878850842373e+49,1
Stochastic Gradient Descent,-2.1622159208236154,-1.1088871961072397e+50,1
Stochastic Gradient Descent,-1.7083201719567802,-1.5594377584845697e+54,1
Stochastic Gradient Descent,-2.3460680222446215,-1.1299365833194717e+53,1
Stochastic Gradient Descent,-1.4643518021071489,-1.3288737515857153e+54,1
Stochastic Gradient Descent,-1.753896033344213,-6.421081916436307e+49,1
Stochastic Gradient Descent,-1.1848306140119889,-3.631650118458765e+54,1
Stochastic Gradient Descent,-3.015555503033429,-2.792944464704888e+50,1
Stochastic Gradient Descent,-2.1980100109869287,-2.4830969036758825e+49,1
Stochastic Gradient Descent,-1.6404184550270633,-1.7883072351510897e+52,1
Stochastic Gradient Descent,-3.0455186942585932,-2.3848152265645722e+47,1
Stochastic Gradient Descent,-1.6819366650372385,-3.5399519119293107e+62,1
Stochastic Gradient Descent,-2.5783960731301687,-2.798649476578054e+50,1
Stochastic Gradient Descent,-1.5049121890283346,-1.8142487098996675e+55,1
Stochastic Gradient Descent,-1.4333467694862632,-8.374270179603577e+56,1
Stochastic Gradient Descent,-3.844232919056576,-6.500826214307362e+46,1
Stochastic Gradient Descent,-1.5650830494456354,-8.873037475435609e+56,1
Stochastic Gradient Descent,-2.432175336754664,-1.1546187660128432e+52,1
Stochastic Gradient Descent,-1.2054304558342028,-1.5503922343395845e+56,1
Stochastic Gradient Descent,-1.6663570851479517,-4.339655238323475e+56,1
Stochastic Gradient Descent,-3.31795786632659,-1.0422693953393609e+43,1
Stochastic Gradient Descent,-2.292547184423849,-2.252309285249504e+49,1
Stochastic Gradient Descent,-3.184747097908846,-3.953125953233409e+48,1
Stochastic Gradient Descent,-1.8196475705694013,-1.5193100465848566e+49,1
Stochastic Gradient Descent,-0.8521750241183932,-7.709194659433904e+50,1
Stochastic Gradient Descent,-3.184747097908846,-4.312278288643847e+44,1
Stochastic Gradient Descent,-1.47951268111869,-3.7366106741633443e+50,1
Stochastic Gradient Descent,-1.5281785967617054,-2.5054927417504863e+68,1
Stochastic Gradient Descent,-1.170757605358798,-2.4289683317173897e+51,1
Stochastic Gradient Descent,-3.7727484977747765,-5.791140170300916e+42,1
Stochastic Gradient Descent,-1.2862388841839494,-3.335720188362901e+55,1
Stochastic Gradient Descent,-1.2025079170212445,-9.066185646248345e+50,1
Stochastic Gradient Descent,-1.4655690967005093,-9.114045381278925e+50,1
Stochastic Gradient Descent,-1.6374387034297335,-5.9459841866480565e+50,1
Stochastic Gradient Descent,-1.4562179644760493,-5.462476523216598e+53,1
Stochastic Gradient Descent,-1.405215799824956,-1.0725842620635205e+52,1
Stochastic Gradient Descent,-3.05329283374744,-1.4116177450128375e+48,1
Stochastic Gradient Descent,-3.3010769020010144,-2.960771581807623e+47,1
Stochastic Gradient Descent,-1.428472864706594,-1.1859631215843065e+53,1
Stochastic Gradient Descent,-2.4881639462888585,-5.901714506389941e+49,1
Stochastic Gradient Descent,-1.4262388316017447,-2.1573185240446914e+53,1
Stochastic Gradient Descent,-1.8486158063184404,-1.6164883345008308e+49,1
Stochastic Gradient Descent,-2.3371392715991264,-8.788573099820037e+48,1
Stochastic Gradient Descent,-3.3625502994733605,-2.996334600478776e+50,1
Stochastic Gradient Descent,-1.9765773961271407,-4.04386536131935e+51,1
Stochastic Gradient Descent,0.23583851209189552,-3.4195735457934683e+56,1
Stochastic Gradient Descent,-0.40966424145785746,-7.914697917805586e+47,1
Stochastic Gradient Descent,-0.9486409221793155,-2.205896371780826e+44,1
Stochastic Gradient Descent,0.26528954569788904,-4.850132512828967e+50,1
Stochastic Gradient Descent,0.011790398005349874,-1.1471642614401463e+51,1
Stochastic Gradient Descent,0.2034251096067644,-1.331874125595119e+50,1
Stochastic Gradient Descent,-0.002962342870760633,-1.034638548315139e+51,1
Stochastic Gradient Descent,-0.3118025518663407,-1.9146914468077336e+49,1
Stochastic Gradient Descent,0.004405968258246192,-4.643421049997555e+53,1
Stochastic Gradient Descent,0.2733961152011059,-2.6304483969872437e+56,1
Stochastic Gradient Descent,0.27486911420534327,-4.0908972340404806e+51,1
Stochastic Gradient Descent,-0.5442825169537446,-3.798347731000928e+48,1
Stochastic Gradient Descent,-1.181419364072578,-1.828920929733525e+55,1
Stochastic Gradient Descent,-1.7473311829109102,-9.611167319688347e+49,1
Stochastic Gradient Descent,-3.3347136412278577,-1.4028832879523214e+45,1
Stochastic Gradient Descent,-1.4739374796247893,-2.4094473158669616e+62,1
Stochastic Gradient Descent,-1.6790364719823858,-8.280234565222988e+54,1
Stochastic Gradient Descent,-2.703220329010491,-6.141042616394641e+51,1
Stochastic Gradient Descent,-1.6163219968838958,-8.163464972708196e+54,1
Stochastic Gradient Descent,-1.816712585545078,-3.1110976563678066e+50,1
Stochastic Gradient Descent,-2.2038635814094025,-2.8193853025308025e+54,1
Stochastic Gradient Descent,-1.2328253445920763,-1.1419130034940892e+52,1
Stochastic Gradient Descent,-1.852111989478871,-1.2707764704956072e+54,1
Stochastic Gradient Descent,-1.947863458882499,-2.698221867172351e+51,1
Stochastic Gradient Descent,-1.4753372030036505,-6.46086561697257e+43,1
Stochastic Gradient Descent,-1.5674558687076858,-2.0257785880885755e+43,1
Stochastic Gradient Descent,-1.6539166652584223,-3.5421557098787745e+43,1
Stochastic Gradient Descent,-1.649488441015367,-7.235572911646828e+42,1
Stochastic Gradient Descent,-1.3198484161479276,-1.963615602032628e+42,1
Stochastic Gradient Descent,-0.9468333037780922,-1.0412245200135818e+43,1
Stochastic Gradient Descent,-0.8769725367904692,-9.669126273948775e+42,1
Stochastic Gradient Descent,-1.2491101104442828,-3.515674989929112e+42,1
Stochastic Gradient Descent,-1.8070894000718147,-2.326417748184846e+49,1
Stochastic Gradient Descent,-0.952771189748095,-5.4806485240060656e+51,1
Stochastic Gradient Descent,-0.8609839615611586,-3.945377865099915e+52,1
Stochastic Gradient Descent,-0.7463040504271798,-1.5000296856832743e+55,1
Stochastic Gradient Descent,-1.6181431713572578,-1.5724593176892566e+50,1
Stochastic Gradient Descent,-2.6212424559235727,-1.022816813683044e+46,1
Stochastic Gradient Descent,-1.148825472087486,-5.897899319316154e+54,1
Stochastic Gradient Descent,-2.723197328038221,-9.00423556784407e+48,1
Stochastic Gradient Descent,-3.295634963777275,-4.398700884119064e+44,1
Stochastic Gradient Descent,-1.7283368624549476,-1.338170194259809e+51,1
Stochastic Gradient Descent,-1.1827941397057182,-3.195797225853088e+52,1
Stochastic Gradient Descent,-0.9800565288767592,-2.443495165118576e+55,1
Stochastic Gradient Descent,-0.14567163968046612,-1.2991073711970078e+58,1
Stochastic Gradient Descent,-2.428366273865067,-6.169552843477279e+51,1
Stochastic Gradient Descent,-1.9652557068613081,-7.595546374857542e+49,1
Stochastic Gradient Descent,-1.031601943299423,-1.3498681387628653e+60,1
Stochastic Gradient Descent,-1.7462641625323523,-1.8337577882904087e+53,1
Stochastic Gradient Descent,-1.475460019768368,-1.8001826841893376e+51,1
Stochastic Gradient Descent,-1.5167709261725162,-4.5618025417106866e+55,1
Stochastic Gradient Descent,-1.011455146773862,-2.1400376940102343e+56,1
Stochastic Gradient Descent,-1.5672159407631352,-1.1632149249394387e+56,1
Stochastic Gradient Descent,-1.3147618244158232,-6.22900849120975e+50,1
Stochastic Gradient Descent,-1.2413209034031176,-2.333824453257375e+68,1
Stochastic Gradient Descent,-1.9138112509675613,3.8658102025612044e+52,2
Stochastic Gradient Descent,-1.169002914533462,4.277364024169909e+51,2
Stochastic Gradient Descent,-2.403452823620798,6.949542651190221e+53,2
Stochastic Gradient Descent,-3.5076503600642033,3.1451708105418914e+47,2
Stochastic Gradient Descent,-2.1263969370231783,5.0977625017970973e+54,2
Stochastic Gradient Descent,-3.366321517882654,2.8861696563738848e+51,2
Stochastic Gradient Descent,-3.120277513484956,4.132804937633482e+49,2
Stochastic Gradient Descent,-0.3239443747054647,1.270474487281963e+46,2
Stochastic Gradient Descent,-1.4118568185099727,2.8923825337140967e+45,2
Stochastic Gradient Descent,-1.641711232958164,1.789748456947352e+45,2
Stochastic Gradient Descent,-0.9452141888163385,5.943536867409985e+44,2
Stochastic Gradient Descent,-1.1383767799226443,2.3202962726838754e+46,2
Stochastic Gradient Descent,-1.680228158144333,2.85044085583455e+46,2
Stochastic Gradient Descent,-1.5498899805881399,2.930027359472672e+52,2
Stochastic Gradient Descent,-3.4108437941069076,1.882243695806955e+46,2
Stochastic Gradient Descent,-1.339883282003717,4.057830042403846e+52,2
Stochastic Gradient Descent,-2.123767317417046,2.5966064161484977e+49,2
Stochastic Gradient Descent,-3.2180472636163895,4.2187748743134685e+47,2
Stochastic Gradient Descent,-1.0225392132375182,6.036686721116986e+57,2
Stochastic Gradient Descent,-1.0056334760903496,3.014043038197028e+56,2
Stochastic Gradient Descent,-1.778416668028348,5.9783727963605756e+51,2
Stochastic Gradient Descent,-1.6571034663893656,1.6770792776238228e+50,2
Stochastic Gradient Descent,-1.4201920378605053,1.5047152307092093e+55,2
Stochastic Gradient Descent,-1.8730671060734179,8.176235916957367e+49,2
Stochastic Gradient Descent,-1.2696661993818519,5.883324350190571e+55,2
Stochastic Gradient Descent,-3.8326531224143645,8.394344458754094e+43,2
Stochastic Gradient Descent,-2.7929079641438137,2.5456736370604087e+51,2
Stochastic Gradient Descent,-2.808030042713029,3.1383406824952203e+52,2
Stochastic Gradient Descent,-2.2025638997362065,1.0414953163145113e+54,2
Stochastic Gradient Descent,-1.8194641482091292,5.743719703902304e+54,2
Stochastic Gradient Descent,-2.461494632742434,1.0560808940456388e+52,2
Stochastic Gradient Descent,-2.198253243671017,5.445142936091068e+54,2
Stochastic Gradient Descent,-3.0391954244610955,7.402918956421994e+48,2
Stochastic Gradient Descent,-3.3816182003459216,6.412079329095317e+46,2
Stochastic Gradient Descent,-2.1155432005946873,2.4945998555051557e+54,2
Stochastic Gradient Descent,0.14443509497441417,6.201816711244994e+54,2
Stochastic Gradient Descent,-0.5987130334578719,4.5863018545249113e+49,2
Stochastic Gradient Descent,-0.7019607372542168,8.505280410056293e+57,2
Stochastic Gradient Descent,-0.9300930772084189,4.548301721855379e+49,2
Stochastic Gradient Descent,-0.14570591755806434,5.539728515030314e+50,2
Stochastic Gradient Descent,-0.012750569114115418,4.599409584820179e+51,2
Stochastic Gradient Descent,-0.3135898872515433,8.277285384829618e+57,2
Stochastic Gradient Descent,0.20849296776590773,5.922549131392313e+61,2
Stochastic Gradient Descent,-2.9107287853445634,7.945908872847646e+52,2
Stochastic Gradient Descent,-3.2691119889214533,1.0064797043420815e+47,2
Stochastic Gradient Descent,-1.9304209166838449,3.5584791399428067e+53,2
Stochastic Gradient Descent,-2.1460708341762897,2.608377123726936e+53,2
Stochastic Gradient Descent,-1.8094490244732577,1.7993062688467783e+52,2
Stochastic Gradient Descent,-3.0166281405425486,2.424992263355286e+47,2
Stochastic Gradient Descent,-1.4817410394981543,5.9556007803369065e+56,2
Stochastic Gradient Descent,-2.2017306515457955,4.703708480528804e+55,2
Stochastic Gradient Descent,-2.1223515198479075,2.0419709105908017e+50,2
Stochastic Gradient Descent,-2.9238738790387533,3.549938383421848e+53,2
Stochastic Gradient Descent,-3.579179826019102,2.2682091820246232e+46,2
Stochastic Gradient Descent,-3.349843097267282,7.906013155813186e+48,2
Stochastic Gradient Descent,-3.1381335734004905,5.403316892436486e+45,2
Stochastic Gradient Descent,-2.97249382976246,1.1648587355825168e+53,2
Stochastic Gradient Descent,-2.3339531661956356,1.2779641609169739e+46,2
Stochastic Gradient Descent,-2.9119908501955227,3.017541236895596e+45,2
Stochastic Gradient Descent,-2.4909497090997137,1.7185380962967495e+47,2
Stochastic Gradient Descent,-3.310333372786738,1.1139735649949381e+51,2
Stochastic Gradient Descent,-3.366814432940472,7.278083550269294e+46,2
Stochastic Gradient Descent,-3.310333372786738,7.457674522690535e+44,2
Stochastic Gradient Descent,-2.704319008875443,1.8669735012913396e+46,2
Stochastic Gradient Descent,-2.778538031513268,2.799289875463581e+50,2
Stochastic Gradient Descent,-3.3458359767686834,1.0116699104518341e+46,2
Stochastic Gradient Descent,-1.800655814770182,7.425115101758532e+51,2
Stochastic Gradient Descent,-1.9785756664607834,3.7638343971700096e+52,2
Stochastic Gradient Descent,-2.861353792341514,4.804214813289266e+49,2
Stochastic Gradient Descent,-2.861353792341514,3.2889807432149334e+50,2
Stochastic Gradient Descent,-1.4093732376842594,1.9747164787615363e+54,2
Stochastic Gradient Descent,-2.617794503701521,3.919993448556773e+48,2
Stochastic Gradient Descent,-3.434121498561107,8.449278682842037e+47,2
Stochastic Gradient Descent,-1.6435374468814823,3.5875335948433384e+55,2
Stochastic Gradient Descent,-2.3478691638008677,6.207907917441253e+49,2
Stochastic Gradient Descent,-1.3870823799964922,1.5429938286228111e+58,2
Stochastic Gradient Descent,-1.777268237794943,2.498131531072689e+51,2
Stochastic Gradient Descent,-1.392520817816124,1.8982529859195078e+55,2
Stochastic Gradient Descent,-3.7342838339347466,9.505635948916958e+45,2
Stochastic Gradient Descent,-3.6203410251864447,7.04290670696874e+47,2
Stochastic Gradient Descent,-3.52120992195253,2.7825096929614083e+54,2
Stochastic Gradient Descent,-3.3114386993585976,2.449797948292603e+50,2
Stochastic Gradient Descent,-2.5342163548062593,2.562522282270556e+50,2
Stochastic Gradient Descent,-3.9730828630218453,3.093901836043535e+44,2
Stochastic Gradient Descent,-1.4113517913995703,5.848219279032771e+54,2
Stochastic Gradient Descent,-1.547722797531173,1.1395866114202322e+52,2
Stochastic Gradient Descent,-1.6536721058017216,5.240959910626683e+54,2
Stochastic Gradient Descent,-2.663203768289533,1.4384349199433581e+52,2
Stochastic Gradient Descent,-1.5623567401916558,2.3396393788656532e+53,2
Stochastic Gradient Descent,-1.2543892714743548,2.733550701342376e+55,2
Stochastic Gradient Descent,-1.5942049925158137,2.879830114492228e+54,2
Stochastic Gradient Descent,-1.9381605982067327,1.601438927997756e+52,2
Stochastic Gradient Descent,-1.5862250860093259,1.1941155344434951e+58,2
Stochastic Gradient Descent,-2.988535711454289,1.1134294265224265e+52,2
Stochastic Gradient Descent,-2.470173263354167,8.46708045674343e+53,2
Stochastic Gradient Descent,-3.688222835963096,4.8465719624787595e+48,2
Stochastic Gradient Descent,-2.2826863141215226,7.277356931957605e+68,2
Stochastic Gradient Descent,-2.0061846218108834,1.8305311198973406e+55,2
Stochastic Gradient Descent,-4.441291429466834,4.238072301287746e+43,2
Stochastic Gradient Descent,-3.4715139529702097,1.0144712306634316e+50,2
Stochastic Gradient Descent,-4.043611115346274,6.0445804423537e+44,2
Stochastic Gradient Descent,-2.999290941959355,8.90491364510449e+47,2
Stochastic Gradient Descent,-2.7669040895368373,6.720060537616627e+52,2
Stochastic Gradient Descent,-1.4855749296151965,8.728248837535527e+56,2
Stochastic Gradient Descent,-1.7310907007998717,9.574318061946567e+51,2
Stochastic Gradient Descent,-2.550141932709222,2.25017018259072e+50,2
Stochastic Gradient Descent,-2.618445069067542,3.586678448655784e+52,2
Stochastic Gradient Descent,-3.190894343543139,1.1036015254518635e+52,2
Stochastic Gradient Descent,-3.8287505085021976,2.381358768398958e+44,2
Stochastic Gradient Descent,-1.6668842660690988,2.0705238240964363e+52,2
Stochastic Gradient Descent,-1.7983538696326367,1.3845615751833102e+54,2
Stochastic Gradient Descent,-3.508144052188851,1.2255072378687105e+46,2
Stochastic Gradient Descent,-2.728175115284189,5.433701051223568e+50,2
Stochastic Gradient Descent,-3.3980931244651527,3.016202928661213e+49,2
Stochastic Gradient Descent,-2.3458067992518874,3.0518270474357034e+52,2
Stochastic Gradient Descent,-1.3819820537899474,6.697350392380626e+56,2
Stochastic Gradient Descent,-1.5213971031085405,1.1212821592890241e+50,2
Stochastic Gradient Descent,-3.23633470688153,2.4445338429424306e+48,2
Stochastic Gradient Descent,-1.3173301868582306,1.6866001453376176e+61,2
Stochastic Gradient Descent,-1.9718622007532294,2.5965750241372888e+56,2
Stochastic Gradient Descent,-1.9930514957526793,1.0754339228265908e+57,2
Stochastic Gradient Descent,-3.172776808882327,8.29715870575004e+49,2
Stochastic Gradient Descent,-3.4629936067206395,4.993535842628464e+47,2
Stochastic Gradient Descent,-1.8011659603551675,7.1930483029875535e+53,2
Stochastic Gradient Descent,-3.289282825523282,6.999458119766958e+55,2
Stochastic Gradient Descent,-1.3267843126055872,1.2983297919258626e+52,2
Stochastic Gradient Descent,-2.5142250705986213,7.090628152063718e+50,2
Stochastic Gradient Descent,-1.7892523214132656,1.9727351605454428e+57,2
Stochastic Gradient Descent,-2.648503823177817,1.0659418106521858e+55,2
Stochastic Gradient Descent,-2.7671936491741276,4.740756397276255e+47,2
Stochastic Gradient Descent,-1.4115626764192806,1.1246606369208137e+55,2
Stochastic Gradient Descent,-3.2877805976748804,5.281261125689914e+46,2
Stochastic Gradient Descent,-1.015474675864504,6.205131437676006e+56,2
Stochastic Gradient Descent,-1.7625310634593319,1.4903227107970574e+53,2
Stochastic Gradient Descent,-3.1720823887102565,5.765058965306406e+46,2
Stochastic Gradient Descent,-0.9637364568210032,5.527957541502529e+51,2
Stochastic Gradient Descent,-1.2563082695173393,9.71173627614774e+54,2
Stochastic Gradient Descent,-2.809138225804324,5.390866584568271e+49,2
Stochastic Gradient Descent,-1.3467292946628289,3.80653065142316e+50,2
Stochastic Gradient Descent,-0.9349414936187838,2.759221003678083e+56,2
Stochastic Gradient Descent,-0.664255515397868,3.2342038563246656e+57,2
Stochastic Gradient Descent,-2.001001072492525,4.163851439322989e+56,2
Stochastic Gradient Descent,-2.1782870563447125,5.230377450020733e+56,2
Stochastic Gradient Descent,-3.352587686654944,2.3431087620144867e+52,2
Stochastic Gradient Descent,-1.6958725916338202,7.86087606651886e+53,2
Stochastic Gradient Descent,-2.2151887800651093,4.0081448799067086e+54,2
Stochastic Gradient Descent,-1.5438464586997465,1.4829814732094184e+54,2
Stochastic Gradient Descent,-1.9945993491296803,1.0857026549533353e+52,2
Stochastic Gradient Descent,-2.612904311968554,9.923244727592533e+54,2
Stochastic Gradient Descent,-3.0607359079332865,9.615780018317245e+46,2
Stochastic Gradient Descent,-3.9453409907865007,9.613159217221315e+45,2
Stochastic Gradient Descent,-1.4436245197644126,5.277854848540414e+54,2
Stochastic Gradient Descent,-1.4386260150993235,5.104568539851233e+58,2
Stochastic Gradient Descent,-1.453797527240351,3.2618362885247794e+57,2
Stochastic Gradient Descent,-1.4609239012072235,2.4915824748781627e+57,2
Stochastic Gradient Descent,-3.5624063821538914,5.21220671711459e+49,2
Stochastic Gradient Descent,-0.7420831923821466,2.2359212067354425e+52,2
Stochastic Gradient Descent,-1.318606216338379,3.9049609485627697e+55,2
Stochastic Gradient Descent,-1.8162387276731846,1.8960502769814183e+49,2
Stochastic Gradient Descent,-1.8035282856682657,4.321928649187118e+52,2
Stochastic Gradient Descent,-2.119103556806872,8.470302809916828e+54,2
Stochastic Gradient Descent,-1.351662241081682,5.637791836454118e+55,2
Stochastic Gradient Descent,-2.0598606483703086,8.890793316621794e+49,2
Stochastic Gradient Descent,-1.1177693107076099,4.7185253801703574e+54,2
Stochastic Gradient Descent,-1.396090167895999,8.88595612293028e+51,2
Stochastic Gradient Descent,-1.3448674070651871,1.678024589774344e+56,2
Stochastic Gradient Descent,-3.4366316559477377,1.2370416972585214e+48,2
Stochastic Gradient Descent,-3.744840908818875,1.3913058189142522e+44,2
Stochastic Gradient Descent,-2.653759917660552,2.616994649312314e+50,2
Stochastic Gradient Descent,-1.7550940407409845,7.884734573641634e+59,2
Stochastic Gradient Descent,-1.936404341844701,1.8599886739868813e+58,2
Stochastic Gradient Descent,-2.7292012545882884,3.03162259264977e+53,2
Stochastic Gradient Descent,-1.9715416460145745,3.455346453392704e+70,2
Stochastic Gradient Descent,-1.4790145740873064,1.478546406705304e+58,2
Stochastic Gradient Descent,-2.626594359719023,7.799914175833247e+50,2
Stochastic Gradient Descent,-1.945164608357066,4.1916710486124066e+53,2
Stochastic Gradient Descent,-1.8175258287604161,1.403466999552806e+58,2
Stochastic Gradient Descent,-3.6924119784161333,2.9721858773321775e+53,2
Stochastic Gradient Descent,-2.2313771400186773,2.0118061834191725e+53,2
Stochastic Gradient Descent,-2.033677685255944,3.108159374811051e+53,2
Stochastic Gradient Descent,-1.6524312761675333,3.942849248299801e+53,2
Stochastic Gradient Descent,-2.0864005407417032,2.6597940348691894e+53,2
Stochastic Gradient Descent,-3.4116117497612004,4.2498126298727227e+46,2
Stochastic Gradient Descent,-1.5226715493865826,1.0678280533844196e+55,2
Stochastic Gradient Descent,-1.593236649552128,2.8098401199290953e+55,2
Stochastic Gradient Descent,-1.3308187576670196,5.578402868137326e+55,2
Stochastic Gradient Descent,-1.7246442506203672,3.3782728620638724e+68,2
Stochastic Gradient Descent,-1.5951494590693263,6.7558603702573775e+50,2
Stochastic Gradient Descent,-1.7139992395270756,1.1210499567375531e+53,2
Stochastic Gradient Descent,-1.5372075124674875,1.9508843991045317e+52,2
Stochastic Gradient Descent,-2.2270013364351495,5.081540410896149e+51,2
Stochastic Gradient Descent,-2.0118859545996086,1.9996332866079306e+57,2
Stochastic Gradient Descent,-4.056947918112584,7.425060478697875e+45,2
Stochastic Gradient Descent,-2.1956618739690814,1.7658974330082138e+53,2
Stochastic Gradient Descent,-4.059833781301273,5.258431721970241e+50,2
Stochastic Gradient Descent,-1.7581838126622393,1.0832195441400993e+54,2
Stochastic Gradient Descent,-1.586700235918748,3.213446173838891e+58,2
Stochastic Gradient Descent,-3.5527489155241385,2.7333319220524374e+51,2
Stochastic Gradient Descent,-4.059833781301273,4.4107349080891147e+43,2
Stochastic Gradient Descent,-2.9620793251113042,5.110208150305973e+49,2
Stochastic Gradient Descent,-2.833475754814589,2.3765655124801147e+49,2
Stochastic Gradient Descent,-1.5363868405196788,4.6590592635064505e+54,2
Stochastic Gradient Descent,-0.9751054096242024,4.7460955598906374e+57,2
Stochastic Gradient Descent,-1.2067214626499687,2.5966707360631393e+56,2
Stochastic Gradient Descent,-0.7856945313640958,3.121845176969e+57,2
Stochastic Gradient Descent,-2.5945173784671853,2.2442615404544724e+48,2
Stochastic Gradient Descent,-2.809660176396059,1.904924076452933e+50,2
Stochastic Gradient Descent,-1.740666799910411,7.995415630037375e+52,2
Stochastic Gradient Descent,-0.9737395646276028,1.525102089757576e+59,2
Stochastic Gradient Descent,-2.035715142789073,8.986501581483203e+48,2
Stochastic Gradient Descent,-2.152965298392503,2.277639882222692e+53,2
Stochastic Gradient Descent,-2.017352405817494,5.782094797951906e+68,2
Stochastic Gradient Descent,-2.740096874062147,1.671214899621139e+49,2
Stochastic Gradient Descent,-3.8396725549649426,2.083312130942636e+43,2
Stochastic Gradient Descent,0.016216578776438208,1.5302257468463625e+52,2
Stochastic Gradient Descent,0.013270809352243309,6.174185165217691e+52,2
Stochastic Gradient Descent,-0.202317609683526,8.613798456246741e+50,2
Stochastic Gradient Descent,0.13858982128300762,1.0962763489746807e+54,2
Stochastic Gradient Descent,0.11059120541434526,1.728022976522572e+57,2
Stochastic Gradient Descent,-1.7655110123526006,4.255666114936474e+54,2
Stochastic Gradient Descent,-1.1181615001713328,1.5104370738125023e+54,2
Stochastic Gradient Descent,-1.2407370006641907,6.597793096555953e+55,2
Stochastic Gradient Descent,-1.5923333763280876,3.1340995377335644e+51,2
Stochastic Gradient Descent,-0.8847086972378616,5.6375037648426306e+51,2
Stochastic Gradient Descent,-1.098047311203653,4.80639133820694e+56,2
Stochastic Gradient Descent,-2.7488910409678486,3.00861870144179e+50,2
Stochastic Gradient Descent,-1.0801819981618899,4.557496335017542e+58,2
Stochastic Gradient Descent,-3.525699217034543,1.702160412009642e+46,2
Stochastic Gradient Descent,-2.789746241172472,3.635341400713461e+50,2
Stochastic Gradient Descent,-1.862548056774303,5.406421623752762e+52,2
Stochastic Gradient Descent,-1.7236216619186897,1.2608697858013963e+53,2
Stochastic Gradient Descent,-1.6695950343945678,3.749370945748289e+54,2
Stochastic Gradient Descent,-1.455583530702784,4.205908049905315e+60,2
Stochastic Gradient Descent,-2.3872497229566574,3.7051979788522177e+50,2
Stochastic Gradient Descent,-3.8233531994782193,1.4927289636619607e+44,2
Stochastic Gradient Descent,-1.2812660713628026,2.422272047759636e+44,2
Stochastic Gradient Descent,-1.111999901692932,2.353822440770975e+45,2
Stochastic Gradient Descent,-1.28375174993668,1.9238990842709225e+44,2
Stochastic Gradient Descent,-1.4597718515481843,1.050746739592854e+45,2
Stochastic Gradient Descent,-1.540907293954747,6.246446875306052e+44,2
Stochastic Gradient Descent,-1.793068638288037,1.1845951035859918e+44,2
Stochastic Gradient Descent,-1.7854705731329945,1.5466993556334696e+44,2
Stochastic Gradient Descent,-1.5966625231096632,4.2022377490062956e+52,2
Stochastic Gradient Descent,-0.7476890179412806,7.447567672550342e+52,2
Stochastic Gradient Descent,-2.348164353297759,5.8164793225190844e+48,2
Stochastic Gradient Descent,-1.2755333695267534,1.1436598223737808e+57,2
Stochastic Gradient Descent,-1.9406256000139548,1.7219542715794368e+49,2
Stochastic Gradient Descent,-3.4341521813264824,2.004419909744976e+43,2
Stochastic Gradient Descent,-0.9172146296835499,6.224667786028329e+66,2
Stochastic Gradient Descent,-1.483088664742514,3.767402978157494e+52,2
Stochastic Gradient Descent,-2.761915740881935,6.064024515297042e+51,2
Stochastic Gradient Descent,-1.048516497297764,1.673967799390305e+53,2
Stochastic Gradient Descent,-1.530055677420101,1.9069439594896478e+57,2
Stochastic Gradient Descent,-1.0026227122886122,1.6515823484410362e+60,2
Stochastic Gradient Descent,-1.7793995024399858,2.817231950837968e+50,2
Stochastic Gradient Descent,-1.0884067327209506,4.34147535710334e+52,2
Stochastic Gradient Descent,-2.390077592912712,1.6576035286010567e+52,2
Stochastic Gradient Descent,-1.4154063781902113,4.2736316269130535e+52,2
Stochastic Gradient Descent,-3.8301933583825565,5.880850661608302e+43,2
Stochastic Gradient Descent,-3.1408689109724577,-1.6734408310376613e+50,3
Stochastic Gradient Descent,-2.642729293000293,-1.3483598238825201e+51,3
Stochastic Gradient Descent,-1.6844526576962697,-2.5513686255694696e+54,3
Stochastic Gradient Descent,-1.9492654506102318,-8.546565932765843e+56,3
Stochastic Gradient Descent,-2.7922905193547125,-6.991968516176664e+51,3
Stochastic Gradient Descent,-1.7253486984128064,-3.495154695380599e+56,3
Stochastic Gradient Descent,-3.6845481800874196,-1.2192686410508464e+45,3
Stochastic Gradient Descent,-1.5393527377902698,-8.686877350506369e+46,3
Stochastic Gradient Descent,-1.7190338740193807,-7.573069637440422e+45,3
Stochastic Gradient Descent,-0.32212322804184973,-6.111662769261968e+46,3
Stochastic Gradient Descent,-1.4103143043656896,-2.7355164314759e+48,3
Stochastic Gradient Descent,-1.3629507222657735,-2.3599224190492073e+46,3
Stochastic Gradient Descent,-1.496009274431816,-1.4689554332503886e+47,3
Stochastic Gradient Descent,-1.4091232046942341,-1.353386555168431e+68,3
Stochastic Gradient Descent,-1.1345513868310089,-3.7503868603711405e+55,3
Stochastic Gradient Descent,-1.3355656611938254,-3.092655097867192e+50,3
Stochastic Gradient Descent,-1.4187942485435616,-7.639223792570826e+56,3
Stochastic Gradient Descent,-3.2351404478705748,-3.663617452699521e+46,3
Stochastic Gradient Descent,-1.8960550708053778,-8.27458460401207e+69,3
Stochastic Gradient Descent,-3.399950007606853,-1.0024487422992785e+49,3
Stochastic Gradient Descent,-2.808030042713029,-6.073469225149133e+49,3
Stochastic Gradient Descent,-1.3607499667563296,-7.32385098694029e+59,3
Stochastic Gradient Descent,-2.4318269168378195,-2.084277517606716e+52,3
Stochastic Gradient Descent,-2.9688776583453143,-1.1318271735384501e+54,3
Stochastic Gradient Descent,-2.0569241023003397,-1.115793017181814e+52,3
Stochastic Gradient Descent,-1.1061070209631036,-5.10846146768378e+50,3
Stochastic Gradient Descent,-2.772379350111858,-1.177301731735793e+51,3
Stochastic Gradient Descent,-2.9142603715445343,-4.978004120185615e+51,3
Stochastic Gradient Descent,-1.694125814017541,-2.2105174107036776e+45,3
Stochastic Gradient Descent,-0.2659675601094114,-1.3657536572203538e+54,3
Stochastic Gradient Descent,-1.7661589553081318,-6.086046614859412e+46,3
Stochastic Gradient Descent,-0.3696586894071177,-1.8797107502560972e+57,3
Stochastic Gradient Descent,-1.5018248431082857,-1.6173885829091313e+51,3
Stochastic Gradient Descent,0.20995355888867073,-4.686624885263251e+54,3
Stochastic Gradient Descent,-0.7545795752718538,-2.4524034519649394e+49,3
Stochastic Gradient Descent,-0.3417701012907816,-4.082508343460922e+54,3
Stochastic Gradient Descent,-2.004293876429448,-3.686933621803385e+52,3
Stochastic Gradient Descent,-2.931358924489361,-2.7413756493098704e+53,3
Stochastic Gradient Descent,-3.2691119889214533,-8.593932817946439e+51,3
Stochastic Gradient Descent,-3.0775844181294625,-5.5454397151311405e+50,3
Stochastic Gradient Descent,-1.9101052340727014,-3.3923159065320514e+47,3
Stochastic Gradient Descent,-1.9615865844075526,-1.555918974474833e+52,3
Stochastic Gradient Descent,-1.2279630916135922,-9.052580802612913e+56,3
Stochastic Gradient Descent,-2.7515330963273232,-2.613258515335552e+51,3
Stochastic Gradient Descent,-2.0468682910310587,-5.05130860059555e+52,3
Stochastic Gradient Descent,-3.447382880362,-5.97682637367175e+46,3
Stochastic Gradient Descent,-2.557865138098485,-1.6146423880920244e+48,3
Stochastic Gradient Descent,-3.447382880362,-3.24145205817836e+50,3
Stochastic Gradient Descent,-1.9112124620769755,-3.7016125680468463e+49,3
Stochastic Gradient Descent,-3.20721692140729,-1.025111914548188e+45,3
Stochastic Gradient Descent,-3.1668739337041876,-1.9285459582907765e+47,3
Stochastic Gradient Descent,-3.1413617595139014,-1.0243311055181028e+45,3
Stochastic Gradient Descent,-2.4751841978240816,-1.3069359555293735e+48,3
Stochastic Gradient Descent,-1.4326336990343642,-6.878158472463097e+55,3
Stochastic Gradient Descent,-3.130720745231321,-2.7277580970428697e+47,3
Stochastic Gradient Descent,-1.415304935020491,-2.1018414500665115e+51,3
Stochastic Gradient Descent,-1.0599038235929437,-8.959340560735823e+51,3
Stochastic Gradient Descent,-2.186006727498246,-4.888627668256405e+51,3
Stochastic Gradient Descent,-2.7103007043055714,-1.0899927117831994e+50,3
Stochastic Gradient Descent,-1.115836390766966,-2.3149107606432677e+55,3
Stochastic Gradient Descent,-3.434121498561107,-1.4103356232876643e+45,3
Stochastic Gradient Descent,-1.4370923600242806,-3.2527958568624206e+62,3
Stochastic Gradient Descent,-3.008152176256889,-1.1896128447001145e+49,3
Stochastic Gradient Descent,-2.8807530211105905,-2.203065103553538e+54,3
Stochastic Gradient Descent,-1.4729877775908402,-2.4033907881066385e+53,3
Stochastic Gradient Descent,-1.183812038624167,-1.570360237669376e+51,3
Stochastic Gradient Descent,-1.0556956867709293,-2.364293138896014e+50,3
Stochastic Gradient Descent,-1.4100025284401918,-2.2639193368614975e+54,3
Stochastic Gradient Descent,-3.302921552819786,-7.905185838527662e+45,3
Stochastic Gradient Descent,-2.01828162271433,-1.2996135043957566e+53,3
Stochastic Gradient Descent,-2.5986223809209954,-5.143449712535554e+68,3
Stochastic Gradient Descent,-2.3083760229550343,-4.2220845280504105e+50,3
Stochastic Gradient Descent,-2.4555313487080666,-3.206566250967278e+49,3
Stochastic Gradient Descent,-2.487130374543647,-8.135551000237471e+51,3
Stochastic Gradient Descent,-1.2227575127427186,-1.2515289025830328e+48,3
Stochastic Gradient Descent,-2.498525274280529,-2.4945708527127034e+53,3
Stochastic Gradient Descent,-3.384203503318252,-5.96317464717337e+46,3
Stochastic Gradient Descent,-1.3160847906164357,-2.058391728563154e+67,3
Stochastic Gradient Descent,-3.135663383730844,-5.957055350985119e+53,3
Stochastic Gradient Descent,-1.935943656763284,-7.946096843792988e+53,3
Stochastic Gradient Descent,-1.1808764741089726,-7.820189107714999e+56,3
Stochastic Gradient Descent,-1.706119540338668,-1.0408979752153493e+55,3
Stochastic Gradient Descent,-3.4161712191583424,-1.5444960916178355e+49,3
Stochastic Gradient Descent,-3.0415646563875622,-3.2337951087080855e+50,3
Stochastic Gradient Descent,-3.2996658499018485,-6.112629854462537e+50,3
Stochastic Gradient Descent,-2.4995431395917818,-7.356995207269634e+51,3
Stochastic Gradient Descent,-3.159004262647741,-1.3168293903430697e+49,3
Stochastic Gradient Descent,-3.40015839520823,-2.425960263690465e+49,3
Stochastic Gradient Descent,-2.0364325385907973,-1.4297755123340915e+58,3
Stochastic Gradient Descent,-2.4308272469150642,-3.0794796219295337e+52,3
Stochastic Gradient Descent,-3.246574755779347,-1.978763940177675e+49,3
Stochastic Gradient Descent,-3.1495014132834878,-4.4326360234378496e+49,3
Stochastic Gradient Descent,-1.9555954093204297,-3.0064517859197743e+54,3
Stochastic Gradient Descent,-2.3566470252815495,-2.8506106012735193e+52,3
Stochastic Gradient Descent,-2.8326132427713318,-9.319767039761615e+52,3
Stochastic Gradient Descent,-1.2684519185896421,-4.598949688128307e+57,3
Stochastic Gradient Descent,-2.362468744313884,-5.372435613055237e+52,3
Stochastic Gradient Descent,-1.6379527351562522,-1.971220597142561e+53,3
Stochastic Gradient Descent,-2.9211605333956863,-8.702836882507153e+49,3
Stochastic Gradient Descent,-1.4722472768836088,-5.53951452706977e+55,3
Stochastic Gradient Descent,-1.7818010064165613,-8.962688018765875e+53,3
Stochastic Gradient Descent,-3.3960495196322524,-4.279832109783725e+49,3
Stochastic Gradient Descent,-1.7883466398341077,-2.117675769608264e+51,3
Stochastic Gradient Descent,-1.7565625592771141,-4.638481464465527e+53,3
Stochastic Gradient Descent,-3.333901540815397,-1.5964340610068181e+52,3
Stochastic Gradient Descent,-2.2414236426625673,-2.2562994381291792e+52,3
Stochastic Gradient Descent,-2.9187956800017982,-1.6996484225919737e+48,3
Stochastic Gradient Descent,-1.936797812533807,-3.4873458145011085e+53,3
Stochastic Gradient Descent,-1.4975728800155672,-1.5831273101543004e+70,3
Stochastic Gradient Descent,-4.026482380351305,-3.845101027613499e+44,3
Stochastic Gradient Descent,-1.2174698965346429,-2.4881481656586975e+62,3
Stochastic Gradient Descent,-1.1134303475678107,-3.102358350974925e+58,3
Stochastic Gradient Descent,-1.5838670484167507,-3.693481189301995e+57,3
Stochastic Gradient Descent,-3.5459650539173615,-5.2851943885391786e+48,3
Stochastic Gradient Descent,-1.8555915719713854,-1.0960581862374925e+54,3
Stochastic Gradient Descent,-1.069394064585742,-1.2615859685885367e+54,3
Stochastic Gradient Descent,-1.4441845681180592,-9.199214387939276e+60,3
Stochastic Gradient Descent,-1.42943857964666,-2.3863528353516387e+57,3
Stochastic Gradient Descent,-1.2185345221225936,-6.11412014561226e+57,3
Stochastic Gradient Descent,-1.0209515518818744,-1.3017262224809311e+51,3
Stochastic Gradient Descent,-2.484467237840419,-1.5938507124269726e+50,3
Stochastic Gradient Descent,-2.1469087646472067,-6.280178706429685e+50,3
Stochastic Gradient Descent,-2.4368442826786825,-7.28221531070044e+53,3
Stochastic Gradient Descent,-1.1441412885613946,-2.720725287290678e+52,3
Stochastic Gradient Descent,-2.9171991963522217,-4.140223216271688e+51,3
Stochastic Gradient Descent,-2.1469087646472067,-3.8388739267512154e+52,3
Stochastic Gradient Descent,-2.1372208240925845,-4.950885712477783e+50,3
Stochastic Gradient Descent,-1.1521693207507044,-1.9514355319943376e+55,3
Stochastic Gradient Descent,-1.421235229471209,-3.437409100757839e+66,3
Stochastic Gradient Descent,-2.806163575333855,-1.7041214032140776e+50,3
Stochastic Gradient Descent,-3.644312909802797,-3.336217183200697e+43,3
Stochastic Gradient Descent,-3.7938003909509543,-7.163472992410619e+44,3
Stochastic Gradient Descent,-3.6688623296866587,-2.069295865099885e+51,3
Stochastic Gradient Descent,-2.0893959764848726,-2.9157819086601428e+51,3
Stochastic Gradient Descent,-1.2327435377262763,-2.7616384762333177e+52,3
Stochastic Gradient Descent,-1.3310146489007124,-3.1136344046735474e+52,3
Stochastic Gradient Descent,-1.8793987946410835,-7.562157683720008e+53,3
Stochastic Gradient Descent,-1.2503305415619155,-4.538264306293054e+59,3
Stochastic Gradient Descent,-1.4001202888111866,-2.1120197076763667e+52,3
Stochastic Gradient Descent,-1.1301967317733737,-2.222733372973517e+66,3
Stochastic Gradient Descent,-1.8626742516440307,-4.860194092761141e+50,3
Stochastic Gradient Descent,-3.6419813498697473,-4.5972109949118526e+47,3
Stochastic Gradient Descent,-1.215596170273078,-1.8504629301420665e+57,3
Stochastic Gradient Descent,-3.119103556806872,-1.7788844088188185e+50,3
Stochastic Gradient Descent,-2.2488337964546146,-3.16466827955946e+55,3
Stochastic Gradient Descent,-1.2530119718858257,-1.0984588408886321e+55,3
Stochastic Gradient Descent,-3.8997432135729384,-8.7526731561435e+46,3
Stochastic Gradient Descent,-2.2176402640700728,-8.882569545076556e+55,3
Stochastic Gradient Descent,-2.6904826786431757,-1.934855854064339e+51,3
Stochastic Gradient Descent,-2.5884932589587586,-2.862814468207418e+49,3
Stochastic Gradient Descent,-1.7701752248722789,-1.2887399770365963e+56,3
Stochastic Gradient Descent,-3.6308973708676717,-4.809693711348182e+50,3
Stochastic Gradient Descent,-2.0916278587378,-1.9188046419097195e+50,3
Stochastic Gradient Descent,-3.744840908818875,-2.728688328273447e+50,3
Stochastic Gradient Descent,-1.5811083204741387,-8.819060035614641e+53,3
Stochastic Gradient Descent,-1.6434286328720604,-1.5191654614491224e+55,3
Stochastic Gradient Descent,-2.300301079838426,-2.3703285114093528e+52,3
Stochastic Gradient Descent,-2.1317533670782356,-1.726916289977963e+68,3
Stochastic Gradient Descent,-3.290189204280069,-1.8831332667657997e+50,3
Stochastic Gradient Descent,-2.3582852103076553,-2.0102851195197602e+54,3
Stochastic Gradient Descent,-3.7268829315132583,-6.469359594461934e+47,3
Stochastic Gradient Descent,-3.8817848914990014,-4.932030553681638e+44,3
Stochastic Gradient Descent,-2.5041654897477077,-4.680826059867461e+51,3
Stochastic Gradient Descent,-1.7613667161535187,-1.0428869049286959e+53,3
Stochastic Gradient Descent,-1.6345122959030371,-4.482989514142213e+51,3
Stochastic Gradient Descent,-2.43241576499949,-1.4842252441063924e+54,3
Stochastic Gradient Descent,-2.579721210352638,-3.5160824331745917e+50,3
Stochastic Gradient Descent,-2.26736728311359,-7.298672592538008e+51,3
Stochastic Gradient Descent,-1.95795837174818,-5.321687047592464e+48,3
Stochastic Gradient Descent,-2.025135764586199,-1.842067446385504e+53,3
Stochastic Gradient Descent,-2.0645418092014314,-1.0137210012159008e+51,3
Stochastic Gradient Descent,-1.356590498479473,-3.7291819107172205e+59,3
Stochastic Gradient Descent,-1.8668031693530753,-1.1157296315539376e+51,3
Stochastic Gradient Descent,-2.4520022992105748,-4.362083227889197e+50,3
Stochastic Gradient Descent,-4.059833781301273,-2.7502742111788604e+44,3
Stochastic Gradient Descent,-1.5279900670983446,-8.090507411563826e+57,3
Stochastic Gradient Descent,-3.1090516644066044,-2.140938328556085e+50,3
Stochastic Gradient Descent,-2.084073842416984,-2.2621156151257526e+49,3
Stochastic Gradient Descent,-1.9644153443855357,-1.0417361155644158e+57,3
Stochastic Gradient Descent,-2.695416849848479,-3.0408635752758317e+53,3
Stochastic Gradient Descent,-1.5145266747759671,-2.946448643931311e+62,3
Stochastic Gradient Descent,-1.4566894173821427,-1.5468666962519833e+57,3
Stochastic Gradient Descent,-1.6613977234664838,-2.197824129587506e+56,3
Stochastic Gradient Descent,-3.276542686022807,-1.115072421585038e+51,3
Stochastic Gradient Descent,-2.0742842332450646,-1.2373928088790774e+51,3
Stochastic Gradient Descent,-0.6894774956008592,-6.757656302857209e+55,3
Stochastic Gradient Descent,-1.8161267212970162,-2.0642701017346155e+54,3
Stochastic Gradient Descent,-1.6189896501583372,-6.911040415106255e+49,3
Stochastic Gradient Descent,-3.312017362295172,-1.1759682553823961e+46,3
Stochastic Gradient Descent,-2.5255934458757454,-1.0346444013735444e+52,3
Stochastic Gradient Descent,-3.064232839852069,-7.878913088821893e+45,3
Stochastic Gradient Descent,-1.9643120034496402,-4.5642076304621235e+52,3
Stochastic Gradient Descent,-1.309961996475505,-4.487170836663893e+53,3
Stochastic Gradient Descent,-3.0397590359811644,-1.2674672540022757e+53,3
Stochastic Gradient Descent,-1.3132997440363454,-6.982239016356159e+55,3
Stochastic Gradient Descent,-1.2800471306587051,-3.758309011622975e+53,3
Stochastic Gradient Descent,-2.0008832971741093,-3.6215127521319514e+54,3
Stochastic Gradient Descent,-3.6368695830464484,-1.1552790248363454e+44,3
Stochastic Gradient Descent,-1.8884660362981867,-9.000860230242661e+52,3
Stochastic Gradient Descent,-3.05329283374744,-2.6567604908551275e+51,3
Stochastic Gradient Descent,-1.514016684929528,-9.312139198187119e+55,3
Stochastic Gradient Descent,-3.360662949678316,-2.909192803812435e+52,3
Stochastic Gradient Descent,-1.1090605687339063,-2.624424212951787e+56,3
Stochastic Gradient Descent,-1.391500388590343,-9.952581579873791e+54,3
Stochastic Gradient Descent,-1.3627172000570675,-5.35412596536167e+52,3
Stochastic Gradient Descent,-1.1895507451644802,-5.0875954757077786e+57,3
Stochastic Gradient Descent,-1.7772835288524167,-1.8406586892783822e+53,3
Stochastic Gradient Descent,-1.4541338573389984,-5.489354659235101e+54,3
Stochastic Gradient Descent,-3.3625502994733605,-4.126074332139036e+47,3
Stochastic Gradient Descent,-2.464359595395084,-3.8010710727789116e+51,3
Stochastic Gradient Descent,0.10764671163334447,-9.514201973512431e+61,3
Stochastic Gradient Descent,-0.39778171004309776,-4.102344496760115e+50,3
Stochastic Gradient Descent,-0.2703526265197312,-5.262170570081686e+51,3
Stochastic Gradient Descent,0.2461448119736277,-4.858523400237417e+51,3
Stochastic Gradient Descent,-0.9893876757536758,-3.2065898109277613e+47,3
Stochastic Gradient Descent,-1.7405367157549274,-8.703761910585573e+50,3
Stochastic Gradient Descent,-1.5200924815934278,-4.227471754313688e+55,3
Stochastic Gradient Descent,-2.1512701073865577,-4.004367150074247e+56,3
Stochastic Gradient Descent,-1.5671957242975716,-2.3334240226674685e+51,3
Stochastic Gradient Descent,-2.327144451312569,-1.0909218795454163e+50,3
Stochastic Gradient Descent,-1.492201494031574,-8.962309687969872e+55,3
Stochastic Gradient Descent,-1.1820723340995358,-1.5268773202939182e+68,3
Stochastic Gradient Descent,-2.405003945642156,-2.7476529672944912e+51,3
Stochastic Gradient Descent,-1.5073537295089607,-3.035250552938083e+54,3
Stochastic Gradient Descent,-2.5479760718766045,-1.9340040453501936e+47,3
Stochastic Gradient Descent,-1.7300615156440644,-7.685286109328258e+55,3
Stochastic Gradient Descent,-1.7472661616036533,-3.5352721226992094e+52,3
Stochastic Gradient Descent,-1.5323301209746991,-2.3624566109572906e+45,3
Stochastic Gradient Descent,-1.3469740509457453,-1.4142375630635455e+44,3
Stochastic Gradient Descent,-1.3041517533417322,-1.006317724294103e+44,3
Stochastic Gradient Descent,-1.2818579528648468,-9.868540794159931e+43,3
Stochastic Gradient Descent,-1.6322137070153477,-1.9315462963925164e+45,3
Stochastic Gradient Descent,-1.3198484161479276,-2.8861195192674114e+44,3
Stochastic Gradient Descent,-1.4583509625515516,-6.995917889630913e+52,3
Stochastic Gradient Descent,-1.5398588190217488,-1.5455428154090746e+51,3
Stochastic Gradient Descent,-1.8036577587890321,-3.6441161871085955e+50,3
Stochastic Gradient Descent,-0.8837798009584171,-1.2063479549482836e+55,3
Stochastic Gradient Descent,-0.9568598388437015,-4.3144027908255785e+51,3
Stochastic Gradient Descent,-2.0401269907408133,-4.189105973961936e+47,3
Stochastic Gradient Descent,-1.042642722079717,-2.551845964613789e+51,3
Stochastic Gradient Descent,-0.9679951762893184,-1.4732959702407864e+54,3
Stochastic Gradient Descent,-1.7998312883961207,-1.6086449246412196e+53,3
Stochastic Gradient Descent,-0.8317581654646831,-1.941332569009022e+54,3
Stochastic Gradient Descent,-3.1791288900792822,-7.23005337845061e+47,3
Stochastic Gradient Descent,-2.0560190796534115,-5.509774151680949e+51,3
Stochastic Gradient Descent,-1.0748372190236377,-6.720190566414753e+55,3
Stochastic Gradient Descent,-0.6591799251191045,-5.950403118776222e+57,3
Stochastic Gradient Descent,-2.385444450882969,-7.56421899998479e+51,3
Stochastic Gradient Descent,-1.2028902052841348,-3.823769357751307e+65,3
Stochastic Gradient Descent,-3.4495551653497865,-1.606929672040288e+47,3
Stochastic Gradient Descent,-1.6643405451853508,-1.5535877270370832e+52,3
Stochastic Gradient Descent,-2.114518460874232,-1.2028364120863147e+53,3
Stochastic Gradient Descent,-3.241946952668458,-3.910522415082313e+52,3
Stochastic Gradient Descent,-1.3068936298450675,-7.809910319461309e+60,3
Stochastic Gradient Descent,-1.0775646199327256,-4.047763160064506e+50,3
Stochastic Gradient Descent,-1.4158076024067474,-2.4977709588337737e+55,3
Stochastic Gradient Descent,-0.988626069420939,-1.7142082101358182e+57,3
Stochastic Gradient Descent,-3.3694633107167937,-4.934486392820971e+46,3
Stochastic Gradient Descent,-2.5315835424986517,-5.396974358089528e+50,3
Stochastic Gradient Descent,-2.703826191329584,1.1399470300710598e+69,4
Stochastic Gradient Descent,-2.0772161211350064,2.8214785975854116e+49,4
Stochastic Gradient Descent,-2.3146334389286793,3.0883874385792923e+52,4
Stochastic Gradient Descent,-2.423624898245491,1.0502255554673677e+53,4
Stochastic Gradient Descent,-2.2593946471787434,6.141346770624602e+54,4
Stochastic Gradient Descent,-2.858166273095228,1.652318032418084e+52,4
Stochastic Gradient Descent,-1.524080623031204,1.0524519326003664e+49,4
Stochastic Gradient Descent,-1.2059345608151744,3.690655578004678e+46,4
Stochastic Gradient Descent,-1.520097156387571,2.5032436967948742e+47,4
Stochastic Gradient Descent,-1.6443425309821194,9.850089385109123e+48,4
Stochastic Gradient Descent,-1.103883331173482,1.746159391246471e+47,4
Stochastic Gradient Descent,-1.820599175381769,9.326212905175643e+45,4
Stochastic Gradient Descent,-1.2247774230710238,1.6782674141750818e+49,4
Stochastic Gradient Descent,-1.6021765542362365,1.7283902583685118e+44,4
Stochastic Gradient Descent,-1.4985127097581414,2.2091479626044566e+60,4
Stochastic Gradient Descent,-2.8184713897478226,6.594848701414115e+51,4
Stochastic Gradient Descent,-1.9996117840097518,1.0342206840107736e+52,4
Stochastic Gradient Descent,-0.9172087828988489,1.2913858489125084e+53,4
Stochastic Gradient Descent,-1.8229892712376083,4.4095915373784206e+48,4
Stochastic Gradient Descent,-1.3897810295006061,3.52979354632771e+50,4
Stochastic Gradient Descent,-1.5041031112940382,4.384805008415051e+53,4
Stochastic Gradient Descent,-2.3531252756425936,2.538262597029727e+52,4
Stochastic Gradient Descent,-1.7873296113427601,1.5926097234148917e+52,4
Stochastic Gradient Descent,-3.876468483448327,9.817056578915727e+44,4
Stochastic Gradient Descent,0.05304456027413388,3.74797027093777e+67,4
Stochastic Gradient Descent,-0.40674416735366103,1.83309041805228e+50,4
Stochastic Gradient Descent,0.1297019665778856,2.698393669551576e+54,4
Stochastic Gradient Descent,-0.5732799306060785,6.698947113638564e+53,4
Stochastic Gradient Descent,-3.0110100837480736,2.8903155481885905e+50,4
Stochastic Gradient Descent,-0.28184511787174465,1.2878668102894886e+51,4
Stochastic Gradient Descent,-0.08363954432116573,5.679151589988477e+52,4
Stochastic Gradient Descent,-2.541474704475919,2.5447418443369273e+50,4
Stochastic Gradient Descent,-2.3140538776829995,4.0654059767034803e+49,4
Stochastic Gradient Descent,-2.0174042079019414,3.312054608435262e+50,4
Stochastic Gradient Descent,-2.2432421390383843,3.602832174322722e+57,4
Stochastic Gradient Descent,-2.209721593275448,9.70737216379469e+52,4
Stochastic Gradient Descent,-2.2415951055389973,3.024730357880892e+64,4
Stochastic Gradient Descent,-3.20721692140729,2.9940382544134474e+48,4
Stochastic Gradient Descent,-3.3308765956121587,3.4976103134654524e+46,4
Stochastic Gradient Descent,-2.7237372356215404,1.738936678374428e+48,4
Stochastic Gradient Descent,-3.2474583508182433,2.2707788689038285e+51,4
Stochastic Gradient Descent,-2.6788398129059168,7.834894440148248e+51,4
Stochastic Gradient Descent,-2.7923263244120906,3.247123485195076e+49,4
Stochastic Gradient Descent,-2.7233828886420643,2.5827750729144067e+50,4
Stochastic Gradient Descent,-1.8336101498155517,5.196577548101317e+49,4
Stochastic Gradient Descent,-1.3158802108242549,2.2103597920823024e+54,4
Stochastic Gradient Descent,-1.6037557432468053,2.33172559003378e+53,4
Stochastic Gradient Descent,-2.6852623228853463,6.865287638436177e+48,4
Stochastic Gradient Descent,-3.873453012328298,4.48892111732161e+43,4
Stochastic Gradient Descent,-1.5372443207314632,2.3934988513348218e+51,4
Stochastic Gradient Descent,-1.5372443207314632,2.009607421156374e+58,4
Stochastic Gradient Descent,-2.586212054867284,1.5422762224130764e+49,4
Stochastic Gradient Descent,-2.635616939296958,3.717873671703899e+48,4
Stochastic Gradient Descent,-1.1202858432048246,1.4192825378775191e+54,4
Stochastic Gradient Descent,-1.7028254486283225,9.079181520135485e+50,4
Stochastic Gradient Descent,-2.715845949095462,2.18801133062547e+51,4
Stochastic Gradient Descent,-1.1251042517136252,3.3570173465591086e+52,4
Stochastic Gradient Descent,-2.2476183878149794,1.4890733355188213e+54,4
Stochastic Gradient Descent,-2.5038360209902844,8.813175582464414e+47,4
Stochastic Gradient Descent,-2.2669235674490644,1.8544372465438595e+53,4
Stochastic Gradient Descent,-2.8871236492020507,3.6549533318630265e+55,4
Stochastic Gradient Descent,-3.5222913974306227,6.865656644042548e+52,4
Stochastic Gradient Descent,-3.6472310978345055,2.2670473757575242e+49,4
Stochastic Gradient Descent,-2.457678098889193,1.2794015357448397e+54,4
Stochastic Gradient Descent,-3.2590502255091702,3.0503394826732935e+49,4
Stochastic Gradient Descent,-1.1630496225248408,4.0148215999730915e+59,4
Stochastic Gradient Descent,-3.5222913974306227,3.956273945554537e+48,4
Stochastic Gradient Descent,-1.9704478542261563,6.388386523519289e+50,4
Stochastic Gradient Descent,-1.7751555586449395,3.5444776914001044e+51,4
Stochastic Gradient Descent,-1.41390601215094,1.1885623825918942e+56,4
Stochastic Gradient Descent,-2.4934863088506534,1.7278381881444904e+50,4
Stochastic Gradient Descent,-1.1883246153441216,7.3103345874589714e+56,4
Stochastic Gradient Descent,-3.7105715966505453,9.176976921203418e+44,4
Stochastic Gradient Descent,-2.644753893986956,1.3291575847389288e+53,4
Stochastic Gradient Descent,-2.1210586466718686,1.293653799249927e+55,4
Stochastic Gradient Descent,-3.688222835963096,2.802528312944502e+51,4
Stochastic Gradient Descent,-3.285204336328503,1.368155292898863e+51,4
Stochastic Gradient Descent,-2.2175363341456173,1.3916082643325147e+52,4
Stochastic Gradient Descent,-1.2376574055894478,1.1684838145626385e+52,4
Stochastic Gradient Descent,-3.20266873961377,2.643477870756154e+56,4
Stochastic Gradient Descent,-2.9741896629359488,1.485497777466058e+55,4
Stochastic Gradient Descent,-3.09259777670544,1.4635782036614045e+54,4
Stochastic Gradient Descent,-2.848471723996311,2.5384917340037113e+51,4
Stochastic Gradient Descent,-1.7478447295977892,3.047655877783984e+52,4
Stochastic Gradient Descent,-2.8667990786740405,2.82268190341904e+49,4
Stochastic Gradient Descent,-1.262358754468822,8.993718816028215e+48,4
Stochastic Gradient Descent,-2.848471723996311,5.4469483514681414e+54,4
Stochastic Gradient Descent,-1.6846961468463335,6.141146979756501e+53,4
Stochastic Gradient Descent,-1.7883466398341077,3.058763111050914e+49,4
Stochastic Gradient Descent,-1.3580712288885752,9.857106085861123e+49,4
Stochastic Gradient Descent,-1.512256636766295,1.4418935113896415e+55,4
Stochastic Gradient Descent,-1.3752808174958797,3.659931180490588e+54,4
Stochastic Gradient Descent,-1.7015723913432346,3.491338838741943e+52,4
Stochastic Gradient Descent,-1.012145447578458,3.049780241110321e+64,4
Stochastic Gradient Descent,-2.258862588858495,1.864109314169316e+51,4
Stochastic Gradient Descent,-2.0731453982830836,1.5540406440860425e+49,4
Stochastic Gradient Descent,-1.4273499677206534,1.6047543705489778e+58,4
Stochastic Gradient Descent,-3.7834435403498214,6.210227896910271e+46,4
Stochastic Gradient Descent,-3.2861198587119835,1.532973785281079e+50,4
Stochastic Gradient Descent,-3.739785461604827,3.1135041772212126e+43,4
Stochastic Gradient Descent,-3.739785461604827,1.3357259051668765e+46,4
Stochastic Gradient Descent,-2.0116848782875407,9.075967568399384e+50,4
Stochastic Gradient Descent,-2.1142795046940637,3.041045940113689e+51,4
Stochastic Gradient Descent,-1.2834663142150111,1.0548541576436848e+54,4
Stochastic Gradient Descent,-2.2151453721747094,3.2927643206444246e+50,4
Stochastic Gradient Descent,-1.3434220574020639,9.522872665583426e+56,4
Stochastic Gradient Descent,-1.2303723324828062,9.964904270139167e+51,4
Stochastic Gradient Descent,-1.5213971031085405,2.2677265539855274e+52,4
Stochastic Gradient Descent,-1.6993207301372903,1.727159226490173e+51,4
Stochastic Gradient Descent,-3.926105768520805,2.070397255486123e+43,4
Stochastic Gradient Descent,-2.646263945417837,6.436059481610216e+51,4
Stochastic Gradient Descent,-2.635540187918821,4.577896546648589e+48,4
Stochastic Gradient Descent,-1.4782087030212006,5.756097196634225e+58,4
Stochastic Gradient Descent,-1.840084037547579,1.031160845451315e+51,4
Stochastic Gradient Descent,-3.0153277959856664,3.98687289774599e+53,4
Stochastic Gradient Descent,-1.8350242298439021,2.8116356785866375e+66,4
Stochastic Gradient Descent,-2.049666891178964,2.526269270383168e+56,4
Stochastic Gradient Descent,-3.7469892929465796,1.496150004863391e+44,4
Stochastic Gradient Descent,-3.390442939572028,9.085454452889554e+44,4
Stochastic Gradient Descent,-1.064270917741021,2.6084851240056856e+52,4
Stochastic Gradient Descent,-0.6074545522659878,4.223548530181142e+54,4
Stochastic Gradient Descent,-1.4285635434183963,1.4488609689939533e+50,4
Stochastic Gradient Descent,-1.0937551186817627,2.7485374294139378e+51,4
Stochastic Gradient Descent,-1.4215944093236903,7.421867677664986e+51,4
Stochastic Gradient Descent,-3.054246410327101,2.358846993872044e+48,4
Stochastic Gradient Descent,-4.219679806977318,2.9764317376773385e+44,4
Stochastic Gradient Descent,-2.8108233787082515,2.378623196803135e+51,4
Stochastic Gradient Descent,-3.9600428565808334,2.0428031559805445e+48,4
Stochastic Gradient Descent,-3.030623697854625,1.6381702200743603e+52,4
Stochastic Gradient Descent,-2.8641555620169683,2.7275694386361025e+49,4
Stochastic Gradient Descent,-3.7692522846397316,6.91969023028451e+52,4
Stochastic Gradient Descent,-2.5312982881059978,9.494098346460791e+50,4
Stochastic Gradient Descent,-1.3544637580442256,3.7006901391449886e+49,4
Stochastic Gradient Descent,-2.5910208366914373,3.9827050086546095e+52,4
Stochastic Gradient Descent,-2.560133846538238,1.4382617156803453e+53,4
Stochastic Gradient Descent,-3.5378566631708024,2.5735939529541333e+56,4
Stochastic Gradient Descent,-1.9090244195663402,3.0603783059032568e+50,4
Stochastic Gradient Descent,-1.6292558354409146,4.1292297026044304e+58,4
Stochastic Gradient Descent,-2.0978386037648766,3.715483191233588e+54,4
Stochastic Gradient Descent,-1.2158410977813483,3.107999174352865e+59,4
Stochastic Gradient Descent,-1.5110863339963716,2.0322177971659523e+49,4
Stochastic Gradient Descent,-2.177111289133642,4.701038888863542e+51,4
Stochastic Gradient Descent,-1.167232267440179,1.1019049689587385e+58,4
Stochastic Gradient Descent,-1.881362165893176,3.957169613358529e+54,4
Stochastic Gradient Descent,-2.0990330852672687,1.0963900521994418e+56,4
Stochastic Gradient Descent,-1.297434930657182,2.3319287436392172e+57,4
Stochastic Gradient Descent,-1.366206440166372,2.6707128017039795e+53,4
Stochastic Gradient Descent,-1.3168403571338247,3.148969311927904e+56,4
Stochastic Gradient Descent,-3.6688623296866587,8.510080607779409e+50,4
Stochastic Gradient Descent,-2.2675571837562845,2.8749754852534166e+53,4
Stochastic Gradient Descent,-1.4180277802789096,6.985175447461957e+55,4
Stochastic Gradient Descent,-1.1843962080688974,7.943308563039153e+52,4
Stochastic Gradient Descent,-1.302742708063045,1.0228749535976456e+56,4
Stochastic Gradient Descent,-2.1481523894209715,1.7959921529602014e+46,4
Stochastic Gradient Descent,-1.9811271489159006,4.961425292710896e+51,4
Stochastic Gradient Descent,-1.2297848289673887,6.507467312220352e+52,4
Stochastic Gradient Descent,-1.3693953613978682,8.488700545412387e+50,4
Stochastic Gradient Descent,-0.9279654459479447,2.1839238507800162e+55,4
Stochastic Gradient Descent,-1.0193030390019762,4.258444745329154e+53,4
Stochastic Gradient Descent,-2.174390400742264,9.6169951503311e+49,4
Stochastic Gradient Descent,-1.409977601837042,1.694741606579476e+52,4
Stochastic Gradient Descent,-2.0129990008635867,4.3624471793411565e+54,4
Stochastic Gradient Descent,-1.3284164293502903,7.450196982469093e+53,4
Stochastic Gradient Descent,-1.4337063496845048,2.204228913562444e+50,4
Stochastic Gradient Descent,-1.543738042979891,2.2575133343704794e+54,4
Stochastic Gradient Descent,-2.3087676366549488,2.9073784171498067e+49,4
Stochastic Gradient Descent,-1.5609490414532068,4.193444536333517e+68,4
Stochastic Gradient Descent,-1.1984184440476704,7.372495687567445e+56,4
Stochastic Gradient Descent,-2.04835547456192,5.105823892472474e+48,4
Stochastic Gradient Descent,-2.0995080091454192,3.0682467515681217e+50,4
Stochastic Gradient Descent,-1.394827676426251,3.2943172520200336e+53,4
Stochastic Gradient Descent,-1.8171279243372191,1.3575327461326512e+49,4
Stochastic Gradient Descent,-2.0948568608862326,1.6442524768307582e+55,4
Stochastic Gradient Descent,-2.258173837778395,2.1323480139701908e+55,4
Stochastic Gradient Descent,-2.17663866294089,3.7968805275239325e+54,4
Stochastic Gradient Descent,-2.540720473654946,5.500542598289542e+51,4
Stochastic Gradient Descent,-2.436631774638256,9.825339965999482e+53,4
Stochastic Gradient Descent,-2.568749167088006,7.040045894938771e+52,4
Stochastic Gradient Descent,-2.443810430479706,6.985816301564513e+52,4
Stochastic Gradient Descent,-1.7448404020099417,1.1786857953438806e+52,4
Stochastic Gradient Descent,-1.2111861770342556,2.3775882151250154e+62,4
Stochastic Gradient Descent,-3.6924119784161333,8.623932505652688e+48,4
Stochastic Gradient Descent,-2.2405786779424,2.0560028359659165e+51,4
Stochastic Gradient Descent,-2.804329449939637,3.806536381022696e+49,4
Stochastic Gradient Descent,-3.290189204280069,3.6638574025824187e+50,4
Stochastic Gradient Descent,-2.8201877676993385,1.0622908993966422e+54,4
Stochastic Gradient Descent,-3.2402151004002007,4.3337550629251125e+46,4
Stochastic Gradient Descent,-1.8762488134939106,2.921606372705741e+55,4
Stochastic Gradient Descent,-3.600326278518962,8.239323458412679e+43,4
Stochastic Gradient Descent,-2.1633711620778806,1.4297361305833793e+51,4
Stochastic Gradient Descent,-2.7766733448672327,2.6502704767222223e+52,4
Stochastic Gradient Descent,-3.3309007861959947,1.510394787116049e+48,4
Stochastic Gradient Descent,-2.5585788782984222,5.217180173269653e+49,4
Stochastic Gradient Descent,-1.0942289641451028,4.02525345975545e+55,4
Stochastic Gradient Descent,-1.5572116152486462,2.183998914055723e+69,4
Stochastic Gradient Descent,-2.22015815118179,1.1491626053724457e+51,4
Stochastic Gradient Descent,-0.9490993255496558,2.1606698869664768e+54,4
Stochastic Gradient Descent,-1.1149880354485275,2.7135479058495776e+51,4
Stochastic Gradient Descent,-3.0397590359811644,1.2431728043698702e+48,4
Stochastic Gradient Descent,-1.7997913808340749,3.78994512844093e+53,4
Stochastic Gradient Descent,-1.2165796349138172,1.398822080476359e+57,4
Stochastic Gradient Descent,-1.5350740375460707,2.9405179243719824e+56,4
Stochastic Gradient Descent,-1.6362623936895822,1.5090432841485084e+49,4
Stochastic Gradient Descent,-2.314076075024747,2.2838728721546904e+49,4
Stochastic Gradient Descent,-1.9362137770978871,6.702206392934208e+54,4
Stochastic Gradient Descent,-2.4796814387852613,3.2902065349838023e+50,4
Stochastic Gradient Descent,-2.122395441870392,4.77334586211267e+55,4
Stochastic Gradient Descent,-2.006498035079166,1.24318740426452e+53,4
Stochastic Gradient Descent,-1.0460152967125962,2.3751401058816765e+53,4
Stochastic Gradient Descent,0.3580642293861346,2.8828869246880706e+52,4
Stochastic Gradient Descent,-0.8579133376664105,4.1870357886206834e+49,4
Stochastic Gradient Descent,-0.004427072779599359,6.345255831091426e+49,4
Stochastic Gradient Descent,0.23141740977050707,8.432530094243613e+55,4
Stochastic Gradient Descent,-3.6464665167152384,1.2810651045920012e+46,4
Stochastic Gradient Descent,-2.7286993920768685,5.898687674393401e+51,4
Stochastic Gradient Descent,-0.9771273167949791,4.90330935887608e+54,4
Stochastic Gradient Descent,-1.1505417041520314,1.7521477241161217e+53,4
Stochastic Gradient Descent,-1.5941100276318725,9.387507365099582e+49,4
Stochastic Gradient Descent,-1.315440666986884,3.2955112431437166e+54,4
Stochastic Gradient Descent,-1.621304790891127,3.8471510779776875e+59,4
Stochastic Gradient Descent,-3.4519129118061063,4.1574121053907287e+46,4
Stochastic Gradient Descent,-2.5395917281791975,1.393788206171858e+52,4
Stochastic Gradient Descent,-3.915670428497184,1.4514253488561182e+45,4
Stochastic Gradient Descent,-1.621304790891127,1.894159947045941e+54,4
Stochastic Gradient Descent,-2.6216055516158603,5.215310404858512e+52,4
Stochastic Gradient Descent,-2.3812985463366814,2.540659493478267e+49,4
Stochastic Gradient Descent,-1.7868132829404095,3.488512921637086e+50,4
Stochastic Gradient Descent,-1.1009937914140275,5.686971083308952e+54,4
Stochastic Gradient Descent,-3.2294115893983317,2.2815202890051933e+51,4
Stochastic Gradient Descent,-2.088287115891733,1.9544491181714603e+67,4
Stochastic Gradient Descent,-1.1286832686838821,7.057895745343851e+44,4
Stochastic Gradient Descent,-2.176623074126691,3.7665212844608725e+52,4
Stochastic Gradient Descent,-1.5290505627346085,1.4108389421735397e+44,4
Stochastic Gradient Descent,-1.3198484161479276,2.3257852934056334e+45,4
Stochastic Gradient Descent,-1.7563417007657087,1.0676432340586208e+44,4
Stochastic Gradient Descent,-1.4094344835568617,1.1967133423291491e+44,4
Stochastic Gradient Descent,-1.1431217053996168,3.6279325330684137e+65,4
Stochastic Gradient Descent,-3.151893437607053,2.2502032614952008e+45,4
Stochastic Gradient Descent,-2.14182332020342,3.627240177712539e+51,4
Stochastic Gradient Descent,-0.8959678728621829,6.563021932146511e+54,4
Stochastic Gradient Descent,-2.451728539243243,5.719523500862133e+53,4
Stochastic Gradient Descent,-0.6082262842300837,1.9749356206614464e+54,4
Stochastic Gradient Descent,-0.5052921847488494,1.9429008523637426e+50,4
Stochastic Gradient Descent,-1.3991403077454354,3.2803114894358856e+49,4
Stochastic Gradient Descent,-1.0181181552809078,5.768485394022045e+52,4
Stochastic Gradient Descent,-2.2646029664100515,7.857328387488946e+46,4
Stochastic Gradient Descent,-1.5600709478109722,1.4052192766651739e+51,4
Stochastic Gradient Descent,-0.428471724353625,1.9127787803254004e+55,4
Stochastic Gradient Descent,-3.1791288900792822,4.638989366102483e+50,4
Stochastic Gradient Descent,-1.025762740954669,2.792758365289326e+58,4
Stochastic Gradient Descent,-3.2503548803911073,3.6152808372198765e+48,4
Stochastic Gradient Descent,-0.37949908787793823,3.281254608878342e+55,4
Stochastic Gradient Descent,-0.2468343715025799,2.44936829839827e+56,4
Stochastic Gradient Descent,-3.121373090381552,1.4826988053396778e+47,4
Stochastic Gradient Descent,-0.9402445883836209,1.3926782729233846e+56,4
Stochastic Gradient Descent,-3.7648251925435416,1.4741717949992267e+46,4
Stochastic Gradient Descent,-2.192341601117107,1.4302249745950142e+51,4
Stochastic Gradient Descent,-1.3089106800327817,9.058260849343113e+60,4
Stochastic Gradient Descent,-1.9812071611751474,1.620340154401068e+56,4
Stochastic Gradient Descent,-3.431262194557772,3.491281452874393e+49,5
Stochastic Gradient Descent,-2.064990291304019,2.815318536872023e+55,5
Stochastic Gradient Descent,-2.3969317709673565,5.293653481624856e+56,5
Stochastic Gradient Descent,-3.5076503600642033,1.516282264932214e+51,5
Stochastic Gradient Descent,-1.7636611133035243,5.3371822193415784e+51,5
Stochastic Gradient Descent,-1.9492654506102318,9.420574088395378e+50,5
Stochastic Gradient Descent,-2.559953281626918,3.687847070324645e+55,5
Stochastic Gradient Descent,-2.3969317709673565,8.630297412730053e+58,5
Stochastic Gradient Descent,-3.3692782873859213,4.3003554300194755e+48,5
Stochastic Gradient Descent,-0.737425984358659,1.105773400624939e+48,5
Stochastic Gradient Descent,-1.5424726897801078,9.497052373005254e+48,5
Stochastic Gradient Descent,-1.5321588732385725,1.390221007145186e+45,5
Stochastic Gradient Descent,-1.5083613986405884,3.7535424950847693e+46,5
Stochastic Gradient Descent,-1.2391607486734533,2.770533242596626e+48,5
Stochastic Gradient Descent,-1.9196885629650766,1.09742818602434e+46,5
Stochastic Gradient Descent,-2.3529321054630254,5.83717013985506e+52,5
Stochastic Gradient Descent,-1.4610955316441951,2.3896381724322013e+56,5
Stochastic Gradient Descent,-1.221874373746708,5.747368371948067e+50,5
Stochastic Gradient Descent,-1.0225392132375182,1.4651774506146854e+55,5
Stochastic Gradient Descent,-2.341290856803062,4.726159625436795e+52,5
Stochastic Gradient Descent,-1.1631032781134523,3.1743216420590893e+52,5
Stochastic Gradient Descent,-1.5041031112940382,1.113088898215656e+53,5
Stochastic Gradient Descent,-3.057527624268253,5.819162154631716e+49,5
Stochastic Gradient Descent,-3.2834449518405893,9.070035010595371e+52,5
Stochastic Gradient Descent,-3.1597853454922076,4.7166458491957807e+52,5
Stochastic Gradient Descent,-2.66118307205398,5.988932803529735e+48,5
Stochastic Gradient Descent,-2.151509814945314,2.853706105538357e+51,5
Stochastic Gradient Descent,-3.2036005297986074,1.155582762118897e+52,5
Stochastic Gradient Descent,-2.5901613502180045,4.144167808056086e+50,5
Stochastic Gradient Descent,-1.4349038067728495,2.884461808635559e+49,5
Stochastic Gradient Descent,-0.7406200937095554,1.7679927127872717e+51,5
Stochastic Gradient Descent,-0.6389033445220246,3.1641879936627975e+53,5
Stochastic Gradient Descent,-1.0877694915519545,1.0607549085250722e+51,5
Stochastic Gradient Descent,-0.5196118275771817,1.635971070750652e+51,5
Stochastic Gradient Descent,-0.6945493884044287,1.543443342223811e+51,5
Stochastic Gradient Descent,-1.1159606660259742,3.721250888065167e+52,5
Stochastic Gradient Descent,-2.2882000233155653,5.68019436934056e+43,5
Stochastic Gradient Descent,-2.465962973225779,1.2805797682009388e+53,5
Stochastic Gradient Descent,-2.8170555006405635,2.5428052743342845e+53,5
Stochastic Gradient Descent,-1.7426626842914594,3.5173469422311882e+50,5
Stochastic Gradient Descent,-1.894217061776159,1.8046598695317294e+52,5
Stochastic Gradient Descent,-1.4735211762278637,4.714257674218037e+51,5
Stochastic Gradient Descent,-3.810574259769909,1.2855550432406551e+44,5
Stochastic Gradient Descent,-3.4785088685395653,1.4022366016707344e+45,5
Stochastic Gradient Descent,-2.5493325073158326,3.341140448414384e+51,5
Stochastic Gradient Descent,-1.1468871297310963,4.436808035198677e+48,5
Stochastic Gradient Descent,-1.624154843179839,9.7073827546704e+46,5
Stochastic Gradient Descent,-3.4317548486561424,1.2486803598490814e+45,5
Stochastic Gradient Descent,-1.3360910210889294,1.8489759152449766e+51,5
Stochastic Gradient Descent,-2.325708590111872,2.8975880652619333e+50,5
Stochastic Gradient Descent,-2.492075482831661,3.66919347467345e+66,5
Stochastic Gradient Descent,-0.9910136950037374,2.4533801320400985e+56,5
Stochastic Gradient Descent,-1.4542413778154994,1.7718728522770445e+55,5
Stochastic Gradient Descent,-2.9864932974615632,7.790602792729142e+52,5
Stochastic Gradient Descent,-1.3859030337523468,8.145773549584966e+53,5
Stochastic Gradient Descent,-1.8026465968079968,4.759080182812548e+51,5
Stochastic Gradient Descent,-1.2886807788238237,1.9763694211105366e+51,5
Stochastic Gradient Descent,-1.3266108732423414,4.612679751262542e+52,5
Stochastic Gradient Descent,-1.3104931690369908,7.307925811173453e+53,5
Stochastic Gradient Descent,-2.6799272800459657,1.1233472270099721e+49,5
Stochastic Gradient Descent,-1.4197155850010228,3.3220960351047215e+49,5
Stochastic Gradient Descent,-3.7342838339347466,7.31176239436409e+42,5
Stochastic Gradient Descent,-2.691578169406441,2.29540355540341e+51,5
Stochastic Gradient Descent,-3.52120992195253,1.7548675524758557e+52,5
Stochastic Gradient Descent,-2.3918623308235594,1.8720450837917661e+55,5
Stochastic Gradient Descent,-1.794765718416369,7.35601609156927e+54,5
Stochastic Gradient Descent,-2.7186459189940226,5.3823260855229045e+48,5
Stochastic Gradient Descent,-2.9303729669440868,7.404408690449566e+49,5
Stochastic Gradient Descent,-3.2590502255091702,1.1445619491761124e+52,5
Stochastic Gradient Descent,-2.810836301965318,9.023258326819893e+53,5
Stochastic Gradient Descent,-1.5554661639976504,1.9808396444324757e+48,5
Stochastic Gradient Descent,-3.1353471437504044,1.1296840458238258e+49,5
Stochastic Gradient Descent,-3.9730828630218453,4.6234138751956854e+45,5
Stochastic Gradient Descent,-1.622950411914381,2.59388730032435e+52,5
Stochastic Gradient Descent,-3.6472310978345055,1.5705639151424912e+48,5
Stochastic Gradient Descent,-1.7568408124580226,3.057987307198761e+54,5
Stochastic Gradient Descent,-2.2317936703338876,2.7358371335912096e+47,5
Stochastic Gradient Descent,-1.7113615374852664,6.508248655915685e+49,5
Stochastic Gradient Descent,-1.0232314473246815,3.5953353737970894e+55,5
Stochastic Gradient Descent,-3.216247878762871,4.2040726611613513e+52,5
Stochastic Gradient Descent,-3.848875409949318,4.192940827812993e+43,5
Stochastic Gradient Descent,-2.182199963303041,1.933078619901303e+58,5
Stochastic Gradient Descent,-2.7592630971786845,2.040314681208436e+51,5
Stochastic Gradient Descent,-3.339134521996131,1.6075081617818526e+51,5
Stochastic Gradient Descent,-2.287736284945912,1.2111830639830326e+54,5
Stochastic Gradient Descent,-2.4911353637922846,5.118491858897921e+51,5
Stochastic Gradient Descent,-1.7176063992666837,3.5117072578291535e+52,5
Stochastic Gradient Descent,-2.082759927050954,2.8801931087081445e+53,5
Stochastic Gradient Descent,-2.258697330779929,4.2988922780218085e+50,5
Stochastic Gradient Descent,-3.231239100298885,3.6002558268276517e+46,5
Stochastic Gradient Descent,-2.8197963948012763,3.054430039956231e+51,5
Stochastic Gradient Descent,-1.6253102968663857,4.488810112767336e+48,5
Stochastic Gradient Descent,-3.690448608815449,2.6867603107828065e+45,5
Stochastic Gradient Descent,-1.955139967558483,4.992794348837158e+51,5
Stochastic Gradient Descent,-3.3960495196322524,2.2070906186419787e+47,5
Stochastic Gradient Descent,-2.3552642027188186,4.441105051114059e+50,5
Stochastic Gradient Descent,-2.020315121682196,1.4896344423213825e+48,5
Stochastic Gradient Descent,-2.8606575042266775,3.4461824677304126e+47,5
Stochastic Gradient Descent,-2.1620771953880977,5.648392074688346e+48,5
Stochastic Gradient Descent,-1.2400249421136365,3.187106501151109e+50,5
Stochastic Gradient Descent,-3.9030899869919438,3.5358578869631234e+43,5
Stochastic Gradient Descent,-2.772360579555891,2.398723151217766e+50,5
Stochastic Gradient Descent,-3.7834435403498214,2.860514076165793e+51,5
Stochastic Gradient Descent,-1.556016572040716,1.2365754783226205e+60,5
Stochastic Gradient Descent,-1.272659841843383,3.59051981899082e+52,5
Stochastic Gradient Descent,-2.5430732387631334,2.4666111630677577e+51,5
Stochastic Gradient Descent,-1.6384460109776287,1.403109121215409e+53,5
Stochastic Gradient Descent,-1.006612713059657,6.80817399878999e+58,5
Stochastic Gradient Descent,-3.5459650539173615,3.433749287706996e+47,5
Stochastic Gradient Descent,-1.3450596755542978,4.7828829104284705e+54,5
Stochastic Gradient Descent,-2.5037832349706837,1.283320322204602e+53,5
Stochastic Gradient Descent,-1.8887177216857802,7.68895245259113e+53,5
Stochastic Gradient Descent,-1.9458635904251336,1.2313934800116153e+52,5
Stochastic Gradient Descent,-2.9206523063014074,2.4244060512750884e+51,5
Stochastic Gradient Descent,-1.2662523005170878,3.654892114534524e+52,5
Stochastic Gradient Descent,-1.3195712003583318,1.463374503327142e+55,5
Stochastic Gradient Descent,-1.9429726110972225,1.7689073184680529e+50,5
Stochastic Gradient Descent,-1.0807113206322263,5.313183670514374e+62,5
Stochastic Gradient Descent,-3.4629936067206395,2.8112482577917867e+46,5
Stochastic Gradient Descent,-1.5625822596100025,2.2707659467797118e+54,5
Stochastic Gradient Descent,-2.7555635433899788,5.004311172117204e+50,5
Stochastic Gradient Descent,-2.6148556108775285,1.881931573221592e+52,5
Stochastic Gradient Descent,-1.6517269019834395,6.798636274011991e+54,5
Stochastic Gradient Descent,-3.1720823887102565,1.9718651611632654e+51,5
Stochastic Gradient Descent,-1.9011407722544549,8.190305351709152e+49,5
Stochastic Gradient Descent,-1.4257747559860434,5.8071324356213016e+54,5
Stochastic Gradient Descent,-1.737359048801603,5.142455738756737e+49,5
Stochastic Gradient Descent,-0.7705521408719755,4.3788087938765504e+52,5
Stochastic Gradient Descent,-2.00821940080217,4.658842411736671e+51,5
Stochastic Gradient Descent,-0.6538319472043919,4.7653823502655154e+57,5
Stochastic Gradient Descent,-2.536796608945731,2.855505069054324e+49,5
Stochastic Gradient Descent,-1.5708763680120374,6.4635954013499905e+53,5
Stochastic Gradient Descent,-2.244039132061237,2.0250697475863797e+53,5
Stochastic Gradient Descent,-1.86662075613132,2.126516863001215e+56,5
Stochastic Gradient Descent,-1.386590637896301,1.6298086652447225e+62,5
Stochastic Gradient Descent,-2.1225210730141013,4.1261652600342406e+54,5
Stochastic Gradient Descent,-2.9753058553179503,4.494014886051756e+50,5
Stochastic Gradient Descent,-1.7139014654061842,1.4539920684207453e+55,5
Stochastic Gradient Descent,-2.4706410072083687,3.915393177122444e+51,5
Stochastic Gradient Descent,-1.2394237537905008,2.0298153340173363e+66,5
Stochastic Gradient Descent,-1.4486812373435975,4.7309268683522726e+57,5
Stochastic Gradient Descent,-3.6688623296866587,3.6706979298796927e+50,5
Stochastic Gradient Descent,-1.8347593251696876,2.648886633848287e+52,5
Stochastic Gradient Descent,-1.763658215013675,1.0531560723368539e+51,5
Stochastic Gradient Descent,-1.2189474946453842,3.4468921056130304e+52,5
Stochastic Gradient Descent,-0.9642747859315978,2.05428314201556e+56,5
Stochastic Gradient Descent,-1.5310782741493767,1.4295059757852709e+56,5
Stochastic Gradient Descent,-1.270721247267063,9.09723999882227e+53,5
Stochastic Gradient Descent,-1.0225594503600544,4.59840293402792e+51,5
Stochastic Gradient Descent,-2.1834863402339466,9.363724221574898e+48,5
Stochastic Gradient Descent,-3.312493333735544,6.181053689732388e+43,5
Stochastic Gradient Descent,-1.2640972244503184,1.3145335152043342e+52,5
Stochastic Gradient Descent,-1.4399552960568784,9.212531179142011e+54,5
Stochastic Gradient Descent,-1.9341938240909706,1.8623636653653334e+52,5
Stochastic Gradient Descent,-3.542851120580754,1.4211406969354365e+46,5
Stochastic Gradient Descent,-1.0624918421054752,3.791499357666392e+55,5
Stochastic Gradient Descent,-2.329956957829961,4.160544324549339e+53,5
Stochastic Gradient Descent,-2.7874427365568386,2.9459878454567453e+52,5
Stochastic Gradient Descent,-1.4467153895386817,3.3775260594983553e+56,5
Stochastic Gradient Descent,-1.785391290725075,3.0147377576097566e+60,5
Stochastic Gradient Descent,-4.034834060338741,2.067053862980293e+45,5
Stochastic Gradient Descent,-2.8398575372186334,4.0985711219595536e+52,5
Stochastic Gradient Descent,-2.345229430009625,4.980635255823551e+57,5
Stochastic Gradient Descent,-3.233202110369878,1.3742721675054825e+50,5
Stochastic Gradient Descent,-2.993441546294603,2.498448485758853e+49,5
Stochastic Gradient Descent,-3.3980116731740355,2.6345460807735028e+50,5
Stochastic Gradient Descent,-2.9710072633433735,6.681097837814259e+49,5
Stochastic Gradient Descent,-1.2545644486474818,2.905940147928983e+52,5
Stochastic Gradient Descent,-2.019028072917717,2.9931776893776027e+54,5
Stochastic Gradient Descent,-2.1032881447661516,1.1483610682215834e+54,5
Stochastic Gradient Descent,-3.4116117497612004,5.035990372858487e+50,5
Stochastic Gradient Descent,-2.7386203038591304,5.783409177049496e+50,5
Stochastic Gradient Descent,-1.0471006958966393,3.6408289982590876e+53,5
Stochastic Gradient Descent,-1.928979817650206,7.210772484092713e+51,5
Stochastic Gradient Descent,-1.2662407394987067,2.147430724912872e+54,5
Stochastic Gradient Descent,-3.3036200184447138,1.8648786826950606e+53,5
Stochastic Gradient Descent,-1.694880975742639,1.3326365359200314e+52,5
Stochastic Gradient Descent,-1.5895913565043294,5.066012054953082e+52,5
Stochastic Gradient Descent,-3.393048191942752,5.195923656107352e+50,5
Stochastic Gradient Descent,-1.6895586727819518,1.529806224684308e+51,5
Stochastic Gradient Descent,-3.6546223480637448,1.2907636142859503e+47,5
Stochastic Gradient Descent,-1.8057322630823986,1.82232784413976e+50,5
Stochastic Gradient Descent,-1.717711472714874,5.433182544572275e+54,5
Stochastic Gradient Descent,-1.9412408278950934,1.3541075409938036e+50,5
Stochastic Gradient Descent,-1.9603652993893874,3.689592584257432e+49,5
Stochastic Gradient Descent,-1.6159918285387698,2.5182423222703005e+55,5
Stochastic Gradient Descent,-1.8074474879886533,3.3994206132955816e+51,5
Stochastic Gradient Descent,-1.1026053129321816,5.2718486827385186e+54,5
Stochastic Gradient Descent,-2.8559441417598115,4.279801734848975e+50,5
Stochastic Gradient Descent,-2.1639051839291805,2.6894326314536477e+53,5
Stochastic Gradient Descent,-1.2672463833090828,2.6188716136353675e+56,5
Stochastic Gradient Descent,-1.2183710988289476,1.4870177579274683e+57,5
Stochastic Gradient Descent,-2.850003549488979,7.984576207701632e+50,5
Stochastic Gradient Descent,-1.5097699255058308,6.400724591641431e+54,5
Stochastic Gradient Descent,-0.7797693247910334,3.331988658139408e+52,5
Stochastic Gradient Descent,-1.951987303305516,2.515229153966046e+56,5
Stochastic Gradient Descent,-2.2355646390433175,2.352393448987713e+70,5
Stochastic Gradient Descent,-1.6183307304435026,4.6934682781240754e+55,5
Stochastic Gradient Descent,-2.3822676402388554,3.467245209633424e+55,5
Stochastic Gradient Descent,-3.7618083196547483,1.7499979836170545e+45,5
Stochastic Gradient Descent,-2.190142441306164,3.1874468311121983e+53,5
Stochastic Gradient Descent,-2.8165949053280404,1.7097793798387051e+50,5
Stochastic Gradient Descent,-2.0703010191144675,1.943959940004458e+50,5
Stochastic Gradient Descent,-2.2355646390433175,1.904782515190638e+50,5
Stochastic Gradient Descent,-1.9499388302923257,2.20826516941868e+51,5
Stochastic Gradient Descent,-1.5736750209710204,3.207851402655215e+53,5
Stochastic Gradient Descent,-1.34349300583641,1.491847942559864e+45,5
Stochastic Gradient Descent,0.25792460161657743,8.077296363952771e+55,5
Stochastic Gradient Descent,-0.31923658554998896,2.6960591456927174e+51,5
Stochastic Gradient Descent,0.23583851209189552,4.2180170042373576e+55,5
Stochastic Gradient Descent,0.25792460161657743,5.366003600147918e+52,5
Stochastic Gradient Descent,-0.8579133376664105,6.773134495332091e+50,5
Stochastic Gradient Descent,-0.03690399983927772,2.2765746926939535e+53,5
Stochastic Gradient Descent,-0.43783118657286935,2.0710344453914457e+68,5
Stochastic Gradient Descent,0.3323074801803344,1.004335899407383e+54,5
Stochastic Gradient Descent,-1.9219867657940077,5.462827402297973e+43,5
Stochastic Gradient Descent,-2.2749377863952085,2.2969449487977694e+54,5
Stochastic Gradient Descent,-3.1657421077804533,1.2958174919012033e+51,5
Stochastic Gradient Descent,-1.7181996551162337,7.87792520985457e+49,5
Stochastic Gradient Descent,-1.6314222073485498,6.07427979647291e+52,5
Stochastic Gradient Descent,-2.642143447351316,6.255550508241698e+50,5
Stochastic Gradient Descent,-2.297622719595401,1.4001038137640415e+50,5
Stochastic Gradient Descent,-3.915670428497184,2.402339497507122e+43,5
Stochastic Gradient Descent,-2.1235976234646596,1.0223516534478572e+55,5
Stochastic Gradient Descent,-2.0424559224697187,9.870186761886258e+54,5
Stochastic Gradient Descent,-1.9190397324043553,2.385102841415518e+55,5
Stochastic Gradient Descent,-3.4519129118061063,4.710968811697347e+51,5
Stochastic Gradient Descent,-1.1078591195735359,8.846363537870847e+55,5
Stochastic Gradient Descent,-1.6115607525200502,1.4664835044071509e+54,5
Stochastic Gradient Descent,-1.1814755688597112,1.014719102954011e+57,5
Stochastic Gradient Descent,-2.103347370511212,1.5465879330172883e+54,5
Stochastic Gradient Descent,-1.10868225389701,1.8437966315009898e+44,5
Stochastic Gradient Descent,-1.42625067509891,6.125762652455592e+43,5
Stochastic Gradient Descent,-1.4753372030036505,9.921382715113011e+43,5
Stochastic Gradient Descent,-1.573747505577719,5.541391199496241e+43,5
Stochastic Gradient Descent,-1.1998361610596366,1.8699610875995587e+44,5
Stochastic Gradient Descent,-0.9134224928394735,7.0876100676550325e+44,5
Stochastic Gradient Descent,-1.5240818424273839,1.288664405884252e+44,5
Stochastic Gradient Descent,-1.629049819754814,2.3474817699589223e+44,5
Stochastic Gradient Descent,-0.9422704336465716,3.3955801397649944e+55,5
Stochastic Gradient Descent,-0.7266296487986936,5.5475691685808e+61,5
Stochastic Gradient Descent,-1.3551617678005954,5.3915898954889255e+51,5
Stochastic Gradient Descent,-1.1543394167845993,5.110273133223296e+52,5
Stochastic Gradient Descent,-1.8459806844208395,5.015795355401284e+49,5
Stochastic Gradient Descent,-1.1291381497161614,1.2439754563982179e+55,5
Stochastic Gradient Descent,-1.1400317683551704,2.8806953493504564e+53,5
Stochastic Gradient Descent,-3.2172494016790187,1.1738519591613655e+46,5
Stochastic Gradient Descent,-1.466507781947675,9.293142575462916e+49,5
Stochastic Gradient Descent,-1.450536715424269,5.673971705924924e+49,5
Stochastic Gradient Descent,-0.5935262904426333,6.557856503338985e+50,5
Stochastic Gradient Descent,-0.4819145002205912,1.0099317968706922e+57,5
Stochastic Gradient Descent,-0.6143935172969877,4.733799488349088e+52,5
Stochastic Gradient Descent,-0.6158874808696795,1.2337019607032847e+55,5
Stochastic Gradient Descent,-3.20055468102406,6.51985330050526e+43,5
Stochastic Gradient Descent,-1.4806961523875994,9.577071193321351e+53,5
Stochastic Gradient Descent,-1.63438498383371,2.576721396699837e+52,5
Stochastic Gradient Descent,-1.0945491836072103,2.458876924931574e+52,5
Stochastic Gradient Descent,-1.137767503887176,5.149874926257051e+56,5
Stochastic Gradient Descent,-1.0940337585544895,3.5373862990817556e+52,5
