model,experiment,prediction,split #
Support Vector Regression,-2.703826191329584,-1.7659047244433024,1
Support Vector Regression,-2.064990291304019,-1.9168301191191601,1
Support Vector Regression,-2.218903098366632,-1.9168301191191643,1
Support Vector Regression,-1.9492654506102318,-1.9168301191191002,1
Support Vector Regression,-2.7922905193547125,-1.9168301191191648,1
Support Vector Regression,-2.858166273095228,-1.9168301191191648,1
Support Vector Regression,-1.7253486984128064,-1.9168301191191666,1
Support Vector Regression,-1.7190338740193807,-1.9168301191191648,1
Support Vector Regression,-1.414958380703708,-1.9168301191191648,1
Support Vector Regression,-1.6390957814475864,-1.9168301191191648,1
Support Vector Regression,-1.103883331173482,-1.9168301191191648,1
Support Vector Regression,-1.6021765542362365,-1.9168301191191648,1
Support Vector Regression,-1.4091232046942341,-1.9084248911333166,1
Support Vector Regression,-2.123767317417046,-1.9168301191191648,1
Support Vector Regression,-1.0056334760903496,-1.9168301191191615,1
Support Vector Regression,-1.6571034663893656,-1.9168301191191648,1
Support Vector Regression,-1.1131158581897997,-1.9168301191191648,1
Support Vector Regression,-1.8730671060734179,-1.9168301191191648,1
Support Vector Regression,-2.808030042713029,-1.9168301191191648,1
Support Vector Regression,-1.8194641482091292,-1.916830119119164,1
Support Vector Regression,-1.7873296113427601,-1.9168301191191648,1
Support Vector Regression,-2.461494632742434,-1.9168301191191648,1
Support Vector Regression,-2.198253243671017,-1.916830119119164,1
Support Vector Regression,-2.9142603715445343,-1.9168301191191648,1
Support Vector Regression,-3.0391954244610955,-1.9168301191191648,1
Support Vector Regression,-0.5732799306060785,-1.9168301191191646,1
Support Vector Regression,-0.5196118275771817,-1.9168301191191648,1
Support Vector Regression,-0.7545795752718538,-1.9168301191191648,1
Support Vector Regression,-0.4049916766527308,-1.9168301191191646,1
Support Vector Regression,-0.28184511787174465,-1.9168301191191648,1
Support Vector Regression,-3.6800158253354924,-1.9168301191191648,1
Support Vector Regression,-3.2691119889214533,-1.9168301191191648,1
Support Vector Regression,-2.541474704475919,-1.9168301191191648,1
Support Vector Regression,-1.9304209166838449,-1.9168301191191648,1
Support Vector Regression,-1.5397653155309607,-1.9168301191191615,1
Support Vector Regression,-2.1460708341762897,-1.9168301191191648,1
Support Vector Regression,-2.3140538776829995,-1.9168301191191648,1
Support Vector Regression,-1.1731208384522849,-1.916830119119163,1
Support Vector Regression,-1.4817410394981543,-1.9168301191191022,1
Support Vector Regression,-2.2432421390383843,-1.9168301191186927,1
Support Vector Regression,-2.67596440114224,-1.9168301191191648,1
Support Vector Regression,-2.6991941581253336,-1.9168301191191648,1
Support Vector Regression,-3.3308765956121587,-1.9168301191191648,1
Support Vector Regression,-2.991150818979587,-1.9168301191191648,1
Support Vector Regression,-3.366814432940472,-1.9168301191191648,1
Support Vector Regression,-2.704319008875443,-1.9168301191191648,1
Support Vector Regression,-2.778538031513268,-1.9168301191191648,1
Support Vector Regression,-1.3360910210889294,-1.9168301191191648,1
Support Vector Regression,-2.325708590111872,-1.9168301191191648,1
Support Vector Regression,-2.7923263244120906,-1.9168301191191648,1
Support Vector Regression,-2.492075482831661,-1.916396080740851,1
Support Vector Regression,-1.415304935020491,-1.9168301191191648,1
Support Vector Regression,-2.7233828886420643,-1.9168301191191648,1
Support Vector Regression,-2.861353792341514,-1.9168301191191648,1
Support Vector Regression,-1.8336101498155517,-1.9168301191191648,1
Support Vector Regression,-1.0599038235929437,-1.9168301191191648,1
Support Vector Regression,-2.186006727498246,-1.9168301191191648,1
Support Vector Regression,-3.873453012328298,-1.9168301191191648,1
Support Vector Regression,-3.434121498561107,-1.9168301191191648,1
Support Vector Regression,-2.586212054867284,-1.9168301191191648,1
Support Vector Regression,-1.8026465968079968,-1.9168301191191648,1
Support Vector Regression,-1.0556956867709293,-1.9168301191191648,1
Support Vector Regression,-1.6217142305536996,-1.9168301191191648,1
Support Vector Regression,-1.1251042517136252,-1.9168301191191648,1
Support Vector Regression,-1.3266108732423414,-1.9168301191191648,1
Support Vector Regression,-2.6799272800459657,-1.9168301191191648,1
Support Vector Regression,-1.1286208649028604,-1.916830119118639,1
Support Vector Regression,-2.691578169406441,-1.9168301191191648,1
Support Vector Regression,-2.2476183878149794,-1.9168301191191643,1
Support Vector Regression,-3.007286136495451,-1.9168301191191648,1
Support Vector Regression,-1.794765718416369,-1.9168301191191635,1
Support Vector Regression,-2.5986223809209954,-1.8846102574588226,1
Support Vector Regression,-3.5222913974306227,-1.9168301191191648,1
Support Vector Regression,-2.498525274280529,-1.9168301191191648,1
Support Vector Regression,-3.2590502255091702,-1.9168301191191648,1
Support Vector Regression,-1.4113517913995703,-1.916830119119164,1
Support Vector Regression,-1.547722797531173,-1.9168301191191648,1
Support Vector Regression,-2.663203768289533,-1.9168301191191648,1
Support Vector Regression,-1.622950411914381,-1.9168301191191648,1
Support Vector Regression,-1.7568408124580226,-1.9168301191191641,1
Support Vector Regression,-1.5623567401916558,-1.9168301191191648,1
Support Vector Regression,-1.1808764741089726,-1.9168301191191057,1
Support Vector Regression,-2.182199963303041,-1.916830119116721,1
Support Vector Regression,-2.236090057320799,-1.9168301191191635,1
Support Vector Regression,-3.688222835963096,-1.9168301191191648,1
Support Vector Regression,-1.987977989665314,-1.9168301191191648,1
Support Vector Regression,-2.4995431395917818,-1.9168301191191648,1
Support Vector Regression,-1.2376574055894478,-1.9168301191191648,1
Support Vector Regression,-3.159004262647741,-1.9168301191191648,1
Support Vector Regression,-2.0061846218108834,-1.9168301191191626,1
Support Vector Regression,-2.9741896629359488,-1.9168301191191621,1
Support Vector Regression,-2.0364325385907973,-1.916830119118318,1
Support Vector Regression,-2.287736284945912,-1.9168301191191643,1
Support Vector Regression,-2.4911353637922846,-1.9168301191191648,1
Support Vector Regression,-1.7310907007998717,-1.9168301191191648,1
Support Vector Regression,-1.262358754468822,-1.9168301191191648,1
Support Vector Regression,-2.362468744313884,-1.9168301191191648,1
Support Vector Regression,-1.6846961468463335,-1.9168301191191646,1
Support Vector Regression,-2.9211605333956863,-1.9168301191191648,1
Support Vector Regression,-1.7883466398341077,-1.9168301191191648,1
Support Vector Regression,-2.020315121682196,-1.9168301191191648,1
Support Vector Regression,-3.333901540815397,-1.9168301191191648,1
Support Vector Regression,-1.3752808174958797,-1.916830119119164,1
Support Vector Regression,-2.9187956800017982,-1.9168301191191648,1
Support Vector Regression,-1.3982848993986936,-1.9168301191190054,1
Support Vector Regression,-2.728175115284189,-1.9168301191191648,1
Support Vector Regression,-4.026482380351305,-1.9168301191191648,1
Support Vector Regression,-1.8211763195496429,-1.9168301191191648,1
Support Vector Regression,-2.000920332458684,-1.9168301191191648,1
Support Vector Regression,-1.1893279510795818,-1.9168301191191648,1
Support Vector Regression,-2.5430732387631334,-1.9168301191191648,1
Support Vector Regression,-1.945720453842236,-1.9168301191191643,1
Support Vector Regression,-3.5459650539173615,-1.9168301191191648,1
Support Vector Regression,-2.1142795046940637,-1.9168301191191648,1
Support Vector Regression,-1.3434220574020639,-1.9168301191190384,1
Support Vector Regression,-1.9458635904251336,-1.9168301191191648,1
Support Vector Regression,-1.479191830676853,-1.9168301191191646,1
Support Vector Regression,-1.4441845681180592,-1.9168301185648442,1
Support Vector Regression,-1.0807113206322263,-1.9168300510397132,1
Support Vector Regression,-3.926105768520805,-1.9168301191191648,1
Support Vector Regression,-1.9930514957526793,-1.9168301191190802,1
Support Vector Regression,-1.840084037547579,-1.9168301191191648,1
Support Vector Regression,-3.0153277959856664,-1.9168301191191646,1
Support Vector Regression,-2.648503823177817,-1.9168301191191635,1
Support Vector Regression,-1.4257747559860434,-1.9168301191191637,1
Support Vector Regression,-1.2563082695173393,-1.9168301191191635,1
Support Vector Regression,-1.737359048801603,-1.9168301191191648,1
Support Vector Regression,-2.1469087646472067,-1.9168301191191648,1
Support Vector Regression,-1.0937551186817627,-1.9168301191191648,1
Support Vector Regression,-2.00821940080217,-1.9168301191191648,1
Support Vector Regression,-3.7986028756795487,-1.9168301191191648,1
Support Vector Regression,-3.030623697854625,-1.9168301191191648,1
Support Vector Regression,-1.386590637896301,-1.9168300981178599,1
Support Vector Regression,-2.5312982881059978,-1.9168301191191648,1
Support Vector Regression,-2.7906820711849507,-1.9168301191191646,1
Support Vector Regression,-2.034185120528877,-1.9168301191191648,1
Support Vector Regression,-1.7139014654061842,-1.9168301191191621,1
Support Vector Regression,-3.0607359079332865,-1.9168301191191648,1
Support Vector Regression,-2.0990330852672687,-1.9168301191191468,1
Support Vector Regression,-1.4436245197644126,-1.916830119119164,1
Support Vector Regression,-1.3310146489007124,-1.9168301191191648,1
Support Vector Regression,-1.4486812373435975,-1.9168301191185353,1
Support Vector Regression,-1.8347593251696876,-1.9168301191191648,1
Support Vector Regression,-3.5624063821538914,-1.9168301191191648,1
Support Vector Regression,-2.2689882869552584,-1.9168301191191648,1
Support Vector Regression,-1.302742708063045,-1.916830119119148,1
Support Vector Regression,-2.1481523894209715,-1.9168301191191648,1
Support Vector Regression,-1.3693953613978682,-1.9168301191191648,1
Support Vector Regression,-1.5310782741493767,-1.9168301191191701,1
Support Vector Regression,-1.1301967317733737,-1.91669462601166,1
Support Vector Regression,-1.8626742516440307,-1.9168301191191648,1
Support Vector Regression,-0.7242679085347501,-1.9168301191191617,1
Support Vector Regression,-3.312493333735544,-1.9168301191191648,1
Support Vector Regression,-1.8035282856682657,-1.9168301191191648,1
Support Vector Regression,-1.2640972244503184,-1.9168301191191648,1
Support Vector Regression,-1.9341938240909706,-1.9168301191191648,1
Support Vector Regression,-1.4337063496845048,-1.9168301191191648,1
Support Vector Regression,-1.1177693107076099,-1.9168301191191641,1
Support Vector Regression,-2.7874427365568386,-1.9168301191191648,1
Support Vector Regression,-1.394827676426251,-1.9168301191191646,1
Support Vector Regression,-2.17663866294089,-1.916830119119164,1
Support Vector Regression,-3.6308973708676717,-1.9168301191191648,1
Support Vector Regression,-3.744840908818875,-1.9168301191191648,1
Support Vector Regression,-1.5811083204741387,-1.9168301191191646,1
Support Vector Regression,-3.3980116731740355,-1.9168301191191635,1
Support Vector Regression,-3.233202110369878,-1.9168301191191648,1
Support Vector Regression,-3.233202110369878,-1.9168301191191648,1
Support Vector Regression,-2.345229430009625,-1.9168301191185235,1
Support Vector Regression,-1.8175258287604161,-1.9168301191180235,1
Support Vector Regression,-3.3980116731740355,-1.9168301191191648,1
Support Vector Regression,-1.2545644486474818,-1.9168301191191648,1
Support Vector Regression,-2.7386203038591304,-1.9168301191191648,1
Support Vector Regression,-2.26736728311359,-1.9168301191191648,1
Support Vector Regression,-1.928979817650206,-1.9168301191191648,1
Support Vector Regression,-3.015555503033429,-1.9168301191191648,1
Support Vector Regression,-2.1980100109869287,-1.9168301191191648,1
Support Vector Regression,-1.6404184550270633,-1.9168301191191646,1
Support Vector Regression,-2.4520022992105748,-1.9168301191191648,1
Support Vector Regression,-2.5783960731301687,-1.9168301191191648,1
Support Vector Regression,-1.0942289641451028,-1.9168301191191581,1
Support Vector Regression,-1.5145266747759671,-1.9168301013299198,1
Support Vector Regression,-3.844232919056576,-1.9168301191191648,1
Support Vector Regression,-1.5895913565043294,-1.9168301191191648,1
Support Vector Regression,-1.5572116152486462,-1.6336104633418311,1
Support Vector Regression,-4.059833781301273,-1.9168301191191648,1
Support Vector Regression,-1.8057322630823986,-1.9168301191191648,1
Support Vector Regression,-1.5363868405196788,-1.9168301191191641,1
Support Vector Regression,-0.8521750241183932,-1.9168301191191648,1
Support Vector Regression,-1.1149880354485275,-1.9168301191191648,1
Support Vector Regression,-0.7856945313640958,-1.9168301191188948,1
Support Vector Regression,-3.7727484977747765,-1.9168301191191648,1
Support Vector Regression,-3.064232839852069,-1.9168301191191648,1
Support Vector Regression,-1.4655690967005093,-1.9168301191191648,1
Support Vector Regression,-2.809660176396059,-1.9168301191191648,1
Support Vector Regression,-1.5350740375460707,-1.9168301191191168,1
Support Vector Regression,-1.2183710988289476,-1.9168301191189832,1
Support Vector Regression,-2.850003549488979,-1.9168301191191648,1
Support Vector Regression,-1.6362623936895822,-1.9168301191191648,1
Support Vector Regression,-1.9643120034496402,-1.9168301191191648,1
Support Vector Regression,-1.951987303305516,-1.916830119119096,1
Support Vector Regression,-1.309961996475505,-1.9168301191191648,1
Support Vector Regression,-3.0397590359811644,-1.9168301191191648,1
Support Vector Regression,-2.0008832971741093,-1.9168301191191643,1
Support Vector Regression,-1.6183307304435026,-1.916830119119157,1
Support Vector Regression,-2.4796814387852613,-1.9168301191191648,1
Support Vector Regression,-1.1090605687339063,-1.9168301191191448,1
Support Vector Regression,-2.3371392715991264,-1.9168301191191648,1
Support Vector Regression,-1.3627172000570675,-1.9168301191191648,1
Support Vector Regression,-1.1895507451644802,-1.9168301191188801,1
Support Vector Regression,-3.3625502994733605,-1.9168301191191648,1
Support Vector Regression,-1.34349300583641,-1.9168301191191648,1
Support Vector Regression,0.25792460161657743,-1.9168301191191517,1
Support Vector Regression,0.013270809352243309,-1.9168301191191648,1
Support Vector Regression,0.10764671163334447,-1.9168301133915553,1
Support Vector Regression,0.2733961152011059,-1.9168301191186197,1
Support Vector Regression,-0.9893876757536758,-1.9168301191191648,1
Support Vector Regression,-1.6790364719823858,-1.9168301191191728,1
Support Vector Regression,-1.5923333763280876,-1.9168301191191648,1
Support Vector Regression,-1.098047311203653,-1.9168301191191142,1
Support Vector Regression,-2.703220329010491,-1.9168301191191648,1
Support Vector Regression,-1.621304790891127,-1.9168301190689592,1
Support Vector Regression,-3.4519129118061063,-1.9168301191191648,1
Support Vector Regression,-3.915670428497184,-1.9168301191191648,1
Support Vector Regression,-1.816712585545078,-1.9168301191191648,1
Support Vector Regression,-1.5073537295089607,-1.9168301191191643,1
Support Vector Regression,-3.4519129118061063,-1.9168301191191648,1
Support Vector Regression,-1.1078591195735359,-1.9168301191191506,1
Support Vector Regression,-1.7868132829404095,-1.9168301191191648,1
Support Vector Regression,-2.103347370511212,-1.9168301191191643,1
Support Vector Regression,-1.10868225389701,-1.9168301191191648,1
Support Vector Regression,-1.4753372030036505,-1.9168301191191648,1
Support Vector Regression,-1.5674558687076858,-1.9168301191191648,1
Support Vector Regression,-1.3469740509457453,-1.9168301191191648,1
Support Vector Regression,-1.3041517533417322,-1.9168301191191648,1
Support Vector Regression,-0.9134224928394735,-1.9168301191191648,1
Support Vector Regression,-1.4597718515481843,-1.9168301191191648,1
Support Vector Regression,-1.3198484161479276,-1.9168301191191648,1
Support Vector Regression,-0.9468333037780922,-1.9168301191191648,1
Support Vector Regression,-1.7563417007657087,-1.9168301191191648,1
Support Vector Regression,-0.952771189748095,-1.9168301191191648,1
Support Vector Regression,-2.14182332020342,-1.9168301191191648,1
Support Vector Regression,-0.7476890179412806,-1.9168301191191648,1
Support Vector Regression,-2.348164353297759,-1.9168301191191648,1
Support Vector Regression,-0.7266296487986936,-1.916830111953979,1
Support Vector Regression,-1.9406256000139548,-1.9168301191191648,1
Support Vector Regression,-1.1291381497161614,-1.9168301191191626,1
Support Vector Regression,-2.6212424559235727,-1.9168301191191648,1
Support Vector Regression,-0.9679951762893184,-1.9168301191191646,1
Support Vector Regression,-1.7998312883961207,-1.9168301191191648,1
Support Vector Regression,-0.6591799251191045,-1.916830119118804,1
Support Vector Regression,-2.385444450882969,-1.9168301191191648,1
Support Vector Regression,-0.14567163968046612,-1.9168301190933699,1
Support Vector Regression,-0.2468343715025799,-1.9168301191190964,1
Support Vector Regression,-1.9652557068613081,-1.9168301191191648,1
Support Vector Regression,-1.7462641625323523,-1.9168301191191641,1
Support Vector Regression,-1.3068936298450675,-1.9168301186483336,1
Support Vector Regression,-2.390077592912712,-1.9168301191191648,1
Support Vector Regression,-1.011455146773862,-1.9168301191187318,1
Support Vector Regression,-3.3694633107167937,-1.9168301191191648,1
Support Vector Regression,-3.8301933583825565,-1.9168301191191648,1
Support Vector Regression,-2.3969317709673565,-1.9095067916177026,2
Support Vector Regression,-1.7636611133035243,-1.909506791617775,2
Support Vector Regression,-2.881231480327938,-1.9095067916177746,2
Support Vector Regression,-3.431262194557772,-1.909506791617775,2
Support Vector Regression,-2.158822044993741,-1.909506791617775,2
Support Vector Regression,-2.3969317709673565,-1.9095067916095998,2
Support Vector Regression,-1.3240188516817268,-1.909506791617775,2
Support Vector Regression,-3.6845481800874196,-1.909506791617775,2
Support Vector Regression,-3.120277513484956,-1.909506791617775,2
Support Vector Regression,-1.641711232958164,-1.909506791617775,2
Support Vector Regression,-1.524080623031204,-1.909506791617775,2
Support Vector Regression,-1.520097156387571,-1.909506791617775,2
Support Vector Regression,-1.5530374141251506,-1.909506791617775,2
Support Vector Regression,-1.3629507222657735,-1.909506791617775,2
Support Vector Regression,-0.9452141888163385,-1.909506791617775,2
Support Vector Regression,-1.6443425309821194,-1.909506791617775,2
Support Vector Regression,-1.7566657394319904,-1.909506791617775,2
Support Vector Regression,-1.820599175381769,-1.909506791617775,2
Support Vector Regression,-1.680228158144333,-1.909506791617775,2
Support Vector Regression,-1.5498899805881399,-1.909506791617775,2
Support Vector Regression,-1.833927238128002,-1.909506791617775,2
Support Vector Regression,-2.3529321054630254,-1.909506791617775,2
Support Vector Regression,-1.778416668028348,-1.909506791617775,2
Support Vector Regression,-1.4610955316441951,-1.9095067916177217,2
Support Vector Regression,-1.0225392132375182,-1.9095067916177726,2
Support Vector Regression,-1.4187942485435616,-1.909506791617731,2
Support Vector Regression,-2.341290856803062,-1.909506791617775,2
Support Vector Regression,-1.3897810295006061,-1.909506791617775,2
Support Vector Regression,-1.4201920378605053,-1.9095067916177733,2
Support Vector Regression,-1.2696661993818519,-1.9095067916177828,2
Support Vector Regression,-2.617367632441655,-1.909506791617775,2
Support Vector Regression,-2.7929079641438137,-1.909506791617775,2
Support Vector Regression,-1.1061070209631036,-1.909506791617775,2
Support Vector Regression,-3.2036005297986074,-1.909506791617775,2
Support Vector Regression,-2.736709137429952,-1.909506791617775,2
Support Vector Regression,0.14443509497441417,-1.9095067916177741,2
Support Vector Regression,-3.0110100837480736,-1.909506791617775,2
Support Vector Regression,-2.2882000233155653,-1.909506791617775,2
Support Vector Regression,-3.2691119889214533,-1.909506791617775,2
Support Vector Regression,-3.0775844181294625,-1.909506791617775,2
Support Vector Regression,-2.7515330963273232,-1.909506791617775,2
Support Vector Regression,-2.2415951055389973,-1.9095040295414707,2
Support Vector Regression,-2.97249382976246,-1.909506791617775,2
Support Vector Regression,-3.447382880362,-1.909506791617775,2
Support Vector Regression,-2.7237372356215404,-1.909506791617775,2
Support Vector Regression,-2.9119908501955227,-1.909506791617775,2
Support Vector Regression,-2.4751841978240816,-1.909506791617775,2
Support Vector Regression,-3.310333372786738,-1.909506791617775,2
Support Vector Regression,-1.9785756664607834,-1.909506791617775,2
Support Vector Regression,-0.9910136950037374,-1.9095067916177209,2
Support Vector Regression,-2.845233778250056,-1.909506791617775,2
Support Vector Regression,-1.5372443207314632,-1.909506791617775,2
Support Vector Regression,-1.4370923600242806,-1.909506776925085,2
Support Vector Regression,-2.635616939296958,-1.909506791617775,2
Support Vector Regression,-1.1202858432048246,-1.9095067916177746,2
Support Vector Regression,-2.715845949095462,-1.909506791617775,2
Support Vector Regression,-1.4100025284401918,-1.9095067916177746,2
Support Vector Regression,-1.4197155850010228,-1.909506791617775,2
Support Vector Regression,-3.7342838339347466,-1.909506791617775,2
Support Vector Regression,-2.3918623308235594,-1.909506791617772,2
Support Vector Regression,-2.7186459189940226,-1.909506791617775,2
Support Vector Regression,-2.3083760229550343,-1.909506791617775,2
Support Vector Regression,-2.2669235674490644,-1.909506791617775,2
Support Vector Regression,-3.4401053391639986,-1.909506791617775,2
Support Vector Regression,-3.6472310978345055,-1.909506791617775,2
Support Vector Regression,-1.5554661639976504,-1.909506791617775,2
Support Vector Regression,-3.9730828630218453,-1.909506791617775,2
Support Vector Regression,-1.1630496225248408,-1.909506791578486,2
Support Vector Regression,-2.2317936703338876,-1.909506791617775,2
Support Vector Regression,-3.135663383730844,-1.9095067916177748,2
Support Vector Regression,-1.1465151741161497,-1.909506791617716,2
Support Vector Regression,-1.935943656763284,-1.9095067916177748,2
Support Vector Regression,-3.216247878762871,-1.909506791617775,2
Support Vector Regression,-1.5942049925158137,-1.9095067916177746,2
Support Vector Regression,-1.5862250860093259,-1.9095067916170307,2
Support Vector Regression,-1.6698969598127007,-1.909506791617775,2
Support Vector Regression,-1.5650446341096866,-1.9095067915524453,2
Support Vector Regression,-3.20266873961377,-1.9095067916177313,2
Support Vector Regression,-3.3388889969343114,-1.909506791617775,2
Support Vector Regression,-4.043611115346274,-1.909506791617775,2
Support Vector Regression,-3.1495014132834878,-1.909506791617775,2
Support Vector Regression,-2.0559062448512155,-1.907568780432839,2
Support Vector Regression,-1.2684519185896421,-1.9095067916175597,2
Support Vector Regression,-2.550141932709222,-1.909506791617775,2
Support Vector Regression,-3.4398948173744337,-1.909506791617775,2
Support Vector Regression,-1.6379527351562522,-1.909506791617775,2
Support Vector Regression,-1.3149788474841408,-1.909506791617775,2
Support Vector Regression,-1.7818010064165613,-1.9095067916177748,2
Support Vector Regression,-1.7883466398341077,-1.909506791617775,2
Support Vector Regression,-2.0615953180564492,-1.909506791617775,2
Support Vector Regression,-2.8606575042266775,-1.909506791617775,2
Support Vector Regression,-2.2414236426625673,-1.909506791617775,2
Support Vector Regression,-3.508144052188851,-1.909506791617775,2
Support Vector Regression,-3.48241354468584,-1.909506791617775,2
Support Vector Regression,-2.3458067992518874,-1.909506791617775,2
Support Vector Regression,-1.272659841843383,-1.909506791617775,2
Support Vector Regression,-1.0474177734305667,-1.9095067916177417,2
Support Vector Regression,-3.7834435403498214,-1.909506791617775,2
Support Vector Regression,-1.2174698965346429,-1.9095067803827357,2
Support Vector Regression,-1.006612713059657,-1.909506791611199,2
Support Vector Regression,-1.5213971031085405,-1.909506791617775,2
Support Vector Regression,-3.739785461604827,-1.909506791617775,2
Support Vector Regression,-1.9705460914481276,-1.9095067916171382,2
Support Vector Regression,-1.8887177216857802,-1.9095067916177748,2
Support Vector Regression,-1.8555915719713854,-1.9095067916177748,2
Support Vector Regression,-1.42943857964666,-1.9095067916176645,2
Support Vector Regression,-1.9429726110972225,-1.909506791617775,2
Support Vector Regression,-3.6572596108178765,-1.909506791617775,2
Support Vector Regression,-3.172776808882327,-1.909506791617775,2
Support Vector Regression,-2.6148556108775285,-1.909506791617775,2
Support Vector Regression,-1.6517269019834395,-1.9095067916177737,2
Support Vector Regression,-2.099963060637607,-1.9095067916177337,2
Support Vector Regression,-2.4368442826786825,-1.9095067916177748,2
Support Vector Regression,-1.015474675864504,-1.909506791617723,2
Support Vector Regression,-1.9745795534681516,-1.9095067916177746,2
Support Vector Regression,-0.6074545522659878,-1.9095067916177741,2
Support Vector Regression,-0.9349414936187838,-1.9095067916177315,2
Support Vector Regression,-2.1372208240925845,-1.909506791617775,2
Support Vector Regression,-1.4215944093236903,-1.909506791617775,2
Support Vector Regression,-3.054246410327101,-1.909506791617775,2
Support Vector Regression,-1.982318834323383,-1.909506791617775,2
Support Vector Regression,-3.9600428565808334,-1.909506791617775,2
Support Vector Regression,-3.7692522846397316,-1.909506791617775,2
Support Vector Regression,-1.3544637580442256,-1.909506791617775,2
Support Vector Regression,-3.437187483030755,-1.909506791617775,2
Support Vector Regression,-3.7938003909509543,-1.909506791617775,2
Support Vector Regression,-2.4951902617888977,-1.909506791617775,2
Support Vector Regression,-1.297434930657182,-1.9095067916175406,2
Support Vector Regression,-3.6688623296866587,-1.909506791617775,2
Support Vector Regression,-1.453797527240351,-1.9095067916175785,2
Support Vector Regression,-1.4180277802789096,-1.9095067916177777,2
Support Vector Regression,-1.1843962080688974,-1.909506791617775,2
Support Vector Regression,-1.9811271489159006,-1.909506791617775,2
Support Vector Regression,-1.318606216338379,-1.9095067916177708,2
Support Vector Regression,-1.0144370432648293,-1.909506791617775,2
Support Vector Regression,-2.0129990008635867,-1.9095067916177741,2
Support Vector Regression,-1.3284164293502903,-1.9095067916177748,2
Support Vector Regression,-1.4399552960568784,-1.9095067916177733,2
Support Vector Regression,-3.119103556806872,-1.909506791617775,2
Support Vector Regression,-1.8171279243372191,-1.909506791617775,2
Support Vector Regression,-3.744840908818875,-1.909506791617775,2
Support Vector Regression,-2.6904826786431757,-1.909506791617775,2
Support Vector Regression,-2.258173837778395,-1.9095067916177715,2
Support Vector Regression,-2.436631774638256,-1.9095067916177746,2
Support Vector Regression,-1.4467153895386817,-1.9095067916177344,2
Support Vector Regression,-2.0916278587378,-1.909506791617775,2
Support Vector Regression,-1.9715416460145745,-1.6625126516164517,2
Support Vector Regression,-3.6924119784161333,-1.909506791617775,2
Support Vector Regression,-2.8398575372186334,-1.909506791617775,2
Support Vector Regression,-3.233202110369878,-1.909506791617775,2
Support Vector Regression,-2.804329449939637,-1.909506791617775,2
Support Vector Regression,-2.019028072917717,-1.9095067916177744,2
Support Vector Regression,-3.3466707249611667,-1.909506791617775,2
Support Vector Regression,-1.6524312761675333,-1.909506791617775,2
Support Vector Regression,-2.1032881447661516,-1.9095067916177746,2
Support Vector Regression,-2.1622159208236154,-1.909506791617775,2
Support Vector Regression,-2.0864005407417032,-1.909506791617775,2
Support Vector Regression,-1.7613667161535187,-1.909506791617775,2
Support Vector Regression,-3.4116117497612004,-1.909506791617775,2
Support Vector Regression,-1.7083201719567802,-1.909506791617771,2
Support Vector Regression,-1.6345122959030371,-1.909506791617775,2
Support Vector Regression,-3.2402151004002007,-1.909506791617775,2
Support Vector Regression,-2.43241576499949,-1.9095067916177748,2
Support Vector Regression,-1.593236649552128,-1.909506791617772,2
Support Vector Regression,-2.0645418092014314,-1.909506791617775,2
Support Vector Regression,-1.356590498479473,-1.9095067916009263,2
Support Vector Regression,-1.0471006958966393,-1.9095067916177748,2
Support Vector Regression,-1.1848306140119889,-1.9095067916177801,2
Support Vector Regression,-3.0455186942585932,-1.909506791617775,2
Support Vector Regression,-2.1633711620778806,-1.909506791617775,2
Support Vector Regression,-1.6819366650372385,-1.9095062592032026,2
Support Vector Regression,-3.3309007861959947,-1.909506791617775,2
Support Vector Regression,-2.1956618739690814,-1.909506791617775,2
Support Vector Regression,-2.084073842416984,-1.909506791617775,2
Support Vector Regression,-1.9644153443855357,-1.9095067916177382,2
Support Vector Regression,-1.4566894173821427,-1.9095067916176856,2
Support Vector Regression,-1.586700235918748,-1.9095067916157482,2
Support Vector Regression,-2.9620793251113042,-1.909506791617775,2
Support Vector Regression,-2.0742842332450646,-1.909506791617775,2
Support Vector Regression,-3.31795786632659,-1.909506791617775,2
Support Vector Regression,-1.9412408278950934,-1.909506791617775,2
Support Vector Regression,-0.6894774956008592,-1.9095067916177697,2
Support Vector Regression,-1.8074474879886533,-1.909506791617775,2
Support Vector Regression,-0.9751054096242024,-1.9095067916174924,2
Support Vector Regression,-3.184747097908846,-1.909506791617775,2
Support Vector Regression,-1.2067214626499687,-1.9095067916177333,2
Support Vector Regression,-1.1026053129321816,-1.9095067916177741,2
Support Vector Regression,-2.8559441417598115,-1.909506791617775,2
Support Vector Regression,-1.170757605358798,-1.909506791617775,2
Support Vector Regression,-1.6189896501583372,-1.909506791617775,2
Support Vector Regression,-3.0397590359811644,-1.909506791617775,2
Support Vector Regression,-2.5945173784671853,-1.909506791617775,2
Support Vector Regression,-0.9737395646276028,-1.9095067916082173,2
Support Vector Regression,-0.7797693247910334,-1.909506791617775,2
Support Vector Regression,-1.3132997440363454,-1.9095067916177695,2
Support Vector Regression,-2.2355646390433175,-1.6625133018548173,2
Support Vector Regression,-3.6368695830464484,-1.909506791617775,2
Support Vector Regression,-2.190142441306164,-1.9095067916177748,2
Support Vector Regression,-1.428472864706594,-1.9095067916177746,2
Support Vector Regression,-2.4881639462888585,-1.909506791617775,2
Support Vector Regression,-2.0703010191144675,-1.909506791617775,2
Support Vector Regression,-2.2355646390433175,-1.909506791617775,2
Support Vector Regression,-1.9499388302923257,-1.909506791617775,2
Support Vector Regression,-2.740096874062147,-1.909506791617775,2
Support Vector Regression,-0.9486409221793155,-1.909506791617775,2
Support Vector Regression,0.13858982128300762,-1.9095067916177748,2
Support Vector Regression,0.011790398005349874,-1.909506791617775,2
Support Vector Regression,0.2034251096067644,-1.909506791617775,2
Support Vector Regression,0.23583851209189552,-1.9095067916177826,2
Support Vector Regression,0.27486911420534327,-1.909506791617775,2
Support Vector Regression,-3.6464665167152384,-1.909506791617775,2
Support Vector Regression,-1.7473311829109102,-1.909506791617775,2
Support Vector Regression,-3.3347136412278577,-1.909506791617775,2
Support Vector Regression,-1.6314222073485498,-1.909506791617775,2
Support Vector Regression,-1.492201494031574,-1.9095067916177824,2
Support Vector Regression,-1.1820723340995358,-1.9024988501500915,2
Support Vector Regression,-2.5395917281791975,-1.909506791617775,2
Support Vector Regression,-2.7488910409678486,-1.909506791617775,2
Support Vector Regression,-1.9190397324043553,-1.909506791617771,2
Support Vector Regression,-2.789746241172472,-1.909506791617775,2
Support Vector Regression,-2.3812985463366814,-1.909506791617775,2
Support Vector Regression,-1.862548056774303,-1.909506791617775,2
Support Vector Regression,-3.2294115893983317,-1.909506791617775,2
Support Vector Regression,-1.1814755688597112,-1.9095067916176809,2
Support Vector Regression,-1.6695950343945678,-1.9095067916177746,2
Support Vector Regression,-1.7472661616036533,-1.909506791617775,2
Support Vector Regression,-1.947863458882499,-1.909506791617775,2
Support Vector Regression,-1.1286832686838821,-1.909506791617775,2
Support Vector Regression,-1.1998361610596366,-1.909506791617775,2
Support Vector Regression,-1.540907293954747,-1.909506791617775,2
Support Vector Regression,-1.4094344835568617,-1.909506791617775,2
Support Vector Regression,-1.629049819754814,-1.909506791617775,2
Support Vector Regression,-1.1431217053996168,-1.909473913648033,2
Support Vector Regression,-1.2491101104442828,-1.909506791617775,2
Support Vector Regression,-0.9422704336465716,-1.9095067916177695,2
Support Vector Regression,-1.5966625231096632,-1.909506791617775,2
Support Vector Regression,-1.5398588190217488,-1.909506791617775,2
Support Vector Regression,-1.3551617678005954,-1.909506791617775,2
Support Vector Regression,-1.1543394167845993,-1.909506791617775,2
Support Vector Regression,-0.6082262842300837,-1.9095067916177746,2
Support Vector Regression,-1.042642722079717,-1.909506791617775,2
Support Vector Regression,-0.9172146296835499,-1.909138408405979,2
Support Vector Regression,-1.5600709478109722,-1.909506791617775,2
Support Vector Regression,-2.761915740881935,-1.909506791617775,2
Support Vector Regression,-3.1791288900792822,-1.909506791617775,2
Support Vector Regression,-1.7283368624549476,-1.909506791617775,2
Support Vector Regression,-1.0748372190236377,-1.9095067916177697,2
Support Vector Regression,-3.2503548803911073,-1.909506791617775,2
Support Vector Regression,-0.37949908787793823,-1.9095067916177697,2
Support Vector Regression,-0.6158874808696795,-1.9095067916177728,2
Support Vector Regression,-1.2028902052841348,-1.9094895067483069,2
Support Vector Regression,-3.121373090381552,-1.909506791617775,2
Support Vector Regression,-3.7648251925435416,-1.909506791617775,2
Support Vector Regression,-1.0026227122886122,-1.9095067915136854,2
Support Vector Regression,-1.6643405451853508,-1.909506791617775,2
Support Vector Regression,-1.7793995024399858,-1.909506791617775,2
Support Vector Regression,-1.137767503887176,-1.9095067916177197,2
Support Vector Regression,-1.4154063781902113,-1.909506791617775,2
Support Vector Regression,-2.5315835424986517,-1.909506791617775,2
Support Vector Regression,-3.431262194557772,-1.9173230372766326,3
Support Vector Regression,-1.9138112509675613,-1.9173230372766326,3
Support Vector Regression,-2.642729293000293,-1.9173230372766326,3
Support Vector Regression,-1.169002914533462,-1.9173230372766326,3
Support Vector Regression,-3.3692782873859213,-1.9173230372766326,3
Support Vector Regression,-0.737425984358659,-1.9173230372766326,3
Support Vector Regression,-0.28950830319552845,-1.9171806667707816,3
Support Vector Regression,-0.3239443747054647,-1.9173230372766326,3
Support Vector Regression,-1.4118568185099727,-1.9173230372766326,3
Support Vector Regression,-1.5083613986405884,-1.9173230372766326,3
Support Vector Regression,-2.885418369996712,-1.9173230372766326,3
Support Vector Regression,-3.4108437941069076,-1.9173230372766326,3
Support Vector Regression,-1.4985127097581414,-1.9173230370295027,3
Support Vector Regression,-2.8184713897478226,-1.9173230372766326,3
Support Vector Regression,-1.221874373746708,-1.9173230372766326,3
Support Vector Regression,-1.9996117840097518,-1.9173230372766326,3
Support Vector Regression,-0.9172087828988489,-1.9173230372766326,3
Support Vector Regression,-1.8229892712376083,-1.9173230372766326,3
Support Vector Regression,-1.1631032781134523,-1.9173230372766326,3
Support Vector Regression,-0.9582190949069228,-1.9173230372724603,3
Support Vector Regression,-3.2351404478705748,-1.9173230372766326,3
Support Vector Regression,-3.8326531224143645,-1.9173230372766326,3
Support Vector Regression,-1.5041031112940382,-1.9173230372766326,3
Support Vector Regression,-3.694349887124185,-1.9173230372766326,3
Support Vector Regression,-3.2834449518405893,-1.9173230372766326,3
Support Vector Regression,-2.9688776583453143,-1.9173230372766326,3
Support Vector Regression,-2.6396789104480054,-1.9173230372766326,3
Support Vector Regression,-3.3816182003459216,-1.9173230372766326,3
Support Vector Regression,-3.876468483448327,-1.9173230372766326,3
Support Vector Regression,-2.1155432005946873,-1.9173230372766326,3
Support Vector Regression,-0.2659675601094114,-1.9173230372766326,3
Support Vector Regression,0.05304456027413388,-1.9133023010565047,3
Support Vector Regression,-0.19201915469350456,-1.9173230372766326,3
Support Vector Regression,-1.7661589553081318,-1.9173230372766326,3
Support Vector Regression,-0.40674416735366103,-1.9173230372766326,3
Support Vector Regression,-0.3696586894071177,-1.9173230372765415,3
Support Vector Regression,-1.5018248431082857,-1.9173230372766326,3
Support Vector Regression,-0.7019607372542168,-1.917323037276009,3
Support Vector Regression,-0.6945493884044287,-1.9173230372766326,3
Support Vector Regression,-0.08363954432116573,-1.9173230372766326,3
Support Vector Regression,-0.012750569114115418,-1.9173230372766326,3
Support Vector Regression,-0.27744790362250854,-1.9173230372766228,3
Support Vector Regression,-2.9107287853445634,-1.9173230372766326,3
Support Vector Regression,-1.8033790498935367,-1.916551614828202,3
Support Vector Regression,-2.8170555006405635,-1.9173230372766326,3
Support Vector Regression,-1.1005815755977664,-1.9173230372766326,3
Support Vector Regression,-2.9238738790387533,-1.9173230372766326,3
Support Vector Regression,-3.810574259769909,-1.9173230372766326,3
Support Vector Regression,-2.8170555006405635,-1.9173230372766326,3
Support Vector Regression,-3.579179826019102,-1.9173230372766326,3
Support Vector Regression,-3.447382880362,-1.9173230372766326,3
Support Vector Regression,-2.5493325073158326,-1.9173230372766326,3
Support Vector Regression,-2.557865138098485,-1.9173230372766326,3
Support Vector Regression,-3.20721692140729,-1.9173230372766326,3
Support Vector Regression,-3.1668739337041876,-1.9173230372766326,3
Support Vector Regression,-3.2474583508182433,-1.9173230372766326,3
Support Vector Regression,-1.624154843179839,-1.9173230372766326,3
Support Vector Regression,-3.3458359767686834,-1.9173230372766326,3
Support Vector Regression,-1.4326336990343642,-1.9173230372766414,3
Support Vector Regression,-3.130720745231321,-1.9173230372766326,3
Support Vector Regression,-1.8319016673890882,-1.9173230372766326,3
Support Vector Regression,-1.4093732376842594,-1.9173230372766326,3
Support Vector Regression,-2.617794503701521,-1.9173230372766326,3
Support Vector Regression,-2.7103007043055714,-1.9173230372766326,3
Support Vector Regression,-2.048440290036772,-1.9173230372766326,3
Support Vector Regression,-2.9864932974615632,-1.9173230372766326,3
Support Vector Regression,-3.0605406542001403,-1.9173230372766326,3
Support Vector Regression,-1.4861381638460753,-1.9173230372766326,3
Support Vector Regression,-1.7089770353918146,-1.9173230372766321,3
Support Vector Regression,-2.3478691638008677,-1.9173230372766326,3
Support Vector Regression,-1.777268237794943,-1.9173230372766326,3
Support Vector Regression,-1.7028254486283225,-1.9173230372766326,3
Support Vector Regression,-1.3104931690369908,-1.9173230372766326,3
Support Vector Regression,-3.302921552819786,-1.9173230372766326,3
Support Vector Regression,-2.270552443792131,-1.9173230372766326,3
Support Vector Regression,-2.5342163548062593,-1.9173230372766326,3
Support Vector Regression,-3.2590502255091702,-1.9173230372766326,3
Support Vector Regression,-1.3160847906164357,-1.9162446575999403,3
Support Vector Regression,-3.5222913974306227,-1.9173230372766326,3
Support Vector Regression,-1.9704478542261563,-1.9173230372766326,3
Support Vector Regression,-1.2543892714743548,-1.9173230372766437,3
Support Vector Regression,-1.706119540338668,-1.9173230372766321,3
Support Vector Regression,-2.4934863088506534,-1.9173230372766326,3
Support Vector Regression,-3.4161712191583424,-1.9173230372766326,3
Support Vector Regression,-3.7105715966505453,-1.9173230372766326,3
Support Vector Regression,-2.644753893986956,-1.9173230372766326,3
Support Vector Regression,-2.988535711454289,-1.9173230372766326,3
Support Vector Regression,-2.470173263354167,-1.9173230372766326,3
Support Vector Regression,-2.2826863141215226,-1.8650690648232124,3
Support Vector Regression,-3.246574755779347,-1.9173230372766326,3
Support Vector Regression,-1.5371060964041248,-1.9173230372766326,3
Support Vector Regression,-4.441291429466834,-1.9173230372766326,3
Support Vector Regression,-3.09259777670544,-1.9173230372766326,3
Support Vector Regression,-2.3566470252815495,-1.9173230372766326,3
Support Vector Regression,-1.7478447295977892,-1.9173230372766326,3
Support Vector Regression,-2.8667990786740405,-1.9173230372766326,3
Support Vector Regression,-2.082759927050954,-1.9173230372766326,3
Support Vector Regression,-2.258697330779929,-1.9173230372766326,3
Support Vector Regression,-2.618445069067542,-1.9173230372766326,3
Support Vector Regression,-3.231239100298885,-1.9173230372766326,3
Support Vector Regression,-1.6253102968663857,-1.9173230372766326,3
Support Vector Regression,-3.690448608815449,-1.9173230372766326,3
Support Vector Regression,-1.955139967558483,-1.9173230372766326,3
Support Vector Regression,-3.3960495196322524,-1.9173230372766326,3
Support Vector Regression,-1.7565625592771141,-1.9173230372766326,3
Support Vector Regression,-1.7983538696326367,-1.9173230372766326,3
Support Vector Regression,-1.512256636766295,-1.9173230372766445,3
Support Vector Regression,-2.1620771953880977,-1.9173230372766326,3
Support Vector Regression,-1.4975728800155672,-1.6199078672810145,3
Support Vector Regression,-1.012145447578458,-1.9173195976185917,3
Support Vector Regression,-2.0731453982830836,-1.9173230372766326,3
Support Vector Regression,-1.556016572040716,-1.9173230371386167,3
Support Vector Regression,-3.23633470688153,-1.9173230372766326,3
Support Vector Regression,-2.0116848782875407,-1.9173230372766326,3
Support Vector Regression,-3.466783553422354,-1.9173230372766326,3
Support Vector Regression,-1.2175444827866113,-1.8986111696003587,3
Support Vector Regression,-1.5213971031085405,-1.9173230372766326,3
Support Vector Regression,-2.9206523063014074,-1.9173230372766326,3
Support Vector Regression,-1.2662523005170878,-1.9173230372766326,3
Support Vector Regression,-3.4629936067206395,-1.9173230372766326,3
Support Vector Regression,-2.635540187918821,-1.9173230372766326,3
Support Vector Regression,-1.5625822596100025,-1.9173230372766321,3
Support Vector Regression,-2.7555635433899788,-1.9173230372766326,3
Support Vector Regression,-1.98115226552214,-1.9173230372766326,3
Support Vector Regression,-1.790442094293253,-1.9173230372766326,3
Support Vector Regression,-1.0209515518818744,-1.9173230372766326,3
Support Vector Regression,-3.1720823887102565,-1.9173230372766326,3
Support Vector Regression,-2.5142250705986213,-1.9173230372766326,3
Support Vector Regression,-2.7671936491741276,-1.9173230372766326,3
Support Vector Regression,-1.4115626764192806,-1.9173230372766175,3
Support Vector Regression,-1.9011407722544549,-1.9173230372766326,3
Support Vector Regression,-1.064270917741021,-1.9173230372766326,3
Support Vector Regression,-2.809138225804324,-1.9173230372766326,3
Support Vector Regression,-0.664255515397868,-1.9173230372763927,3
Support Vector Regression,-1.0111406945890653,-1.9173230372766321,3
Support Vector Regression,-2.001001072492525,-1.9173230372766104,3
Support Vector Regression,-4.219679806977318,-1.9173230372766326,3
Support Vector Regression,-1.86662075613132,-1.9173230372766197,3
Support Vector Regression,-2.1782870563447125,-1.917323037276585,3
Support Vector Regression,-2.9206284299141125,-1.9173230372766326,3
Support Vector Regression,-1.6958725916338202,-1.9173230372766326,3
Support Vector Regression,-2.7597061620105943,-1.9173230372766321,3
Support Vector Regression,-1.421235229471209,-1.9171429826054571,3
Support Vector Regression,-3.5378566631708024,-1.9173230372766121,3
Support Vector Regression,-2.9753058553179503,-1.9173230372766326,3
Support Vector Regression,-1.9090244195663402,-1.9173230372766326,3
Support Vector Regression,-1.5110863339963716,-1.9173230372766326,3
Support Vector Regression,-1.8793987946410835,-1.9173230372766326,3
Support Vector Regression,-2.8947429719805546,-1.9173230372766326,3
Support Vector Regression,-0.7420831923821466,-1.9173230372766326,3
Support Vector Regression,-0.9642747859315978,-1.917323037276621,3
Support Vector Regression,-0.975127284906683,-1.9173230372766326,3
Support Vector Regression,-2.3465562136207656,-1.9173230372766326,3
Support Vector Regression,-3.542851120580754,-1.9173230372766326,3
Support Vector Regression,-1.351662241081682,-1.917323037276641,3
Support Vector Regression,-2.0598606483703086,-1.9173230372766326,3
Support Vector Regression,-1.5609490414532068,-1.8701898276441629,3
Support Vector Regression,-1.396090167895999,-1.9173230372766326,3
Support Vector Regression,-2.04835547456192,-1.9173230372766326,3
Support Vector Regression,-1.3448674070651871,-1.9173230372766366,3
Support Vector Regression,-2.0948568608862326,-1.917323037276644,3
Support Vector Regression,-2.2176402640700728,-1.917323037276626,3
Support Vector Regression,-1.7448404020099417,-1.9173230372766326,3
Support Vector Regression,-1.4790145740873064,-1.9173230372755592,3
Support Vector Regression,-2.8217593886833527,-1.9173230372765673,3
Support Vector Regression,-3.3358640560027224,-1.9173230372766326,3
Support Vector Regression,-2.5444075781780136,-1.9173230372766326,3
Support Vector Regression,-2.483384252706259,-1.9173230372766326,3
Support Vector Regression,-2.9710072633433735,-1.9173230372766326,3
Support Vector Regression,-2.1317533670782356,-1.9081860553648256,3
Support Vector Regression,-3.290189204280069,-1.9173230372766326,3
Support Vector Regression,-2.3582852103076553,-1.9173230372766326,3
Support Vector Regression,-3.7268829315132583,-1.9173230372766326,3
Support Vector Regression,-2.025135764586199,-1.9173230372766326,3
Support Vector Regression,-1.753896033344213,-1.9173230372766326,3
Support Vector Regression,-1.8668031693530753,-1.9173230372766326,3
Support Vector Regression,-2.0118859545996086,-1.9173230372764873,3
Support Vector Regression,-4.056947918112584,-1.9173230372766326,3
Support Vector Regression,-3.3036200184447138,-1.9173230372766326,3
Support Vector Regression,-1.5279900670983446,-1.9173230372761965,3
Support Vector Regression,-3.1090516644066044,-1.9173230372766326,3
Support Vector Regression,-2.5585788782984222,-1.9173230372766326,3
Support Vector Regression,-1.4333467694862632,-1.91732303727516,3
Support Vector Regression,-1.6895586727819518,-1.9173230372766326,3
Support Vector Regression,-3.5527489155241385,-1.9173230372766326,3
Support Vector Regression,-2.292547184423849,-1.9173230372766326,3
Support Vector Regression,-1.5281785967617054,-1.5076902787919446,3
Support Vector Regression,-1.2672463833090828,-1.9173230372766121,3
Support Vector Regression,-1.5097699255058308,-1.9173230372766317,3
Support Vector Regression,-1.6374387034297335,-1.9173230372766326,3
Support Vector Regression,-1.405215799824956,-1.9173230372766326,3
Support Vector Regression,-3.05329283374744,-1.9173230372766326,3
Support Vector Regression,-2.122395441870392,-1.917323037276625,3
Support Vector Regression,-1.514016684929528,-1.917323037276626,3
Support Vector Regression,-3.3010769020010144,-1.9173230372766326,3
Support Vector Regression,-2.006498035079166,-1.9173230372766326,3
Support Vector Regression,-1.4262388316017447,-1.9173230372766321,3
Support Vector Regression,-3.360662949678316,-1.9173230372766326,3
Support Vector Regression,-1.9765773961271407,-1.9173230372766326,3
Support Vector Regression,-1.4541338573389984,-1.9173230372766321,3
Support Vector Regression,0.23583851209189552,-1.9173230372760184,3
Support Vector Regression,-0.40966424145785746,-1.9173230372766326,3
Support Vector Regression,0.26528954569788904,-1.9173230372766326,3
Support Vector Regression,-0.31923658554998896,-1.9173230372766326,3
Support Vector Regression,-0.202317609683526,-1.9173230372766326,3
Support Vector Regression,-0.8579133376664105,-1.9173230372766326,3
Support Vector Regression,-0.004427072779599359,-1.9173230372766326,3
Support Vector Regression,-0.8579133376664105,-1.9173230372766326,3
Support Vector Regression,-0.3118025518663407,-1.9173230372766326,3
Support Vector Regression,-1.9219867657940077,-1.9173230372766326,3
Support Vector Regression,-0.5442825169537446,-1.9173230372766326,3
Support Vector Regression,-1.7405367157549274,-1.9173230372766326,3
Support Vector Regression,-1.5200924815934278,-1.9173230372766437,3
Support Vector Regression,-2.2749377863952085,-1.9173230372766321,3
Support Vector Regression,-1.7655110123526006,-1.9173230372766321,3
Support Vector Regression,-1.2407370006641907,-1.917323037276626,3
Support Vector Regression,-1.7181996551162337,-1.9173230372766326,3
Support Vector Regression,-1.1505417041520314,-1.9173230372766326,3
Support Vector Regression,-0.8847086972378616,-1.9173230372766326,3
Support Vector Regression,-1.315440666986884,-1.9173230372766321,3
Support Vector Regression,-2.1235976234646596,-1.917323037276617,3
Support Vector Regression,-3.525699217034543,-1.9173230372766326,3
Support Vector Regression,-2.405003945642156,-1.9173230372766326,3
Support Vector Regression,-2.5479760718766045,-1.9173230372766326,3
Support Vector Regression,-2.6216055516158603,-1.9173230372766326,3
Support Vector Regression,-1.7236216619186897,-1.9173230372766326,3
Support Vector Regression,-2.176623074126691,-1.9173230372766326,3
Support Vector Regression,-1.42625067509891,-1.9173230372766326,3
Support Vector Regression,-1.4753372030036505,-1.9173230372766326,3
Support Vector Regression,-1.5323301209746991,-1.9173230372766326,3
Support Vector Regression,-1.6539166652584223,-1.9173230372766326,3
Support Vector Regression,-1.649488441015367,-1.9173230372766326,3
Support Vector Regression,-1.28375174993668,-1.9173230372766326,3
Support Vector Regression,-1.3198484161479276,-1.9173230372766326,3
Support Vector Regression,-1.2818579528648468,-1.9173230372766326,3
Support Vector Regression,-1.6322137070153477,-1.9173230372766326,3
Support Vector Regression,-1.3198484161479276,-1.9173230372766326,3
Support Vector Regression,-1.793068638288037,-1.9173230372766326,3
Support Vector Regression,-0.8769725367904692,-1.9173230372766326,3
Support Vector Regression,-1.4583509625515516,-1.9173230372766326,3
Support Vector Regression,-0.8837798009584171,-1.9173230372766317,3
Support Vector Regression,-0.7463040504271798,-1.9173230372766024,3
Support Vector Regression,-2.0401269907408133,-1.9173230372766326,3
Support Vector Regression,-1.8459806844208395,-1.9173230372766326,3
Support Vector Regression,-2.2646029664100515,-1.9173230372766326,3
Support Vector Regression,-1.1400317683551704,-1.9173230372766326,3
Support Vector Regression,-1.483088664742514,-1.9173230372766326,3
Support Vector Regression,-1.148825472087486,-1.9173230372765966,3
Support Vector Regression,-1.466507781947675,-1.9173230372766326,3
Support Vector Regression,-3.295634963777275,-1.9173230372766326,3
Support Vector Regression,-0.428471724353625,-1.9173230372766437,3
Support Vector Regression,-1.450536715424269,-1.9173230372766326,3
Support Vector Regression,-2.0560190796534115,-1.9173230372766326,3
Support Vector Regression,-0.9402445883836209,-1.9173230372766312,3
Support Vector Regression,-1.031601943299423,-1.9173230349669232,3
Support Vector Regression,-1.63438498383371,-1.9173230372766326,3
Support Vector Regression,-1.475460019768368,-1.9173230372766326,3
Support Vector Regression,-0.988626069420939,-1.917323037276553,3
Support Vector Regression,-1.5672159407631352,-1.9173230372764243,3
Support Vector Regression,-2.0772161211350064,-1.886507132982646,4
Support Vector Regression,-3.5076503600642033,-1.886507132982646,4
Support Vector Regression,-3.7465335671940925,-1.886507132982646,4
Support Vector Regression,-2.3146334389286793,-1.886507132982646,4
Support Vector Regression,-3.1408689109724577,-1.886507132982646,4
Support Vector Regression,-3.5076503600642033,-1.886507132982646,4
Support Vector Regression,-1.5424726897801078,-1.886507132982646,4
Support Vector Regression,-1.0745636623476162,-1.886507132982646,4
Support Vector Regression,-1.5393527377902698,-1.886507132982646,4
Support Vector Regression,-1.2059345608151744,-1.886507132982646,4
Support Vector Regression,-0.32212322804184973,-1.886507132982646,4
Support Vector Regression,-1.374139089297611,-1.886507132982646,4
Support Vector Regression,-0.9407520429016281,-1.886507132982646,4
Support Vector Regression,-1.2391607486734533,-1.886507132982646,4
Support Vector Regression,-1.9196885629650766,-1.886507132982646,4
Support Vector Regression,-3.2180472636163895,-1.886507132982646,4
Support Vector Regression,-3.057527624268253,-1.886507132982646,4
Support Vector Regression,-2.3531252756425936,-1.886507132982646,4
Support Vector Regression,-2.808030042713029,-1.886507132982646,4
Support Vector Regression,-2.0569241023003397,-1.886507132982646,4
Support Vector Regression,-2.6092962251353855,-1.886507132982646,4
Support Vector Regression,-2.66118307205398,-1.886507132982646,4
Support Vector Regression,-2.5901613502180045,-1.886507132982646,4
Support Vector Regression,-0.7406200937095554,-1.886507132982646,4
Support Vector Regression,-0.6389033445220246,-1.886507132982646,4
Support Vector Regression,0.1297019665778856,-1.886507132982646,4
Support Vector Regression,-0.6704627883686575,-1.886507132982646,4
Support Vector Regression,0.20995355888867073,-1.886507132982646,4
Support Vector Regression,-0.9300930772084189,-1.886507132982646,4
Support Vector Regression,0.20849296776590773,-1.8865071312947999,4
Support Vector Regression,-2.7785748071197123,-1.886507132982646,4
Support Vector Regression,-2.465962973225779,-1.886507132982646,4
Support Vector Regression,-1.8094490244732577,-1.886507132982646,4
Support Vector Regression,-1.894217061776159,-1.886507132982646,4
Support Vector Regression,-2.0174042079019414,-1.886507132982646,4
Support Vector Regression,-2.2017306515457955,-1.886507132982646,4
Support Vector Regression,-2.1223515198479075,-1.886507132982646,4
Support Vector Regression,-3.4785088685395653,-1.886507132982646,4
Support Vector Regression,-3.349843097267282,-1.886507132982646,4
Support Vector Regression,-3.1381335734004905,-1.886507132982646,4
Support Vector Regression,-1.9112124620769755,-1.886507132982646,4
Support Vector Regression,-2.3339531661956356,-1.886507132982646,4
Support Vector Regression,-2.4909497090997137,-1.886507132982646,4
Support Vector Regression,-1.800655814770182,-1.886507132982646,4
Support Vector Regression,-1.1386989940333996,-1.886507132982646,4
Support Vector Regression,-2.6732644443606475,-1.886507132982646,4
Support Vector Regression,-2.861353792341514,-1.886507132982646,4
Support Vector Regression,-1.6037557432468053,-1.886507132982646,4
Support Vector Regression,-2.6852623228853463,-1.886507132982646,4
Support Vector Regression,-1.115836390766966,-1.8865071329826317,4
Support Vector Regression,-1.5372443207314632,-1.8865071329817755,4
Support Vector Regression,-1.3859030337523468,-1.886507132982646,4
Support Vector Regression,-2.8807530211105905,-1.886507132982646,4
Support Vector Regression,-1.4729877775908402,-1.886507132982646,4
Support Vector Regression,-1.392520817816124,-1.886507132982646,4
Support Vector Regression,-3.52120992195253,-1.886507132982646,4
Support Vector Regression,-3.6203410251864447,-1.886507132982646,4
Support Vector Regression,-2.8871236492020507,-1.886507132982646,4
Support Vector Regression,-2.487130374543647,-1.886507132982646,4
Support Vector Regression,-1.2227575127427186,-1.886507132982646,4
Support Vector Regression,-2.810836301965318,-1.886507132982646,4
Support Vector Regression,-3.384203503318252,-1.886507132982646,4
Support Vector Regression,-3.1353471437504044,-1.886507132982646,4
Support Vector Regression,-1.7113615374852664,-1.886507132982646,4
Support Vector Regression,-1.0232314473246815,-1.886507132982646,4
Support Vector Regression,-1.7751555586449395,-1.886507132982646,4
Support Vector Regression,-1.9381605982067327,-1.886507132982646,4
Support Vector Regression,-1.1883246153441216,-1.886507132982589,4
Support Vector Regression,-3.848875409949318,-1.886507132982646,4
Support Vector Regression,-2.7592630971786845,-1.886507132982646,4
Support Vector Regression,-2.5339607001524365,-1.8865071329826602,4
Support Vector Regression,-2.1210586466718686,-1.886507132982646,4
Support Vector Regression,-3.285204336328503,-1.886507132982646,4
Support Vector Regression,-3.159004262647741,-1.886507132982646,4
Support Vector Regression,-2.248890796910272,-1.8865071329826317,4
Support Vector Regression,-3.40015839520823,-1.886507132982646,4
Support Vector Regression,-3.339134521996131,-1.886507132982646,4
Support Vector Regression,-3.4715139529702097,-1.886507132982646,4
Support Vector Regression,-2.1081088952398566,-1.886507132982518,4
Support Vector Regression,-2.848471723996311,-1.886507132982646,4
Support Vector Regression,-1.4855749296151965,-1.8865071329826175,4
Support Vector Regression,-1.883787384700319,-1.886507132982646,4
Support Vector Regression,-1.4886987965534475,-1.886507132982646,4
Support Vector Regression,-2.8326132427713318,-1.886507132982646,4
Support Vector Regression,-2.848471723996311,-1.8865071329826317,4
Support Vector Regression,-2.4462457037304657,-1.886507132982646,4
Support Vector Regression,-3.190894343543139,-1.886507132982646,4
Support Vector Regression,-3.8287505085021976,-1.886507132982646,4
Support Vector Regression,-2.8197963948012763,-1.886507132982646,4
Support Vector Regression,-3.3960495196322524,-1.886507132982646,4
Support Vector Regression,-1.9070646816834933,-1.8865054988522176,4
Support Vector Regression,-1.6668842660690988,-1.886507132982646,4
Support Vector Regression,-3.9030899869919438,-1.886507132982646,4
Support Vector Regression,-3.7834435403498214,-1.886507132982646,4
Support Vector Regression,-3.3980931244651527,-1.886507132982646,4
Support Vector Regression,-2.728175115284189,-1.886507132982646,4
Support Vector Regression,-3.7834435403498214,-1.886507132982646,4
Support Vector Regression,-1.1738116279378035,-1.886507132982646,4
Support Vector Regression,-1.1134303475678107,-1.886507132982017,4
Support Vector Regression,-3.2861198587119835,-1.886507132982646,4
Support Vector Regression,-1.3450596755542978,-1.886507132982646,4
Support Vector Regression,-2.5037832349706837,-1.886507132982646,4
Support Vector Regression,-3.5459650539173615,-1.886507132982646,4
Support Vector Regression,-1.385136327132139,-1.8863535461992251,4
Support Vector Regression,-2.8343485837796827,-1.886507132982646,4
Support Vector Regression,-1.2834663142150111,-1.886507132982646,4
Support Vector Regression,-1.2303723324828062,-1.886507132982646,4
Support Vector Regression,-1.069394064585742,-1.886507132982646,4
Support Vector Regression,-1.6993207301372903,-1.886507132982646,4
Support Vector Regression,-2.646263945417837,-1.886507132982646,4
Support Vector Regression,-1.9718622007532294,-1.8865071329826602,4
Support Vector Regression,-1.4782087030212006,-1.8865071329800134,4
Support Vector Regression,-1.8011659603551675,-1.886507132982646,4
Support Vector Regression,-3.289282825523282,-1.886507132982646,4
Support Vector Regression,-1.8350242298439021,-1.8863921050147885,4
Support Vector Regression,-2.049666891178964,-1.886507132982646,4
Support Vector Regression,-2.484467237840419,-1.886507132982646,4
Support Vector Regression,-1.3267843126055872,-1.886507132982646,4
Support Vector Regression,-3.2877805976748804,-1.886507132982646,4
Support Vector Regression,-3.7469892929465796,-1.886507132982646,4
Support Vector Regression,-1.7625310634593319,-1.886507132982646,4
Support Vector Regression,-2.9171991963522217,-1.886507132982646,4
Support Vector Regression,-0.5687544073603336,-1.7931307781658246,4
Support Vector Regression,-1.3467292946628289,-1.886507132982646,4
Support Vector Regression,-0.6538319472043919,-1.886507132982447,4
Support Vector Regression,-2.536796608945731,-1.886507132982646,4
Support Vector Regression,-1.5708763680120374,-1.886507132982646,4
Support Vector Regression,-2.244039132061237,-1.886507132982646,4
Support Vector Regression,-3.352587686654944,-1.886507132982646,4
Support Vector Regression,-2.1225210730141013,-1.886507132982646,4
Support Vector Regression,-2.2151887800651093,-1.886507132982646,4
Support Vector Regression,-2.5910208366914373,-1.886507132982646,4
Support Vector Regression,-1.5438464586997465,-1.886507132982646,4
Support Vector Regression,-1.9945993491296803,-1.886507132982646,4
Support Vector Regression,-2.2062980891288984,-1.886507132982646,4
Support Vector Regression,-2.647947017470284,-1.8865071329798286,4
Support Vector Regression,-1.6292558354409146,-1.8865071329807737,4
Support Vector Regression,-3.9453409907865007,-1.886507132982646,4
Support Vector Regression,-2.0978386037648766,-1.886507132982646,4
Support Vector Regression,-2.4706410072083687,-1.886507132982646,4
Support Vector Regression,-1.2158410977813483,-1.8865071329685985,4
Support Vector Regression,-2.177111289133642,-1.886507132982646,4
Support Vector Regression,-3.6688623296866587,-1.886507132982646,4
Support Vector Regression,-1.2327435377262763,-1.886507132982646,4
Support Vector Regression,-1.366206440166372,-1.886507132982646,4
Support Vector Regression,-1.2503305415619155,-1.88650713297313,4
Support Vector Regression,-2.2675571837562845,-1.886507132982646,4
Support Vector Regression,-4.0490653862997,-1.886507132982646,4
Support Vector Regression,-1.4001202888111866,-1.886507132982646,4
Support Vector Regression,-1.763658215013675,-1.886507132982646,4
Support Vector Regression,-1.1598011320770079,-1.8865071329826317,4
Support Vector Regression,-1.2297848289673887,-1.886507132982646,4
Support Vector Regression,-2.062592350526869,-1.886507132982646,4
Support Vector Regression,-1.0193030390019762,-1.886507132982646,4
Support Vector Regression,-1.270721247267063,-1.886507132982646,4
Support Vector Regression,-2.174390400742264,-1.886507132982646,4
Support Vector Regression,-1.0225594503600544,-1.886507132982646,4
Support Vector Regression,-1.409977601837042,-1.886507132982646,4
Support Vector Regression,-3.6419813498697473,-1.886507132982646,4
Support Vector Regression,-1.215596170273078,-1.8865071329826175,4
Support Vector Regression,-3.2740051086991615,-1.886507132982646,4
Support Vector Regression,-2.090032121190501,-1.886507132982646,4
Support Vector Regression,-2.3087676366549488,-1.886507132982646,4
Support Vector Regression,-1.0639605458204757,-1.886507132982646,4
Support Vector Regression,-2.0995080091454192,-1.886507132982646,4
Support Vector Regression,-1.709300425196423,-1.886507132982589,4
Support Vector Regression,-3.4366316559477377,-1.886507132982646,4
Support Vector Regression,-1.7550940407409845,-1.886507132959667,4
Support Vector Regression,-3.3707035768809224,-1.886507132982646,4
Support Vector Regression,-1.7701752248722789,-1.886507132982646,4
Support Vector Regression,-2.540720473654946,-1.886507132982646,4
Support Vector Regression,-1.936404341844701,-1.8865071329820882,4
Support Vector Regression,-2.7292012545882884,-1.886507132982646,4
Support Vector Regression,-2.443810430479706,-1.886507132982646,4
Support Vector Regression,-2.540720473654946,-1.886507132982646,4
Support Vector Regression,-1.6434286328720604,-1.8865071329826317,4
Support Vector Regression,-2.3758693662733776,-1.8865071329820455,4
Support Vector Regression,-1.7709615792854492,-1.886507132982646,4
Support Vector Regression,-2.626594359719023,-1.886507132982646,4
Support Vector Regression,-2.300301079838426,-1.886507132982646,4
Support Vector Regression,-2.2313771400186773,-1.886507132982646,4
Support Vector Regression,-3.290189204280069,-1.886507132982646,4
Support Vector Regression,-2.8201877676993385,-1.886507132982646,4
Support Vector Regression,-3.4116117497612004,-1.886507132982646,4
Support Vector Regression,-3.8817848914990014,-1.886507132982646,4
Support Vector Regression,-2.3460680222446215,-1.886507132982646,4
Support Vector Regression,-1.5226715493865826,-1.8865071329826317,4
Support Vector Regression,-1.5372075124674875,-1.886507132982646,4
Support Vector Regression,-1.2662407394987067,-1.886507132982646,4
Support Vector Regression,-3.600326278518962,-1.886507132982646,4
Support Vector Regression,-4.059833781301273,-1.886507132982646,4
Support Vector Regression,-4.059833781301273,-1.886507132982646,4
Support Vector Regression,-1.5049121890283346,-1.886507132982646,4
Support Vector Regression,-2.432175336754664,-1.886507132982646,4
Support Vector Regression,-1.2054304558342028,-1.8865071329825323,4
Support Vector Regression,-3.6546223480637448,-1.886507132982646,4
Support Vector Regression,-2.833475754814589,-1.886507132982646,4
Support Vector Regression,-0.9490993255496558,-1.886507132982646,4
Support Vector Regression,-1.717711472714874,-1.8865071329826317,4
Support Vector Regression,-1.8196475705694013,-1.886507132982646,4
Support Vector Regression,-1.6159918285387698,-1.886507132982646,4
Support Vector Regression,-1.8161267212970162,-1.886507132982646,4
Support Vector Regression,-1.2862388841839494,-1.8865071329826175,4
Support Vector Regression,-2.5255934458757454,-1.886507132982646,4
Support Vector Regression,-1.4562179644760493,-1.8865071329826317,4
Support Vector Regression,-2.314076075024747,-1.886507132982646,4
Support Vector Regression,-3.7618083196547483,-1.886507132982646,4
Support Vector Regression,-1.8884660362981867,-1.886507132982646,4
Support Vector Regression,-2.8165949053280404,-1.886507132982646,4
Support Vector Regression,-2.035715142789073,-1.886507132982646,4
Support Vector Regression,-2.152965298392503,-1.886507132982646,4
Support Vector Regression,-1.8486158063184404,-1.886507132982646,4
Support Vector Regression,-1.0460152967125962,-1.886507132982646,4
Support Vector Regression,-3.3625502994733605,-1.886507132982646,4
Support Vector Regression,-3.8396725549649426,-1.886507132982646,4
Support Vector Regression,-2.464359595395084,-1.886507132982646,4
Support Vector Regression,0.016216578776438208,-1.886507132982646,4
Support Vector Regression,0.2461448119736277,-1.886507132982646,4
Support Vector Regression,-0.03690399983927772,-1.886507132982646,4
Support Vector Regression,0.23141740977050707,-1.886507132982646,4
Support Vector Regression,0.3323074801803344,-1.886507132982646,4
Support Vector Regression,-1.181419364072578,-1.886507132982646,4
Support Vector Regression,-1.4739374796247893,-1.8865069665432976,4
Support Vector Regression,-2.7286993920768685,-1.886507132982646,4
Support Vector Regression,-0.9771273167949791,-1.886507132982646,4
Support Vector Regression,-3.1657421077804533,-1.886507132982646,4
Support Vector Regression,-1.5671957242975716,-1.886507132982646,4
Support Vector Regression,-2.297622719595401,-1.886507132982646,4
Support Vector Regression,-2.327144451312569,-1.886507132982646,4
Support Vector Regression,-2.2038635814094025,-1.886507132982646,4
Support Vector Regression,-1.0801819981618899,-1.8865071329813314,4
Support Vector Regression,-1.1009937914140275,-1.8865071329826317,4
Support Vector Regression,-1.6115607525200502,-1.886507132982646,4
Support Vector Regression,-1.2328253445920763,-1.886507132982646,4
Support Vector Regression,-1.852111989478871,-1.886507132982646,4
Support Vector Regression,-1.7300615156440644,-1.886507132982646,4
Support Vector Regression,-3.8233531994782193,-1.886507132982646,4
Support Vector Regression,-1.111999901692932,-1.886507132982646,4
Support Vector Regression,-1.7854705731329945,-1.886507132982646,4
Support Vector Regression,-2.451728539243243,-1.886507132982646,4
Support Vector Regression,-3.2172494016790187,-1.886507132982646,4
Support Vector Regression,-2.723197328038221,-1.886507132982646,4
Support Vector Regression,-0.8317581654646831,-1.886507132982646,4
Support Vector Regression,-0.4819145002205912,-1.886507132982589,4
Support Vector Regression,-1.1827941397057182,-1.886507132982646,4
Support Vector Regression,-0.9800565288767592,-1.886507132982589,4
Support Vector Regression,-1.048516497297764,-1.886507132982646,4
Support Vector Regression,-1.530055677420101,-1.886507132982589,4
Support Vector Regression,-1.4806961523875994,-1.886507132982646,4
Support Vector Regression,-3.4495551653497865,-1.886507132982646,4
Support Vector Regression,-2.114518460874232,-1.886507132982646,4
Support Vector Regression,-3.241946952668458,-1.886507132982646,4
Support Vector Regression,-1.5167709261725162,-1.886507132982589,4
Support Vector Regression,-1.0775646199327256,-1.886507132982646,4
Support Vector Regression,-1.4158076024067474,-1.886507132982646,4
Support Vector Regression,-1.0940337585544895,-1.886507132982646,4
Support Vector Regression,-1.9812071611751474,-1.8865071329826602,4
Support Vector Regression,-1.3147618244158232,-1.886507132982646,4
Support Vector Regression,-1.2413209034031176,-1.6435676894488433,4
Support Vector Regression,-1.8035334240706482,-1.9172809027336704,5
Support Vector Regression,-1.9492654506102318,-1.917280902733642,5
Support Vector Regression,-2.559953281626918,-1.9172809027336704,5
Support Vector Regression,-1.6844526576962697,-1.9172809027336704,5
Support Vector Regression,-2.403452823620798,-1.917280902733642,5
Support Vector Regression,-2.423624898245491,-1.917280902733642,5
Support Vector Regression,-2.1263969370231783,-1.9172809027336704,5
Support Vector Regression,-2.2593946471787434,-1.9172809027336704,5
Support Vector Regression,-3.366321517882654,-1.917280902733642,5
Support Vector Regression,-1.5321588732385725,-1.917280902733642,5
Support Vector Regression,-1.4103143043656896,-1.917280902733642,5
Support Vector Regression,-1.1383767799226443,-1.917280902733642,5
Support Vector Regression,-1.496009274431816,-1.917280902733642,5
Support Vector Regression,-1.2247774230710238,-1.917280902733642,5
Support Vector Regression,-0.22901321309844905,-1.917280902733642,5
Support Vector Regression,-1.1938637358837367,-1.917280902733713,5
Support Vector Regression,-1.339883282003717,-1.917280902733642,5
Support Vector Regression,-1.0225392132375182,-1.9172809027350968,5
Support Vector Regression,-1.1345513868310089,-1.9172809027336988,5
Support Vector Regression,-1.3355656611938254,-1.917280902733642,5
Support Vector Regression,-1.5041031112940382,-1.917280902733642,5
Support Vector Regression,-1.8960550708053778,-1.3631190639245532,5
Support Vector Regression,-3.399950007606853,-1.917280902733642,5
Support Vector Regression,-1.3607499667563296,-1.91728090285901,5
Support Vector Regression,-2.2025638997362065,-1.9172809027336704,5
Support Vector Regression,-2.4318269168378195,-1.917280902733642,5
Support Vector Regression,-3.1597853454922076,-1.917280902733642,5
Support Vector Regression,-2.151509814945314,-1.917280902733642,5
Support Vector Regression,-2.772379350111858,-1.917280902733642,5
Support Vector Regression,-2.272602230242758,-1.917280902733642,5
Support Vector Regression,-1.4349038067728495,-1.917280902733642,5
Support Vector Regression,-1.694125814017541,-1.917280902733642,5
Support Vector Regression,-1.0877694915519545,-1.917280902733642,5
Support Vector Regression,-0.16542042319834802,-1.917280902733642,5
Support Vector Regression,-0.5987130334578719,-1.917280902733642,5
Support Vector Regression,-0.14570591755806434,-1.917280902733642,5
Support Vector Regression,-0.3135898872515433,-1.9172809027356261,5
Support Vector Regression,-1.1235679872330004,-1.917280902733642,5
Support Vector Regression,-0.3417701012907816,-1.9172809027336704,5
Support Vector Regression,-1.1159606660259742,-1.917280902733642,5
Support Vector Regression,-2.004293876429448,-1.917280902733642,5
Support Vector Regression,-2.931358924489361,-1.917280902733642,5
Support Vector Regression,-1.9101052340727014,-1.917280902733642,5
Support Vector Regression,-1.7426626842914594,-1.917280902733642,5
Support Vector Regression,-1.9615865844075526,-1.917280902733642,5
Support Vector Regression,-3.0166281405425486,-1.917280902733642,5
Support Vector Regression,-1.2279630916135922,-1.9172809027337983,5
Support Vector Regression,-2.209721593275448,-1.917280902733642,5
Support Vector Regression,-1.4735211762278637,-1.917280902733642,5
Support Vector Regression,-2.0468682910310587,-1.917280902733642,5
Support Vector Regression,-2.5090165872531767,-1.917280902733642,5
Support Vector Regression,-3.20721692140729,-1.917280902733642,5
Support Vector Regression,-1.1468871297310963,-1.917280902733642,5
Support Vector Regression,-3.1413617595139014,-1.917280902733642,5
Support Vector Regression,-3.310333372786738,-1.917280902733642,5
Support Vector Regression,-3.4317548486561424,-1.917280902733642,5
Support Vector Regression,-3.9019276346378216,-1.917280902733642,5
Support Vector Regression,-2.6788398129059168,-1.917280902733642,5
Support Vector Regression,-2.174597252967641,-1.917280902733642,5
Support Vector Regression,-1.3158802108242549,-1.9172809027336704,5
Support Vector Regression,-1.4542413778154994,-1.9172809027336704,5
Support Vector Regression,-3.434121498561107,-1.917280902733642,5
Support Vector Regression,-3.008152176256889,-1.917280902733642,5
Support Vector Regression,-1.4616237416558537,-1.7499760239099995,5
Support Vector Regression,-1.6435374468814823,-1.9172809027336846,5
Support Vector Regression,-1.3870823799964922,-1.9172809027373225,5
Support Vector Regression,-1.183812038624167,-1.917280902733642,5
Support Vector Regression,-1.2886807788238237,-1.917280902733642,5
Support Vector Regression,-3.302921552819786,-1.917280902733642,5
Support Vector Regression,-3.7342838339347466,-1.917280902733642,5
Support Vector Regression,-2.01828162271433,-1.917280902733642,5
Support Vector Regression,-2.5038360209902844,-1.917280902733642,5
Support Vector Regression,-3.6203410251864447,-1.917280902733642,5
Support Vector Regression,-3.52120992195253,-1.9172809027336704,5
Support Vector Regression,-2.9303729669440868,-1.917280902733642,5
Support Vector Regression,-2.4555313487080666,-1.917280902733642,5
Support Vector Regression,-3.3114386993585976,-1.917280902733642,5
Support Vector Regression,-3.1782271514224525,-1.917280902733642,5
Support Vector Regression,-3.221262124613128,-1.917280902733642,5
Support Vector Regression,-2.457678098889193,-1.9172809027336704,5
Support Vector Regression,-3.9730828630218453,-1.917280902733642,5
Support Vector Regression,-1.6536721058017216,-1.9172809027336704,5
Support Vector Regression,-3.6472310978345055,-1.917280902733642,5
Support Vector Regression,-2.2875737313332407,-1.917280902733642,5
Support Vector Regression,-1.41390601215094,-1.9172809027336988,5
Support Vector Regression,-3.0415646563875622,-1.917280902733642,5
Support Vector Regression,-3.2996658499018485,-1.917280902733642,5
Support Vector Regression,-3.688222835963096,-1.917280902733642,5
Support Vector Regression,-2.2175363341456173,-1.917280902733642,5
Support Vector Regression,-2.4308272469150642,-1.917280902733642,5
Support Vector Regression,-3.688222835963096,-1.917280902733642,5
Support Vector Regression,-2.999290941959355,-1.917280902733642,5
Support Vector Regression,-3.7551664480113374,-1.917280902733642,5
Support Vector Regression,-2.7669040895368373,-1.917280902733642,5
Support Vector Regression,-1.9555954093204297,-1.9172809027336704,5
Support Vector Regression,-1.7176063992666837,-1.917280902733642,5
Support Vector Regression,-1.5518607813097591,-1.9172809027336846,5
Support Vector Regression,-2.2625101343415968,-1.917280902733642,5
Support Vector Regression,-1.4722472768836088,-1.9172809027336846,5
Support Vector Regression,-2.110664900131247,-1.917280902733642,5
Support Vector Regression,-2.3552642027188186,-1.917280902733642,5
Support Vector Regression,-1.3580712288885752,-1.917280902733642,5
Support Vector Regression,-2.3662117992181373,-1.9172809027337414,5
Support Vector Regression,-1.2400249421136365,-1.917280902733642,5
Support Vector Regression,-1.7015723913432346,-1.917280902733642,5
Support Vector Regression,-2.772360579555891,-1.917280902733642,5
Support Vector Regression,-1.7340876483093817,-1.9172809027336704,5
Support Vector Regression,-1.936797812533807,-1.917280902733642,5
Support Vector Regression,-2.258862588858495,-1.917280902733642,5
Support Vector Regression,-1.4273499677206534,-1.917280902739598,5
Support Vector Regression,-1.3819820537899474,-1.9172809027337983,5
Support Vector Regression,-1.6384460109776287,-1.917280902733642,5
Support Vector Regression,-3.739785461604827,-1.917280902733642,5
Support Vector Regression,-1.5838670484167507,-1.9172809027342992,5
Support Vector Regression,-1.3173301868582306,-1.9172809067760654,5
Support Vector Regression,-2.4117878095891196,-1.917280902733642,5
Support Vector Regression,-2.2151453721747094,-1.917280902733642,5
Support Vector Regression,-1.3195712003583318,-1.9172809027336704,5
Support Vector Regression,-1.8441291379223155,-1.917280902733642,5
Support Vector Regression,-2.176441984856953,-1.917280902733642,5
Support Vector Regression,-3.4629936067206395,-1.917280902733642,5
Support Vector Regression,-1.2185345221225936,-1.9172809027347433,5
Support Vector Regression,-2.1469087646472067,-1.917280902733642,5
Support Vector Regression,-1.7892523214132656,-1.9172809027341322,5
Support Vector Regression,-2.0630158256502544,-1.9172809027336704,5
Support Vector Regression,-3.390442939572028,-1.917280902733642,5
Support Vector Regression,-3.1720823887102565,-1.917280902733642,5
Support Vector Regression,-0.9637364568210032,-1.917280902733642,5
Support Vector Regression,-1.1441412885613946,-1.917280902733642,5
Support Vector Regression,-1.4285635434183963,-1.917280902733642,5
Support Vector Regression,-0.7705521408719755,-1.917280902733642,5
Support Vector Regression,-1.4330573818946528,-1.917280902733642,5
Support Vector Regression,-1.1521693207507044,-1.9172809027336704,5
Support Vector Regression,-2.8108233787082515,-1.917280902733642,5
Support Vector Regression,-2.8641555620169683,-1.917280902733642,5
Support Vector Regression,-2.560133846538238,-1.917280902733642,5
Support Vector Regression,-2.612904311968554,-1.9172809027336704,5
Support Vector Regression,-2.806163575333855,-1.917280902733642,5
Support Vector Regression,-3.644312909802797,-1.917280902733642,5
Support Vector Regression,-3.392655441034186,-1.917280902733642,5
Support Vector Regression,-1.167232267440179,-1.9172809027377418,5
Support Vector Regression,-1.881362165893176,-1.9172809027336704,5
Support Vector Regression,-2.672496188704653,-1.917280902733642,5
Support Vector Regression,-2.0893959764848726,-1.917280902733642,5
Support Vector Regression,-1.2394237537905008,-1.9179791999986986,5
Support Vector Regression,-1.4386260150993235,-1.917280902745771,5
Support Vector Regression,-1.3168403571338247,-1.9172809027337698,5
Support Vector Regression,-3.6688623296866587,-1.917280902733642,5
Support Vector Regression,-1.4609239012072235,-1.9172809027342423,5
Support Vector Regression,-1.2189474946453842,-1.917280902733642,5
Support Vector Regression,-0.9279654459479447,-1.9172809027336846,5
Support Vector Regression,-1.8162387276731846,-1.917280902733642,5
Support Vector Regression,-1.493245786531943,-1.917280902733642,5
Support Vector Regression,-1.8019484611556353,-1.917280902733642,5
Support Vector Regression,-2.1834863402339466,-1.917280902733642,5
Support Vector Regression,-2.119103556806872,-1.9172809027336704,5
Support Vector Regression,-1.543738042979891,-1.9172809027336704,5
Support Vector Regression,-1.0624918421054752,-1.9172809027336988,5
Support Vector Regression,-2.329956957829961,-1.917280902733642,5
Support Vector Regression,-1.917076538816309,-1.917280902733642,5
Support Vector Regression,-1.1984184440476704,-1.9172809027339368,5
Support Vector Regression,-2.2488337964546146,-1.9172809027336704,5
Support Vector Regression,-1.2530119718858257,-1.9172809027336704,5
Support Vector Regression,-1.525605260081181,-1.9172809036892766,5
Support Vector Regression,-3.8997432135729384,-1.917280902733642,5
Support Vector Regression,-2.653759917660552,-1.917280902733642,5
Support Vector Regression,-2.5884932589587586,-1.917280902733642,5
Support Vector Regression,-2.568749167088006,-1.917280902733642,5
Support Vector Regression,-1.785391290725075,-1.9172809037548526,5
Support Vector Regression,-1.2111861770342556,-1.917280990920515,5
Support Vector Regression,-4.034798298974088,-1.917280902733642,5
Support Vector Regression,-4.034834060338741,-1.917280902733642,5
Support Vector Regression,-2.2405786779424,-1.917280902733642,5
Support Vector Regression,-1.945164608357066,-1.917280902733642,5
Support Vector Regression,-3.6924119784161333,-1.917280902733642,5
Support Vector Regression,-2.993441546294603,-1.917280902733642,5
Support Vector Regression,-2.033677685255944,-1.917280902733642,5
Support Vector Regression,-2.5041654897477077,-1.917280902733642,5
Support Vector Regression,-2.579721210352638,-1.917280902733642,5
Support Vector Regression,-1.4643518021071489,-1.9172809027336561,5
Support Vector Regression,-1.3308187576670196,-1.9172809027336704,5
Support Vector Regression,-1.95795837174818,-1.917280902733642,5
Support Vector Regression,-1.7246442506203672,-2.0041156989440205,5
Support Vector Regression,-1.5951494590693263,-1.917280902733642,5
Support Vector Regression,-1.7139992395270756,-1.917280902733642,5
Support Vector Regression,-1.8762488134939106,-1.9172809027336846,5
Support Vector Regression,-2.2270013364351495,-1.917280902733642,5
Support Vector Regression,-2.7766733448672327,-1.917280902733642,5
Support Vector Regression,-1.694880975742639,-1.917280902733642,5
Support Vector Regression,-1.7581838126622393,-1.9172809027336704,5
Support Vector Regression,-2.695416849848479,-1.917280902733642,5
Support Vector Regression,-1.5650830494456354,-1.9172809027388271,5
Support Vector Regression,-3.393048191942752,-1.917280902733642,5
Support Vector Regression,-1.6613977234664838,-1.9172809027337272,5
Support Vector Regression,-3.276542686022807,-1.917280902733642,5
Support Vector Regression,-2.22015815118179,-1.917280902733642,5
Support Vector Regression,-1.6663570851479517,-1.9172809027360844,5
Support Vector Regression,-3.184747097908846,-1.917280902733642,5
Support Vector Regression,-1.9603652993893874,-1.917280902733642,5
Support Vector Regression,-1.47951268111869,-1.917280902733642,5
Support Vector Regression,-2.1639051839291805,-1.917280902733642,5
Support Vector Regression,-3.312017362295172,-1.917280902733642,5
Support Vector Regression,-1.7997913808340749,-1.917280902733642,5
Support Vector Regression,-1.2025079170212445,-1.917280902733642,5
Support Vector Regression,-1.2165796349138172,-1.9172809027341606,5
Support Vector Regression,-1.740666799910411,-1.917280902733642,5
Support Vector Regression,-1.2800471306587051,-1.917280902733642,5
Support Vector Regression,-2.3822676402388554,-1.9172809027336704,5
Support Vector Regression,-1.9362137770978871,-1.9172809027336704,5
Support Vector Regression,-3.05329283374744,-1.917280902733642,5
Support Vector Regression,-1.391500388590343,-1.9172809027336704,5
Support Vector Regression,-2.017352405817494,-2.06706333011222,5
Support Vector Regression,-1.5736750209710204,-1.917280902733642,5
Support Vector Regression,-1.7772835288524167,-1.917280902733642,5
Support Vector Regression,0.3580642293861346,-1.917280902733642,5
Support Vector Regression,-0.39778171004309776,-1.917280902733642,5
Support Vector Regression,0.11059120541434526,-1.9172809027340754,5
Support Vector Regression,-0.2703526265197312,-1.917280902733642,5
Support Vector Regression,0.25792460161657743,-1.917280902733642,5
Support Vector Regression,-0.002962342870760633,-1.917280902733642,5
Support Vector Regression,0.004405968258246192,-1.9172809027336704,5
Support Vector Regression,-0.43783118657286935,-1.9950427198251195,5
Support Vector Regression,-1.1181615001713328,-1.9172809027336704,5
Support Vector Regression,-2.1512701073865577,-1.9172809027337414,5
Support Vector Regression,-1.5941100276318725,-1.917280902733642,5
Support Vector Regression,-2.642143447351316,-1.917280902733642,5
Support Vector Regression,-1.6163219968838958,-1.9172809027336988,5
Support Vector Regression,-3.915670428497184,-1.917280902733642,5
Support Vector Regression,-2.0424559224697187,-1.9172809027336704,5
Support Vector Regression,-1.621304790891127,-1.9172809027336704,5
Support Vector Regression,-1.455583530702784,-1.9172809037410805,5
Support Vector Regression,-2.3872497229566574,-1.917280902733642,5
Support Vector Regression,-2.088287115891733,-1.9246055432233589,5
Support Vector Regression,-1.5290505627346085,-1.917280902733642,5
Support Vector Regression,-1.2812660713628026,-1.917280902733642,5
Support Vector Regression,-1.573747505577719,-1.917280902733642,5
Support Vector Regression,-1.5240818424273839,-1.917280902733642,5
Support Vector Regression,-1.8070894000718147,-1.917280902733642,5
Support Vector Regression,-3.151893437607053,-1.917280902733642,5
Support Vector Regression,-0.8959678728621829,-1.9172809027336704,5
Support Vector Regression,-1.2755333695267534,-1.9172809027339368,5
Support Vector Regression,-1.8036577587890321,-1.917280902733642,5
Support Vector Regression,-0.5052921847488494,-1.917280902733642,5
Support Vector Regression,-1.3991403077454354,-1.917280902733642,5
Support Vector Regression,-0.8609839615611586,-1.9172809027336704,5
Support Vector Regression,-0.9568598388437015,-1.917280902733642,5
Support Vector Regression,-1.0181181552809078,-1.917280902733642,5
Support Vector Regression,-1.6181431713572578,-1.917280902733642,5
Support Vector Regression,-3.4341521813264824,-1.917280902733642,5
Support Vector Regression,-3.1791288900792822,-1.917280902733642,5
Support Vector Regression,-0.5935262904426333,-1.917280902733642,5
Support Vector Regression,-1.025762740954669,-1.9172809027439874,5
Support Vector Regression,-0.6143935172969877,-1.917280902733642,5
Support Vector Regression,-3.20055468102406,-1.917280902733642,5
Support Vector Regression,-2.428366273865067,-1.917280902733642,5
Support Vector Regression,-2.192341601117107,-1.917280902733642,5
Support Vector Regression,-1.0945491836072103,-1.917280902733642,5
Support Vector Regression,-1.0884067327209506,-1.917280902733642,5
Support Vector Regression,-1.3089106800327817,-1.91728090609351,5
