row,0,2,3,4,5,6,7,8,9,10,11,12,13,14,15,16,17,18,19,20,21,22,23,24
A,empty,empty,empty,empty,empty,empty,empty,empty,empty,empty,empty,empty,empty,empty,empty,empty,empty,empty,empty,empty,empty,empty,empty,empty
B,empty,sample13_inducer1-2_1,sample13_inducer1-2_2,sample13_inducer1-2_3,sample13_inducer1-2_4,sample13_inducer2-2_1,sample13_inducer2-2_2,sample13_inducer2-2_3,sample13_inducer2-2_4,sample13_inducer3-2_1,sample13_inducer3-2_2,sample13_inducer3-2_3,sample13_inducer3-2_4,sample13_inducer4-2_1,sample13_inducer4-2_2,sample13_inducer4-2_3,sample13_inducer4-2_4,sample13_inducer5-2_1,sample13_inducer5-2_2,sample13_inducer5-2_3,sample13_inducer5-2_4,sample13_inducer1-2_5,sample13_inducer1-2_6,empty
C,empty,sample13_inducer1-2_7,sample13_inducer1-2_8,sample14_inducer1-2_1,sample14_inducer1-2_2,sample14_inducer1-2_3,sample14_inducer1-2_4,sample14_inducer2-2_1,sample14_inducer2-2_2,sample14_inducer2-2_3,sample14_inducer2-2_4,sample14_inducer3-2_1,sample14_inducer3-2_2,sample14_inducer3-2_3,sample14_inducer3-2_4,sample14_inducer4-2_1,sample14_inducer4-2_2,sample14_inducer4-2_3,sample14_inducer4-2_4,sample14_inducer5-2_1,sample14_inducer5-2_2,sample14_inducer5-2_3,sample14_inducer5-2_4,empty
D,empty,sample14_inducer1-2_5,sample14_inducer1-2_6,sample14_inducer1-2_7,sample14_inducer1-2_8,sample15_inducer1-2_1,sample15_inducer1-2_2,sample15_inducer1-2_3,sample15_inducer1-2_4,sample15_inducer2-2_1,sample15_inducer2-2_2,sample15_inducer2-2_3,sample15_inducer2-2_4,sample15_inducer3-2_1,sample15_inducer3-2_2,sample15_inducer3-2_3,sample15_inducer3-2_4,sample15_inducer4-2_1,sample15_inducer4-2_2,sample15_inducer4-2_3,sample15_inducer4-2_4,sample15_inducer5-2_1,sample15_inducer5-2_2,empty
E,empty,sample15_inducer5-2_3,sample15_inducer5-2_4,sample15_inducer1-2_5,sample15_inducer1-2_6,sample15_inducer1-2_7,sample15_inducer1-2_8,sample16_inducer1-2_1,sample16_inducer1-2_2,sample16_inducer1-2_3,sample16_inducer1-2_4,sample16_inducer2-2_1,sample16_inducer2-2_2,sample16_inducer2-2_3,sample16_inducer2-2_4,sample16_inducer3-2_1,sample16_inducer3-2_2,sample16_inducer3-2_3,sample16_inducer3-2_4,sample16_inducer4-2_1,sample16_inducer4-2_2,sample16_inducer4-2_3,sample16_inducer4-2_4,empty
F,empty,sample16_inducer5-2_1,sample16_inducer5-2_2,sample16_inducer5-2_3,sample16_inducer5-2_4,sample16_inducer1-2_5,sample16_inducer1-2_6,sample16_inducer1-2_7,sample16_inducer1-2_8,sample17_inducer1-2_1,sample17_inducer1-2_2,sample17_inducer1-2_3,sample17_inducer1-2_4,sample17_inducer2-2_1,sample17_inducer2-2_2,sample17_inducer2-2_3,sample17_inducer2-2_4,sample17_inducer3-2_1,sample17_inducer3-2_2,sample17_inducer3-2_3,sample17_inducer3-2_4,sample17_inducer4-2_1,sample17_inducer4-2_2,empty
G,empty,sample17_inducer4-2_3,sample17_inducer4-2_4,sample17_inducer5-2_1,sample17_inducer5-2_2,sample17_inducer5-2_3,sample17_inducer5-2_4,sample17_inducer1-2_5,sample17_inducer1-2_6,sample17_inducer1-2_7,sample17_inducer1-2_8,sample18_inducer1-2_1,sample18_inducer1-2_2,sample18_inducer1-2_3,sample18_inducer1-2_4,sample18_inducer2-2_1,sample18_inducer2-2_2,sample18_inducer2-2_3,sample18_inducer2-2_4,sample18_inducer3-2_1,sample18_inducer3-2_2,sample18_inducer3-2_3,sample18_inducer3-2_4,empty
H,empty,sample18_inducer4-2_1,sample18_inducer4-2_2,sample18_inducer4-2_3,sample18_inducer4-2_4,sample18_inducer5-2_1,sample18_inducer5-2_2,sample18_inducer5-2_3,sample18_inducer5-2_4,sample18_inducer1-2_5,sample18_inducer1-2_6,sample18_inducer1-2_7,sample18_inducer1-2_8,sample19_inducer1-2_1,sample19_inducer1-2_2,sample19_inducer1-2_3,sample19_inducer1-2_4,sample19_inducer2-2_1,sample19_inducer2-2_2,sample19_inducer2-2_3,sample19_inducer2-2_4,sample19_inducer3-2_1,sample19_inducer3-2_2,empty
I,empty,sample19_inducer3-2_3,sample19_inducer3-2_4,sample19_inducer4-2_1,sample19_inducer4-2_2,sample19_inducer4-2_3,sample19_inducer4-2_4,sample19_inducer5-2_1,sample19_inducer5-2_2,sample19_inducer5-2_3,sample19_inducer5-2_4,sample19_inducer1-2_5,sample19_inducer1-2_6,sample19_inducer1-2_7,sample19_inducer1-2_8,sample20_inducer1-2_1,sample20_inducer1-2_2,sample20_inducer1-2_3,sample20_inducer1-2_4,sample20_inducer2-2_1,sample20_inducer2-2_2,sample20_inducer2-2_3,sample20_inducer2-2_4,empty
J,empty,sample20_inducer3-2_1,sample20_inducer3-2_2,sample20_inducer3-2_3,sample20_inducer3-2_4,sample20_inducer4-2_1,sample20_inducer4-2_2,sample20_inducer4-2_3,sample20_inducer4-2_4,sample20_inducer5-2_1,sample20_inducer5-2_2,sample20_inducer5-2_3,sample20_inducer5-2_4,sample20_inducer1-2_5,sample20_inducer1-2_6,sample20_inducer1-2_7,sample20_inducer1-2_8,sample21_inducer1-2_1,sample21_inducer1-2_2,sample21_inducer1-2_3,sample21_inducer1-2_4,sample21_inducer2-2_1,sample21_inducer2-2_2,empty
K,empty,sample21_inducer2-2_3,sample21_inducer2-2_4,sample21_inducer3-2_1,sample21_inducer3-2_2,sample21_inducer3-2_3,sample21_inducer3-2_4,sample21_inducer4-2_1,sample21_inducer4-2_2,sample21_inducer4-2_3,sample21_inducer4-2_4,sample21_inducer5-2_1,sample21_inducer5-2_2,sample21_inducer5-2_3,sample21_inducer5-2_4,sample21_inducer1-2_5,sample21_inducer1-2_6,sample21_inducer1-2_7,sample21_inducer1-2_8,sample22_inducer1-2_1,sample22_inducer1-2_2,sample22_inducer1-2_3,sample22_inducer1-2_4,empty
L,empty,sample22_inducer2-2_1,sample22_inducer2-2_2,sample22_inducer2-2_3,sample22_inducer2-2_4,sample22_inducer3-2_1,sample22_inducer3-2_2,sample22_inducer3-2_3,sample22_inducer3-2_4,sample22_inducer4-2_1,sample22_inducer4-2_2,sample22_inducer4-2_3,sample22_inducer4-2_4,sample22_inducer5-2_1,sample22_inducer5-2_2,sample22_inducer5-2_3,sample22_inducer5-2_4,sample22_inducer1-2_5,sample22_inducer1-2_6,sample22_inducer1-2_7,sample22_inducer1-2_8,sample23_inducer1-2_1,sample23_inducer1-2_2,empty
M,empty,sample23_inducer1-2_3,sample23_inducer1-2_4,sample23_inducer2-2_1,sample23_inducer2-2_2,sample23_inducer2-2_3,sample23_inducer2-2_4,sample23_inducer3-2_1,sample23_inducer3-2_2,sample23_inducer3-2_3,sample23_inducer3-2_4,sample23_inducer4-2_1,sample23_inducer4-2_2,sample23_inducer4-2_3,sample23_inducer4-2_4,sample23_inducer5-2_1,sample23_inducer5-2_2,sample23_inducer5-2_3,sample23_inducer5-2_4,sample23_inducer1-2_5,sample23_inducer1-2_6,sample23_inducer1-2_7,sample23_inducer1-2_8,empty
N,empty,sample24_inducer1-2_1,sample24_inducer1-2_2,sample24_inducer1-2_3,sample24_inducer1-2_4,sample24_inducer2-2_1,sample24_inducer2-2_2,sample24_inducer2-2_3,sample24_inducer2-2_4,sample24_inducer3-2_1,sample24_inducer3-2_2,sample24_inducer3-2_3,sample24_inducer3-2_4,sample24_inducer4-2_1,sample24_inducer4-2_2,sample24_inducer4-2_3,sample24_inducer4-2_4,sample24_inducer5-2_1,sample24_inducer5-2_2,sample24_inducer5-2_3,sample24_inducer5-2_4,sample24_inducer1-2_5,sample24_inducer1-2_6,empty
O,empty,sample24_inducer1-2_7,sample24_inducer1-2_8,sampleN-2_inducer1-2_1,sampleN-2_inducer1-2_2,sampleN-2_inducer1-2_3,sampleN-2_inducer1-2_4,sampleP-2_inducer1-2_1,sampleP-2_inducer1-2_2,sampleP-2_inducer1-2_3,sampleP-2_inducer1-2_4,sampleP2-2_inducer1-2_1,sampleP2-2_inducer1-2_2,sampleP2-2_inducer1-2_3,sampleP2-2_inducer1-2_4,empty,empty,empty,empty,empty,empty,empty,empty,empty
P,empty,empty,empty,empty,empty,empty,empty,empty,empty,empty,empty,empty,empty,empty,empty,empty,empty,empty,empty,empty,empty,empty,empty,empty
