time,e22x32STPhoRadA,e22x30CthTer,e22x32CthTer,e22x30MPMDnaB,e22x30SaPdpol,e22x32NrdA2,e22x33NrdA2,e22x30MjaKlbA,e22x33MjaKlbA,e26x30TerThyXS1,e26x30STPhoRadA,e26x30MPMDnaB,e26x32NrdA2,e26x33NrdA2,e26x30MjaKlbA,e26x33MjaKlbA,e32x30NpuSspS1,e32x32gp411,e32x32gp418,e32x32NrdJ1,e32x33NrdJ1,e32x30SspGyrB,e32x30STPhoRadA,e32x32CthTer,e32x32NrdA2,e32x33NrdA2,e33x30SspGyrB,e33x30TerThyXS1,e33x30TvoVMA,e33x30STPhoRadA,e33x32STPhoRadA,e33x32CthTer,e33x30SaPdpol,e33x32NrdA2,e33x33NrdA2,e33x30MjaKlbA,e34x32M86,e34x30STNpuSspS2,e34x32gp411,e34x32gp418,e34x32NrdJ1,e34x33NrdJ1,e34x32STIMPDH1,e34x30SspGyrB,e34x30SspGyrB,e34x30TvoVMA,e34x30STPhoRadA,e34x30CthTer,e34x30SaPdpol,e34x32NrdA2,e34x33NrdA2,e34x33NrdA2,e34x30MjaKlbA,e34x33MjaKlbA,e38x32M86,e38x30NpuSspS1,e38x32gp418,e38x32NrdJ1,e38x33NrdJ1,e38x30SspGyrB,e38x30SspGyrB,e38x30TerThyXS2,e38x32CthTer,e38x32NrdA2,e38x33MjaKlbA,e41x32M86,e41x32gp418,e41x32NrdJ1,e41x30STsSspDnaX,e41x30SspGyrB,e41x32STPhoRadA,e41x32NrdA2,e42x32M86,e42x32NrdJ1,e42x33NrdJ1,e42x32STIMPDH1,e42x30SspGyrB,e42x32STPhoRadA,e42x30SaPdpol,e42x32NrdA2,e42x33NrdA2,e42x30MjaKlbA,e15,e17,e20,e26,e33,gfp_med,gfp_med,gfp_low,gfp_low
0,0.012666666666666668,-0.0015333333333333334,0.02,0.024333333333333335,0.022333333333333334,0.011000000000000001,0.030333333333333337,0.03366666666666667,0.030000000000000002,0.009000000000000001,0.023333333333333334,0.015,0.009,0.004333333333333334,0.019,0.025000000000000005,0.016,0.014,0.022333333333333334,0.020333333333333335,0.02033333333333333,0.009333333333333332,0.016,0.02033333333333333,0.012533333333333334,0.0013333333333333333,0.016,0.016666666666666666,0.017333333333333333,0.016333333333333335,0.022333333333333334,0.026,0.019,0.012333333333333333,0.017,0.016666666666666666,0.013333333333333334,0.013,0.016999999999999998,0.015666666666666666,0.016666666666666666,0.014666666666666666,0.02033333333333333,0.013666666666666666,0.016333333333333335,0.011333333333333334,0.011999999999999999,0.015333333333333332,0.014333333333333332,0.004333333333333334,0.013666666666666666,0.013333333333333334,0.02333333333333333,0.014333333333333332,0.01933333333333333,0.017666666666666664,0.016666666666666666,0.011333333333333334,0.015333333333333332,0.016333333333333335,0.015333333333333332,0.013999999999999999,0.014333333333333335,0.011999999999999999,0.01633333333333333,0.012333333333333335,0.015333333333333332,0.024666666666666667,0.01,0.009,0.010333333333333333,0.017,0.016666666666666666,0.005333333333333333,0.021666666666666667,0.017333333333333333,0.021333333333333333,0.014333333333333335,0.017666666666666667,0.018,0.014666666666666666,0.009,0.02033333333333333,0.01833333333333333,0.016666666666666666,0.017666666666666667,0.010666666666666666,0.012000000000000002,0.010999999999999998,0.008333333333333333,0.015333333333333332
20,0.029333333333333333,0.015333333333333332,0.028333333333333332,0.011666666666666665,0.024000000000000004,0.009666666666666665,0.02033333333333333,0.018,0.023999999999999997,0.009333333333333334,0.03466666666666667,0.018,0.036,0.02666666666666667,0.021333333333333333,0.022000000000000002,0.018,0.016000000000000004,0.016333333333333335,0.014333333333333332,0.010333333333333333,0.008666666666666666,0.021666666666666667,0.021333333333333333,0.036000000000000004,0.006666666666666667,0.034,0.017,0.029666666666666664,0.014333333333333332,0.024333333333333335,0.025666666666666667,0.027666666666666662,0.007666666666666665,0.028333333333333332,0.019666666666666666,0.032,0.027999999999999997,0.024000000000000004,0.024666666666666667,0.02033333333333333,0.01833333333333333,0.018,0.014333333333333332,0.011333333333333334,0.008,0.007,0.013333333333333334,0.035666666666666666,0.008333333333333333,0.03666666666666667,0.020666666666666667,0.034666666666666665,0.019666666666666666,0.025666666666666667,0.027333333333333334,0.028333333333333335,0.010333333333333335,0.023000000000000003,0.018,0.05333333333333334,0.02733333333333333,0.025666666666666667,0.026,0.023333333333333334,0.019666666666666666,0.018666666666666668,0.028333333333333335,0.009,0.009666666666666665,0.011000000000000001,0.023333333333333334,0.044000000000000004,0.012000000000000002,0.046000000000000006,0.021,0.035333333333333335,0.02033333333333333,0.026333333333333334,0.026333333333333334,0.034,0.010333333333333333,0.03566666666666667,0.022333333333333334,0.04066666666666666,0.042666666666666665,0.02666666666666666,0.018666666666666665,0.02,0.014,0.023000000000000003
40,0.02266666666666667,0.008666666666666668,0.021333333333333333,0.005,0.0128,0.004666666666666667,0.009333333333333332,0.013566666666666666,0.01,0.002,0.02466666666666667,0.010666666666666666,0.028,0.020666666666666667,0.013999999999999999,0.017,0.009,0.008666666666666668,0.008333333333333333,0.005999999999999999,0.0026666666666666666,0.0013333333333333333,0.013666666666666666,0.014333333333333332,0.028666666666666663,-2.8912057932946783e-19,0.026,0.009666666666666667,0.02266666666666667,0.008,0.012333333333333333,0.017666666666666667,0.012333333333333333,0.0014666666666666667,0.015666666666666666,0.012333333333333335,0.024333333333333335,0.017666666666666667,0.016333333333333335,0.017,0.012333333333333333,0.01,0.01,0.006999999999999999,0.003666666666666667,0.0006666666666666666,-0.0007333333333333331,0.006833333333333334,0.027999999999999997,0.0009999999999999998,0.027999999999999997,0.011666666666666667,0.024333333333333332,0.014666666666666666,0.013333333333333334,0.021333333333333333,0.014333333333333332,0.004666666666666666,0.009333333333333332,0.011000000000000001,0.04,0.019,0.016333333333333335,0.018,0.014866666666666667,0.011000000000000001,0.010666666666666666,0.021,0.0009999999999999998,0.0010000000000000002,0.0029999999999999996,0.017666666666666667,0.036000000000000004,0.004333333333333334,0.03333333333333333,0.013699999999999999,0.022000000000000002,0.015666666666666666,0.014333333333333332,0.021666666666666667,0.02333333333333333,0.005,0.022333333333333334,0.016333333333333335,0.031,0.03166666666666667,0.01833333333333333,0.01,0.011000000000000001,0.004666666666666667,0.015
60,0.034333333333333334,0.015333333333333332,0.029666666666666664,0.014666666666666666,0.024999999999999998,0.013666666666666667,0.021666666666666667,0.01933333333333333,0.023000000000000003,0.013333333333333334,0.03133333333333333,0.02466666666666667,0.034,0.028333333333333332,0.022000000000000002,0.022333333333333334,0.018333333333333337,0.018333333333333337,0.016666666666666666,0.015333333333333332,0.013,0.009666666666666665,0.02266666666666667,0.026333333333333334,0.03766666666666667,0.007666666666666666,0.03266666666666667,0.016999999999999998,0.031,0.017666666666666667,0.021666666666666667,0.024999999999999998,0.02333333333333333,0.010666666666666666,0.023666666666666666,0.02266666666666667,0.03666666666666667,0.024666666666666667,0.024666666666666667,0.023999999999999997,0.021,0.019,0.018666666666666665,0.016333333333333335,0.012666666666666666,0.009,0.008666666666666668,0.018000000000000002,0.035,0.009333333333333334,0.036,0.017666666666666667,0.041,0.020666666666666667,0.024000000000000004,0.025333333333333336,0.02466666666666667,0.012333333333333335,0.018666666666666668,0.01933333333333333,0.035333333333333335,0.025333333333333333,0.024333333333333332,0.030333333333333334,0.02333333333333333,0.02033333333333333,0.01966666666666667,0.018333333333333337,0.009,0.009,0.010666666666666666,0.024999999999999998,0.04066666666666667,0.015,0.044000000000000004,0.01933333333333333,0.03866666666666666,0.020666666666666667,0.024999999999999998,0.024666666666666667,0.035333333333333335,0.012666666666666666,0.030666666666666665,0.025333333333333336,0.039,0.04,0.02666666666666667,0.018000000000000002,0.017666666666666667,0.015666666666666666,0.026333333333333334
80,0.047999999999999994,0.02766666666666667,0.04,0.02733333333333333,0.035,0.02666666666666667,0.030333333333333334,0.032,0.03233333333333333,0.025666666666666667,0.04633333333333334,0.03766666666666666,0.04566666666666667,0.037666666666666675,0.03133333333333333,0.02966666666666667,0.028999999999999998,0.028333333333333332,0.026999999999999996,0.025666666666666667,0.026,0.021666666666666667,0.034,0.03933333333333333,0.04933333333333333,0.021,0.04,0.026999999999999996,0.039,0.024999999999999998,0.02966666666666667,0.034,0.03,0.021666666666666667,0.035333333333333335,0.03333333333333333,0.042666666666666665,0.03233333333333333,0.033,0.032,0.029,0.027666666666666662,0.02566666666666667,0.02566666666666667,0.023000000000000003,0.01933333333333333,0.017,0.02766666666666667,0.043000000000000003,0.019,0.043333333333333335,0.027,0.039,0.027666666666666662,0.05266666666666667,0.052333333333333336,0.032,0.021333333333333333,0.028999999999999998,0.028333333333333332,0.04699999999999999,0.034333333333333334,0.039,0.03166666666666667,0.031,0.02666666666666667,0.028666666666666663,0.03866666666666667,0.01833333333333333,0.019,0.02,0.034,0.050333333333333334,0.025666666666666667,0.04666666666666667,0.028666666666666663,0.041666666666666664,0.030666666666666665,0.031,0.03266666666666667,0.04633333333333334,0.020666666666666667,0.042666666666666665,0.034333333333333334,0.051666666666666666,0.04833333333333333,0.037,0.024333333333333335,0.02266666666666667,0.029333333333333333,0.04066666666666666
100,0.05833333333333333,0.03833333333333334,0.04666666666666667,0.042333333333333334,0.045000000000000005,0.04066666666666666,0.045000000000000005,0.042666666666666665,0.04633333333333334,0.041666666666666664,0.052333333333333336,0.05166666666666667,0.04766666666666666,0.04466666666666667,0.03966666666666666,0.04033333333333333,0.039,0.03966666666666666,0.04033333333333333,0.03766666666666667,0.041666666666666664,0.034999999999999996,0.04666666666666667,0.05100000000000001,0.05366666666666667,0.03266666666666667,0.04033333333333333,0.03666666666666667,0.04033333333333333,0.03333333333333333,0.037000000000000005,0.03866666666666666,0.03766666666666667,0.03566666666666667,0.044333333333333336,0.042666666666666665,0.043666666666666666,0.03733333333333333,0.03666666666666666,0.03966666666666666,0.036000000000000004,0.034333333333333334,0.03333333333333333,0.035,0.03666666666666667,0.031,0.02866666666666667,0.035666666666666666,0.042,0.028,0.04066666666666666,0.036000000000000004,0.035666666666666666,0.034,0.034999999999999996,0.03766666666666667,0.036666666666666674,0.03266666666666667,0.035,0.03933333333333333,0.045000000000000005,0.037,0.043666666666666666,0.043333333333333335,0.036000000000000004,0.033,0.03833333333333333,0.035,0.02866666666666667,0.02666666666666667,0.02766666666666667,0.04133333333333333,0.043666666666666666,0.032,0.044333333333333336,0.032,0.039,0.037333333333333336,0.033999999999999996,0.036,0.038,0.032,0.043333333333333335,0.04533333333333334,0.051666666666666666,0.04633333333333334,0.04,0.025666666666666667,0.02366666666666667,0.044333333333333336,0.052
120,0.08966666666666667,0.067,0.078,0.06366666666666666,0.06766666666666667,0.062,0.065,0.061,0.07066666666666667,0.06033333333333333,0.07933333333333333,0.07533333333333334,0.08366666666666667,0.07566666666666666,0.06233333333333333,0.062,0.05933333333333333,0.05933333333333333,0.062,0.05833333333333333,0.06366666666666666,0.05266666666666667,0.075,0.07766666666666666,0.09699999999999999,0.05566666666666667,0.07500000000000001,0.057333333333333326,0.07233333333333335,0.04900000000000001,0.05733333333333334,0.06,0.059666666666666666,0.05266666666666667,0.071,0.06766666666666667,0.08233333333333333,0.06033333333333333,0.06233333333333333,0.06733333333333334,0.05633333333333334,0.05533333333333334,0.051,0.056333333333333326,0.05466666666666667,0.04666666666666667,0.043000000000000003,0.05366666666666667,0.082,0.04766666666666667,0.07266666666666667,0.057333333333333326,0.06266666666666666,0.05366666666666667,0.06033333333333333,0.06633333333333333,0.06466666666666666,0.04866666666666667,0.06,0.06066666666666667,0.09200000000000001,0.06666666666666667,0.062,0.06266666666666666,0.05833333333333333,0.052333333333333336,0.06566666666666666,0.07566666666666667,0.04033333333333333,0.042666666666666665,0.044333333333333336,0.06466666666666666,0.08733333333333333,0.057666666666666665,0.083,0.063,0.06766666666666667,0.05833333333333333,0.05499999999999999,0.05733333333333334,0.07366666666666667,0.044000000000000004,0.075,0.07133333333333333,0.10099999999999999,0.08666666666666667,0.07566666666666667,0.03233333333333333,0.034,0.06999999999999999,0.085
140,0.1456666666666667,0.11433333333333333,0.12433333333333334,0.10733333333333334,0.10966666666666668,0.10566666666666667,0.10966666666666668,0.09966666666666667,0.12366666666666666,0.09566666666666668,0.126,0.11866666666666666,0.129,0.12133333333333333,0.10099999999999999,0.10166666666666668,0.09900000000000002,0.103,0.10733333333333334,0.09866666666666668,0.11166666666666665,0.09366666666666668,0.124,0.11833333333333333,0.151,0.10166666666666667,0.11533333333333333,0.09866666666666668,0.11233333333333333,0.085,0.09400000000000001,0.09533333333333334,0.10333333333333333,0.08933333333333333,0.11966666666666666,0.10399999999999998,0.13033333333333333,0.09366666666666666,0.10133333333333333,0.10966666666666668,0.09433333333333334,0.09833333333333333,0.082,0.08966666666666667,0.09633333333333334,0.08333333333333333,0.078,0.08366666666666667,0.12433333333333334,0.08533333333333333,0.11399999999999999,0.09433333333333334,0.09500000000000001,0.09333333333333334,0.09533333333333334,0.09500000000000001,0.10633333333333334,0.08433333333333333,0.09866666666666668,0.10133333333333333,0.14100000000000001,0.107,0.106,0.09966666666666667,0.102,0.085,0.10766666666666667,0.11533333333333333,0.07666666666666667,0.07333333333333335,0.07466666666666667,0.10099999999999999,0.12666666666666668,0.08800000000000001,0.129,0.07233333333333335,0.10266666666666667,0.09366666666666666,0.08233333333333333,0.08700000000000001,0.11033333333333334,0.07033333333333334,0.11666666666666665,0.11599999999999999,0.15233333333333335,0.13233333333333333,0.12533333333333332,0.04766666666666667,0.04933333333333334,0.12266666666666666,0.1396666666666667
160,0.2273333333333333,0.18033333333333332,0.19499999999999998,0.17533333333333334,0.17600000000000002,0.17366666666666664,0.17600000000000002,0.15866666666666665,0.19300000000000003,0.158,0.18166666666666664,0.18300000000000002,0.19233333333333333,0.18899999999999997,0.15233333333333332,0.162,0.15333333333333332,0.15866666666666665,0.17300000000000001,0.15933333333333333,0.18200000000000002,0.153,0.19100000000000003,0.18500000000000003,0.22866666666666666,0.17133333333333334,0.17600000000000002,0.15566666666666665,0.171,0.1366666666666667,0.1396666666666667,0.15333333333333332,0.15366666666666667,0.15066666666666664,0.18166666666666667,0.16366666666666665,0.19466666666666668,0.13266666666666668,0.15033333333333335,0.168,0.14333333333333334,0.14933333333333332,0.12133333333333333,0.13899999999999998,0.15333333333333332,0.12866666666666668,0.121,0.13,0.17933333333333334,0.13733333333333334,0.16866666666666666,0.1446666666666667,0.13566666666666669,0.148,0.1376666666666667,0.146,0.157,0.1476666666666667,0.15133333333333335,0.16033333333333333,0.20866666666666667,0.16166666666666668,0.16433333333333333,0.16233333333333333,0.14966666666666664,0.13,0.16566666666666666,0.14733333333333334,0.12433333333333334,0.12066666666666666,0.11699999999999999,0.15566666666666665,0.18066666666666667,0.134,0.18733333333333335,0.10866666666666668,0.135,0.14433333333333334,0.114,0.134,0.16666666666666666,0.11266666666666665,0.17066666666666666,0.17933333333333334,0.22999999999999998,0.18899999999999997,0.19166666666666665,0.05733333333333334,0.06166666666666667,0.19333333333333336,0.21233333333333335
180,0.31,0.26933333333333337,0.27666666666666667,0.268,0.268,0.25866666666666666,0.26566666666666666,0.24933333333333332,0.27599999999999997,0.24,0.25966666666666666,0.258,0.27666666666666667,0.27299999999999996,0.2343333333333333,0.244,0.2353333333333333,0.249,0.26466666666666666,0.24166666666666667,0.268,0.238,0.27366666666666667,0.26466666666666666,0.3043333333333333,0.25733333333333336,0.255,0.24433333333333332,0.251,0.218,0.21733333333333335,0.2383333333333333,0.23399999999999999,0.23666666666666666,0.26699999999999996,0.24733333333333332,0.27566666666666667,0.19466666666666665,0.228,0.25566666666666665,0.226,0.24066666666666667,0.19033333333333335,0.216,0.22966666666666669,0.20933333333333334,0.19066666666666668,0.19733333333333336,0.25266666666666665,0.21833333333333335,0.2396666666666667,0.224,0.19533333333333336,0.2316666666666667,0.21066666666666667,0.22433333333333336,0.236,0.227,0.22666666666666668,0.236,0.265,0.23666666666666666,0.2283333333333333,0.23266666666666666,0.22833333333333336,0.20099999999999998,0.246,0.21133333333333335,0.17899999999999996,0.17433333333333334,0.17633333333333334,0.22533333333333336,0.248,0.20466666666666666,0.25466666666666665,0.1436666666666667,0.19533333333333336,0.22233333333333336,0.16466666666666666,0.19633333333333333,0.242,0.16866666666666666,0.247,0.26133333333333336,0.3033333333333334,0.26366666666666666,0.27466666666666667,0.07833333333333332,0.081,0.27133333333333337,0.2916666666666667
200,0.4046666666666667,0.3586666666666667,0.36366666666666664,0.3553333333333333,0.35400000000000004,0.3516666666666666,0.36133333333333334,0.3393333333333333,0.36966666666666664,0.3253333333333333,0.3473333333333333,0.347,0.35566666666666663,0.36033333333333334,0.31833333333333336,0.333,0.326,0.3376666666666667,0.3546666666666667,0.33,0.35799999999999993,0.3263333333333333,0.36599999999999994,0.3426666666666667,0.38599999999999995,0.351,0.3353333333333333,0.32633333333333336,0.3363333333333333,0.2993333333333333,0.299,0.3213333333333333,0.3236666666666666,0.32299999999999995,0.36433333333333334,0.3333333333333333,0.36000000000000004,0.2726666666666666,0.3066666666666667,0.3393333333333333,0.31066666666666665,0.32066666666666666,0.2743333333333334,0.2973333333333334,0.3166666666666667,0.293,0.28099999999999997,0.27266666666666667,0.3196666666666667,0.2996666666666667,0.32066666666666666,0.31200000000000006,0.26366666666666666,0.31666666666666665,0.30233333333333334,0.313,0.3353333333333333,0.315,0.3253333333333333,0.3256666666666667,0.35000000000000003,0.326,0.3376666666666666,0.32833333333333337,0.31600000000000006,0.28633333333333333,0.3476666666666666,0.2996666666666667,0.2786666666666667,0.261,0.26166666666666666,0.3,0.3193333333333333,0.2773333333333334,0.3336666666666666,0.22066666666666668,0.26333333333333336,0.29233333333333333,0.23433333333333337,0.27099999999999996,0.3113333333333333,0.25433333333333336,0.3403333333333334,0.345,0.39200000000000007,0.3396666666666666,0.36033333333333334,0.12066666666666666,0.124,0.37799999999999995,0.393
220,0.48066666666666663,0.4363333333333333,0.4526666666666667,0.435,0.444,0.4206666666666667,0.43733333333333335,0.418,0.4566666666666667,0.39633333333333337,0.42933333333333334,0.437,0.43766666666666665,0.44366666666666665,0.4116666666666666,0.41733333333333333,0.41133333333333333,0.4243333333333334,0.4323333333333333,0.4106666666666667,0.42700000000000005,0.41133333333333333,0.451,0.4176666666666667,0.4643333333333333,0.425,0.4286666666666667,0.41,0.426,0.3853333333333333,0.391,0.4063333333333334,0.4096666666666667,0.39433333333333326,0.443,0.4053333333333333,0.435,0.359,0.3953333333333333,0.42333333333333334,0.40199999999999997,0.4013333333333333,0.34299999999999997,0.375,0.387,0.3673333333333333,0.357,0.33466666666666667,0.4156666666666667,0.39266666666666666,0.418,0.409,0.365,0.39999999999999997,0.39033333333333337,0.4043333333333334,0.42133333333333334,0.39433333333333326,0.4163333333333333,0.4076666666666667,0.46399999999999997,0.40166666666666667,0.4033333333333333,0.4263333333333334,0.41133333333333333,0.3713333333333333,0.4136666666666666,0.38666666666666666,0.3443333333333333,0.3343333333333333,0.3406666666666667,0.37233333333333335,0.42166666666666663,0.363,0.4326666666666667,0.27499999999999997,0.3376666666666667,0.381,0.3036666666666667,0.3526666666666667,0.42,0.31866666666666665,0.437,0.4226666666666667,0.47733333333333333,0.447,0.45199999999999996,0.18033333333333332,0.18500000000000003,0.4703333333333333,0.507
240,0.57,0.5096666666666666,0.5336666666666667,0.5056666666666666,0.5073333333333333,0.49133333333333334,0.5116666666666667,0.4856666666666667,0.5343333333333333,0.4666666666666666,0.49533333333333335,0.535,0.507,0.5183333333333334,0.4723333333333333,0.4789999999999999,0.4713333333333333,0.5056666666666666,0.5023333333333334,0.4673333333333333,0.48733333333333334,0.47433333333333333,0.5179999999999999,0.47700000000000004,0.5319999999999999,0.49666666666666665,0.49433333333333335,0.46900000000000003,0.49500000000000005,0.4406666666666666,0.44566666666666666,0.46900000000000003,0.4633333333333333,0.45933333333333337,0.5186666666666667,0.47400000000000003,0.49666666666666665,0.42533333333333334,0.4503333333333333,0.49333333333333335,0.4583333333333333,0.4623333333333333,0.4083333333333334,0.4323333333333333,0.444,0.42766666666666664,0.424,0.395,0.463,0.4326666666666667,0.48900000000000005,0.457,0.42733333333333334,0.4563333333333333,0.461,0.4713333333333334,0.49066666666666664,0.45966666666666667,0.4793333333333334,0.4983333333333333,0.555,0.4613333333333333,0.4623333333333333,0.47866666666666663,0.47433333333333333,0.435,0.4766666666666666,0.4503333333333333,0.40299999999999997,0.39766666666666667,0.4066666666666667,0.43933333333333335,0.476,0.41766666666666663,0.49700000000000005,0.33666666666666667,0.4053333333333333,0.4363333333333333,0.3666666666666667,0.4166666666666667,0.4703333333333333,0.4003333333333334,0.51,0.48933333333333334,0.5613333333333334,0.514,0.532,0.24333333333333332,0.25166666666666665,0.5993333333333334,0.6306666666666666
260,0.68,0.6136666666666667,0.637,0.6096666666666667,0.6016666666666666,0.5946666666666668,0.6226666666666666,0.58,0.6443333333333333,0.5583333333333333,0.5873333333333334,0.6573333333333333,0.5966666666666667,0.617,0.5433333333333333,0.566,0.542,0.585,0.602,0.54,0.5696666666666667,0.561,0.615,0.5619999999999999,0.6156666666666667,0.597,0.5833333333333334,0.5616666666666666,0.5893333333333334,0.527,0.5323333333333333,0.5623333333333334,0.5493333333333333,0.5506666666666667,0.6276666666666667,0.5563333333333333,0.5686666666666667,0.47866666666666663,0.5143333333333334,0.57,0.5193333333333333,0.5323333333333333,0.46166666666666667,0.49066666666666664,0.516,0.5023333333333334,0.4836666666666667,0.45166666666666666,0.5266666666666666,0.5086666666666667,0.5549999999999999,0.539,0.4626666666666666,0.5316666666666667,0.5379999999999999,0.5506666666666666,0.5906666666666666,0.5536666666666666,0.576,0.597,0.6536666666666666,0.545,0.5546666666666666,0.5786666666666667,0.5733333333333333,0.5033333333333333,0.5673333333333334,0.51,0.46799999999999997,0.459,0.4703333333333333,0.5056666666666666,0.5523333333333333,0.49000000000000005,0.5786666666666667,0.39599999999999996,0.4583333333333333,0.5136666666666667,0.4206666666666667,0.48066666666666674,0.545,0.4526666666666667,0.6166666666666667,0.5843333333333333,0.6686666666666667,0.5983333333333334,0.638,0.313,0.32266666666666666,0.7336666666666667,0.7566666666666667
280,0.783,0.7283333333333334,0.755,0.718,0.7086666666666667,0.7086666666666667,0.7326666666666667,0.6833333333333332,0.7543333333333333,0.6616666666666666,0.6906666666666667,0.7483333333333334,0.7113333333333333,0.7303333333333333,0.6433333333333333,0.6763333333333333,0.6406666666666666,0.6856666666666666,0.7183333333333333,0.6366666666666667,0.6699999999999999,0.6716666666666667,0.7306666666666667,0.6593333333333332,0.729,0.7136666666666667,0.7053333333333334,0.6783333333333333,0.7026666666666667,0.6446666666666667,0.641,0.6733333333333333,0.6663333333333333,0.6606666666666666,0.7433333333333333,0.66,0.6746666666666666,0.5656666666666667,0.617,0.6876666666666665,0.6166666666666667,0.6366666666666666,0.541,0.5776666666666667,0.6036666666666667,0.6043333333333334,0.5640000000000001,0.525,0.6333333333333333,0.605,0.676,0.6426666666666667,0.5260000000000001,0.6436666666666667,0.6566666666666666,0.6763333333333333,0.7123333333333334,0.6626666666666666,0.6930000000000001,0.7036666666666666,0.782,0.642,0.6623333333333333,0.6856666666666666,0.6813333333333333,0.594,0.695,0.62,0.5553333333333333,0.534,0.551,0.5976666666666667,0.6626666666666666,0.5796666666666667,0.693,0.4593333333333333,0.5300000000000001,0.616,0.482,0.5690000000000001,0.6603333333333334,0.5346666666666667,0.7276666666666666,0.685,0.7786666666666666,0.7196666666666666,0.7543333333333333,0.39866666666666667,0.4053333333333333,0.8223333333333334,0.8446666666666666
300,0.8266666666666667,0.7926666666666667,0.8109999999999999,0.7823333333333333,0.7930000000000001,0.7716666666666666,0.7919999999999999,0.7656666666666667,0.8066666666666666,0.7496666666666667,0.7666666666666667,0.8023333333333333,0.7776666666666667,0.7943333333333333,0.7326666666666667,0.7520000000000001,0.7336666666666666,0.7903333333333333,0.7973333333333334,0.7279999999999999,0.7606666666666667,0.7686666666666667,0.8163333333333332,0.7423333333333333,0.7976666666666666,0.778,0.7803333333333334,0.7596666666666666,0.791,0.7306666666666667,0.7326666666666667,0.7546666666666667,0.7626666666666667,0.7480000000000001,0.8026666666666666,0.7493333333333334,0.7473333333333333,0.6406666666666666,0.6923333333333334,0.7613333333333333,0.6963333333333334,0.7156666666666668,0.6143333333333333,0.6523333333333333,0.6836666666666668,0.6943333333333334,0.6466666666666666,0.5986666666666667,0.7036666666666666,0.6893333333333334,0.7556666666666668,0.7306666666666667,0.599,0.722,0.7356666666666666,0.7399999999999999,0.7799999999999999,0.7463333333333333,0.7690000000000001,0.7736666666666667,0.8230000000000001,0.7263333333333333,0.7473333333333333,0.7713333333333333,0.7626666666666666,0.6836666666666668,0.7639999999999999,0.6953333333333332,0.634,0.6186666666666666,0.6373333333333333,0.6803333333333333,0.7399999999999999,0.6753333333333335,0.7716666666666666,0.516,0.61,0.6993333333333333,0.556,0.6546666666666666,0.7663333333333333,0.6096666666666667,0.7943333333333333,0.7629999999999999,0.8176666666666668,0.797,0.8093333333333333,0.4703333333333333,0.48600000000000004,0.8633333333333333,0.8856666666666667
320,0.8686666666666666,0.8326666666666668,0.864,0.8273333333333333,0.8446666666666666,0.8286666666666666,0.8380000000000001,0.8233333333333333,0.8563333333333333,0.806,0.8306666666666667,0.848,0.8403333333333333,0.8486666666666666,0.8186666666666667,0.8203333333333332,0.8246666666666665,0.9203333333333333,0.8543333333333333,0.8253333333333334,0.828,0.8523333333333333,0.8713333333333333,0.8103333333333333,0.8736666666666667,0.83,0.848,0.8156666666666667,0.8490000000000001,0.8003333333333332,0.8103333333333333,0.8226666666666667,0.8306666666666667,0.805,0.8530000000000001,0.8153333333333332,0.835,0.7393333333333333,0.7906666666666666,0.8356666666666666,0.7973333333333333,0.801,0.7096666666666667,0.7553333333333333,0.7713333333333333,0.7743333333333333,0.7346666666666667,0.6843333333333333,0.7949999999999999,0.7783333333333333,0.8446666666666666,0.8206666666666665,0.7013333333333334,0.8203333333333335,0.828,0.8333333333333334,0.8636666666666667,0.8173333333333334,0.8303333333333333,0.826,0.8806666666666666,0.801,0.8216666666666667,0.8463333333333334,0.8399999999999999,0.7920000000000001,0.8353333333333333,0.7773333333333333,0.7343333333333334,0.7123333333333334,0.7280000000000001,0.7530000000000001,0.8323333333333333,0.762,0.8569999999999999,0.6046666666666666,0.7356666666666666,0.7999999999999999,0.6433333333333334,0.7533333333333333,0.8313333333333333,0.707,0.8566666666666668,0.8156666666666667,0.874,0.8723333333333333,0.8646666666666666,0.5676666666666667,0.579,0.9143333333333334,0.9356666666666666
340,0.8930000000000001,0.8583333333333334,0.8883333333333333,0.8463333333333333,0.8723333333333333,0.8516666666666666,0.8646666666666668,0.8473333333333333,0.8796666666666666,0.8353333333333333,0.8649999999999999,0.8813333333333334,0.8663333333333334,0.8726666666666666,0.8673333333333333,0.8513333333333333,0.8649999999999999,1.0303333333333333,0.8823333333333334,0.867,0.8643333333333333,0.8943333333333333,0.895,0.8376666666666667,0.9066666666666667,0.8593333333333333,0.8823333333333334,0.8423333333333334,0.886,0.8306666666666667,0.8489999999999999,0.8516666666666666,0.8620000000000001,0.8306666666666667,0.8823333333333333,0.8443333333333333,0.8716666666666666,0.8166666666666668,0.8403333333333333,0.8683333333333333,0.8416666666666667,0.8426666666666666,0.7719999999999999,0.8116666666666666,0.8196666666666667,0.8163333333333332,0.8036666666666666,0.7416666666666667,0.8266666666666667,0.8143333333333334,0.8813333333333334,0.8423333333333333,0.7600000000000001,0.8346666666666667,0.8483333333333333,0.8686666666666666,0.8729999999999999,0.8306666666666667,0.8586666666666667,0.856,0.908,0.8353333333333333,0.8513333333333334,0.8846666666666666,0.8603333333333333,0.8376666666666667,0.8693333333333334,0.832,0.7916666666666666,0.763,0.7943333333333333,0.793,0.8716666666666667,0.8099999999999999,0.8966666666666666,0.702,0.8043333333333332,0.8356666666666667,0.7346666666666667,0.8246666666666668,0.8696666666666667,0.8039999999999999,0.8813333333333334,0.8546666666666667,0.906,0.9063333333333333,0.8906666666666666,0.6803333333333333,0.6896666666666667,0.9513333333333334,0.9736666666666666
360,0.9126666666666666,0.8686666666666666,0.906,0.8613333333333334,0.887,0.8663333333333334,0.8799999999999999,0.859,0.8966666666666666,0.8643333333333333,0.8816666666666667,0.9113333333333333,0.892,0.8956666666666667,0.8883333333333333,0.8729999999999999,0.8853333333333332,1.1206666666666667,0.9013333333333334,0.8966666666666668,0.891,0.9213333333333332,0.915,0.8649999999999999,0.9316666666666666,0.8756666666666666,0.9016666666666667,0.8633333333333333,0.9103333333333333,0.868,0.872,0.8683333333333333,0.8776666666666667,0.8596666666666667,0.8923333333333333,0.8666666666666666,0.892,0.866,0.8696666666666667,0.892,0.8713333333333333,0.8649999999999999,0.8160000000000002,0.8516666666666666,0.8483333333333333,0.8406666666666666,0.832,0.7839999999999999,0.846,0.8353333333333333,0.9036666666666667,0.8596666666666667,0.82,0.8606666666666666,0.867,0.8953333333333333,0.8836666666666666,0.8543333333333334,0.8626666666666667,0.8826666666666667,0.9209999999999999,0.8606666666666666,0.878,0.899,0.8766666666666666,0.8596666666666666,0.8833333333333333,0.862,0.824,0.7896666666666667,0.8193333333333334,0.8303333333333334,0.8993333333333333,0.839,0.9246666666666666,0.7716666666666668,0.8536666666666667,0.8613333333333334,0.7983333333333333,0.8496666666666667,0.8963333333333333,0.8783333333333333,0.9003333333333333,0.8863333333333333,0.9250000000000002,0.931,0.9156666666666667,0.7840000000000001,0.7943333333333333,0.9753333333333333,1.0006666666666666
380,0.9313333333333333,0.8849999999999999,0.923,0.8806666666666666,0.8973333333333334,0.887,0.8943333333333333,0.8736666666666667,0.9173333333333334,0.8943333333333333,0.912,0.9536666666666666,0.9116666666666667,0.9053333333333334,0.906,0.8846666666666666,0.9083333333333333,1.1953333333333334,0.9203333333333333,0.9286666666666666,0.919,0.9533333333333333,0.9380000000000001,0.8986666666666667,0.9473333333333334,0.8926666666666666,0.9256666666666667,0.8793333333333333,0.9289999999999999,0.8796666666666667,0.8983333333333334,0.8946666666666667,0.9013333333333334,0.8796666666666666,0.922,0.8889999999999999,0.9129999999999999,0.8996666666666666,0.8973333333333334,0.9209999999999999,0.906,0.8856666666666667,0.851,0.8816666666666667,0.8826666666666666,0.8809999999999999,0.8583333333333333,0.8163333333333332,0.8806666666666666,0.8576666666666667,0.935,0.8883333333333333,0.8916666666666667,0.9036666666666667,0.8926666666666666,0.9233333333333333,0.9196666666666666,0.8806666666666666,0.9,0.9100000000000001,0.951,0.8846666666666666,0.899,0.923,0.911,0.8926666666666666,0.9076666666666666,0.8876666666666666,0.863,0.8273333333333334,0.8569999999999999,0.8603333333333333,0.9323333333333332,0.8743333333333334,0.9499999999999998,0.8286666666666666,0.8856666666666667,0.8983333333333334,0.843,0.8823333333333334,0.9356666666666666,0.9129999999999999,0.9306666666666668,0.914,0.9493333333333333,0.9573333333333333,0.9420000000000001,0.8596666666666666,0.8653333333333334,1.014,1.0383333333333333
400,0.932,0.8933333333333334,0.9166666666666666,0.883,0.8889999999999999,0.892,0.9013333333333332,0.8696666666666667,0.9170000000000001,0.9046666666666666,0.9013333333333334,0.9546666666666667,0.8926666666666666,0.892,0.8903333333333334,0.8733333333333334,0.907,1.2393333333333334,0.9226666666666667,0.935,0.9256666666666667,0.959,0.9383333333333335,0.8983333333333334,0.9366666666666666,0.8973333333333334,0.9063333333333334,0.8803333333333333,0.9123333333333333,0.88,0.8946666666666667,0.895,0.8913333333333334,0.8866666666666667,0.9153333333333333,0.8903333333333334,0.8943333333333333,0.8873333333333333,0.8843333333333333,0.899,0.8843333333333333,0.8730000000000001,0.8526666666666666,0.8736666666666667,0.8713333333333333,0.875,0.8649999999999999,0.8266666666666667,0.86,0.8563333333333333,0.9086666666666666,0.8783333333333334,0.8506666666666666,0.8833333333333334,0.8769999999999999,0.9103333333333333,0.8913333333333333,0.8806666666666666,0.8836666666666666,0.9209999999999999,0.9266666666666667,0.8826666666666666,0.8936666666666667,0.9096666666666667,0.894,0.882,0.9193333333333333,0.8816666666666667,0.8786666666666667,0.848,0.8733333333333334,0.8746666666666667,0.9153333333333333,0.88,0.9366666666666666,0.844,0.892,0.906,0.855,0.8943333333333334,0.9313333333333333,0.9226666666666666,0.927,0.9263333333333333,0.9383333333333335,0.9463333333333334,0.935,0.884,0.8883333333333333,1.0246666666666666,1.0433333333333332
420,0.955,0.911,0.9446666666666665,0.9026666666666667,0.9073333333333333,0.91,0.919,0.8926666666666666,0.9353333333333333,0.9330000000000002,0.919,0.98,0.9143333333333334,0.912,0.896,0.8896666666666667,0.922,1.275,0.9516666666666667,0.9573333333333333,0.9533333333333333,0.9819999999999999,0.9626666666666667,0.9253333333333332,0.9596666666666667,0.9176666666666667,0.9386666666666666,0.9006666666666666,0.9460000000000001,0.903,0.9216666666666667,0.9196666666666667,0.9093333333333332,0.9129999999999999,0.9403333333333332,0.9163333333333333,0.9163333333333333,0.9006666666666666,0.9053333333333334,0.9279999999999999,0.9066666666666667,0.8993333333333334,0.8729999999999999,0.8963333333333333,0.8923333333333333,0.9049999999999999,0.8796666666666667,0.8576666666666667,0.8853333333333334,0.8693333333333334,0.941,0.9,0.8693333333333334,0.9076666666666667,0.9036666666666667,0.9396666666666667,0.918,0.9046666666666666,0.914,0.9486666666666667,0.9676666666666667,0.898,0.9176666666666667,0.9423333333333334,0.9223333333333334,0.9003333333333333,0.9486666666666667,0.9096666666666667,0.8983333333333334,0.8736666666666667,0.8956666666666666,0.9003333333333333,0.9486666666666667,0.8993333333333334,0.9659999999999999,0.878,0.9256666666666667,0.9403333333333332,0.8876666666666667,0.92,0.9359999999999999,0.9400000000000001,0.951,0.9516666666666667,0.9683333333333333,0.9776666666666666,0.9616666666666666,0.9213333333333334,0.9276666666666666,1.0506666666666666,1.0663333333333334
440,0.9906666666666667,0.943,0.9820000000000001,0.9380000000000001,0.9513333333333334,0.9456666666666665,0.9569999999999999,0.924,0.9836666666666667,0.9596666666666666,0.96,1.002,0.9460000000000001,0.948,0.9129999999999999,0.92,0.9596666666666667,1.291,0.9860000000000001,0.999,0.9933333333333333,1.0123333333333333,0.997,0.9533333333333333,1.013,0.9523333333333334,0.9846666666666666,0.9369999999999999,0.9893333333333333,0.9343333333333333,0.9626666666666667,0.9516666666666665,0.963,0.9376666666666665,0.9806666666666666,0.9343333333333333,0.9603333333333333,0.9263333333333335,0.9383333333333334,0.9683333333333333,0.9463333333333334,0.9253333333333332,0.8956666666666667,0.9193333333333333,0.92,0.9423333333333334,0.903,0.8770000000000001,0.934,0.9046666666666666,0.9856666666666666,0.9323333333333332,0.8973333333333334,0.9579999999999999,0.9576666666666668,0.9696666666666666,0.9646666666666667,0.9313333333333333,0.9556666666666667,0.972,1.022,0.9390000000000001,0.9653333333333333,0.9833333333333334,0.9616666666666666,0.934,0.996,0.9403333333333332,0.9383333333333334,0.908,0.9216666666666667,0.9209999999999999,0.996,0.9503333333333334,1.0273333333333332,0.9046666666666666,0.9716666666666667,0.9646666666666667,0.9126666666666666,0.9613333333333333,1.0053333333333334,0.9579999999999999,0.9996666666666667,0.9803333333333333,1.0066666666666666,1.0226666666666666,1.0053333333333334,0.977,0.9843333333333333,1.0766666666666667,1.103
460,1.0023333333333333,0.9626666666666667,1.0016666666666667,0.9566666666666666,0.9706666666666667,0.9586666666666667,0.9753333333333334,0.934,1.0016666666666667,0.9666666666666667,0.9813333333333333,1.0126666666666666,0.9619999999999999,0.961,0.924,0.934,0.9813333333333333,1.3016666666666665,1.0036666666666667,1.021,1.0103333333333333,1.0323333333333333,1.0159999999999998,0.9683333333333333,1.0266666666666666,0.9703333333333334,1.0016666666666667,0.9566666666666666,1.0103333333333333,0.9543333333333331,0.9856666666666666,0.965,0.9806666666666667,0.9460000000000001,1.0076666666666665,0.9483333333333333,0.9819999999999999,0.9430000000000001,0.9546666666666667,0.991,0.9646666666666666,0.9496666666666668,0.9136666666666667,0.9380000000000001,0.9386666666666666,0.9553333333333333,0.9226666666666667,0.8929999999999999,0.952,0.9183333333333333,1.0063333333333333,0.9620000000000001,0.9089999999999999,0.9773333333333332,0.9706666666666667,0.9863333333333334,0.9876666666666667,0.9383333333333335,0.9723333333333333,0.9903333333333334,1.0386666666666666,0.9556666666666667,0.9753333333333334,1.0083333333333333,0.996,0.9803333333333333,0.9980000000000001,0.963,0.9619999999999999,0.9283333333333333,0.9400000000000001,0.9356666666666668,1.019,0.9673333333333334,1.0473333333333332,0.9413333333333332,1.0136666666666665,1.0056666666666667,0.9420000000000001,0.977,1.037,0.9563333333333333,1.0236666666666665,0.9923333333333334,1.022,1.0396666666666665,1.0236666666666665,1.0176666666666667,1.0216666666666665,1.0853333333333333,1.107
480,1.0066666666666666,0.9693333333333333,1.002,0.9613333333333333,0.9706666666666667,0.9583333333333334,0.979,0.9426666666666667,1.005,0.9703333333333334,0.985,1.02,0.9563333333333333,0.9563333333333334,0.9169999999999999,0.9319999999999999,0.9860000000000001,1.2966666666666666,1.0063333333333333,1.0343333333333333,1.023,1.0403333333333333,1.0186666666666666,0.9756666666666667,1.0226666666666666,0.9763333333333333,1.0,0.957,1.0063333333333333,0.9620000000000001,0.992,0.9683333333333333,0.9926666666666666,0.9523333333333333,1.0116666666666667,0.959,0.9796666666666667,0.9376666666666665,0.961,0.9866666666666667,0.9660000000000001,0.9533333333333333,0.9183333333333334,0.944,0.9413333333333332,0.9620000000000001,0.9319999999999999,0.9073333333333333,0.9516666666666667,0.9273333333333333,1.0076666666666665,0.9643333333333333,0.8926666666666666,0.9696666666666666,0.9683333333333334,0.9983333333333334,0.9940000000000001,0.9506666666666667,0.976,0.9996666666666666,1.0336666666666667,0.96,0.9766666666666666,1.0066666666666666,0.9913333333333334,0.9786666666666667,1.0043333333333333,0.9746666666666667,0.968,0.9419999999999998,0.952,0.9476666666666667,1.0199999999999998,0.9819999999999999,1.0483333333333336,0.945,1.0026666666666666,1.0056666666666667,0.9446666666666667,0.991,1.0223333333333333,0.9616666666666666,1.0373333333333334,1.008,1.0173333333333332,1.0430000000000001,1.0236666666666665,1.0343333333333333,1.038,1.0856666666666668,1.1016666666666668
500,1.021,0.9816666666666666,1.0263333333333333,0.9803333333333333,0.9933333333333333,0.9833333333333333,0.9926666666666666,0.9666666666666667,1.0263333333333333,0.993,1.0033333333333332,1.034,0.9836666666666667,0.9780000000000001,0.9336666666666668,0.9486666666666667,1.0023333333333333,1.288,1.0253333333333332,1.0593333333333335,1.0450000000000002,1.06,1.0406666666666666,0.9973333333333333,1.0556666666666665,0.9996666666666666,1.0313333333333332,0.9803333333333333,1.0319999999999998,0.985,1.0133333333333334,0.996,1.014,0.9790000000000001,1.031,0.979,1.011,0.9606666666666666,0.985,1.009,0.9876666666666667,0.9736666666666666,0.9380000000000001,0.963,0.9623333333333334,0.988,0.9516666666666667,0.934,0.9863333333333332,0.9366666666666666,1.0406666666666666,0.984,0.9046666666666666,0.992,0.9926666666666666,1.0236666666666665,1.015,0.968,1.0,1.0226666666666666,1.0656666666666668,0.9813333333333333,1.0013333333333332,1.0316666666666665,1.0066666666666666,0.9943333333333334,1.0343333333333333,0.9969999999999999,0.9966666666666667,0.9643333333333333,0.9806666666666667,0.9723333333333333,1.0566666666666666,1.0056666666666667,1.0853333333333335,0.9806666666666667,1.0383333333333333,1.0239999999999998,0.992,1.0286666666666664,1.0523333333333333,0.995,1.056,1.0283333333333333,1.0386666666666666,1.0706666666666667,1.0490000000000002,1.0606666666666669,1.07,1.097,1.1196666666666666
520,1.0323333333333333,0.9893333333333333,1.0343333333333333,0.989,1.01,0.9906666666666665,1.005,0.981,1.031,1.0066666666666666,1.0096666666666667,1.0403333333333333,0.9873333333333333,0.9896666666666666,0.9363333333333334,0.9586666666666667,1.0153333333333332,1.2936666666666667,1.039,1.0743333333333334,1.0603333333333333,1.073,1.0496666666666667,1.0126666666666668,1.065,1.0043333333333333,1.0396666666666667,0.9913333333333334,1.047,0.9966666666666667,1.034,1.0053333333333334,1.027,0.9889999999999999,1.0403333333333333,0.9953333333333333,1.0213333333333334,0.9733333333333333,0.9953333333333333,1.023,1.0006666666666666,0.984,0.9526666666666666,0.9786666666666667,0.9743333333333334,0.9993333333333333,0.9643333333333333,0.9496666666666665,0.9986666666666667,0.9573333333333333,1.0646666666666667,0.995,0.9173333333333332,1.0250000000000001,1.024,1.0373333333333332,1.024333333333333,0.9726666666666667,1.0123333333333333,1.0333333333333334,1.0796666666666668,0.9956666666666667,1.0086666666666666,1.0493333333333335,1.02,1.0136666666666667,1.042,1.0146666666666666,1.0083333333333335,0.9706666666666667,0.9946666666666667,0.985,1.0683333333333334,1.018,1.095,1.003,1.0590000000000002,1.031,1.0086666666666666,1.0406666666666666,1.0703333333333334,0.9979999999999999,1.0603333333333333,1.0306666666666666,1.0456666666666667,1.0836666666666666,1.0596666666666668,1.0826666666666667,1.0893333333333333,1.102,1.1239999999999999
540,1.037,0.9993333333333334,1.0423333333333333,1.0016666666666667,1.0156666666666665,1.007,1.014,0.9913333333333334,1.0396666666666665,1.013,1.0250000000000001,1.039,1.0006666666666666,0.9973333333333333,0.9390000000000001,0.9686666666666666,1.034,1.2870000000000001,1.0490000000000002,1.0916666666666668,1.0739999999999998,1.0836666666666668,1.065,1.0213333333333334,1.0753333333333333,1.0193333333333332,1.0586666666666666,1.0010000000000001,1.0496666666666667,1.0153333333333332,1.0453333333333334,1.016,1.0386666666666666,0.9966666666666667,1.0526666666666664,0.9976666666666666,1.032,0.9870000000000001,1.0076666666666665,1.0363333333333333,1.0166666666666666,0.9996666666666666,0.9693333333333333,0.9943333333333334,0.9870000000000001,1.011,0.9783333333333334,0.9613333333333333,1.009,0.9710000000000001,1.0743333333333334,1.0373333333333334,0.9443333333333332,1.0293333333333334,1.0266666666666666,1.058,1.0639999999999998,0.9876666666666667,1.018,1.0360000000000003,1.0919999999999999,1.0013333333333332,1.031,1.0753333333333333,1.0346666666666666,1.0236666666666665,1.0490000000000002,1.03,1.023,0.9843333333333334,1.006,0.987,1.0806666666666667,1.0383333333333333,1.1073333333333333,1.0226666666666666,1.0776666666666668,1.0483333333333331,1.0223333333333333,1.058,1.0810000000000002,1.0046666666666668,1.073,1.0383333333333333,1.05,1.0913333333333333,1.0663333333333334,1.098,1.1033333333333333,1.1056666666666668,1.1223333333333334
560,1.0293333333333334,0.9956666666666667,1.0296666666666665,0.9916666666666666,1.0096666666666667,0.9983333333333334,1.008,0.983,1.0326666666666666,1.01,1.0146666666666666,1.0363333333333333,0.987,0.9856666666666666,0.9256666666666667,0.9580000000000001,1.018,1.2903333333333336,1.043,1.086,1.0726666666666667,1.0796666666666666,1.0583333333333333,1.0146666666666666,1.0686666666666667,1.0083333333333333,1.035,0.992,1.0336666666666667,1.016,1.0393333333333332,1.0066666666666666,1.0293333333333334,0.996,1.0426666666666666,1.0039999999999998,1.023,0.9766666666666666,0.9966666666666666,1.024,1.0073333333333334,0.991,0.964,0.9863333333333334,0.9853333333333333,1.0036666666666667,0.9796666666666667,0.9636666666666667,0.995,0.9583333333333334,1.053,1.013,0.9143333333333334,1.0193333333333332,1.005,1.044,1.031,0.9826666666666667,1.0086666666666666,1.0336666666666667,1.0603333333333331,0.9946666666666667,1.0086666666666666,1.0419999999999998,1.0179999999999998,1.0126666666666668,1.0343333333333333,1.0153333333333332,1.0136666666666667,0.9819999999999999,1.0033333333333332,0.993,1.0736666666666665,1.0373333333333334,1.0936666666666668,1.023,1.0603333333333333,1.048,1.023,1.0513333333333332,1.0763333333333334,0.9996666666666666,1.0663333333333334,1.0363333333333333,1.0386666666666666,1.0786666666666667,1.0563333333333336,1.0956666666666668,1.100666666666667,1.0956666666666666,1.11
580,1.0443333333333333,0.9983333333333332,1.0356666666666665,1.0023333333333333,1.0170000000000001,0.9966666666666666,1.015,0.9933333333333333,1.040333333333333,1.026,1.0213333333333334,1.0430000000000001,0.9926666666666666,0.9886666666666667,0.9316666666666666,0.965,1.0213333333333334,1.2646666666666666,1.0506666666666666,1.091,1.0853333333333335,1.0883333333333332,1.0713333333333332,1.0316666666666665,1.0733333333333335,1.0186666666666666,1.0466666666666666,0.9976666666666666,1.0423333333333333,1.0156666666666665,1.058,1.0176666666666667,1.0396666666666665,1.007,1.046,1.0126666666666666,1.029,0.9786666666666667,1.0063333333333333,1.0213333333333334,1.0163333333333335,0.9996666666666667,0.9743333333333334,0.993,0.993,1.0119999999999998,0.991,0.9746666666666667,1.0046666666666668,0.961,1.0536666666666665,1.019,0.924,1.024333333333333,1.013,1.0533333333333335,1.041,0.993,1.0236666666666665,1.0423333333333333,1.083,0.9993333333333334,1.0166666666666666,1.0566666666666666,1.034,1.0273333333333332,1.0573333333333332,1.0506666666666666,1.0473333333333332,0.9956666666666667,1.0206666666666666,1.0010000000000001,1.084666666666667,1.0490000000000002,1.107,1.0473333333333334,1.0833333333333333,1.0533333333333335,1.0433333333333332,1.0843333333333334,1.0830000000000002,1.018,1.0736666666666668,1.0403333333333333,1.0410000000000001,1.0876666666666668,1.064,1.1103333333333334,1.1136666666666668,1.1053333333333333,1.1223333333333334
600,1.0456666666666667,1.0079999999999998,1.0493333333333335,1.0166666666666666,1.0373333333333334,1.01,1.029,1.0016666666666667,1.0526666666666669,1.0233333333333332,1.0353333333333332,1.0516666666666667,1.0086666666666666,1.0003333333333335,0.9383333333333334,0.9763333333333333,1.034,1.2656666666666665,1.0566666666666666,1.1066666666666667,1.0953333333333335,1.1013333333333335,1.0793333333333335,1.0330000000000001,1.0876666666666666,1.0303333333333333,1.0633333333333332,1.013,1.064,1.0250000000000001,1.068,1.0236666666666665,1.0553333333333332,1.0123333333333333,1.0606666666666669,1.029,1.047,0.991,1.02,1.0336666666666667,1.031,1.0143333333333333,0.9796666666666667,1.0043333333333333,1.0026666666666666,1.0256666666666667,1.0026666666666666,0.9863333333333334,1.0250000000000001,0.9676666666666666,1.0803333333333336,1.0266666666666666,0.9433333333333334,1.0326666666666666,1.0356666666666665,1.055,1.047,0.9976666666666668,1.0330000000000001,1.0600000000000003,1.1043333333333332,1.0116666666666667,1.0359999999999998,1.0590000000000002,1.038,1.036333333333333,1.0526666666666664,1.0513333333333335,1.0479999999999998,1.0076666666666667,1.0376666666666667,1.0143333333333333,1.0976666666666668,1.0543333333333333,1.1280000000000001,1.0623333333333334,1.1033333333333335,1.0746666666666667,1.0753333333333335,1.0793333333333333,1.1059999999999999,1.0293333333333332,1.0876666666666666,1.053,1.0496666666666667,1.1053333333333333,1.0746666666666667,1.1223333333333334,1.129,1.11,1.1293333333333333
620,1.06,1.0083333333333333,1.04,1.0126666666666668,1.0313333333333332,1.0146666666666666,1.0236666666666665,1.0043333333333333,1.0413333333333332,1.0256666666666667,1.0353333333333332,1.0479999999999998,0.996,0.9946666666666667,0.9346666666666666,0.9716666666666667,1.033,1.2506666666666666,1.0506666666666666,1.1079999999999999,1.0956666666666668,1.097,1.0826666666666667,1.0293333333333334,1.0783333333333331,1.0236666666666665,1.054,1.012,1.047,1.0270000000000001,1.0636666666666665,1.024,1.0526666666666666,1.0156666666666665,1.0503333333333333,1.0193333333333332,1.0366666666666668,0.9886666666666667,1.019,1.0283333333333333,1.0253333333333332,1.0153333333333332,0.9776666666666666,1.0006666666666666,0.9936666666666666,1.018,1.0036666666666667,0.9896666666666666,1.0103333333333333,0.9843333333333333,1.0646666666666667,1.027,0.9586666666666668,1.0533333333333335,1.0233333333333332,1.051,1.0463333333333333,0.995,1.0236666666666665,1.0490000000000002,1.091,1.005,1.0266666666666666,1.0606666666666666,1.042,1.034,1.0496666666666667,1.0439999999999998,1.0443333333333333,1.0023333333333333,1.035,1.0096666666666667,1.0879999999999999,1.064,1.1266666666666667,1.0650000000000002,1.0983333333333334,1.0706666666666667,1.0683333333333334,1.083,1.096,1.0236666666666665,1.0766666666666669,1.042,1.039,1.0953333333333335,1.067,1.1323333333333334,1.1273333333333333,1.1026666666666667,1.1146666666666667
640,1.0463333333333333,1.0103333333333333,1.0493333333333335,1.0133333333333332,1.0306666666666666,1.0096666666666667,1.026,1.006,1.0466666666666666,1.0333333333333332,1.03,1.0513333333333335,1.0046666666666666,0.9986666666666667,0.9430000000000001,0.9776666666666666,1.0363333333333333,1.247,1.061,1.1116666666666666,1.1013333333333335,1.104,1.0853333333333335,1.032333333333333,1.0903333333333334,1.0293333333333334,1.056,1.0170000000000001,1.0576666666666668,1.0343333333333333,1.075,1.03,1.0406666666666669,1.0246666666666666,1.0573333333333332,1.0236666666666665,1.0386666666666666,0.9923333333333333,1.0266666666666666,1.0393333333333332,1.038,1.0193333333333334,0.9926666666666666,1.011,1.0039999999999998,1.0303333333333333,1.0136666666666667,0.9996666666666666,1.0166666666666666,0.9783333333333334,1.075,1.03,0.9470000000000001,1.04,1.0373333333333334,1.0623333333333334,1.0556666666666665,1.015,1.0286666666666666,1.048,1.091,1.0076666666666667,1.0250000000000001,1.0583333333333333,1.0506666666666666,1.0433333333333334,1.062,1.0563333333333333,1.0596666666666668,1.012,1.0439999999999998,1.0170000000000001,1.0999999999999999,1.0723333333333334,1.1233333333333333,1.0796666666666666,1.129,1.072,1.0773333333333335,1.0946666666666667,1.0883333333333334,1.0306666666666666,1.0783333333333334,1.0433333333333332,1.0396666666666667,1.1003333333333334,1.072,1.1323333333333334,1.1356666666666666,1.111,1.1243333333333334
660,1.0186666666666666,0.9983333333333334,1.0266666666666666,1.0010000000000001,1.0006666666666666,0.9993333333333333,1.009,0.991,1.0246666666666666,1.033,1.013,1.0433333333333332,0.9923333333333333,0.9806666666666667,0.9273333333333333,0.96,1.018,1.2409999999999999,1.047,1.0983333333333334,1.0866666666666667,1.0876666666666666,1.071,1.0326666666666666,1.0806666666666669,1.0106666666666666,1.0336666666666665,1.006,1.0313333333333334,1.024333333333333,1.048,1.0193333333333332,1.0126666666666668,1.015,1.032,1.0106666666666666,1.025,0.979,1.0006666666666668,1.0196666666666667,1.0196666666666665,0.9986666666666667,0.9783333333333332,0.9956666666666666,0.993,1.01,1.008,0.995,0.992,0.9723333333333333,1.048,1.0116666666666665,0.9303333333333333,1.0266666666666666,1.0056666666666667,1.056,1.0266666666666666,0.9969999999999999,1.0023333333333333,1.0436666666666667,1.0473333333333332,0.9933333333333333,1.015,1.0416666666666667,1.0306666666666666,1.0296666666666667,1.0393333333333332,1.035,1.0409999999999997,1.0106666666666666,1.0333333333333334,1.0110000000000001,1.0826666666666667,1.0606666666666666,1.0983333333333334,1.0696666666666668,1.0890000000000002,1.0663333333333334,1.0610000000000002,1.08,1.0679999999999998,1.0276666666666667,1.0623333333333334,1.0356666666666667,1.0199999999999998,1.078,1.0493333333333332,1.122,1.1216666666666668,1.1026666666666667,1.1086666666666665
680,1.0276666666666667,1.0063333333333333,1.0446666666666669,1.0136666666666667,1.0186666666666666,1.002,1.0233333333333334,0.9943333333333332,1.0396666666666665,1.0263333333333333,1.0313333333333332,1.05,1.0056666666666667,0.9966666666666666,0.9373333333333332,0.9786666666666667,1.0373333333333334,1.244,1.0576666666666668,1.118,1.0996666666666668,1.0919999999999999,1.0736666666666668,1.0336666666666667,1.091,1.0243333333333333,1.0583333333333333,1.0143333333333333,1.059,1.0306666666666666,1.0576666666666668,1.0286666666666664,1.031,1.0123333333333333,1.0523333333333333,1.0083333333333333,1.0440000000000003,0.9936666666666666,1.0213333333333332,1.0370000000000001,1.038,1.0166666666666666,0.9916666666666667,1.0103333333333333,1.0073333333333332,1.023,1.023,1.002,1.022,0.9816666666666666,1.0776666666666666,1.031,0.9513333333333334,1.0473333333333332,1.03,1.062,1.054,1.0039999999999998,1.0263333333333333,1.051,1.0626666666666666,1.0126666666666666,1.027,1.0496666666666667,1.0473333333333332,1.0503333333333333,1.0596666666666665,1.0516666666666667,1.0519999999999998,1.0170000000000001,1.0483333333333333,1.024,1.1153333333333333,1.0773333333333335,1.139,1.0873333333333333,1.1276666666666666,1.0996666666666666,1.0970000000000002,1.099,1.1193333333333335,1.0383333333333333,1.0813333333333333,1.0453333333333332,1.038,1.103,1.0676666666666665,1.14,1.1516666666666666,1.1153333333333333,1.132
700,1.0236666666666665,1.0123333333333333,1.0533333333333335,1.0196666666666667,1.0236666666666665,1.0090000000000001,1.0356666666666667,0.9926666666666666,1.058,1.0346666666666666,1.0426666666666666,1.0599999999999998,1.015,1.0146666666666666,0.9513333333333334,0.9883333333333333,1.057,1.2346666666666666,1.0703333333333331,1.128,1.108666666666667,1.0979999999999999,1.0839999999999999,1.042,1.1053333333333333,1.0413333333333332,1.0696666666666668,1.0250000000000001,1.0773333333333335,1.0266666666666666,1.0730000000000002,1.0366666666666668,1.0486666666666666,1.019,1.0746666666666667,1.0113333333333332,1.0613333333333335,1.014,1.0399999999999998,1.0513333333333332,1.0533333333333335,1.0306666666666666,1.0023333333333333,1.032333333333333,1.025,1.0376666666666667,1.048,1.0096666666666667,1.0516666666666665,0.992,1.0996666666666668,1.046,0.9756666666666667,1.0516666666666665,1.0436666666666665,1.0693333333333335,1.0766666666666667,1.0183333333333333,1.0433333333333332,1.0453333333333334,1.089,1.0616666666666665,1.047,1.0696666666666668,1.0603333333333333,1.0579999999999998,1.07,1.0756666666666668,1.068,1.0296666666666665,1.0679999999999998,1.0253333333333334,1.1263333333333334,1.094,1.1529999999999998,1.1133333333333333,1.1403333333333332,1.109,1.1256666666666668,1.1203333333333332,1.1413333333333333,1.048,1.098,1.0430000000000001,1.0486666666666666,1.1226666666666667,1.079,1.1620000000000001,1.163,1.1300000000000001,1.1476666666666666
720,1.015,1.002,1.0446666666666669,1.0173333333333332,1.006,1.0010000000000001,1.0196666666666667,0.9896666666666666,1.048,1.033,1.0323333333333335,1.0559999999999998,1.0046666666666666,1.0,0.9500000000000001,0.9793333333333333,1.0506666666666666,1.232,1.071,1.1213333333333333,1.1036666666666668,1.0893333333333333,1.0766666666666669,1.0353333333333332,1.0893333333333335,1.038,1.062,1.0283333333333333,1.0663333333333334,1.032,1.0556666666666665,1.0386666666666666,1.036,1.0123333333333333,1.0606666666666666,1.004,1.0466666666666666,1.0093333333333332,1.0356666666666667,1.054,1.0503333333333333,1.0253333333333332,0.999,1.0196666666666667,1.0096666666666667,1.0326666666666666,1.0293333333333334,1.0066666666666666,1.0303333333333333,0.992,1.1053333333333333,1.062,0.9926666666666666,1.0636666666666668,1.0413333333333332,1.0733333333333333,1.0743333333333334,1.011,1.0413333333333332,1.0466666666666666,1.0803333333333331,1.031,1.0499999999999998,1.0703333333333334,1.055,1.061,1.0653333333333335,1.0813333333333333,1.0623333333333331,1.0356666666666667,1.0733333333333333,1.0303333333333333,1.1239999999999999,1.0953333333333335,1.168,1.1233333333333333,1.144,1.1063333333333334,1.1139999999999999,1.1236666666666666,1.1416666666666668,1.0506666666666666,1.0936666666666668,1.0453333333333334,1.0423333333333333,1.124,1.0726666666666667,1.1593333333333333,1.1683333333333332,1.1353333333333333,1.157
740,0.9939999999999999,0.9803333333333333,1.0206666666666666,0.9906666666666665,0.9836666666666667,0.9746666666666667,0.9973333333333333,0.972,1.015,1.024,1.000333333333333,1.0410000000000001,0.9779999999999999,0.9646666666666667,0.9143333333333334,0.9533333333333333,1.0203333333333333,1.232,1.0463333333333333,1.095,1.0813333333333333,1.0643333333333336,1.0513333333333332,1.0173333333333332,1.0573333333333335,1.0123333333333333,1.0186666666666666,1.0,1.0213333333333334,1.0083333333333333,1.024333333333333,1.0123333333333333,1.0010000000000001,0.983,1.0270000000000001,0.9826666666666667,1.0103333333333333,0.9836666666666667,0.9896666666666666,1.0223333333333333,1.0086666666666666,1.0016666666666667,0.9739999999999999,0.991,0.9856666666666666,1.0093333333333332,1.0026666666666666,0.991,0.991,0.969,1.053,1.016,0.9456666666666668,1.0306666666666666,1.0123333333333333,1.0423333333333333,1.031,0.9893333333333333,1.0093333333333332,1.0226666666666666,1.0303333333333333,1.0,1.013,1.0333333333333332,1.0256666666666665,1.038,1.0393333333333334,1.0456666666666667,1.048,1.01,1.0496666666666665,1.0093333333333332,1.0816666666666668,1.0756666666666665,1.107,1.0873333333333333,1.109,1.0733333333333333,1.0803333333333331,1.094,1.0996666666666666,1.032333333333333,1.0583333333333333,1.0283333333333333,1.0136666666666667,1.094,1.0416666666666667,1.141333333333333,1.1446666666666665,1.1146666666666667,1.1293333333333333
760,0.9993333333333333,0.9803333333333333,1.0246666666666666,0.9983333333333334,0.9973333333333333,0.9813333333333333,1.0036666666666667,0.979,1.026,1.0383333333333333,1.007,1.0596666666666668,0.9866666666666667,0.9836666666666667,0.927,0.9603333333333333,1.0356666666666665,1.226,1.0586666666666666,1.1123333333333332,1.0923333333333334,1.0783333333333334,1.0626666666666666,1.04,1.0756666666666668,1.0253333333333332,1.0410000000000001,1.012,1.0513333333333332,1.0093333333333332,1.0423333333333333,1.0276666666666667,1.0133333333333334,0.999,1.0416666666666667,0.9936666666666666,1.0253333333333334,1.0110000000000001,1.0123333333333333,1.046,1.0243333333333335,1.0166666666666668,0.993,1.0056666666666667,0.9983333333333334,1.0246666666666666,1.0116666666666667,1.0090000000000001,1.01,0.9693333333333333,1.0856666666666668,1.0326666666666666,0.995,1.0503333333333333,1.0256666666666667,1.074,1.0706666666666667,1.0143333333333333,1.0276666666666665,1.0353333333333334,1.0736666666666668,1.022,1.038,1.0673333333333332,1.0473333333333332,1.057,1.0613333333333335,1.0776666666666666,1.0679999999999998,1.0336666666666667,1.0656666666666668,1.0326666666666668,1.1113333333333333,1.0843333333333334,1.1466666666666667,1.1203333333333332,1.1493333333333333,1.0953333333333333,1.1083333333333334,1.1263333333333334,1.119,1.0546666666666666,1.0759999999999998,1.0490000000000002,1.0293333333333334,1.1153333333333333,1.0573333333333335,1.164,1.1646666666666665,1.1406666666666667,1.1533333333333333
780,1.0023333333333333,0.9866666666666667,1.0286666666666666,0.9986666666666665,1.002,0.9793333333333333,1.0096666666666667,0.9733333333333333,1.037,1.0343333333333333,1.021,1.059,0.9906666666666667,0.9833333333333334,0.9283333333333333,0.96,1.0373333333333334,1.2293333333333334,1.0673333333333332,1.1130000000000002,1.0973333333333333,1.0736666666666668,1.067,1.0406666666666666,1.0733333333333335,1.0276666666666667,1.0440000000000003,1.0156666666666665,1.0506666666666666,1.0126666666666666,1.0473333333333334,1.0213333333333334,1.0266666666666666,0.9943333333333334,1.045,0.9896666666666666,1.0266666666666666,1.0103333333333333,1.0133333333333332,1.0473333333333334,1.0236666666666667,1.016333333333333,1.0026666666666666,1.005,0.9943333333333334,1.0296666666666667,1.0166666666666666,1.003,1.008,0.9726666666666667,1.0910000000000002,1.034,0.9863333333333334,1.046,1.0516666666666665,1.0683333333333334,1.0586666666666666,1.0066666666666666,1.0383333333333333,1.0336666666666667,1.075,1.034,1.0596666666666668,1.0819999999999999,1.0546666666666666,1.0653333333333335,1.0783333333333334,1.083,1.0713333333333335,1.0416666666666665,1.0796666666666666,1.0323333333333333,1.1079999999999999,1.0953333333333333,1.148,1.1326666666666665,1.1626666666666665,1.0933333333333333,1.1233333333333333,1.1243333333333334,1.1296666666666668,1.053,1.087,1.0413333333333334,1.0313333333333332,1.1183333333333334,1.0603333333333333,1.1723333333333332,1.1716666666666666,1.156,1.17
800,0.9903333333333334,0.969,1.0146666666666666,0.98,0.9793333333333333,0.9653333333333333,0.9873333333333333,0.964,1.0106666666666666,1.0176666666666667,1.0003333333333335,1.0436666666666667,0.973,0.9566666666666667,0.8993333333333333,0.94,1.0073333333333332,1.2153333333333334,1.041,1.0913333333333333,1.0806666666666667,1.0513333333333332,1.0476666666666665,1.0130000000000001,1.0513333333333332,1.0003333333333333,1.006,0.9896666666666666,1.0179999999999998,0.9976666666666666,1.024333333333333,1.0026666666666666,1.0010000000000001,0.9743333333333334,1.021,0.9716666666666667,1.0,0.9783333333333332,0.9729999999999999,1.0196666666666667,0.9953333333333333,0.988,0.9713333333333334,0.9776666666666666,0.9726666666666667,1.014,0.9979999999999999,1.0056666666666667,0.9846666666666666,0.9523333333333334,1.0463333333333333,1.0053333333333334,0.9513333333333334,1.0246666666666666,1.0026666666666666,1.0416666666666667,1.0523333333333333,1.0093333333333332,1.0213333333333334,1.0236666666666665,1.0410000000000001,0.9993333333333333,1.015,1.0246666666666666,1.016,1.0333333333333334,1.0376666666666665,1.0506666666666666,1.05,1.0170000000000001,1.0570000000000002,1.0146666666666666,1.0843333333333334,1.0743333333333334,1.0996666666666668,1.102,1.1196666666666666,1.0706666666666669,1.0813333333333335,1.1033333333333335,1.0996666666666666,1.0430000000000001,1.0570000000000002,1.0283333333333333,1.007,1.0959999999999999,1.038,1.1546666666666667,1.1593333333333333,1.1416666666666666,1.149333333333333
820,0.9923333333333333,0.9813333333333333,1.0033333333333332,0.984,0.9733333333333333,0.971,0.9873333333333333,0.9579999999999999,1.014,1.0146666666666666,1.0003333333333333,1.051,0.9713333333333333,0.9643333333333333,0.908,0.9423333333333334,1.0153333333333334,1.211,1.0436666666666667,1.0946666666666667,1.086666666666667,1.056,1.0533333333333335,1.0123333333333333,1.0533333333333335,1.0106666666666666,1.0176666666666667,0.9946666666666667,1.0243333333333333,1.0003333333333333,1.0279999999999998,1.0063333333333333,1.0010000000000001,0.9756666666666667,1.022333333333333,0.9763333333333333,1.003,0.9903333333333334,0.9836666666666667,1.0256666666666667,0.9946666666666667,0.995,0.9723333333333333,0.9786666666666667,0.975,1.003,1.0046666666666668,0.9913333333333334,0.9826666666666667,0.9576666666666668,1.054,1.011,0.957,1.033,1.002,1.0496666666666667,1.027,1.0016666666666667,1.0173333333333334,1.022,1.0503333333333333,1.0103333333333333,1.0210000000000001,1.0323333333333335,1.0223333333333333,1.039,1.0556666666666665,1.0833333333333333,1.055,1.0216666666666667,1.0796666666666666,1.0213333333333334,1.083,1.0813333333333333,1.1086666666666665,1.1210000000000002,1.1300000000000001,1.0776666666666666,1.0813333333333333,1.1166666666666667,1.0993333333333333,1.0396666666666665,1.0633333333333332,1.0330000000000001,1.0103333333333333,1.1006666666666665,1.0399999999999998,1.1613333333333333,1.1646666666666665,1.1566666666666667,1.1693333333333331
840,0.9846666666666666,0.9613333333333333,0.9963333333333333,0.9736666666666666,0.9663333333333334,0.9580000000000001,0.9816666666666666,0.9553333333333333,0.999,1.023,0.9886666666666667,1.046,0.9693333333333333,0.9470000000000001,0.89,0.9283333333333333,1.0003333333333333,1.2016666666666667,1.0330000000000001,1.0810000000000002,1.0753333333333333,1.0476666666666665,1.042,1.0106666666666666,1.0423333333333333,0.9969999999999999,1.005,0.9863333333333334,1.014,0.9899999999999999,1.021,0.9983333333333334,0.9836666666666666,0.9753333333333333,1.0053333333333334,0.9703333333333334,0.9996666666666667,0.9753333333333334,0.968,1.003,0.9846666666666667,0.9763333333333333,0.963,0.9666666666666667,0.961,0.9883333333333333,0.988,0.992,0.971,0.9580000000000001,1.0423333333333333,0.992,0.9366666666666666,1.018,1.0193333333333332,1.0466666666666666,1.0143333333333333,1.0050000000000001,0.9996666666666666,1.018,1.0396666666666667,0.9966666666666666,1.01,1.015,1.0050000000000001,1.0263333333333333,1.0396666666666665,1.053,1.0410000000000001,1.019,1.0546666666666666,1.0176666666666667,1.0693333333333335,1.0633333333333332,1.0906666666666667,1.1046666666666667,1.1196666666666666,1.0616666666666668,1.0753333333333333,1.0936666666666668,1.0783333333333334,1.037,1.0493333333333335,1.0243333333333335,0.9969999999999999,1.089,1.0306666666666666,1.1509999999999998,1.1543333333333334,1.1483333333333332,1.1623333333333334
860,0.9870000000000001,0.9646666666666667,1.0036666666666667,0.9743333333333334,0.9713333333333333,0.9659999999999999,0.9889999999999999,0.9543333333333334,1.0103333333333333,1.0123333333333333,1.0123333333333333,1.0466666666666666,0.9713333333333333,0.9516666666666667,0.8936666666666667,0.9346666666666668,1.0103333333333333,1.206,1.0453333333333332,1.0946666666666667,1.082,1.054,1.0463333333333333,1.0136666666666667,1.053,1.0083333333333333,1.0156666666666665,0.996,1.0246666666666666,1.0013333333333334,1.0313333333333332,1.0046666666666668,0.9976666666666666,0.9753333333333333,1.0223333333333333,0.9656666666666666,1.0033333333333332,0.9856666666666666,0.9783333333333332,1.0226666666666666,0.9940000000000001,0.9853333333333333,0.9656666666666668,0.9733333333333333,0.9676666666666666,0.9939999999999999,0.9969999999999999,0.987,0.977,0.9516666666666665,1.043,1.0023333333333333,0.9460000000000001,1.029,1.0096666666666667,1.0436666666666667,1.0276666666666667,0.9993333333333333,1.0106666666666666,1.0196666666666667,1.0493333333333335,1.014,1.0246666666666666,1.0336666666666667,1.013,1.0446666666666669,1.0753333333333333,1.0706666666666667,1.0530000000000002,1.025,1.0676666666666668,1.022,1.0810000000000002,1.0716666666666665,1.1103333333333334,1.127,1.1276666666666666,1.0763333333333334,1.0976666666666668,1.1073333333333333,1.1026666666666667,1.0366666666666664,1.0663333333333334,1.0293333333333334,1.005,1.1023333333333334,1.042,1.1689999999999998,1.1713333333333333,1.1633333333333333,1.1753333333333333
880,0.987,0.9663333333333334,1.005,0.9793333333333334,0.9766666666666666,0.9676666666666667,0.9953333333333333,0.9540000000000001,1.0133333333333334,1.0243333333333333,0.9973333333333333,1.0553333333333335,0.9659999999999999,0.956,0.8983333333333334,0.935,1.0203333333333333,1.219,1.0443333333333333,1.094,1.0876666666666666,1.0613333333333335,1.055,1.0176666666666667,1.05,1.0253333333333334,1.02,0.9946666666666667,1.0306666666666666,0.9973333333333333,1.0359999999999998,1.0063333333333333,0.992,0.9856666666666666,1.0250000000000001,0.9676666666666667,1.0033333333333332,0.9846666666666666,0.9856666666666666,1.0173333333333334,1.0070000000000001,0.9846666666666667,0.964,0.972,0.9666666666666667,0.9986666666666667,1.0033333333333334,0.9883333333333333,0.9743333333333334,0.9470000000000001,1.0493333333333332,1.0073333333333334,0.9546666666666667,1.0176666666666667,1.0043333333333333,1.051,1.0156666666666665,0.9976666666666666,1.0119999999999998,1.023,1.063,1.0113333333333332,1.0353333333333332,1.0356666666666665,1.0203333333333333,1.0266666666666666,1.086,1.0823333333333334,1.0503333333333333,1.0266666666666666,1.0693333333333335,1.0203333333333333,1.0786666666666667,1.067,1.1103333333333334,1.1343333333333332,1.1323333333333334,1.0626666666666666,1.0883333333333334,1.1086666666666667,1.0793333333333333,1.0363333333333333,1.0650000000000002,1.0316666666666665,1.0053333333333334,1.1066666666666667,1.0416666666666667,1.1703333333333334,1.1723333333333332,1.171,1.188
900,0.9906666666666667,0.9646666666666667,1.0133333333333334,0.9786666666666667,0.9753333333333334,0.9686666666666667,0.9956666666666666,0.963,1.0259999999999998,1.016,1.0033333333333332,1.0556666666666665,0.9729999999999999,0.9653333333333333,0.906,0.9386666666666666,1.023,1.181,1.0510000000000002,1.1053333333333333,1.091,1.0626666666666666,1.0636666666666665,1.0183333333333333,1.0583333333333333,1.0116666666666667,1.0363333333333333,1.0043333333333333,1.0486666666666666,1.0016666666666667,1.0456666666666665,1.0063333333333333,1.0066666666666666,0.9790000000000001,1.0316666666666665,0.9666666666666667,1.0106666666666666,0.996,0.9926666666666666,1.029,1.0123333333333333,0.9926666666666666,0.969,0.9766666666666667,0.973,1.002,1.0056666666666667,0.984,0.98,0.9536666666666666,1.0646666666666667,1.01,0.959,1.031,1.01,1.056,1.0296666666666665,0.9946666666666667,1.014,1.0250000000000001,1.0806666666666669,1.024,1.0376666666666667,1.0483333333333336,1.0276666666666667,1.04,1.053,1.0796666666666666,1.0536666666666668,1.037,1.0819999999999999,1.0226666666666666,1.0833333333333333,1.074,1.1466666666666667,1.155333333333333,1.1473333333333333,1.0776666666666666,1.095,1.123,1.1043333333333332,1.039,1.0806666666666667,1.027,1.0116666666666665,1.118,1.0506666666666666,1.1849999999999998,1.1906666666666668,1.1813333333333333,1.1956666666666667
920,0.9926666666666666,0.9633333333333334,1.0516666666666667,0.9756666666666666,0.975,0.9713333333333333,0.9953333333333333,0.9543333333333334,1.0276666666666667,1.0096666666666667,1.0036666666666667,1.0579999999999998,0.972,0.9613333333333333,0.9006666666666666,0.9396666666666667,1.0226666666666666,1.1893333333333331,1.0496666666666667,1.1083333333333334,1.0893333333333333,1.0576666666666668,1.0656666666666668,1.022,1.071,1.0173333333333334,1.035,1.007,1.043,1.008333333333333,1.0423333333333333,1.0186666666666666,1.0036666666666667,0.9766666666666666,1.035,0.9753333333333334,1.0076666666666665,0.9903333333333332,0.9956666666666667,1.0326666666666666,1.0130000000000001,0.9926666666666666,0.9716666666666667,0.977,0.9753333333333334,0.9979999999999999,1.0113333333333332,0.9896666666666666,0.9826666666666667,0.9493333333333333,1.0593333333333332,1.014,0.971,1.0363333333333333,1.011,1.0576666666666668,1.0313333333333332,0.996,1.0176666666666667,1.0246666666666666,1.0763333333333334,1.024,1.0393333333333332,1.0466666666666666,1.0193333333333332,1.04,1.0516666666666667,1.0766666666666664,1.068,1.0353333333333332,1.069,1.015,1.084,1.074,1.139,1.1486666666666667,1.1483333333333332,1.0803333333333334,1.0963333333333334,1.123,1.1113333333333333,1.0293333333333334,1.085,1.0263333333333333,1.0153333333333332,1.1176666666666666,1.0563333333333331,1.1876666666666666,1.191,1.1793333333333333,1.195
940,0.9803333333333333,0.9573333333333333,1.0090000000000001,0.9746666666666667,0.9653333333333333,0.9686666666666666,0.9873333333333334,0.9583333333333334,1.0026666666666666,1.0156666666666665,0.9876666666666667,1.0570000000000002,0.9633333333333333,0.9576666666666666,0.891,0.9296666666666665,1.0106666666666666,1.1863333333333332,1.039,1.0933333333333335,1.0883333333333334,1.041,1.0496666666666667,1.0136666666666667,1.0473333333333332,1.0073333333333334,1.0213333333333334,0.9969999999999999,1.0296666666666667,1.01,1.034,1.0170000000000001,0.9903333333333334,0.9726666666666666,1.018,0.9663333333333334,0.9946666666666667,0.9683333333333334,0.9793333333333334,1.0273333333333334,1.0033333333333332,0.9790000000000001,0.953,0.9700000000000001,0.9710000000000001,0.9913333333333333,0.9996666666666666,0.9736666666666668,0.9676666666666667,0.9380000000000001,1.0436666666666667,0.9993333333333334,0.955,1.0246666666666666,0.9979999999999999,1.063,1.018,0.9886666666666667,1.0073333333333334,1.0266666666666666,1.067,1.0126666666666664,1.0216666666666667,1.0346666666666666,1.0096666666666667,1.023,1.043,1.0616666666666668,1.0359999999999998,1.028,1.064,1.013,1.0706666666666667,1.0733333333333333,1.1159999999999999,1.1406666666666665,1.1206666666666667,1.076,1.0843333333333334,1.1166666666666665,1.0866666666666667,1.0303333333333333,1.0683333333333334,1.03,1.004,1.1056666666666668,1.0383333333333333,1.1813333333333333,1.1953333333333334,1.1776666666666666,1.1900000000000002
960,0.9926666666666666,0.956,1.0053333333333334,0.9693333333333333,0.965,0.9613333333333333,0.991,0.9393333333333334,1.02,1.008333333333333,1.0003333333333333,1.046,0.963,0.9550000000000001,0.8953333333333333,0.931,1.017,1.1876666666666666,1.0416666666666667,1.1013333333333335,1.089,1.0526666666666666,1.0556666666666665,1.013,1.0523333333333333,1.0173333333333334,1.032333333333333,0.9973333333333333,1.0376666666666667,1.0036666666666667,1.040333333333333,1.0113333333333334,0.9976666666666666,0.9783333333333334,1.031,0.9623333333333332,0.9986666666666665,0.9836666666666667,0.9873333333333333,1.022,0.999,0.9843333333333333,0.9546666666666667,0.976,0.9716666666666667,1.0023333333333333,1.0030000000000001,0.975,0.9686666666666666,0.9500000000000001,1.0556666666666665,1.0066666666666666,0.956,1.0323333333333335,0.9996666666666666,1.058,1.0196666666666667,0.9843333333333333,1.006,1.0256666666666667,1.07,1.0156666666666665,1.031,1.0439999999999998,1.0186666666666666,1.0363333333333333,1.051,1.0733333333333335,1.039,1.0279999999999998,1.0626666666666666,1.01,1.0746666666666667,1.0723333333333334,1.128,1.1536666666666668,1.1383333333333334,1.0733333333333335,1.0993333333333333,1.119,1.098,1.035,1.0810000000000002,1.0323333333333333,1.0063333333333333,1.1133333333333333,1.0463333333333331,1.1883333333333335,1.1993333333333334,1.1843333333333332,1.185
980,0.9820000000000001,0.9543333333333334,0.9983333333333334,0.9666666666666667,1.0023333333333333,0.9620000000000001,0.9870000000000001,0.9460000000000001,1.0106666666666666,1.0133333333333334,0.9963333333333333,1.047,0.9653333333333333,0.9493333333333333,0.8826666666666666,0.9316666666666666,1.0126666666666668,1.1666666666666667,1.0436666666666667,1.095,1.0823333333333334,1.0526666666666669,1.055,1.0169999999999997,1.0510000000000002,1.0073333333333332,1.0163333333333333,0.9946666666666667,1.0336666666666667,1.0,1.0346666666666666,1.0110000000000001,0.9946666666666667,0.9756666666666667,1.03,0.957,0.9986666666666667,0.9643333333333333,0.976,1.01,0.9980000000000001,0.9746666666666667,0.9493333333333333,0.9616666666666666,0.959,0.9883333333333333,1.0036666666666667,0.9739999999999999,0.961,0.9383333333333334,1.034,0.9956666666666667,0.9456666666666665,1.0303333333333333,0.9969999999999999,1.058,1.0123333333333333,0.9836666666666667,1.006,1.0203333333333333,1.0696666666666668,1.0093333333333332,1.0250000000000001,1.031,1.0106666666666666,1.0173333333333334,1.0386666666666666,1.0563333333333336,1.029,1.021,1.0579999999999998,0.997,1.0716666666666665,1.07,1.1166666666666665,1.1356666666666666,1.122,1.074,1.093,1.1116666666666668,1.083,1.0216666666666667,1.078,1.0193333333333332,0.9976666666666665,1.100666666666667,1.0453333333333334,1.1836666666666666,1.1873333333333334,1.1756666666666666,1.1863333333333335
1000,0.9733333333333333,0.9486666666666667,0.9973333333333333,0.969,0.9523333333333334,0.9626666666666667,0.979,0.9433333333333334,1.0023333333333333,1.0063333333333333,0.9893333333333333,1.0473333333333332,0.9536666666666666,0.9486666666666667,0.883,0.9263333333333333,1.0036666666666667,1.155,1.0373333333333334,1.0913333333333333,1.0856666666666666,1.0450000000000002,1.0543333333333333,1.0186666666666666,1.0443333333333333,1.0043333333333335,1.0190000000000001,0.9903333333333334,1.0276666666666665,0.9953333333333333,1.034,1.0056666666666667,0.9806666666666667,0.9713333333333333,1.019,0.959,0.9886666666666666,0.9563333333333333,0.9726666666666666,1.0076666666666667,0.9906666666666667,0.9660000000000001,0.9436666666666667,0.9573333333333333,0.953,0.984,0.991,0.971,0.9580000000000001,0.9366666666666666,1.037,0.9976666666666666,0.945,1.0199999999999998,0.979,1.0590000000000002,1.0076666666666667,0.9853333333333333,0.9963333333333333,1.0196666666666665,1.0653333333333332,1.0119999999999998,1.0279999999999998,1.0376666666666667,1.0093333333333334,1.0213333333333334,1.0453333333333334,1.0533333333333335,1.0256666666666667,1.0196666666666667,1.058,0.9986666666666667,1.069,1.0663333333333334,1.1263333333333332,1.1373333333333333,1.1246666666666665,1.0643333333333331,1.1036666666666666,1.11,1.0796666666666668,1.0206666666666664,1.0746666666666667,1.0236666666666665,0.9939999999999998,1.0936666666666666,1.043,1.1876666666666666,1.186,1.1740000000000002,1.1883333333333332
1020,0.9753333333333334,0.948,0.9933333333333332,0.9613333333333333,0.9579999999999999,0.9526666666666666,0.9753333333333334,0.9373333333333332,1.0026666666666666,1.0026666666666666,0.979,1.0473333333333334,0.9473333333333332,0.9460000000000001,0.8733333333333334,0.919,1.0016666666666667,1.1523333333333332,1.0283333333333333,1.0833333333333333,1.079,1.0363333333333333,1.0443333333333331,1.005,1.0423333333333333,1.0010000000000001,1.0186666666666666,0.9899999999999999,1.0296666666666667,0.9993333333333334,1.0303333333333333,1.0016666666666667,0.9786666666666667,0.9700000000000001,1.0123333333333333,0.9573333333333333,0.989,0.952,0.9703333333333332,1.0053333333333334,0.9879999999999999,0.9683333333333333,0.9386666666666666,0.9556666666666667,0.9540000000000001,0.9836666666666667,0.9893333333333333,0.9676666666666667,0.9536666666666666,0.9289999999999999,1.0316666666666665,0.9773333333333333,0.9443333333333334,1.0066666666666666,0.9796666666666667,1.0493333333333335,0.9983333333333334,0.9773333333333333,0.9833333333333333,1.0253333333333332,1.0586666666666666,1.0013333333333332,1.016,1.0296666666666667,1.0053333333333334,1.0156666666666665,1.032333333333333,1.0523333333333333,1.0303333333333333,1.019,1.0496666666666667,1.0003333333333333,1.0576666666666668,1.0683333333333334,1.1096666666666666,1.1286666666666667,1.122,1.0546666666666666,1.0903333333333334,1.1136666666666668,1.0813333333333333,1.021,1.0663333333333334,1.022,0.9903333333333334,1.0936666666666668,1.037,1.1773333333333333,1.1923333333333332,1.172,1.1813333333333336
1040,0.984,0.9396666666666667,0.9803333333333333,0.9486666666666667,0.9363333333333334,0.951,0.964,0.926,0.9873333333333333,0.9940000000000001,0.9686666666666666,1.0453333333333334,0.9403333333333332,0.9233333333333335,0.8569999999999999,0.9066666666666667,0.9833333333333334,1.1363333333333332,1.0193333333333332,1.071,1.0676666666666668,1.0223333333333333,1.025,1.0093333333333334,1.0316666666666665,0.993,0.9963333333333333,0.9756666666666667,0.9973333333333333,0.984,1.0173333333333332,0.9853333333333333,0.9603333333333333,0.963,0.9913333333333333,0.9543333333333334,0.9766666666666667,0.9293333333333335,0.9463333333333334,0.9846666666666667,0.9663333333333334,0.9470000000000001,0.922,0.9369999999999999,0.9383333333333335,0.9736666666666666,0.9756666666666667,0.9613333333333333,0.9343333333333333,0.9186666666666667,1.0043333333333333,0.9633333333333333,0.9056666666666667,0.9979999999999999,0.956,1.0363333333333333,0.9803333333333333,0.9786666666666667,0.9746666666666667,1.0196666666666667,1.0276666666666667,0.9883333333333333,1.0043333333333333,0.999,0.9866666666666667,1.007,1.0176666666666667,1.0233333333333332,1.0056666666666667,0.9996666666666666,1.0426666666666666,0.989,1.0463333333333333,1.0603333333333333,1.0866666666666667,1.108666666666667,1.1046666666666667,1.0556666666666665,1.075,1.095,1.0546666666666666,1.0103333333333333,1.0566666666666666,1.0199999999999998,0.976,1.0753333333333333,1.0253333333333332,1.167,1.1706666666666665,1.1700000000000002,1.1746666666666667
1060,0.9713333333333333,0.943,0.9983333333333334,0.9543333333333331,0.9563333333333333,0.953,0.98,0.931,1.0093333333333332,0.9946666666666667,0.9833333333333334,1.0383333333333333,0.9536666666666666,0.9446666666666665,0.879,0.9193333333333333,1.0046666666666668,1.148,1.038,1.0963333333333332,1.0773333333333335,1.0426666666666666,1.0626666666666666,1.01,1.0436666666666665,1.0110000000000001,1.024,0.989,1.0316666666666665,0.993,1.0376666666666665,0.9953333333333333,0.9863333333333334,0.9706666666666667,1.016,0.9486666666666667,0.9893333333333333,0.9623333333333334,0.9753333333333334,1.016333333333333,0.9856666666666666,0.9673333333333334,0.9380000000000001,0.9546666666666667,0.9586666666666667,0.9853333333333333,0.9913333333333334,0.9656666666666668,0.9553333333333333,0.9246666666666666,1.0336666666666667,0.9886666666666667,0.9393333333333334,1.018,0.9766666666666666,1.0503333333333333,1.049,0.9793333333333333,0.9873333333333334,1.0199999999999998,1.0730000000000002,1.0053333333333334,1.0243333333333335,1.0363333333333333,0.9979999999999999,1.0313333333333332,1.032333333333333,1.0463333333333333,1.0213333333333332,1.01,1.054,0.9940000000000001,1.07,1.07,1.1233333333333333,1.1366666666666667,1.1273333333333333,1.0623333333333334,1.0963333333333336,1.097,1.0873333333333333,1.0113333333333332,1.0706666666666667,1.0279999999999998,0.9926666666666666,1.095,1.043,1.184,1.191,1.1893333333333331,1.1913333333333334
1080,0.9663333333333334,0.9386666666666666,0.988,0.9503333333333334,0.9463333333333334,0.947,0.9806666666666667,0.922,1.0,0.9936666666666666,0.975,1.0356666666666667,0.9393333333333334,0.935,0.8663333333333334,0.9090000000000001,1.0016666666666667,1.1383333333333334,1.0256666666666667,1.0803333333333334,1.0756666666666665,1.0253333333333332,1.0339999999999998,1.0026666666666666,1.038,1.002,1.0183333333333333,0.9843333333333333,1.0306666666666666,0.9826666666666667,1.0286666666666664,0.991,0.9816666666666668,0.96,1.0033333333333332,0.9466666666666667,0.9803333333333333,0.9473333333333332,0.969,1.0013333333333334,0.9816666666666668,0.957,0.9266666666666667,0.947,0.9460000000000001,0.9780000000000001,0.9803333333333333,0.956,0.9413333333333332,0.918,1.022,0.9663333333333334,0.935,0.9976666666666666,0.9673333333333334,1.041,1.0206666666666666,0.972,0.9823333333333334,1.0216666666666667,1.0466666666666669,0.999,1.0153333333333334,1.0176666666666667,0.9906666666666667,1.0263333333333333,1.0266666666666666,1.0553333333333332,1.0203333333333333,1.0076666666666667,1.0573333333333335,0.9943333333333332,1.0626666666666666,1.0673333333333332,1.1059999999999999,1.123,1.1196666666666666,1.059,1.087,1.0993333333333333,1.0806666666666667,1.0090000000000001,1.0643333333333331,1.0313333333333334,0.9866666666666667,1.0856666666666666,1.034,1.176,1.186,1.1876666666666666,1.1966666666666665
1100,0.9673333333333333,0.9593333333333334,0.991,0.9576666666666668,0.9463333333333331,0.9476666666666667,0.9683333333333333,0.9336666666666668,0.9976666666666668,0.9993333333333334,0.9753333333333334,1.0386666666666666,0.9470000000000001,0.939,0.8746666666666666,0.9213333333333334,1.0026666666666666,1.1343333333333334,1.0296666666666665,1.0876666666666666,1.0773333333333335,1.0293333333333334,1.0396666666666665,1.0123333333333333,1.0393333333333334,1.005,1.0193333333333332,0.984,1.025,0.987,1.0250000000000001,1.0023333333333333,0.9813333333333333,0.9593333333333333,1.0116666666666667,0.949,0.9856666666666666,0.96,0.9726666666666667,1.007,0.9859999999999999,0.9616666666666666,0.9323333333333333,0.9526666666666666,0.9473333333333332,0.9786666666666667,0.9866666666666667,0.9596666666666667,0.9486666666666667,0.918,1.0270000000000001,0.976,0.9373333333333335,0.9976666666666666,0.9803333333333333,1.046,0.9933333333333333,0.9699999999999999,0.9876666666666667,1.0183333333333333,1.056,1.002,1.0253333333333332,1.0353333333333332,1.007,1.028333333333333,1.0386666666666666,1.0486666666666666,1.029,1.0106666666666666,1.0496666666666667,0.9853333333333333,1.0663333333333334,1.067,1.1146666666666667,1.135,1.1373333333333333,1.068,1.0910000000000002,1.0986666666666667,1.0913333333333333,1.0026666666666666,1.0763333333333331,1.0203333333333333,0.9903333333333334,1.093,1.0433333333333332,1.18,1.1876666666666666,1.1829999999999998,1.1929999999999998
1120,0.9603333333333333,0.9266666666666667,0.983,0.9416666666666665,0.9383333333333334,0.935,0.9693333333333333,0.9153333333333333,0.9899999999999999,0.9883333333333333,0.9683333333333334,1.029,0.9313333333333335,0.9296666666666665,0.8526666666666666,0.9073333333333334,0.9806666666666667,1.12,1.023,1.0736666666666668,1.0693333333333335,1.0203333333333333,1.0356666666666665,1.0003333333333335,1.0279999999999998,0.9936666666666666,1.0056666666666665,0.98,1.0043333333333333,0.9733333333333333,1.0213333333333334,0.9923333333333333,0.9626666666666667,0.9536666666666666,0.996,0.9433333333333334,0.9766666666666666,0.9386666666666666,0.9493333333333333,0.9886666666666667,0.9606666666666666,0.9423333333333334,0.9173333333333334,0.9396666666666667,0.9333333333333332,0.967,0.9666666666666667,0.9536666666666666,0.9336666666666668,0.9090000000000001,1.0183333333333333,0.9546666666666667,0.9143333333333334,0.9873333333333333,0.976,1.0433333333333332,0.9779999999999999,0.969,0.9729999999999999,1.0116666666666667,1.0426666666666666,0.9939999999999999,1.0066666666666666,1.01,0.9806666666666667,1.0126666666666668,1.0210000000000001,1.0293333333333334,1.0106666666666666,0.9956666666666667,1.0393333333333332,0.977,1.0523333333333333,1.0546666666666666,1.098,1.108,1.1039999999999999,1.0486666666666669,1.0723333333333331,1.0896666666666668,1.0553333333333332,1.0013333333333332,1.0563333333333336,1.0193333333333332,0.9853333333333333,1.0776666666666668,1.03,1.1716666666666666,1.1643333333333332,1.1823333333333335,1.1849999999999998
1140,0.9543333333333331,0.926,0.979,0.9400000000000001,0.9373333333333335,0.935,0.965,0.9086666666666666,0.9863333333333332,0.983,0.9686666666666667,1.0273333333333332,0.9343333333333333,0.932,0.8586666666666667,0.9023333333333333,0.9809999999999999,1.1133333333333333,1.0236666666666665,1.0683333333333334,1.062,1.0106666666666666,1.0233333333333332,0.999,1.0283333333333333,0.9889999999999999,1.0036666666666667,0.9736666666666666,1.0133333333333334,0.9663333333333334,1.0203333333333333,0.979,0.9656666666666668,0.951,0.9963333333333333,0.943,0.9733333333333333,0.9356666666666666,0.953,0.9943333333333332,0.9643333333333333,0.943,0.9173333333333334,0.9383333333333335,0.9406666666666667,0.9656666666666666,0.969,0.9523333333333333,0.9323333333333332,0.9043333333333333,1.0043333333333333,0.9580000000000001,0.9213333333333334,0.9826666666666667,0.9683333333333333,1.0313333333333332,0.9963333333333333,0.9666666666666667,0.9713333333333333,1.0123333333333333,1.0223333333333333,0.9856666666666666,1.0066666666666666,1.0136666666666665,0.9809999999999999,1.0146666666666666,1.022,1.024,1.0076666666666667,0.9896666666666666,1.0446666666666669,0.983,1.0439999999999998,1.0543333333333333,1.086,1.1013333333333333,1.1063333333333334,1.0436666666666667,1.078,1.075,1.0653333333333335,0.9936666666666666,1.0683333333333334,1.0176666666666667,0.9756666666666667,1.0726666666666667,1.025,1.164,1.1786666666666668,1.1833333333333333,1.184
1160,0.9576666666666666,0.9266666666666667,0.9853333333333333,0.941,0.9406666666666667,0.9313333333333333,0.9656666666666668,0.9143333333333334,0.987,0.9863333333333332,0.9673333333333334,1.0196666666666665,0.9353333333333333,0.9336666666666668,0.8626666666666667,0.908,0.992,1.1073333333333333,1.0213333333333334,1.0783333333333334,1.0646666666666669,1.0223333333333333,1.0273333333333332,0.9969999999999999,1.0296666666666667,0.9936666666666666,1.008,0.9723333333333333,1.0206666666666666,0.9673333333333333,1.0226666666666666,0.9843333333333334,0.9643333333333333,0.9503333333333334,1.0016666666666667,0.941,0.9753333333333334,0.9496666666666668,0.9583333333333334,1.003,0.9739999999999999,0.9493333333333333,0.918,0.9416666666666668,0.9390000000000001,0.968,0.973,0.9543333333333334,0.9376666666666665,0.9086666666666666,1.0136666666666665,0.9593333333333334,0.9390000000000001,0.9809999999999999,0.975,1.039,0.984,0.9633333333333334,0.9686666666666666,1.0103333333333333,1.039,0.9936666666666666,1.008,1.0216666666666667,0.9826666666666667,1.0199999999999998,1.0283333333333333,1.0346666666666666,1.0196666666666667,0.9866666666666667,1.0373333333333334,0.9780000000000001,1.051,1.0493333333333332,1.1056666666666668,1.11,1.116,1.0453333333333334,1.0776666666666668,1.083,1.081,0.9916666666666667,1.0633333333333332,1.0190000000000001,0.9809999999999999,1.0806666666666667,1.0339999999999998,1.171,1.1703333333333334,1.1866666666666668,1.1913333333333334
1180,0.9536666666666666,0.9186666666666667,0.9806666666666667,0.9400000000000001,0.9316666666666666,0.9296666666666668,0.9620000000000001,0.9143333333333333,0.9873333333333333,0.9763333333333333,0.963,1.016,0.9306666666666666,0.9249999999999999,0.852,0.8996666666666666,0.987,1.1023333333333334,1.0196666666666667,1.0686666666666667,1.0590000000000002,1.0183333333333333,1.027,0.9923333333333333,1.0253333333333332,0.9976666666666666,1.0043333333333333,0.9659999999999999,1.0103333333333333,0.965,1.0170000000000001,0.9756666666666666,0.9676666666666667,0.935,0.999,0.9289999999999999,0.9736666666666666,0.9420000000000001,0.9483333333333333,0.988,0.9683333333333333,0.9393333333333334,0.9183333333333334,0.9313333333333333,0.928,0.9633333333333334,0.9683333333333333,0.943,0.9346666666666666,0.9106666666666667,1.0013333333333332,0.9516666666666667,0.9216666666666665,0.9756666666666666,0.96,1.0233333333333334,0.9873333333333333,0.953,0.975,0.9996666666666667,1.032,0.996,1.0050000000000001,1.0133333333333334,0.9843333333333333,1.021,1.026,1.024333333333333,1.0113333333333332,0.9876666666666667,1.037,0.9656666666666668,1.0426666666666666,1.0486666666666666,1.098,1.0976666666666668,1.0996666666666666,1.04,1.071,1.0856666666666666,1.0606666666666664,0.9793333333333333,1.0606666666666666,1.013,0.9786666666666667,1.0773333333333335,1.0286666666666666,1.1656666666666666,1.168,1.189,1.1876666666666666
1200,0.9516666666666667,0.9206666666666666,0.9793333333333333,0.943,0.9333333333333335,0.9313333333333333,0.9636666666666667,0.9143333333333334,0.9883333333333333,0.9780000000000001,0.9619999999999999,1.018,0.9336666666666668,0.9283333333333333,0.8576666666666667,0.9006666666666666,1.0096666666666667,1.0926666666666667,1.019,1.0713333333333332,1.059,1.0166666666666666,1.0246666666666666,0.9963333333333333,1.0293333333333334,0.9913333333333334,1.0103333333333333,0.979,1.0086666666666666,0.9753333333333333,1.0133333333333334,0.985,0.9666666666666667,0.9423333333333334,1.006,0.9359999999999999,0.972,0.9430000000000001,0.9526666666666667,0.9969999999999999,0.9676666666666667,0.9403333333333334,0.9136666666666667,0.9356666666666666,0.9376666666666668,0.9633333333333333,0.9659999999999999,0.9466666666666667,0.934,0.9006666666666666,1.0063333333333333,0.9620000000000001,0.9226666666666666,0.9876666666666667,0.9733333333333333,1.0316666666666667,0.983,0.9546666666666667,0.9736666666666666,0.9983333333333334,1.0386666666666666,0.9916666666666666,1.0063333333333333,1.017,0.9806666666666666,1.014,1.0213333333333334,1.0183333333333333,1.0063333333333333,0.9813333333333333,1.0363333333333333,0.9636666666666667,1.044,1.0463333333333333,1.102,1.1050000000000002,1.1033333333333335,1.054,1.0723333333333336,1.0863333333333334,1.0623333333333331,0.979,1.062,1.0146666666666666,0.979,1.0816666666666668,1.034,1.1686666666666667,1.1613333333333333,1.1873333333333334,1.1909999999999998
