Well,Content,Group,Blank corrected based on Raw Data (600 1),Blank corrected based on Raw Data (600 1),Blank corrected based on Raw Data (600 1),Blank corrected based on Raw Data (600 1),Blank corrected based on Raw Data (600 1),Blank corrected based on Raw Data (600 1),Blank corrected based on Raw Data (600 1),Blank corrected based on Raw Data (600 1),Blank corrected based on Raw Data (600 1),Blank corrected based on Raw Data (600 1),Blank corrected based on Raw Data (600 1),Blank corrected based on Raw Data (600 1),Blank corrected based on Raw Data (600 1),Blank corrected based on Raw Data (600 1),Blank corrected based on Raw Data (600 1),Blank corrected based on Raw Data (600 1),Blank corrected based on Raw Data (600 1),Blank corrected based on Raw Data (600 1),Blank corrected based on Raw Data (600 1),Blank corrected based on Raw Data (600 1),Blank corrected based on Raw Data (600 1),Blank corrected based on Raw Data (600 1),Blank corrected based on Raw Data (600 1),Blank corrected based on Raw Data (600 1),Blank corrected based on Raw Data (600 1),Blank corrected based on Raw Data (600 1),Blank corrected based on Raw Data (600 1),Blank corrected based on Raw Data (600 1),Blank corrected based on Raw Data (600 1),Blank corrected based on Raw Data (600 1),Blank corrected based on Raw Data (600 1),Blank corrected based on Raw Data (600 1),Blank corrected based on Raw Data (600 1),Blank corrected based on Raw Data (600 1),Blank corrected based on Raw Data (600 1),Blank corrected based on Raw Data (600 1),Blank corrected based on Raw Data (600 1),Blank corrected based on Raw Data (600 1),Blank corrected based on Raw Data (600 1),Blank corrected based on Raw Data (600 1),Blank corrected based on Raw Data (600 1),Blank corrected based on Raw Data (600 1),Blank corrected based on Raw Data (600 1),Blank corrected based on Raw Data (600 1),Blank corrected based on Raw Data (600 1),Blank corrected based on Raw Data (600 1), Blank corrected based on Raw Data (485-12 4), Blank corrected based on Raw Data (485-12 4), Blank corrected based on Raw Data (485-12 4), Blank corrected based on Raw Data (485-12 4), Blank corrected based on Raw Data (485-12 4), Blank corrected based on Raw Data (485-12 4), Blank corrected based on Raw Data (485-12 4), Blank corrected based on Raw Data (485-12 4), Blank corrected based on Raw Data (485-12 4), Blank corrected based on Raw Data (485-12 4), Blank corrected based on Raw Data (485-12 4), Blank corrected based on Raw Data (485-12 4), Blank corrected based on Raw Data (485-12 4), Blank corrected based on Raw Data (485-12 4), Blank corrected based on Raw Data (485-12 4), Blank corrected based on Raw Data (485-12 4), Blank corrected based on Raw Data (485-12 4), Blank corrected based on Raw Data (485-12 4), Blank corrected based on Raw Data (485-12 4), Blank corrected based on Raw Data (485-12 4), Blank corrected based on Raw Data (485-12 4), Blank corrected based on Raw Data (485-12 4), Blank corrected based on Raw Data (485-12 4), Blank corrected based on Raw Data (485-12 4), Blank corrected based on Raw Data (485-12 4), Blank corrected based on Raw Data (485-12 4), Blank corrected based on Raw Data (485-12 4), Blank corrected based on Raw Data (485-12 4), Blank corrected based on Raw Data (485-12 4), Blank corrected based on Raw Data (485-12 4), Blank corrected based on Raw Data (485-12 4), Blank corrected based on Raw Data (485-12 4), Blank corrected based on Raw Data (485-12 4), Blank corrected based on Raw Data (485-12 4), Blank corrected based on Raw Data (485-12 4), Blank corrected based on Raw Data (485-12 4), Blank corrected based on Raw Data (485-12 4), Blank corrected based on Raw Data (485-12 4), Blank corrected based on Raw Data (485-12 4), Blank corrected based on Raw Data (485-12 4), Blank corrected based on Raw Data (485-12 4), Blank corrected based on Raw Data (485-12 4), Blank corrected based on Raw Data (485-12 4), Blank corrected based on Raw Data (485-12 4), Blank corrected based on Raw Data (485-12 4), Blank corrected based on Raw Data (485-12 4), Blank corrected based on Raw Data (485-12 3), Blank corrected based on Raw Data (485-12 3), Blank corrected based on Raw Data (485-12 3), Blank corrected based on Raw Data (485-12 3), Blank corrected based on Raw Data (485-12 3), Blank corrected based on Raw Data (485-12 3), Blank corrected based on Raw Data (485-12 3), Blank corrected based on Raw Data (485-12 3), Blank corrected based on Raw Data (485-12 3), Blank corrected based on Raw Data (485-12 3), Blank corrected based on Raw Data (485-12 3), Blank corrected based on Raw Data (485-12 3), Blank corrected based on Raw Data (485-12 3), Blank corrected based on Raw Data (485-12 3), Blank corrected based on Raw Data (485-12 3), Blank corrected based on Raw Data (485-12 3), Blank corrected based on Raw Data (485-12 3), Blank corrected based on Raw Data (485-12 3), Blank corrected based on Raw Data (485-12 3), Blank corrected based on Raw Data (485-12 3), Blank corrected based on Raw Data (485-12 3), Blank corrected based on Raw Data (485-12 3), Blank corrected based on Raw Data (485-12 3), Blank corrected based on Raw Data (485-12 3), Blank corrected based on Raw Data (485-12 3), Blank corrected based on Raw Data (485-12 3), Blank corrected based on Raw Data (485-12 3), Blank corrected based on Raw Data (485-12 3), Blank corrected based on Raw Data (485-12 3), Blank corrected based on Raw Data (485-12 3), Blank corrected based on Raw Data (485-12 3), Blank corrected based on Raw Data (485-12 3), Blank corrected based on Raw Data (485-12 3), Blank corrected based on Raw Data (485-12 3), Blank corrected based on Raw Data (485-12 3), Blank corrected based on Raw Data (485-12 3), Blank corrected based on Raw Data (485-12 3), Blank corrected based on Raw Data (485-12 3), Blank corrected based on Raw Data (485-12 3), Blank corrected based on Raw Data (485-12 3), Blank corrected based on Raw Data (485-12 3), Blank corrected based on Raw Data (485-12 3), Blank corrected based on Raw Data (485-12 3), Blank corrected based on Raw Data (485-12 3), Blank corrected based on Raw Data (485-12 3), Blank corrected based on Raw Data (485-12 3), Blank corrected based on Raw Data (485-12 2), Blank corrected based on Raw Data (485-12 2), Blank corrected based on Raw Data (485-12 2), Blank corrected based on Raw Data (485-12 2), Blank corrected based on Raw Data (485-12 2), Blank corrected based on Raw Data (485-12 2), Blank corrected based on Raw Data (485-12 2), Blank corrected based on Raw Data (485-12 2), Blank corrected based on Raw Data (485-12 2), Blank corrected based on Raw Data (485-12 2), Blank corrected based on Raw Data (485-12 2), Blank corrected based on Raw Data (485-12 2), Blank corrected based on Raw Data (485-12 2), Blank corrected based on Raw Data (485-12 2), Blank corrected based on Raw Data (485-12 2), Blank corrected based on Raw Data (485-12 2), Blank corrected based on Raw Data (485-12 2), Blank corrected based on Raw Data (485-12 2), Blank corrected based on Raw Data (485-12 2), Blank corrected based on Raw Data (485-12 2), Blank corrected based on Raw Data (485-12 2), Blank corrected based on Raw Data (485-12 2), Blank corrected based on Raw Data (485-12 2), Blank corrected based on Raw Data (485-12 2), Blank corrected based on Raw Data (485-12 2), Blank corrected based on Raw Data (485-12 2), Blank corrected based on Raw Data (485-12 2), Blank corrected based on Raw Data (485-12 2), Blank corrected based on Raw Data (485-12 2), Blank corrected based on Raw Data (485-12 2), Blank corrected based on Raw Data (485-12 2), Blank corrected based on Raw Data (485-12 2), Blank corrected based on Raw Data (485-12 2), Blank corrected based on Raw Data (485-12 2), Blank corrected based on Raw Data (485-12 2), Blank corrected based on Raw Data (485-12 2), Blank corrected based on Raw Data (485-12 2), Blank corrected based on Raw Data (485-12 2), Blank corrected based on Raw Data (485-12 2), Blank corrected based on Raw Data (485-12 2), Blank corrected based on Raw Data (485-12 2), Blank corrected based on Raw Data (485-12 2), Blank corrected based on Raw Data (485-12 2), Blank corrected based on Raw Data (485-12 2), Blank corrected based on Raw Data (485-12 2), Blank corrected based on Raw Data (485-12 2)
Well,Content,Group,0 h ,0 h 20 min,0 h 40 min,1 h ,1 h 20 min,1 h 40 min,2 h ,2 h 20 min,2 h 40 min,3 h ,3 h 20 min,3 h 40 min,4 h ,4 h 20 min,4 h 40 min,5 h ,5 h 20 min,5 h 40 min,6 h ,6 h 20 min,6 h 40 min,7 h ,7 h 20 min,7 h 40 min,8 h ,8 h 20 min,8 h 40 min,9 h ,9 h 20 min,9 h 40 min,10 h ,10 h 20 min,10 h 40 min,11 h ,11 h 20 min,11 h 40 min,12 h ,12 h 20 min,12 h 40 min,13 h ,13 h 20 min,13 h 40 min,14 h ,14 h 20 min,14 h 40 min,15 h ,0 h ,0 h 20 min,0 h 40 min,1 h ,1 h 20 min,1 h 40 min,2 h ,2 h 20 min,2 h 40 min,3 h ,3 h 20 min,3 h 40 min,4 h ,4 h 20 min,4 h 40 min,5 h ,5 h 20 min,5 h 40 min,6 h ,6 h 20 min,6 h 40 min,7 h ,7 h 20 min,7 h 40 min,8 h ,8 h 20 min,8 h 40 min,9 h ,9 h 20 min,9 h 40 min,10 h ,10 h 20 min,10 h 40 min,11 h ,11 h 20 min,11 h 40 min,12 h ,12 h 20 min,12 h 40 min,13 h ,13 h 20 min,13 h 40 min,14 h ,14 h 20 min,14 h 40 min,15 h ,0 h ,0 h 20 min,0 h 40 min,1 h ,1 h 20 min,1 h 40 min,2 h ,2 h 20 min,2 h 40 min,3 h ,3 h 20 min,3 h 40 min,4 h ,4 h 20 min,4 h 40 min,5 h ,5 h 20 min,5 h 40 min,6 h ,6 h 20 min,6 h 40 min,7 h ,7 h 20 min,7 h 40 min,8 h ,8 h 20 min,8 h 40 min,9 h ,9 h 20 min,9 h 40 min,10 h ,10 h 20 min,10 h 40 min,11 h ,11 h 20 min,11 h 40 min,12 h ,12 h 20 min,12 h 40 min,13 h ,13 h 20 min,13 h 40 min,14 h ,14 h 20 min,14 h 40 min,15 h ,0 h ,0 h 20 min,0 h 40 min,1 h ,1 h 20 min,1 h 40 min,2 h ,2 h 20 min,2 h 40 min,3 h ,3 h 20 min,3 h 40 min,4 h ,4 h 20 min,4 h 40 min,5 h ,5 h 20 min,5 h 40 min,6 h ,6 h 20 min,6 h 40 min,7 h ,7 h 20 min,7 h 40 min,8 h ,8 h 20 min,8 h 40 min,9 h ,9 h 20 min,9 h 40 min,10 h ,10 h 20 min,10 h 40 min,11 h ,11 h 20 min,11 h 40 min,12 h ,12 h 20 min,12 h 40 min,13 h ,13 h 20 min,13 h 40 min,14 h ,14 h 20 min,14 h 40 min,15 h 
A01,Sample X1,A,0.029,0.027,-2.413,0.04,0.058,0.094,0.168,0.284,0.394,0.53,0.684,0.949,1.005,1.061,1.065,1.084,1.136,1.181,1.244,1.286,1.303,1.31,1.37,1.393,1.422,1.432,1.436,1.444,1.482,1.464,1.477,1.467,1.455,1.48,1.441,1.475,1.457,1.47,1.448,1.459,1.457,1.436,1.446,1.423,1.432,1.432,143.5,93,99.5,100.5,104,124,136,181,236,359.5,647,944,1260.5,1603.5,1937,2242,2481,2696.5,2900.5,3068.5,3219.5,3380,3472,3611.5,3684,3788.5,3852.5,4010.5,4063,4134,4210,4238.5,4309,4382.5,4440.5,4450.5,4538,4577,4676.5,4703,4727.5,4804,4886.5,4923.5,4963.5,4959.5,76.5,65.5,43.5,54.5,61,56,81.5,95.5,132.5,193,331,494.5,649,821,1000,1166.5,1275.5,1408.5,1503.5,1598,1669.5,1748,1818,1860,1934.5,1976,2043,2071,2109.5,2158,2188.5,2194,2236.5,2275,2310.5,2325,2352,2382,2413,2460.5,2481.5,2474,2519,2522.5,2564,2570.5,32,27.5,31.5,34,26.5,30,45,48,56,99,163,247.5,320.5,397.5,482.5,557,629,682,731,771,806,836.5,889.5,902.5,944.5,984,1000.5,1013,1029.5,1049,1053,1072,1095,1107.5,1132,1137,1144,1162.5,1173.5,1196.5,1216.5,1220.5,1233.5,1241.5,1263,1268
A02,Sample X2,A,0.028,0.034,0,0.04,0.065,0.1,0.16,0.266,0.384,0.507,0.638,0.869,1.017,1.027,1.085,1.081,1.164,1.168,1.238,1.284,1.322,1.3,1.364,1.416,1.387,1.407,1.429,1.429,1.464,1.456,1.446,1.424,1.432,1.438,1.432,1.439,1.424,1.444,1.428,1.444,1.445,1.42,1.425,1.405,1.417,1.413,42.5,54,39.5,70.5,57,71,91,143,181,357.5,918,1567,2067.5,2610.5,3209,3699,4046,4278.5,4502.5,4684.5,4856.5,4951,5045,5209.5,5263,5334.5,5405.5,5541.5,5601,5614,5684,5715.5,5771,5836.5,5858.5,5881.5,5986,6002,6075.5,6095,6096.5,6179,6239.5,6229.5,6284.5,6316.5,25.5,34.5,15.5,35.5,25,37,50.5,66.5,108.5,192,486,816.5,1085,1366,1660,1921.5,2102.5,2228.5,2338.5,2408,2491.5,2576,2608,2675,2729.5,2773,2820,2855,2889.5,2931,2954.5,2959,2997.5,3036,3075.5,3088,3091,3124,3139,3152.5,3172.5,3209,3226,3265.5,3274,3292.5,16,20.5,23.5,17,14.5,19,35,33,49,89,234,392.5,520.5,653.5,794.5,924,1008,1079,1129,1176,1214,1240.5,1272.5,1297.5,1325.5,1352,1381.5,1393,1397.5,1423,1421,1446,1459,1468.5,1486,1492,1508,1523.5,1539.5,1538.5,1562.5,1574.5,1577.5,1583.5,1587,1593
A03,Sample X3,A,0.061,0.03,0,0.034,0.052,0.093,0.156,0.249,0.36,0.488,0.616,0.824,0.996,1.044,1.088,1.08,1.157,1.18,1.268,1.289,1.339,1.312,1.37,1.428,1.409,1.422,1.468,1.487,1.472,1.481,1.464,1.443,1.45,1.492,1.446,1.499,1.446,1.451,1.442,1.463,1.463,1.427,1.447,1.425,1.424,1.435,96.5,57,69.5,72.5,55,62,115,122,195,497.5,2016,4598,6599.5,8274.5,10513,12552,13971,15029.5,15578.5,16030.5,16392.5,16613,16941,17079.5,17231,17421.5,17643.5,17855.5,17916,17891,18048,18308.5,18321,18404.5,18604.5,18631.5,18829,18849,19143.5,18952,19150.5,19014,19191.5,19278.5,19340.5,19278.5,51.5,33.5,25.5,32.5,42,32,57.5,72.5,116.5,255,1028,2346.5,3404,4272,5471,6502.5,7217.5,7782.5,8097.5,8256,8437.5,8623,8742,8828,8947.5,9006,9119,9215,9302.5,9348,9327.5,9490,9550.5,9509,9601.5,9658,9770,9755,9900,9800.5,9946.5,9875,9909,9964.5,10044,9956.5,23,20.5,20.5,19,17.5,12,27,34,57,123,485,1116.5,1627.5,2080.5,2649.5,3128,3491,3751,3910,3997,4101,4190.5,4255.5,4279.5,4341.5,4378,4428.5,4479,4502.5,4528,4548,4604,4626,4631.5,4685,4712,4729,4762.5,4797.5,4769.5,4835.5,4819.5,4830.5,4820.5,4858,4861
A04,Sample X4,A,0.028,0.179,0,0.02,0.028,0.055,0.094,0.165,0.269,0.364,0.496,0.627,0.82,0.916,0.975,1.006,1.066,1.13,1.176,1.224,1.248,1.285,1.302,1.342,1.378,1.389,1.408,1.42,1.456,1.453,1.474,1.465,1.458,1.497,1.463,1.544,1.474,1.48,1.464,1.49,1.478,1.469,1.462,1.462,1.461,1.429,56.5,35,26.5,28.5,29,35,61,95,122,354.5,1504,7765,19123.5,30482.5,40318,51903,61756,69998.5,75890.5,79586.5,82138.5,83388,85063,86331.5,86798,87172.5,88161.5,88938.5,89145,89803,90621,90456.5,91379,91743.5,92216.5,92343.5,92551,93195,93243.5,93185,93139.5,93177,93180.5,93495.5,93021.5,93101.5,39.5,27.5,8.5,22.5,26,22,32.5,42.5,66.5,188,741,3951.5,9856,15700,20722,26709.5,32067.5,36334.5,39258.5,41191,42389.5,43509,44114,44575,44883.5,45340,45856,46254,46385.5,46582,47019.5,47114,47395.5,47509,47743.5,47981,48145,48316,48262,48422.5,48550.5,48571,48585,48409.5,48556,48200.5,9,21.5,16.5,13,13.5,11,17,16,30,88,338,1866.5,4694.5,7532.5,10054.5,13037,15368,17494,19004,19943,20534,20957.5,21295.5,21546.5,21801.5,21975,22188.5,22510,22573.5,22649,22857,22921,22922,23156.5,23163,23337,23396,23436.5,23517.5,23522.5,23563.5,23638.5,23583.5,23530.5,23607,23377
A05,Sample X5,A,0.028,0.027,0,0.03,0.047,0.081,0.131,0.227,0.343,0.455,0.57,0.706,0.876,1.042,1.103,1.06,1.125,1.185,1.265,1.261,1.294,1.328,1.34,1.386,1.44,1.436,1.482,1.523,1.509,1.496,1.491,1.526,1.519,1.514,1.521,1.561,1.508,1.564,1.484,1.51,1.518,1.482,1.48,1.489,1.491,1.453,51.5,50,38.5,65.5,39,59,80,114,231,1234.5,8516,27424,51938.5,72564.5,93987,113966,129797,142409.5,150652.5,157031.5,161503.5,163779,166656,168611.5,169883,170270.5,172523.5,174230.5,174040,175050,175935,176358.5,176521,178446.5,178659.5,179327.5,179503,180637,181070.5,181440,181056.5,180935,180863.5,181137.5,180979.5,181259.5,32.5,34.5,12.5,33.5,32,33,43.5,63.5,126.5,606,4265,14018.5,26748,37423,48651,59264.5,67496.5,74421.5,78741.5,81535,83736.5,85130,86830,88071,88408.5,88773,90106,90619,91330.5,91559,92098.5,91960,92369.5,93330,93361.5,93576,94086,94189,94372,94699.5,94923.5,94700,94213,94725.5,94473,94413.5,17,22.5,15.5,13,15.5,20,24,32,62,285,1988,6676.5,12671.5,18006.5,23558.5,28693,32580,35792,38032,39438,40472,41297.5,41892.5,42552.5,42967.5,43332,43693.5,44061,44428.5,44520,44813,44922,45069,45142.5,45489,45719,45773,45989.5,45998.5,46135.5,46157.5,45975.5,46007.5,45965.5,45931,45993
A06,Sample X6,A,0.03,0.017,0,0.027,0.042,0.07,0.12,0.208,0.313,0.422,0.538,0.645,0.8,0.942,1.04,1.136,1.154,1.192,1.247,1.283,1.303,1.323,1.37,1.439,1.408,1.444,1.452,1.454,1.474,1.513,1.471,1.492,1.531,1.572,1.575,1.599,1.566,1.594,1.498,1.517,1.506,1.51,1.499,1.519,1.482,1.471,57.5,61,51.5,59.5,66,51,104,127,375,5558.5,22779,52307,88119.5,129991.5,175806,222079,258192,258184.5,258177.5,258184.5,258165.5,258164,258144,258147.5,258129,258118.5,258110.5,258113.5,258112,258093,258081,258070.5,258060,258063.5,258051.5,258033.5,258041,258037,258015.5,258012,257996.5,258000,257994.5,257980.5,257969.5,257957.5,37.5,35.5,25.5,31.5,50,34,50.5,56.5,170.5,2790,11391,26843.5,45801,67279,91700,116299.5,141236.5,161517.5,176238.5,189667,199178.5,207870,216087,220323,227516.5,231027,233092,237606,240715.5,243576,244621.5,246399,248381.5,253636,255390.5,253227,255150,256676,258275,258967.5,258547.5,258663,258625,258936.5,258948,258934.5,16,21.5,20.5,18,12.5,16,24,26,82,1282,5355,12811.5,22180.5,32634.5,44387.5,56618,69083,78651,86212,92149,97661,101787.5,105585.5,108060.5,112294.5,113936,114821.5,117333,118925.5,119873,120703,121625,122971,125386.5,126770,125324,126479,126895.5,127782.5,129304.5,128519.5,128022.5,128403.5,129429.5,129155,129422
A07,Sample X7,A,0.03,0.022,0,0.031,0.05,0.081,0.139,0.228,0.336,0.448,0.558,0.646,0.763,0.894,1.017,1.178,1.227,1.281,1.308,1.352,1.365,1.382,1.411,1.424,1.439,1.463,1.497,1.517,1.541,1.522,1.519,1.507,1.529,1.532,1.518,1.736,1.805,1.552,1.578,1.576,1.578,1.529,1.815,1.704,1.546,1.519,61.5,68,53.5,61.5,63,70,114,170,2247,16401.5,41118,73956,111523.5,152416.5,198344,253736,258192,258184.5,258177.5,258184.5,258165.5,258164,258144,258147.5,258129,258118.5,258110.5,258113.5,258112,258093,258081,258070.5,258060,258063.5,258051.5,258033.5,258041,258037,258015.5,258012,257996.5,258000,257994.5,257980.5,257969.5,257957.5,35.5,37.5,22.5,31.5,40,44,59.5,76.5,1056.5,8286,20958,37953.5,57388,79939,103541,133213.5,161816.5,194628.5,222588.5,244077,259048.5,259051,259035,259031,259027.5,259022,259021,259015,259012.5,259016,259001.5,259004,258996.5,258989,258989.5,258986,258980,258981,258970,258967.5,258963.5,258955,258951,258947.5,258948,258934.5,17,24.5,18.5,20,20.5,26,29,41,461,3867,9931,18151.5,27744.5,38739.5,50837.5,65164,79661,95465,109354,120479,130468,138942.5,146686.5,154281.5,160189.5,166141,172433.5,176931,180263.5,182585,186221,189015,192274,193527.5,194414,197970,199459,200956.5,201961.5,203663.5,204714.5,206676.5,207427.5,208081.5,208627,207684
A08,Sample X8,A,0.066,0.024,0,0.03,0.047,0.076,0.126,0.218,0.332,0.43,0.54,0.62,0.724,0.841,0.961,1.092,1.202,1.287,1.33,1.36,1.386,1.396,1.422,1.421,1.437,1.436,1.47,1.484,1.519,1.523,1.538,1.507,1.52,1.517,1.495,1.519,1.499,1.547,1.533,1.514,1.497,1.48,1.503,1.509,1.481,1.492,59.5,61,38.5,50.5,59,49,100,165,1977,14835.5,37794,68269,102799.5,141478.5,182926,228888,258192,258184.5,258177.5,258184.5,258165.5,258164,258144,258147.5,258129,258118.5,258110.5,258113.5,258112,258093,258081,258070.5,258060,258063.5,258051.5,258033.5,258041,258037,258015.5,258012,257996.5,258000,257994.5,257980.5,257969.5,257957.5,24.5,36.5,26.5,30.5,31,38,60.5,93.5,938.5,7386,19282,34750.5,52711,73019,95554,119948.5,148042.5,176483.5,207351.5,236853,258833.5,259051,259035,259031,259027.5,259022,259021,259015,259012.5,259016,259001.5,259004,258996.5,258989,258989.5,258986,258980,258981,258970,258967.5,258963.5,258955,258951,258947.5,258948,258934.5,13,19.5,17.5,13,19.5,16,27,38,403,3445,9136,16537.5,25428.5,35360.5,46360.5,58745,72369,86519,102336,116995,129406,139818.5,149213.5,156388.5,164204.5,171014,177876.5,184305,190159.5,195793,200574,204021,207699,210598.5,211417,215522,218089,222170.5,224955.5,228869.5,230653.5,230803.5,235205.5,243723.5,240103,240613
A09,Sample X9,A,0.03,0.015,0,0.031,0.05,0.083,0.138,0.232,0.354,0.447,0.56,0.642,0.741,0.828,0.946,1.058,1.17,1.282,1.371,1.405,1.481,1.482,1.503,1.523,1.52,1.533,1.566,1.601,1.602,1.595,1.617,1.622,1.653,1.659,1.643,1.639,1.656,1.629,1.663,1.651,1.628,1.647,1.643,1.634,1.624,1.6,48.5,48,33.5,60.5,58,83,162,488,4785,20170.5,43842,72985,107625.5,144456.5,184407,227656,258192,258184.5,258177.5,258184.5,258165.5,258164,258144,258147.5,258129,258118.5,258110.5,258113.5,258112,258093,258081,258070.5,258060,258063.5,258051.5,258033.5,258041,258037,258015.5,258012,257996.5,258000,257994.5,257980.5,257969.5,257957.5,28.5,34.5,14.5,31.5,36,43,96.5,245.5,2323.5,10155,22426,37769.5,55483,74928,96129,119331.5,142821.5,170290.5,196918.5,225699,255848.5,259051,259035,259031,259027.5,259022,259021,259015,259012.5,259016,259001.5,259004,258996.5,258989,258989.5,258986,258980,258981,258970,258967.5,258963.5,258955,258951,258947.5,258948,258934.5,7,14.5,15.5,14,15.5,22,35,112,1050,4738,10581,17985.5,26608.5,36262.5,46599.5,58030,70058,83643,96954,111572,126373,140398.5,152945.5,164188.5,175156.5,184052,194808.5,203555,210703.5,218233,226263,233832,241177,246516.5,249449,252704,255271,258765.5,259359.5,259499.5,259498.5,259497.5,259491.5,259490.5,259487,259486
A10,Sample X10,A,0.027,0.027,0,0.024,0.036,0.063,0.106,0.185,0.284,0.371,0.472,0.556,0.64,0.718,0.818,0.915,1.017,1.134,1.246,1.283,1.393,1.424,1.497,1.507,1.546,1.57,1.58,1.634,1.662,1.648,1.676,1.65,1.687,1.703,1.688,1.703,1.711,1.701,1.788,1.703,1.697,1.657,1.685,1.667,1.661,1.646,44.5,59,33.5,37.5,66,74,244,863,4162,16297.5,37705,63454,94648.5,129509.5,166907,207346,248259,258184.5,258177.5,258184.5,258165.5,258164,258144,258147.5,258129,258118.5,258110.5,258113.5,258112,258093,258081,258070.5,258060,258063.5,258051.5,258033.5,258041,258037,258015.5,258012,257996.5,258000,257994.5,257980.5,257969.5,257957.5,32.5,28.5,6.5,24.5,20,39,115.5,423.5,2045.5,8219,19161,32525.5,48680,66824,86435,108179.5,130345.5,154792.5,179429.5,206136,232548.5,257305,259035,259031,259027.5,259022,259021,259015,259012.5,259016,259001.5,259004,258996.5,258989,258989.5,258986,258980,258981,258970,258967.5,258963.5,258955,258951,258947.5,258948,258934.5,11,14.5,17.5,15,12.5,20,56,192,942,3848,9122,15527.5,23389.5,32285.5,41800.5,52542,63368,75944,87655,100932,114743,127279.5,142338.5,154643.5,167351.5,179720,191415.5,202100,211105.5,221142,229793,237609,246472,253744.5,259380,259508,259503,259500.5,259501.5,259499.5,259498.5,259497.5,259491.5,259490.5,259487,259486
A11,Sample X11,A,0.041,0.029,0,0.038,0.057,0.087,0.148,0.236,0.335,0.421,0.52,0.579,0.662,0.73,0.84,0.914,1.018,1.131,1.217,1.27,1.391,1.422,1.504,1.52,1.558,1.596,1.631,1.719,1.767,1.747,1.769,1.716,1.793,1.84,1.766,1.852,1.821,1.809,1.877,1.829,1.851,1.849,1.792,1.773,1.757,1.739,41.5,52,43.5,86.5,83,291,1195,3938,12359,29680.5,52684,80569,113605.5,150035.5,189480,230428,258192,258184.5,258177.5,258184.5,258165.5,258164,258144,258147.5,258129,258118.5,258110.5,258113.5,258112,258093,258081,258070.5,258060,258063.5,258051.5,258033.5,258041,258037,258015.5,258012,257996.5,258000,257994.5,257980.5,257969.5,257957.5,34.5,42.5,28.5,44.5,51,142,588.5,1947.5,6177.5,15096,27022,41396.5,58575,77854,98294,120371.5,143200.5,168595.5,193677.5,217869,245598.5,259051,259035,259031,259027.5,259022,259021,259015,259012.5,259016,259001.5,259004,258996.5,258989,258989.5,258986,258980,258981,258970,258967.5,258963.5,258955,258951,258947.5,258948,258934.5,11,22.5,17.5,20,15.5,62,276,902,2891,7178,12946,19868.5,28245.5,37585.5,47669.5,58572,70027,82608,95355,107489,121095,132599.5,147389.5,159687.5,173112.5,186310,200334.5,213366,225945.5,236299,246777,254416,259513,259509.5,259509,259508,259503,259500.5,259501.5,259499.5,259498.5,259497.5,259491.5,259490.5,259487,259486
A12,Sample X12,A,0.028,0.025,0,0.042,0.058,0.092,0.155,0.258,0.358,0.437,0.556,0.608,0.693,0.776,0.85,0.94,1.03,1.128,1.227,1.295,1.41,1.458,1.544,1.582,1.597,1.651,1.699,1.772,1.796,1.797,1.801,1.788,1.83,1.844,1.802,1.831,1.869,1.86,1.863,1.911,1.864,1.876,1.873,1.848,1.832,1.785,52.5,67,52.5,72.5,93,416,1597,4694,13423,31096.5,54345,81847,114874.5,150828.5,188998,230464,258192,258184.5,258177.5,258184.5,258165.5,258164,258144,258147.5,258129,258118.5,258110.5,258113.5,258112,258093,258081,258070.5,258060,258063.5,258051.5,258033.5,258041,258037,258015.5,258012,257996.5,258000,257994.5,257980.5,257969.5,257957.5,29.5,33.5,31.5,47.5,65,210,783.5,2398.5,6767.5,15798,27849,42170.5,59370,78206,98640,120572.5,143795.5,168507.5,192217.5,218337,244329.5,259051,259035,259031,259027.5,259022,259021,259015,259012.5,259016,259001.5,259004,258996.5,258989,258989.5,258986,258980,258981,258970,258967.5,258963.5,258955,258951,258947.5,258948,258934.5,15,21.5,16.5,17,23.5,95,364,1102,3171,7499,13313,20192.5,28544.5,37915.5,47748.5,58635,70225,82624,94443,107202,120951,132189.5,146679.5,159735.5,172948.5,186572,201072.5,213928,227418.5,237321,248659,257413,259513,259509.5,259509,259508,259503,259500.5,259501.5,259499.5,259498.5,259497.5,259491.5,259490.5,259487,259486
B01,Sample X13,A,0.006,0.032,0,0.031,0.046,0.076,0.126,0.209,0.332,0.432,0.563,0.708,0.897,0.982,1.012,1.056,1.117,1.169,1.23,1.267,1.299,1.308,1.338,1.367,1.394,1.4,1.412,1.432,1.446,1.509,1.492,1.476,1.483,1.506,1.532,1.533,1.474,1.46,1.488,1.463,1.456,1.447,1.437,1.489,1.433,1.461,112.5,82,72.5,91.5,85,106,116,133,190,267.5,479,795,1067.5,1359.5,1710,2027,2340,2592.5,2810.5,3015.5,3142.5,3313,3445,3590.5,3654,3802.5,3835.5,3964.5,4012,4113,4177,4193.5,4270,4336.5,4369.5,4385.5,4500,4565,4586.5,4656,4667.5,4706,4796.5,4827.5,4843.5,4919.5,58.5,47.5,36.5,47.5,53,40,67.5,80.5,100.5,145,253,408.5,553,721,885,1064.5,1218.5,1353.5,1461.5,1553,1640.5,1724,1763,1833,1905.5,1957,1999,2039,2089.5,2127,2142.5,2199,2220.5,2257,2282.5,2314,2337,2349,2362,2408.5,2419.5,2465,2486,2517.5,2531,2530.5,23,25.5,27.5,21,18.5,22,29,32,49,69,117,196.5,272.5,352.5,429.5,520,581,649,700,751,789,833.5,866.5,896.5,926.5,950,975.5,1000,1002.5,1031,1049,1050,1080,1099.5,1108,1119,1124,1144.5,1160.5,1171.5,1181.5,1207.5,1206.5,1216.5,1228,1238
B02,Sample X14,A,0.028,0.019,0,0.028,0.043,0.075,0.123,0.212,0.339,0.447,0.59,0.737,0.936,1.011,1.042,1.096,1.152,1.212,1.254,1.303,1.314,1.342,1.374,1.408,1.43,1.435,1.451,1.454,1.475,1.479,1.511,1.481,1.486,1.497,1.487,1.509,1.483,1.483,1.477,1.488,1.475,1.494,1.474,1.461,1.461,1.451,108.5,111,80.5,105.5,80,92,129,154,205,276.5,490,764,1077.5,1380.5,1674,1966,2258,2443.5,2634.5,2852.5,2961.5,3077,3197,3285.5,3419,3476.5,3558.5,3660.5,3726,3749,3826,3851.5,3867,3986.5,3988.5,4041.5,4126,4131,4181.5,4255,4261.5,4323,4293.5,4402.5,4374.5,4427.5,62.5,57.5,45.5,59.5,56,64,59.5,81.5,112.5,143,252,412.5,557,718,877,1023.5,1159.5,1267.5,1391.5,1448,1525.5,1600,1653,1724,1768.5,1808,1866,1895,1927.5,1954,1976.5,2011,2028.5,2040,2081.5,2116,2117,2144,2153,2200.5,2223.5,2228,2229,2262.5,2305,2310.5,32,27.5,23.5,24,23.5,26,28,38,49,73,120,206.5,272.5,345.5,427.5,499,563,616,664,713,747,774.5,806.5,837.5,862.5,877,889.5,917,917.5,951,973,981,984,1001.5,1014,1021,1023,1042.5,1067.5,1071.5,1068.5,1094.5,1097.5,1101.5,1113,1130
B03,Sample X15,A,0.011,0.017,0,0.024,0.037,0.064,0.106,0.186,0.305,0.403,0.544,0.676,0.897,0.954,0.998,1.044,1.11,1.175,1.228,1.274,1.296,1.335,1.361,1.396,1.424,1.43,1.448,1.464,1.474,1.486,1.489,1.49,1.492,1.501,1.512,1.513,1.501,1.5,1.493,1.498,1.493,1.492,1.501,1.494,1.473,1.461,133.5,95,71.5,86.5,83,94,117,127,169,247.5,398,675,950.5,1275.5,1541,1876,2181,2444.5,2699.5,2877.5,3008.5,3135,3302,3443.5,3558,3615.5,3694.5,3786.5,3813,3953,3998,4055.5,4123,4111.5,4214.5,4176.5,4299,4293,4331.5,4440,4422.5,4496,4503.5,4518.5,4569.5,4574.5,66.5,49.5,39.5,49.5,51,49,52.5,70.5,97.5,130,203,348.5,493,658,793,973.5,1126.5,1248.5,1392.5,1491,1558.5,1640,1711,1791,1848.5,1878,1897,1966,1982.5,2070,2071.5,2127,2140.5,2119,2165.5,2186,2236,2260,2260,2292.5,2294.5,2336,2344,2355.5,2376,2392.5,27,25.5,22.5,16,19.5,23,27,32,40,71,98,171.5,244.5,322.5,382.5,476,544,608,677,714,762,790.5,825.5,850.5,903.5,926,924.5,969,965.5,1004,1007,1023,1033,1037.5,1049,1057,1090,1096.5,1101.5,1119.5,1126.5,1128.5,1136.5,1137.5,1153,1172
B04,Sample X16,A,0.02,0.016,0,0.025,0.039,0.068,0.115,0.195,0.316,0.417,0.561,0.704,0.882,0.976,1.029,1.073,1.146,1.208,1.265,1.296,1.327,1.36,1.381,1.41,1.428,1.445,1.456,1.474,1.491,1.516,1.51,1.518,1.523,1.518,1.54,1.523,1.532,1.518,1.515,1.511,1.53,1.503,1.518,1.507,1.632,1.552,101.5,86,73.5,78.5,76,95,125,139,178,256.5,434,702,978.5,1256.5,1591,1912,2171,2458.5,2675.5,2841.5,3060.5,3171,3317,3399.5,3477,3581.5,3679.5,3755.5,3792,3871,3946,4009.5,4039,4105.5,4109.5,4163.5,4253,4314,4300.5,4377,4414.5,4472,4490.5,4517.5,4587.5,4614.5,46.5,56.5,40.5,47.5,49,48,62.5,78.5,97.5,140,226,360.5,503,648,814,1004.5,1140.5,1274.5,1382.5,1475,1566.5,1661,1719,1739,1812.5,1862,1884,1944,1983.5,2027,2038.5,2070,2091.5,2114,2155.5,2185,2195,2241,2236,2263.5,2303.5,2288,2319,2343.5,2384,2394.5,28,26.5,24.5,21,11.5,22,31,35,46,66,111,187.5,253.5,319.5,394.5,477,553,607,670,723,769,783.5,819.5,860.5,879.5,906,915.5,952,954.5,967,996,1009,1018,1031.5,1046,1061,1062,1072.5,1092.5,1100.5,1114.5,1122.5,1121.5,1148.5,1160,1169
B05,Sample X17,A,0.03,0.018,0,0.03,0.045,0.07,0.119,0.201,0.316,0.417,0.564,0.689,0.864,0.967,1.023,1.075,1.148,1.206,1.248,1.295,1.33,1.358,1.385,1.412,1.43,1.447,1.46,1.48,1.499,1.506,1.516,1.514,1.53,1.513,1.542,1.53,1.532,1.526,1.524,1.509,1.51,1.521,1.509,1.508,1.494,1.512,123.5,91,77.5,100.5,88,95,105,140,167,257.5,433,700,968.5,1255.5,1564,1917,2167,2433.5,2656.5,2890.5,3012.5,3190,3264,3413.5,3484,3609.5,3698.5,3750.5,3829,3887,3986,4037.5,4111,4118.5,4185.5,4217.5,4305,4319,4357.5,4409,4443.5,4517,4601.5,4594.5,4603.5,4672.5,75.5,47.5,34.5,41.5,42,50,54.5,70.5,96.5,127,220,357.5,503,654,813,985.5,1137.5,1282.5,1376.5,1481,1557.5,1642,1691,1775,1838.5,1859,1924,1963,2007.5,2020,2049.5,2080,2117.5,2146,2177.5,2197,2238,2249,2281,2295.5,2296.5,2335,2351,2383.5,2397,2409.5,27,23.5,21.5,17,15.5,20,29,32,49,65,105,178.5,249.5,311.5,389.5,487,545,605,672,712,756,795.5,832.5,855.5,897.5,909,924.5,954,966.5,982,1008,1018,1027,1049.5,1058,1064,1070,1088.5,1105.5,1116.5,1119.5,1148.5,1142.5,1158.5,1178,1175
B06,Sample X18,A,0.025,0.017,0,0.028,0.044,0.073,0.12,0.206,0.325,0.427,0.572,0.725,0.925,0.975,1.047,1.09,1.179,1.266,1.26,1.304,1.335,1.372,1.387,1.417,1.436,1.45,1.463,1.493,1.5,1.502,1.523,1.526,1.532,1.52,1.538,1.538,1.532,1.528,1.522,1.528,1.516,1.532,1.512,1.516,1.513,1.498,116.5,100,77.5,109.5,80,102,132,150,185,256.5,446,732,1027.5,1314.5,1645,1964,2236,2475.5,2676.5,2881.5,3021.5,3169,3265,3429.5,3481,3561.5,3678.5,3746.5,3827,3872,3901,4004.5,4034,4152.5,4210.5,4231.5,4301,4329,4379.5,4419,4456.5,4543,4528.5,4599.5,4646.5,4695.5,61.5,59.5,43.5,44.5,55,52,58.5,83.5,116.5,143,233,379.5,525,679,843,1031.5,1157.5,1286.5,1384.5,1473,1570.5,1644,1698,1747,1820.5,1855,1901,1949,1989.5,2025,2047.5,2088,2122.5,2132,2185.5,2203,2206,2218,2256,2295.5,2310.5,2345,2363,2382.5,2424,2443.5,25,31.5,30.5,20,20.5,30,32,32,53,71,111,188.5,259.5,335.5,409.5,495,557,621,672,716,757,799.5,829.5,851.5,888.5,903,932.5,953,957.5,983,988,1012,1031,1038.5,1047,1067,1070,1086.5,1102.5,1121.5,1133.5,1154.5,1152.5,1158.5,1165,1193
B07,Sample X19,A,0.06,0.022,0,0.03,0.043,0.071,0.121,0.205,0.324,0.428,0.565,0.71,0.92,0.971,1.053,1.075,1.167,1.212,1.237,1.284,1.313,1.359,1.363,1.396,1.416,1.428,1.438,1.466,1.463,1.479,1.488,1.515,1.496,1.491,1.508,1.507,1.513,1.496,1.493,1.496,1.501,1.508,1.487,1.478,1.48,1.479,85.5,73,46.5,68.5,63,79,100,115,158,243.5,430,719,1003.5,1300.5,1617,1959,2163,2449.5,2626.5,2832.5,2983.5,3097,3219,3310.5,3435,3549.5,3609.5,3692.5,3791,3801,3931,3945.5,3991,4061.5,4118.5,4165.5,4253,4254,4318.5,4416,4414.5,4492,4547.5,4584.5,4670.5,4677.5,48.5,47.5,24.5,42.5,38,39,48.5,52.5,96.5,127,230,367.5,523,680,833,1011.5,1151.5,1261.5,1395.5,1463,1525.5,1607,1686,1745,1785.5,1816,1880,1920,1937.5,1994,2014.5,2066,2071.5,2096,2159.5,2190,2200,2219,2253,2279.5,2298.5,2318,2346,2379.5,2437,2433.5,24,21.5,21.5,18,14.5,19,23,27,40,65,107,186.5,263.5,326.5,403.5,491,543,615,665,706,748,781.5,822.5,840.5,878.5,889,918.5,938,951.5,970,984,1005,1014,1026.5,1043,1059,1076,1081.5,1094.5,1100.5,1126.5,1131.5,1139.5,1154.5,1168,1182
B08,Sample X20,A,0.029,0.02,0,0.034,0.051,0.082,0.139,0.238,0.36,0.47,0.614,0.815,0.971,1.077,1.057,1.102,1.177,1.224,1.281,1.327,1.344,1.38,1.401,1.436,1.483,1.469,1.493,1.524,1.51,1.517,1.511,1.527,1.525,1.53,1.536,1.559,1.532,1.534,1.523,1.526,1.522,1.525,1.523,1.526,1.513,1.539,119.5,106,73.5,100.5,96,103,124,149,193,296.5,493,807,1079.5,1373.5,1737,2023,2293,2557.5,2716.5,2922.5,3120.5,3254,3361,3489.5,3605,3657.5,3771.5,3847.5,3902,3978,4046,4071.5,4153,4216.5,4285.5,4309.5,4405,4461,4497.5,4537,4612.5,4618,4730.5,4744.5,4785.5,4823.5,63.5,61.5,49.5,51.5,57,54,70.5,80.5,110.5,148,269,410.5,575,705,892,1072.5,1206.5,1340.5,1441.5,1549,1605.5,1688,1737,1808,1847.5,1903,1939,1995,2015.5,2080,2091.5,2131,2155.5,2187,2213.5,2255,2288,2318,2343,2385.5,2391.5,2406,2439,2444.5,2485,2515.5,30,32.5,21.5,22,18.5,27,33,34,49,67,123,206.5,282.5,347.5,431.5,522,588,654,700,748,787,808.5,841.5,874.5,901.5,932,952.5,968,980.5,1002,1014,1038,1046,1062.5,1087,1102,1106,1117.5,1138.5,1151.5,1167.5,1188.5,1186.5,1207.5,1226,1223
B09,Sample X21,A,0.035,0.021,0,0.041,0.055,0.091,0.15,0.25,0.371,0.494,0.632,0.803,0.943,1.028,1.052,1.116,1.173,1.225,1.268,1.319,1.343,1.372,1.392,1.425,1.452,1.456,1.477,1.496,1.502,1.51,1.504,1.514,1.507,1.511,1.523,1.527,1.511,1.507,1.514,1.507,1.501,1.504,1.504,1.51,1.499,1.501,122.5,77,75.5,89.5,87,102,121,160,214,289.5,561,879,1179.5,1465.5,1863,2217,2501,2669.5,2913.5,3113.5,3209.5,3330,3459,3605.5,3721,3747.5,3881.5,3978.5,4038,4110,4166,4239.5,4279,4343.5,4413.5,4455.5,4478,4573,4585.5,4703,4725.5,4818,4830.5,4924.5,4942.5,5026.5,63.5,52.5,49.5,44.5,47,54,66.5,79.5,103.5,161,284,456.5,617,773,959,1128.5,1274.5,1408.5,1519.5,1588,1657.5,1759,1794,1875,1923.5,1953,2013,2046,2086.5,2143,2161.5,2202,2233.5,2262,2283.5,2322,2342,2395,2404,2419.5,2457.5,2484,2518,2543.5,2572,2599.5,31,28.5,22.5,23,19.5,30,35,42,53,76,143,214.5,302.5,372.5,470.5,552,614,687,730,773,812,846.5,871.5,910.5,941.5,955,977.5,1008,1014.5,1032,1052,1073,1097,1098.5,1120,1126,1138,1153.5,1177.5,1190.5,1197.5,1209.5,1230.5,1247.5,1249,1270
B10,Sample X22,A,0.021,0.014,0,0.032,0.042,0.07,0.117,0.21,0.322,0.424,0.57,0.745,0.89,0.967,1.015,1.06,1.127,1.186,1.24,1.293,1.324,1.352,1.382,1.402,1.441,1.459,1.486,1.493,1.502,1.508,1.513,1.519,1.528,1.532,1.528,1.529,1.521,1.517,1.519,1.513,1.515,1.508,1.509,1.507,1.508,1.504,110.5,96,76.5,100.5,87,92,115,144,176,256.5,455,779,1087.5,1400.5,1761,2213,2530,2817.5,3039.5,3245.5,3460.5,3567,3729,3865.5,3969,4047.5,4148.5,4237.5,4288,4421,4486,4550.5,4540,4663.5,4722.5,4743.5,4827,4879,4940.5,5025,5018.5,5084,5177.5,5212.5,5238.5,5332.5,53.5,57.5,31.5,47.5,52,52,63.5,84.5,105.5,144,233,402.5,559,733,912,1136.5,1310.5,1479.5,1597.5,1684,1783.5,1867,1945,2000,2036.5,2117,2170,2208,2228.5,2294,2337.5,2359,2385.5,2403,2442.5,2471,2490,2538,2565,2616.5,2632.5,2662,2639,2708.5,2736,2757.5,31,25.5,26.5,19,17.5,21,30,33,49,70,117,194.5,275.5,347.5,436.5,553,637,709,767,821,860,896.5,938.5,970.5,1001.5,1017,1052.5,1080,1080.5,1118,1127,1160,1162,1183.5,1185,1203,1224,1237.5,1254.5,1272.5,1291.5,1300.5,1304.5,1317.5,1320,1334
B11,Sample X23,A,0.032,0.037,0,0.048,0.058,0.089,0.13,0.212,0.311,0.412,0.558,0.715,0.864,0.938,1.007,1.047,1.113,1.177,1.253,1.285,1.315,1.351,1.378,1.4,1.435,1.462,1.481,1.504,1.513,1.514,1.525,1.538,1.54,1.541,1.537,1.539,1.531,1.525,1.525,1.522,1.518,1.522,1.523,1.516,1.516,1.522,116.5,69,56.5,82.5,49,83,103,124,159,234.5,406,772,1117.5,1458.5,1905,2478,2907,3293.5,3524.5,3782.5,3981.5,4114,4268,4422.5,4526,4632.5,4728.5,4838.5,4899,4961,5044,5067.5,5159,5217.5,5297.5,5338.5,5435,5474,5550.5,5623,5632.5,5705,5781.5,5793.5,5868.5,5892.5,51.5,41.5,31.5,37.5,46,41,64.5,59.5,90.5,126,230,392.5,581,779,980,1303.5,1525.5,1719.5,1859.5,1953,2063.5,2168,2196,2278,2361.5,2409,2464,2529,2540.5,2583,2630.5,2665,2692.5,2748,2765.5,2794,2822,2841,2865,2888.5,2918.5,2976,2985,3040.5,3060,3070.5,25,23.5,20.5,15,15.5,14,28,32,43,63,98,195.5,289.5,364.5,476.5,622,735,819,898,948,1005,1036.5,1078.5,1090.5,1149.5,1172,1205.5,1223,1236.5,1263,1280,1293,1315,1328.5,1345,1342,1365,1377.5,1404.5,1410.5,1428.5,1444.5,1454.5,1463.5,1473,1491
B12,Sample X24,A,0.021,0.035,0,0.038,0.05,0.076,0.119,0.197,0.301,0.401,0.545,0.687,0.844,0.926,1.005,1.039,1.101,1.166,1.222,1.262,1.308,1.35,1.371,1.393,1.423,1.445,1.474,1.504,1.513,1.519,1.527,1.53,1.536,1.535,1.544,1.527,1.52,1.516,1.514,1.515,1.511,1.507,1.506,1.508,1.507,1.515,106.5,104,77.5,105.5,106,101,125,150,187,257.5,423,811,1198.5,1595.5,2021,2692,3251,3681.5,4005.5,4303.5,4512.5,4724,4898,5018.5,5195,5276.5,5413.5,5506.5,5548,5662,5732,5811.5,5879,5962.5,6027.5,6066.5,6140,6224,6266.5,6355,6370.5,6504,6565.5,6673.5,6717.5,6744.5,60.5,51.5,49.5,49.5,59,63,71.5,77.5,100.5,127,232,423.5,626,819,1050,1409.5,1688.5,1924.5,2106.5,2208,2352.5,2446,2518,2584,2687.5,2745,2805,2859,2900.5,2947,2978.5,3009,3040.5,3117,3136.5,3146,3188,3244,3281,3302.5,3367.5,3354,3386,3456.5,3468,3507.5,23,29.5,21.5,25,21.5,31,35,34,49,67,108,202.5,308.5,401.5,507.5,684,821,924,1021,1083,1132,1173.5,1218.5,1262.5,1302.5,1340,1355.5,1389,1399.5,1441,1458,1464,1487,1496.5,1526,1528,1559,1565.5,1588.5,1612.5,1623.5,1643.5,1661.5,1676.5,1686,1717
C01,Sample X25,A,0.008,0.018,0,0.033,0.049,0.073,0.131,0.216,0.328,0.461,0.58,0.762,0.839,0.93,0.984,1.041,1.101,1.156,1.199,1.243,1.278,1.304,1.345,1.376,1.393,1.409,1.428,1.441,1.457,1.472,1.472,1.48,1.481,1.489,1.484,1.492,1.487,1.491,1.491,1.483,1.484,1.478,1.474,1.477,1.475,1.475,83.5,64,58.5,60.5,82,69,97,123,177,224.5,333,477,634.5,841.5,974,1139,1312,1487.5,1664.5,1843.5,2001.5,2095,2215,2349.5,2454,2503.5,2599.5,2699.5,2733,2808,2877,2920.5,2964,3009.5,3022.5,3081.5,3136,3172,3236.5,3293,3335.5,3380,3417.5,3438.5,3448.5,3479.5,41.5,49.5,28.5,36.5,39,43,47.5,71.5,99.5,120,175,243.5,328,424,519,594.5,697.5,771.5,875.5,940,1033.5,1100,1140,1217,1261.5,1317,1356,1404,1428.5,1476,1499.5,1530,1530.5,1573,1592.5,1627,1618,1647,1667,1719.5,1724.5,1738,1760,1769.5,1802,1809.5,26,21.5,22.5,16,20.5,20,32,28,47,63,79,126.5,167.5,208.5,252.5,294,335,370,414,442,501,534.5,559.5,586.5,625.5,642,657.5,686,689.5,720,723,740,755,752.5,780,786,800,808.5,822.5,834.5,838.5,852.5,862.5,865.5,870,885
C02,Sample X26,A,0.039,0.02,0,0.033,0.055,0.085,0.154,0.244,0.364,0.476,0.612,0.829,0.918,1.008,1.021,1.076,1.13,1.186,1.223,1.302,1.29,1.315,1.347,1.37,1.386,1.408,1.424,1.437,1.443,1.447,1.443,1.447,1.452,1.458,1.46,1.46,1.455,1.456,1.468,1.461,1.453,1.448,1.45,1.443,1.437,1.436,57.5,33,30.5,50.5,40,47,94,115,167,231.5,363,558,750.5,952.5,1121,1321,1496,1661.5,1813.5,1979.5,2115.5,2222,2325,2427.5,2482,2590.5,2647.5,2711.5,2791,2828,2859,2891.5,2926,2948.5,2991.5,3025.5,3040,3122,3149.5,3189,3226.5,3263,3297.5,3337.5,3343.5,3396.5,40.5,27.5,9.5,29.5,28,29,60.5,55.5,86.5,121,194,284.5,393,488,581,678.5,780.5,863.5,951.5,1016,1083.5,1153,1204,1247,1319.5,1332,1383,1402,1440.5,1463,1498.5,1503,1523.5,1536,1552.5,1583,1601,1626,1642,1652.5,1670.5,1700,1703,1707.5,1751,1750.5,17,14.5,16.5,14,10.5,21,28,28,46,66,100,141.5,191.5,246.5,285.5,327,371,414,455,488,530,557.5,583.5,609.5,633.5,646,667.5,684,693.5,709,720,735,754,749.5,766,768,780,788.5,798.5,806.5,815.5,824.5,831.5,836.5,845,859
C03,Sample X27,A,0.059,0.029,0,0.03,0.042,0.071,0.111,0.184,0.303,0.397,0.518,0.655,0.85,0.926,0.99,1.034,1.094,1.154,1.203,1.239,1.279,1.302,1.322,1.36,1.373,1.394,1.414,1.424,1.438,1.442,1.467,1.452,1.465,1.477,1.477,1.477,1.472,1.491,1.468,1.472,1.469,1.462,1.461,1.457,1.47,1.487,43.5,44,64.5,113.5,144,175,216,282,401,794.5,1210,2055,3233.5,4636.5,5424,6024,6585,7036.5,7420.5,7796.5,8062.5,8224,8355,8573.5,8580,8614.5,8688.5,8789.5,8849,8872,8991,8964.5,9062,9107.5,9137.5,9255.5,9245,9377,9306.5,9443,9412.5,9447,9472.5,9486.5,9468.5,9506.5,32.5,14.5,28.5,66.5,92,97,130.5,146.5,215.5,397,639,1065.5,1672,2397,2814,3146.5,3395.5,3632.5,3857.5,4009,4142.5,4277,4327,4395,4439.5,4479,4502,4606,4627.5,4665,4686.5,4670,4718.5,4755,4786.5,4813,4808,4812,4837,4853.5,4873.5,4869,4904,4922.5,4934,4912.5,18,12.5,25.5,32,38.5,48,58,73,101,200,297,511.5,801.5,1159.5,1362.5,1522,1640,1779,1864,1933,2009,2057.5,2102.5,2129.5,2151.5,2176,2206.5,2215,2232.5,2249,2263,2276,2284,2301.5,2310,2319,2332,2336.5,2342.5,2364.5,2369.5,2379.5,2397.5,2391.5,2391,2406
C04,Sample X28,A,0.025,0.017,0,0.026,0.04,0.068,0.114,0.195,0.306,0.405,0.53,0.676,0.872,0.959,1.023,1.069,1.1,1.153,1.195,1.237,1.266,1.306,1.315,1.342,1.363,1.378,1.399,1.42,1.424,1.424,1.429,1.434,1.438,1.44,1.449,1.449,1.445,1.456,1.444,1.446,1.441,1.437,1.442,1.426,1.428,1.413,65.5,59,109.5,216.5,325,427,575,829,1434,2907.5,4623,7406,11420.5,15431.5,17289,18503,20159,21198.5,21824.5,22516.5,22685.5,23207,23522,23572.5,24192,23760.5,24136.5,24279.5,24183,24202,24086,24713.5,24696,24496.5,24454.5,24844.5,24556,24938,25181.5,25280,24958.5,25306,25201.5,25110.5,25056.5,25179.5,43.5,22.5,53.5,113.5,167,228,304.5,424.5,723.5,1490,2382,3833.5,5906,7929,8928,9587.5,10453.5,11001.5,11348.5,11672,11777.5,12051,12135,12194,12532.5,12358,12499,12745,12565.5,12596,12508.5,12805,12801.5,12821,12682.5,12869,12799,12936,13036,13114.5,12920.5,13099,13035,13033.5,12996,13068.5,11,13.5,33.5,54,75.5,105,148,200,351,721,1143,1855.5,2832.5,3858.5,4351.5,4657,5048,5292,5465,5660,5667,5787.5,5880.5,5929.5,6070.5,5988,6060.5,6127,6096.5,6090,6090,6162,6206,6202.5,6156,6226,6216,6280.5,6312.5,6353.5,6277.5,6371.5,6352.5,6340.5,6286,6345
C05,Sample X29,A,0.061,0.01,0,0.018,0.033,0.057,0.096,0.16,0.262,0.353,0.471,0.595,0.749,0.951,1.025,1.092,1.134,1.144,1.247,1.263,1.285,1.277,1.336,1.355,1.377,1.403,1.412,1.432,1.429,1.446,2.47,1.431,1.431,1.428,1.434,1.455,1.445,1.451,1.451,1.44,1.431,1.44,1.428,1.42,1.415,1.416,79.5,12,117.5,233.5,397,578,904,1467,2560,4920.5,8223,12642,18784.5,27125.5,32240,34462,36484,38119.5,39601.5,41405.5,42094.5,42006,42264,42689.5,42919,44019.5,44001.5,43194.5,43410,43582,46179,43801.5,44854,43867.5,44958.5,44759.5,44848,45305,44985.5,45525,45581.5,45120,45144.5,45508.5,45497.5,45973.5,49.5,14.5,47.5,124.5,200,291,460.5,741.5,1306.5,2491,4205,6531.5,9721,14044,16687,17993.5,18944.5,19749.5,20597.5,21435,21770.5,21823,21959,21959,22299.5,22841,22892,22509,22526.5,22612,23936.5,22726,23220.5,22850,23491.5,23206,23361,23601,23281,23647.5,23896.5,23413,23420,23696.5,23584,23798.5,27,12.5,27.5,55,90.5,142,216,347,619,1191,2013,3172.5,4682.5,6750.5,8110.5,8746,9152,9577,9996,10398,10561,10495.5,10632.5,10658.5,10764.5,11101,11083.5,10885,10964.5,10971,11621,11016,11241,11030.5,11330,11247,11344,11448.5,11319.5,11416.5,11549.5,11366.5,11411.5,11428.5,11439,11546
C06,Sample X30,A,0.028,0.021,0,0.025,0.036,0.06,0.098,0.167,0.268,0.359,0.478,0.589,0.745,0.926,1.063,1.083,1.147,1.166,1.246,1.257,1.328,1.341,1.394,1.394,1.456,1.452,1.492,1.514,1.491,1.521,1.492,1.513,1.51,1.487,1.509,1.496,1.482,1.497,1.475,1.502,1.5,1.461,1.481,1.469,1.484,1.442,53.5,26,126.5,300.5,531,877,1484,2597,4628,8372.5,13802,20366,29769.5,41845.5,49504,52582,55242,57610.5,59258.5,60792.5,62023.5,62813,63225,63979.5,64481,64352.5,64686.5,65253.5,65187,65254,65617,65551.5,65781,65981.5,66015.5,66162.5,66564,66489,66844.5,66969,67082.5,67232,67158.5,67320.5,67564.5,67167.5,34.5,17.5,52.5,155.5,289,456,772.5,1307.5,2356.5,4235,7066,10536.5,15307,21641,25671,27276.5,28635.5,29856.5,30702.5,31503,32222.5,32660,32802,32988,33321.5,33348,33691,33852,33814.5,33828,33994.5,34072,34132.5,34250,34342.5,34229,34483,34637,34647,34757.5,34776.5,34852,34862,34821.5,34917,34982.5,16,12.5,35.5,71,128.5,217,365,624,1130,2026,3375,5097.5,7352.5,10399.5,12417.5,13260,13852,14457,14880,15287,15551,15726.5,15845.5,15934.5,16102.5,16208,16328.5,16391,16403.5,16432,16515,16581,16547,16610.5,16663,16647,16777,16830.5,16878.5,16888.5,16912.5,16975.5,16925.5,16989.5,16974,16921
C07,Sample X31,A,0.06,0.019,0,0.027,0.041,0.065,0.106,0.177,0.278,0.369,0.482,0.603,0.757,0.93,1.04,1.105,1.159,1.198,1.236,1.246,1.304,1.344,1.362,1.393,1.435,1.428,1.464,1.482,1.493,1.515,1.48,1.519,1.509,1.476,1.504,1.519,1.533,1.543,1.453,1.517,1.539,1.524,1.465,1.477,1.474,1.438,90.5,46,134.5,305.5,539,906,1459,2480,4415,7981.5,12875,19361,28208.5,39210.5,45603,48310,50700,52880.5,54740.5,55838.5,56852.5,57464,58223,58584.5,59096,59060.5,59450.5,59735.5,60034,60065,60232,60288.5,60399,60712.5,60555.5,60897.5,61210,61403,61385.5,61603,61703.5,61878,61678.5,62031.5,61976.5,62222.5,50.5,26.5,68.5,160.5,286,453,757.5,1262.5,2235.5,4076,6609,9966.5,14535,20285,23816,25104.5,26341.5,27602.5,28479.5,29055,29488.5,30032,30134,30316,30683.5,30655,31053,31093,31117.5,31243,31285.5,31288,31410.5,31516,31504.5,31723,31788,31889,31907,32061.5,32118.5,32264,32080,32332.5,32345,32220.5,27,13.5,36.5,76,130.5,217,360,593,1063,1949,3173,4821.5,6974.5,9787.5,11503.5,12215,12790,13288,13771,14071,14262,14479.5,14578.5,14696.5,14804.5,14896,15025.5,15072,15079.5,15082,15172,15150,15260,15232.5,15278,15398,15426,15484.5,15457.5,15563.5,15493.5,15634.5,15557.5,15591.5,15635,15619
C08,Sample X32,A,0.004,0.023,0,0.025,0.038,0.061,0.098,0.162,0.256,0.348,0.456,0.567,0.704,0.867,0.984,1.077,1.1,1.177,1.259,1.273,1.329,1.358,1.378,1.385,1.39,1.422,1.464,1.474,1.493,1.526,1.489,1.504,1.507,1.506,1.503,1.522,1.522,1.548,1.474,1.535,1.554,1.554,1.506,1.523,1.536,1.462,39.5,19,107.5,310.5,572,993,1653,2884,5176,9039.5,14945,22102,31970.5,45060.5,55438,59472,62229,64749.5,66855.5,68599.5,70206.5,70820,71617,72113.5,72643,73004.5,73554.5,73851.5,74273,74051,74466,74265.5,74650,74686.5,74351.5,74712.5,75333,75868,75973.5,75876,76192.5,76359,76226.5,76369.5,77019.5,76349.5,34.5,24.5,54.5,166.5,295,501,847.5,1472.5,2630.5,4642,7688,11346.5,16443,23411,28859,30761.5,32360.5,33593.5,34645.5,35511,36265.5,36887,37057,37588,37521.5,37732,37986,38538,38408.5,38446,38636.5,38699,38885.5,38806,38899.5,38833,38966,39355,39457,39544.5,39553.5,39811,39552,39851.5,39842,39867.5,9,11.5,34.5,73,133.5,239,408,700,1277,2196,3691,5467.5,7884.5,11230.5,13896.5,14950,15687,16307,16794,17239,17673,17757.5,17939.5,18088.5,18312.5,18315,18455.5,18669,18702.5,18664,18776,18743,18814,18843.5,18818,18889,18954,19109.5,19175.5,19260.5,19212.5,19268.5,19221.5,19327.5,19352,19264
C09,Sample X33,A,7.00E-04,0.024,0,0.027,0.042,0.066,0.098,0.159,0.25,0.342,0.442,0.545,0.662,0.81,0.932,1.018,1.067,1.111,1.16,1.203,1.238,1.27,1.28,1.313,1.321,1.34,1.363,1.378,1.409,1.418,1.462,1.465,1.464,1.476,1.473,1.483,1.454,1.484,1.509,1.525,1.538,1.492,1.519,1.53,1.525,1.533,41.5,27,157.5,364.5,714,1230,2160,3754,6702,11119.5,18102,26153,36934.5,50594.5,66707,73869,77612,80943.5,83618.5,85891.5,87826.5,88813,89566,90850.5,91360,91523.5,92477.5,93326.5,93098,93925,94127,94205.5,94790,94629.5,94764.5,94919.5,95264,95418,96098.5,96257,96268.5,96915,96667.5,96926.5,97260.5,96971.5,31.5,23.5,73.5,186.5,362,637,1085.5,1914.5,3429.5,5676,9294,13431.5,19032,26203,34536,38312.5,40422.5,42049.5,43294.5,44544,45399.5,46106,46628,47238,47445.5,47690,47827,48421,48456.5,48887,49076.5,49133,49337.5,49316,49254.5,49366,49616,49514,49990,50083.5,50141.5,50286,50426,50449.5,50412,50562.5,9,12.5,44.5,92,167.5,301,514,901,1620,2723,4401,6441.5,9133.5,12635.5,16629.5,18705,19597,20332,21039,21712,22041,22349.5,22564.5,22793.5,23050.5,23095,23335.5,23436,23552.5,23715,23860,23831,23881,23905.5,23956,23975,24070,24016.5,24247.5,24261.5,24357.5,24428.5,24395.5,24446.5,24527,24465
C10,Sample X34,A,0.02,0.036,0,0.037,0.047,0.066,0.094,0.146,0.22,0.316,0.395,0.498,0.592,0.724,0.859,0.956,1.03,1.07,1.112,1.162,1.201,1.243,1.248,1.288,1.286,1.309,1.336,1.35,1.386,1.384,1.423,1.437,1.465,1.472,1.456,1.473,1.438,1.469,1.475,1.494,1.512,1.483,1.5,1.513,1.507,1.509,54.5,32,146.5,325.5,576,994,1626,2748,4848,8102.5,13428,19734,28216.5,38946.5,53393,63965,68362,71438.5,74181.5,76762.5,79280.5,80819,81429,82063.5,83076,83660.5,84007.5,84789.5,84592,85369,85786,85722.5,86403,86602.5,86641.5,86831.5,86865,87131,87557.5,87781,87660.5,87890,88117.5,88161.5,88373.5,88418.5,26.5,24.5,63.5,177.5,310,507,848.5,1409.5,2465.5,4148,6876,10128.5,14521,20142,27509,33116.5,35452.5,37115.5,38454.5,39813,40957.5,41790,42283,42629,43021.5,43429,43645,44003,43885.5,44341,44452.5,44660,44970.5,45252,45060.5,45257,45132,45467,45498,45699.5,45792.5,45724,45999,45858.5,45844,45850.5,8,16.5,33.5,75,137.5,246,396,674,1176,1961,3287,4857.5,7064.5,9712.5,13274.5,16061,17292,17974,18688,19452,19894,20287.5,20487.5,20614.5,20815.5,21021,21207.5,21264,21332.5,21525,21570,21759,21815,21957.5,21875,21959,21938,21942.5,22144.5,22122.5,22216.5,22273.5,22188.5,22278.5,22301,22244
C11,Sample X35,A,0.002,0.019,0,0.025,0.033,0.048,0.067,0.104,0.152,0.221,0.285,0.362,0.435,0.51,0.588,0.693,0.792,0.889,0.96,1.026,1.059,1.098,1.118,1.152,1.171,1.194,1.209,1.224,1.245,1.272,1.291,1.313,1.326,1.345,1.363,1.372,1.399,1.414,1.42,1.434,1.438,1.452,1.469,1.477,1.487,1.484,35.5,57,141.5,402.5,780,1363,2282,3793,6124,9894.5,14728,21160,28396.5,36777.5,47710,60132,73761,89376.5,99946.5,104805.5,108100.5,111013,114042,116897.5,118420,119966.5,122031.5,122984.5,123889,125343,126666,127230.5,128246,129152.5,129526.5,130492.5,131173,131206,132334.5,133125,133944.5,134431,135508.5,136779.5,136598.5,136676.5,21.5,36.5,74.5,209.5,417,712,1155.5,1911.5,3127.5,5048,7547,10848.5,14614,19012,24588,31274.5,38432.5,46438.5,51954.5,54610,56550.5,57847,59282,60542,61692.5,62635,63315,64054,64836.5,65444,65843.5,66288,66994.5,67104,67711.5,68404,68427,68835,69372,69543.5,69896.5,70129,70605,71194.5,71242,71104.5,10,15.5,39.5,91,184.5,331,557,916,1497,2417,3605,5188.5,7004.5,9177.5,11870.5,15081,18571,22346,25174,26503,27396,28201.5,28845.5,29445.5,30104.5,30449,30854.5,31212,31492.5,31760,31961,32171,32495,32906.5,32862,33115,33258,33343.5,33639.5,33820.5,34017.5,34094.5,34345.5,34595.5,34626,34607
C12,Sample X36,A,0.011,0.018,0,0.018,0.022,0.028,0.031,0.043,0.052,0.067,0.08,0.1,0.121,0.142,0.162,0.184,0.2,0.225,0.246,0.268,0.3,0.324,0.349,0.375,0.418,0.454,0.492,0.538,0.595,0.636,0.706,0.781,0.855,0.93,1.001,1.036,1.073,1.12,1.158,1.192,1.231,1.27,1.306,1.335,1.376,1.451,88.5,82,125.5,258.5,446,720,1123,1609,2228,3060.5,3977,5177,6507.5,8004.5,9620,11295,13071,15215.5,17039.5,19602.5,22359.5,25291,29125,33669.5,39177,45598.5,53214.5,61870.5,69897,79595,88806,98693.5,109632,120416.5,127711.5,133342.5,139518,145072,150543.5,155857,160620.5,163530,167105.5,170336.5,173757.5,175493.5,57.5,45.5,65.5,127.5,232,375,583.5,820.5,1146.5,1542,2067,2649.5,3363,4131,4957,5831.5,6753.5,7823.5,8848.5,10075,11452.5,13073,14964,17347,20223.5,23511,27500,31934,36168.5,41285,46359.5,51286,57174.5,62553,66294.5,69525,72376,75556,78509,80995.5,83388.5,85309,87167,89169.5,90280,92061.5,26,22.5,34.5,62,104.5,176,277,394,553,752,991,1295.5,1618.5,1987.5,2401.5,2818,3261,3770,4254,4886,5519,6326.5,7268.5,8378.5,9773.5,11326,13262.5,15444,17509.5,19944,22470,24889,27689,30343.5,32141,33821,35127,36676.5,38001.5,39279.5,40311.5,41410.5,42343.5,43311.5,43860,44581
D01,Sample X37,A,0.018,0.021,0,0.03,0.042,0.069,0.111,0.18,0.282,0.382,0.5,0.625,0.809,0.898,0.968,1.013,1.074,1.131,1.175,1.217,1.251,1.286,1.316,1.357,1.38,1.405,1.408,1.429,1.441,1.45,1.461,1.478,1.477,1.496,1.481,1.488,1.487,1.484,1.482,1.489,1.484,1.475,1.481,1.466,1.487,1.462,54.5,49,40.5,45.5,40,61,89,120,117,201.5,287,428,564.5,758.5,925,1083,1263,1437.5,1599.5,1769.5,1894.5,2043,2158,2278.5,2379,2448.5,2566.5,2643.5,2706,2765,2837,2853.5,2883,2935.5,2999.5,3009.5,3058,3077,3163.5,3225,3231.5,3275,3298.5,3373.5,3354.5,3410.5,30.5,30.5,21.5,29.5,35,31,45.5,63.5,72.5,106,148,214.5,301,378,463,567.5,661.5,739.5,827.5,915,1006.5,1066,1113,1174,1229.5,1269,1304,1365,1378.5,1418,1439.5,1494,1517.5,1524,1540.5,1571,1608,1612,1636,1659.5,1673.5,1695,1723,1736.5,1751,1760.5,22,19.5,13.5,10,11.5,10,22,25,37,50,68,106.5,142.5,188.5,233.5,284,320,359,399,437,480,509.5,546.5,564.5,598.5,619,644.5,664,670.5,696,708,730,734,745.5,758,762,771,796.5,788.5,807.5,814.5,824.5,827.5,840.5,855,852
D02,Sample X38,A,0.003,0.018,0,0.028,0.039,0.066,0.107,0.178,0.282,0.379,0.5,0.626,0.81,0.911,1.005,1.012,1.065,1.128,1.175,1.22,1.244,1.273,1.31,1.34,1.357,1.367,1.385,1.404,1.412,1.423,1.436,1.436,1.445,1.458,1.457,1.462,1.464,1.467,1.455,1.458,1.457,1.459,1.457,1.452,1.449,1.444,45.5,31,17.5,31.5,22,32,70,77,116,159.5,237,381,506.5,696.5,860,1025,1194,1367.5,1518.5,1686.5,1829.5,1969,2077,2184.5,2252,2343.5,2397.5,2476.5,2544,2580,2617,2686.5,2695,2758.5,2779.5,2795.5,2859,2919,2881.5,2973,2979.5,3043,3061.5,3085.5,3115.5,3125.5,31.5,23.5,7.5,16.5,14,25,32.5,36.5,58.5,81,140,210.5,264,376,454,542.5,615.5,703.5,798.5,858,943.5,1009,1069,1120,1155.5,1196,1248,1260,1307.5,1342,1361.5,1406,1394.5,1411,1428.5,1452,1486,1509,1511,1543.5,1543.5,1548,1586,1602.5,1627,1600.5,15,12.5,12.5,8,6.5,10,15,15,28,39,62,85.5,135.5,178.5,210.5,264,304,344,385,419,454,478.5,529.5,544.5,567.5,585,602.5,618,637.5,653,665,671,683,691.5,701,710,714,726.5,734.5,751.5,757.5,762.5,762.5,785.5,789,790
D03,Sample X39,A,0.016,0.016,0,0.024,0.037,0.066,0.109,0.183,0.29,0.389,0.508,0.637,0.82,0.909,1.027,1.022,1.085,1.145,1.188,1.237,1.27,1.303,1.337,1.36,1.383,1.394,1.411,1.428,1.439,1.476,1.466,1.484,1.48,1.485,1.496,1.484,1.504,1.5,1.49,1.487,1.487,1.484,1.489,1.48,1.48,1.468,44.5,36,24.5,27.5,18,31,56,85,115,164.5,244,384,546.5,716.5,878,1035,1186,1390.5,1537.5,1693.5,1850.5,1965,2098,2178.5,2290,2325.5,2410.5,2499.5,2547,2582,2635,2674.5,2767,2753.5,2799.5,2823.5,2869,2928,2916.5,2978,3004.5,3028,3057.5,3096.5,3132.5,3146.5,19.5,24.5,5.5,7.5,18,16,32.5,41.5,65.5,83,134,201.5,274,376,450,551.5,624.5,712.5,812.5,861,934.5,1027,1077,1130,1174.5,1216,1241,1287,1309.5,1349,1380.5,1391,1406.5,1446,1466.5,1474,1492,1520,1517,1560.5,1551.5,1577,1586,1591.5,1621,1623.5,8,10.5,10.5,4,3.5,5,15,20,27,47,62,99.5,131.5,184.5,219.5,262,298,335,379,419,460,493.5,517.5,540.5,573.5,589,608.5,635,633.5,649,666,674,691,696.5,705,724,719,724.5,745.5,745.5,756.5,762.5,767.5,780.5,794,793
D04,Sample X40,A,0.048,0.015,0,0.026,0.041,0.071,0.122,0.219,0.31,0.418,0.533,0.68,0.869,0.957,0.996,1.046,1.108,1.157,1.199,1.238,1.313,1.295,1.332,1.345,1.361,1.376,1.385,1.406,1.416,1.425,1.434,1.437,1.491,1.452,1.452,1.461,1.457,1.468,1.469,1.457,1.454,1.46,1.445,1.457,1.445,1.439,71.5,57,17.5,6.5,21,39,65,98,120,163.5,262,429,575.5,772.5,902,1091,1251,1419.5,1562.5,1752.5,1864.5,1990,2094,2191.5,2275,2325.5,2407.5,2489.5,2537,2581,2631,2669.5,2710,2731.5,2761.5,2784.5,2883,2941,2922.5,2965,2986.5,3013,3080.5,3078.5,3130.5,3151.5,40.5,17.5,11.5,18.5,23,2,24.5,46.5,62.5,95,143,208.5,299,394,463,554.5,654.5,729.5,820.5,886,947.5,1037,1093,1121,1159.5,1191,1249,1294,1295.5,1345,1362.5,1387,1408.5,1445,1445.5,1470,1492,1510,1527,1537.5,1558.5,1580,1603,1590.5,1611,1632.5,18,15.5,13.5,3,5.5,11,16,12,24,40,65,109.5,139.5,193.5,235.5,281,308,354,393,437,459,494.5,526.5,541.5,576.5,587,602.5,623,632.5,657,663,666,682,693.5,705,711,723,727.5,740.5,748.5,764.5,769.5,764.5,778.5,778,796
D05,Sample X41,A,0.009,0.014,0,0.022,0.037,0.061,0.108,0.176,0.356,0.376,0.492,0.624,0.812,0.902,0.969,1.005,1.097,1.118,1.17,1.212,1.314,1.28,1.309,1.338,1.388,1.413,1.379,1.401,1.406,1.422,1.43,1.434,1.449,1.514,1.457,1.458,1.483,1.476,1.49,1.451,1.455,1.49,1.463,1.517,1.442,1.435,29.5,29,19.5,39.5,17,28,52,51,100,136.5,233,368,511.5,678.5,843,1015,1156,1334.5,1492.5,1651.5,1787.5,1912,2034,2117.5,2241,2259.5,2387.5,2450.5,2496,2532,2617,2608.5,2708,2714.5,2819.5,2776.5,2850,2907,2903.5,2963,2972.5,3061,3045.5,3099.5,3144.5,3180.5,23.5,8.5,-0.5,13.5,10,14,22.5,27.5,58.5,86,120,180.5,254,352,434,528.5,602.5,681.5,795.5,840,923.5,991,1031,1113,1151.5,1186,1232,1258,1279.5,1319,1340.5,1374,1400.5,1404,1436.5,1461,1456,1507,1502,1534.5,1562.5,1576,1589,1613.5,1636,1629.5,11,10.5,3.5,6,0.5,12,12,11,22,39,54,90.5,135.5,171.5,212.5,257,291,331,370,411,447,480.5,508.5,533.5,567.5,580,596.5,617,620.5,647,662,668,678,685.5,698,713,702,722.5,734.5,751.5,758.5,771.5,772.5,773.5,793,805
D06,Sample X42,A,0.01,0.015,0,0.026,0.041,0.07,0.118,0.268,0.305,0.392,0.51,0.64,0.839,0.91,0.961,1.013,1.084,1.137,1.18,1.231,1.262,1.303,1.33,1.352,1.466,1.383,1.403,1.685,1.429,1.446,1.45,1.462,1.476,1.473,1.477,1.481,1.475,1.472,1.473,1.475,1.476,1.473,1.468,1.507,1.461,1.462,35.5,44,13.5,33.5,32,16,60,71,99,139.5,239,380,501.5,700.5,850,1005,1146,1337.5,1503.5,1664.5,1811.5,1938,2028,2140.5,2220,2303.5,2410.5,2480.5,2547,2640,2646,2671.5,2720,2805.5,2816.5,2845.5,2908,2956,2991.5,3024,3044.5,3098,3174.5,3173.5,3211.5,3278.5,19.5,18.5,1.5,6.5,7,6,31.5,41.5,53.5,68,121,191.5,268,348,433,539.5,615.5,700.5,778.5,848,939.5,986,1062,1121,1174.5,1201,1246,1266,1316.5,1345,1369.5,1405,1426.5,1435,1479.5,1487,1505,1535,1550,1564.5,1594.5,1610,1603,1636.5,1688,1686.5,3,10.5,6.5,5,1.5,11,15,13,30,40,66,93.5,136.5,175.5,217.5,253,295,333,378,419,451,480.5,513.5,538.5,566.5,581,605.5,630,631.5,666,669,669,695,708.5,712,719,729,740.5,757.5,765.5,778.5,791.5,795.5,799.5,812,819
D07,Sample X43,A,-8.00E-04,0.019,0,0.025,0.043,0.07,0.111,0.19,0.29,0.385,0.506,0.65,0.82,0.904,0.97,1.022,1.082,1.138,1.182,1.234,1.266,1.422,1.348,1.371,1.462,1.403,1.451,1.436,1.448,1.466,1.472,1.484,1.49,1.492,1.488,1.494,1.493,1.487,1.491,1.488,1.486,1.484,1.494,1.498,1.489,1.487,56.5,21,-5.5,8.5,9,16,51,57,92,132.5,220,352,497.5,663.5,828,966,1113,1285.5,1438.5,1619.5,1763.5,1907,1994,2128.5,2211,2290.5,2363.5,2478.5,2518,2582,2649,2684.5,2730,2806.5,2858.5,2872.5,2895,2982,2999.5,3072,3101.5,3149,3195.5,3227.5,3248.5,3301.5,20.5,20.5,-7.5,6.5,15,11,6.5,26.5,46.5,79,116,187.5,251,337,426,500.5,593.5,673.5,770.5,833,915.5,987,1035,1100,1144.5,1182,1240,1272,1321.5,1355,1393.5,1406,1422.5,1434,1468.5,1486,1514,1539,1578,1589.5,1621.5,1631,1652,1669.5,1695,1705.5,11,8.5,5.5,3,1.5,5,10,12,22,35,54,90.5,123.5,166.5,205.5,254,285,326,369,404,438,478.5,508.5,537.5,559.5,581,614.5,625,633.5,657,664,682,696,711.5,709,729,728,752.5,762.5,777.5,785.5,798.5,800.5,818.5,822,838
D08,Sample X44,A,0.003,0.016,0,0.024,0.039,0.066,0.109,0.179,0.29,0.386,0.503,0.633,0.81,0.902,0.971,1.017,1.08,1.137,1.186,1.236,1.27,1.321,1.356,1.376,1.395,1.415,1.429,1.446,1.468,1.496,1.488,1.499,1.507,1.509,1.507,1.513,1.503,1.504,1.502,1.505,1.504,1.508,1.504,1.507,1.507,1.507,23.5,27,12.5,25.5,25,30,47,68,100,126.5,234,363,488.5,679.5,814,971,1140,1306.5,1477.5,1634.5,1763.5,1895,1983,2117.5,2223,2308.5,2399.5,2504.5,2568,2607,2653,2739.5,2771,2848.5,2879.5,2924.5,2993,3060,3077.5,3115,3156.5,3238,3308.5,3350.5,3360.5,3377.5,24.5,17.5,5.5,11.5,13,11,25.5,34.5,48.5,85,124,191.5,254,352,415,514.5,599.5,689.5,768.5,821,924.5,982,1061,1111,1147.5,1197,1259,1309,1325.5,1369,1401.5,1422,1447.5,1465,1513.5,1521,1563,1589,1609,1635.5,1643.5,1679,1688,1717.5,1748,1756.5,8,0.5,8.5,0,2.5,6,18,6,29,40,61,96.5,125.5,171.5,211.5,254,287,329,369,405,438,476.5,508.5,530.5,570.5,583,608.5,632,633.5,668,675,687,699,709.5,727,745,752,768.5,789.5,797.5,805.5,811.5,820.5,827.5,845,855
D09,Sample X45,A,0.006,0.017,0,0.024,0.037,0.066,0.105,0.174,0.278,0.374,0.487,0.631,0.782,0.884,0.955,1.005,1.062,1.12,1.172,1.269,1.256,1.295,1.323,1.354,1.384,1.4,1.417,1.438,1.455,1.465,1.482,1.494,1.501,1.495,1.5,1.498,1.502,1.502,1.493,1.498,1.493,1.498,1.492,1.553,1.495,1.494,34.5,15,6.5,11.5,10,17,29,54,100,118.5,227,347,474.5,654.5,805,973,1106,1276.5,1422.5,1600.5,1735.5,1890,1988,2126.5,2197,2282.5,2368.5,2500.5,2563,2632,2664,2743.5,2784,2824.5,2879.5,2931.5,2982,3062,3096.5,3147,3169.5,3238,3297.5,3359.5,3376.5,3415.5,11.5,9.5,-1.5,11.5,13,10,14.5,27.5,50.5,78,116,186.5,261,341,419,499.5,575.5,664.5,757.5,831,903.5,986,1040,1094,1147.5,1199,1255,1293,1320.5,1371,1392.5,1422,1449.5,1480,1520.5,1529,1568,1585,1586,1623.5,1655.5,1703,1697,1740.5,1774,1773.5,5,8.5,2.5,3,-0.5,5,11,13,23,33,58,96.5,129.5,170.5,205.5,245,286,330,369,397,435,467.5,502.5,524.5,560.5,587,596.5,630,636.5,661,681,691,703,711.5,734,749,757,763.5,780.5,800.5,814.5,834.5,830.5,840.5,857,864
D10,Sample X46,A,0.011,0.018,0,0.025,0.038,0.062,0.104,0.172,0.268,0.374,0.483,0.606,0.774,0.88,0.954,1.005,1.069,1.129,1.177,1.244,1.26,1.282,1.316,1.344,1.372,1.394,1.416,1.433,1.605,1.455,1.465,1.476,1.483,1.483,1.482,1.48,1.485,1.478,1.482,1.504,1.477,1.482,1.479,1.492,1.474,1.476,2.5,10,-5.5,34.5,12,5,43,56,96,132.5,224,362,470.5,668.5,823,972,1114,1274.5,1439.5,1619.5,1775.5,1867,1969,2118.5,2205,2302.5,2367.5,2471.5,2514,2562,2625,2720.5,2737,2798.5,2891.5,2889.5,3008,3018,3059.5,3168,3175.5,3224,3324.5,3351.5,3400.5,3420.5,5.5,8.5,-3.5,10.5,8,16,17.5,30.5,42.5,63,112,182.5,247,346,429,513.5,583.5,678.5,768.5,834,897.5,976,1049,1084,1137.5,1188,1228,1273,1300.5,1340,1364.5,1413,1440.5,1455,1480.5,1506,1543,1559,1599,1613.5,1656.5,1678,1699,1740.5,1763,1772.5,1,9.5,7.5,3,-0.5,1,7,9,23,40,53,92.5,124.5,164.5,200.5,247,284,324,353,402,432,472.5,503.5,523.5,555.5,574,602.5,618,627.5,661,672,683,703,712.5,734,731,741,761.5,780.5,794.5,811.5,819.5,826.5,838.5,850,869
D11,Sample X47,A,0.026,0.014,0,0.025,0.038,0.063,0.104,0.171,0.267,0.362,0.473,0.637,0.742,0.873,0.946,0.996,1.061,1.122,1.166,1.219,1.25,1.275,1.305,1.335,1.357,1.411,1.412,1.435,1.444,1.449,1.464,1.48,1.476,1.482,1.477,1.476,1.479,1.476,1.484,1.477,1.475,1.523,1.472,1.477,1.467,1.462,31.5,36,15.5,18.5,17,30,40,53,96,157.5,243,368,487.5,663.5,819,992,1134,1288.5,1471.5,1627.5,1772.5,1882,2001,2116.5,2237,2337.5,2400.5,2497.5,2561,2588,2691,2742.5,2784,2863.5,2918.5,2978.5,3028,3098,3108.5,3183,3252.5,3322,3350.5,3405.5,3460.5,3511.5,27.5,21.5,0.5,8.5,16,10,16.5,33.5,60.5,81,117,182.5,261,340,425,519.5,597.5,677.5,765.5,816,903.5,985,1016,1075,1158.5,1186,1242,1293,1328.5,1360,1397.5,1433,1462.5,1468,1519.5,1545,1566,1614,1636,1675.5,1697.5,1702,1736,1783.5,1802,1818.5,4,11.5,2.5,2,1.5,8,16,15,27,41,54,89.5,128.5,173.5,205.5,250,286,322,360,402,433,467.5,500.5,523.5,560.5,580,611.5,617,642.5,677,678,701,706,718.5,738,752,758,774.5,799.5,808.5,817.5,831.5,840.5,863.5,873,889
D12,Sample X48,A,0.036,0.018,0,0.026,0.042,0.069,0.11,0.181,0.278,0.377,0.486,0.628,0.789,0.894,0.953,1.013,1.07,1.116,1.166,1.211,1.238,1.27,1.29,1.319,1.335,1.365,1.394,1.407,1.424,1.423,1.429,1.436,1.444,1.445,1.445,1.443,1.441,1.434,1.43,1.43,1.42,1.416,1.421,1.419,1.414,1.415,-0.5,18,25.5,46.5,24,29,74,80,122,143.5,260,386,556.5,730.5,907,1091,1265,1401.5,1581.5,1729.5,1866.5,1974,2098,2222.5,2326,2427.5,2544.5,2632.5,2694,2754,2794,2876.5,2935,3018.5,3070.5,3122.5,3194,3285,3331.5,3380,3417.5,3515,3574.5,3624.5,3689.5,3749.5,10.5,12.5,11.5,12.5,25,24,27.5,44.5,66.5,92,139,207.5,283,393,471,560.5,648.5,737.5,811.5,879,958.5,1033,1095,1148,1209.5,1248,1316,1362,1391.5,1430,1478.5,1500,1522.5,1557,1598.5,1616,1662,1691,1731,1764.5,1794.5,1824,1860,1887.5,1928,1925.5,-6,14.5,5.5,6,6.5,6,19,17,24,50,63,104.5,140.5,186.5,231.5,274,314,349,389,429,466,502.5,530.5,550.5,587.5,615,638.5,662,671.5,702,712,734,744,757.5,777,793,799,821.5,839.5,854.5,878.5,888.5,894.5,914.5,930,948
E01,Sample X49,A,5.00E-04,0.015,0,0.023,0.036,0.061,0.102,0.173,0.277,0.386,0.495,0.626,0.811,0.907,0.986,1.037,1.092,1.148,1.193,1.243,1.273,1.299,1.327,1.352,1.38,1.415,1.435,1.453,1.464,1.472,1.48,1.485,1.513,1.494,1.501,1.493,1.499,1.5,1.502,1.493,1.49,1.488,1.492,1.485,1.48,1.469,59.5,87,62.5,89.5,66,97,111,131,173,213.5,348,524,799.5,1120.5,1409,1686,1960,2237.5,2550.5,2853.5,3067.5,3299,3469,3662.5,3790,3928.5,4023.5,4148.5,4226,4278,4352,4424.5,4447,4545.5,4588.5,4614.5,4671,4730,4789.5,4826,4826.5,4849,4957.5,4953.5,4985.5,5044.5,33.5,31.5,37.5,32.5,47,46,52.5,62.5,79.5,129,173,282.5,417,577,740,868.5,1020.5,1186.5,1324.5,1457,1580.5,1700,1801,1871,1959.5,2044,2109,2164,2190.5,2226,2256.5,2276,2337.5,2357,2371.5,2403,2405,2450,2470,2516.5,2518.5,2532,2555,2583.5,2606,2609.5,7,19.5,23.5,16,14.5,23,27,24,40,55,87,132.5,198.5,280.5,353.5,424,496,557,635,704,774,818.5,870.5,904.5,958.5,986,1020.5,1044,1053.5,1079,1090,1118,1129,1143.5,1149,1170,1188,1179.5,1207.5,1209.5,1217.5,1235.5,1237.5,1256.5,1259,1270
E02,Sample X50,A,0.024,0.018,0,0.03,0.168,0.07,0.114,0.268,0.289,0.388,0.505,0.642,0.809,0.97,1.086,1.076,1.269,1.179,1.241,1.24,1.275,1.306,1.346,1.355,1.392,1.42,1.43,1.487,1.428,1.768,1.441,1.449,1.48,1.45,1.506,1.46,1.449,1.459,1.441,1.454,1.442,1.465,1.454,1.495,1.418,1.416,91.5,63,127.5,399.5,835,1795,2990,4458,6849,11442.5,16463,18542,18708.5,18800.5,18575,18636,18754,18912.5,19087.5,19035.5,19267.5,19423,19667,20000.5,19881,20176.5,20310.5,20153.5,20170,20969,20286,20227.5,20396,20554.5,20410.5,20486.5,20568,20560,20715.5,21003,20821.5,20605,20782.5,20780.5,21115.5,20843.5,56.5,32.5,68.5,208.5,427,910,1518.5,2257.5,3499.5,5813,8499,9546.5,9746,9734,9604,9614.5,9718.5,9816.5,9883.5,9836,9950.5,10048,10192,10349,10330.5,10512,10511,10373,10417.5,10908,10551.5,10533,10616.5,10655,10685.5,10628,10634,10701,10789,10931.5,10793.5,10726,10800,10685.5,10951,10861.5,25,14.5,34.5,94,201.5,428,736,1074,1671,2783,4106,4696.5,4730.5,4726.5,4676.5,4686,4708,4757,4789,4762,4852,4845.5,4948.5,5007.5,5024.5,5073,5106.5,5022,5055.5,5296,5097,5104,5122,5127.5,5162,5167,5177,5140.5,5238.5,5279.5,5238.5,5156.5,5228.5,5206.5,5315,5240
E03,Sample X51,A,0.045,0.022,0,0.027,0.04,0.063,0.202,0.167,0.26,0.361,0.479,0.593,0.752,0.947,1.071,1.05,1.109,1.158,1.2,1.238,1.273,1.304,1.321,1.345,1.405,1.401,1.421,1.445,1.436,1.515,1.447,1.52,1.485,1.452,1.535,1.478,1.614,1.471,1.558,1.563,1.456,1.579,1.449,1.54,1.548,1.422,100.5,63,167.5,436.5,991,2238,3981,6269,9722,16097.5,24407,27787,27939.5,27521.5,27044,26777,27009,27218.5,27330.5,27399.5,27632.5,27571,27659,27914.5,27960,28058.5,28145.5,28260.5,28221,28477,28523,28629.5,28667,28752.5,28900.5,28881.5,28826,28859,28892.5,28978,28882.5,28965,28877.5,28852.5,28791.5,28807.5,44.5,28.5,83.5,213.5,512,1127,2019.5,3164.5,4943.5,8197,12533,14331.5,14513,14356,13984,13956.5,13987.5,14078.5,14181.5,14174,14328.5,14339,14343,14442,14556.5,14580,14636,14588,14688.5,14714,14859.5,14854,14872.5,14922,14916.5,15024,14941,15030,15043,15062.5,14965.5,14931,14961,15000.5,15033,14932.5,23,14.5,43.5,102,235.5,544,963,1520,2368,3924,6007,7030.5,7011.5,6934.5,6808.5,6785,6825,6811,6906,6883,6900,6917.5,6946.5,7015.5,7043.5,7052,7116.5,7078,7084.5,7170,7162,7183,7208,7235.5,7226,7269,7293,7252.5,7317.5,7251.5,7281.5,7293.5,7250.5,7208.5,7242,7253
E04,Sample X52,A,0.027,0.042,0,0.04,0.052,0.077,0.113,0.17,0.262,0.36,0.469,0.636,0.709,0.879,1.035,1.11,1.152,1.17,1.223,1.258,1.355,1.411,1.364,1.391,1.432,1.464,1.522,1.49,1.499,1.506,1.482,1.465,1.568,1.546,1.56,1.485,1.586,1.555,1.54,1.456,1.458,1.599,1.469,1.587,1.608,1.418,80.5,54,152.5,481.5,1123,2544,4791,7972,12954,21638.5,35313,44802,46239.5,47028.5,46146,45119,44946,45231.5,45138.5,45402.5,45697.5,45554,45732,45714.5,46041,45902.5,46098.5,46123.5,46293,46451,46795,46720.5,46590,46714.5,46862.5,46834.5,47069,47198,47250.5,47354,47373.5,46842,47048.5,46924.5,46988.5,46850.5,41.5,30.5,82.5,228.5,568,1290,2442.5,4040.5,6610.5,11002,18142,23171.5,24115,24229,23897,23299.5,23445.5,23373.5,23412.5,23536,23575.5,23644,23690,23867,23725.5,23814,23997,23935,24006.5,24090,24308.5,24209,24293.5,24261,24325.5,24372,24472,24479,24464,24407.5,24454.5,24371,24428,24495.5,24297,24284.5,20,14.5,43.5,112,257.5,613,1166,1918,3142,5228,8679,11193.5,11744.5,11797.5,11581.5,11355,11402,11325,11412,11386,11386,11428.5,11452.5,11500.5,11558.5,11584,11658.5,11602,11641.5,11699,11732,11709,11756,11754.5,11826,11825,11859,11862.5,11878.5,11869.5,11880.5,11832.5,11858.5,11807.5,11778,11792
E05,Sample X53,A,0.018,0.014,0,0.022,0.035,0.056,0.093,0.143,0.29,0.329,0.422,0.574,0.649,0.844,0.965,1.055,1.128,1.181,1.242,1.278,1.365,1.408,1.398,1.366,1.478,1.412,1.446,1.535,1.463,1.49,1.475,1.487,1.5,1.547,1.554,1.489,1.445,1.576,1.451,1.457,1.444,1.453,1.438,1.545,1.426,1.408,79.5,65,131.5,457.5,1095,2508,4804,8082,13358,21956.5,37477,58161,68995.5,72437.5,73351,73036,72848,72923.5,72729.5,73014.5,73233.5,73204,73437,73238.5,73470,73394.5,74258.5,73906.5,73965,74587,74411,74399.5,74531,74791.5,74835.5,75126.5,75564,75592,75556.5,75911,75448.5,75555,75075.5,75632.5,74978.5,75328.5,45.5,31.5,69.5,241.5,581,1267,2445.5,4112.5,6785.5,11191,19135,29717.5,36026,37686,38056,37866.5,37752.5,37817.5,37858.5,37999,38240.5,38179,37983,38078,38007.5,37989,38442,38489,38410.5,38700,38847.5,38869,38911.5,38880,38851.5,38949,39091,39264,39184,39333.5,39197.5,39255,39078,39247.5,39111,39079.5,19,14.5,40.5,108,259.5,602,1168,1959,3231,5343,9145,14288.5,17471.5,18286.5,18482.5,18421,18336,18309,18314,18349,18454,18439.5,18484.5,18465.5,18477.5,18498,18687.5,18746,18590.5,18746,18764,18846,18892,18791.5,18795,18928,19012,18989.5,19053.5,19021.5,19040.5,19076.5,18904.5,18998.5,18991,18884
E06,Sample X54,A,-7.00E-04,0.026,0,0.029,0.162,0.069,0.237,0.327,0.424,0.359,0.452,0.585,0.728,0.805,0.959,1.061,1.212,1.183,1.227,1.256,1.289,1.448,1.441,1.376,1.526,1.407,1.439,1.592,1.469,1.47,1.478,1.47,1.474,1.476,1.458,1.49,1.461,1.498,1.514,1.513,1.533,1.492,1.522,1.697,1.504,1.513,62.5,65,194.5,550.5,1343,3089,5837,9874,16259,26911.5,45701,72954,99006.5,114414.5,122825,125724,127589,128544.5,129457.5,130193.5,131716.5,131188,131025,131702.5,130991,130725.5,132014.5,132666.5,132244,132209,133169,132576.5,133294,132709.5,133660.5,133922.5,134328,134830,135091.5,135208,135074.5,135246,134741.5,135191.5,135479.5,134987.5,41.5,36.5,88.5,289.5,679,1576,2995.5,5045.5,8293.5,13731,23261,37332.5,51093,59586,64360,65563.5,66140.5,66958.5,67092.5,67407,68528.5,68276,68013,67906,68065.5,67921,68601,69140,68746.5,69021,69435.5,69197,69474.5,69482,69460.5,69479,69748,70256,70376,70018.5,70384.5,70169,69980,70465.5,70281,70501.5,16,20.5,48.5,135,321.5,748,1414,2382,3963,6536,11090,17943.5,24743.5,28910.5,31058.5,31895,32102,32429,32695,32949,33177,33027.5,32927.5,33010.5,33070.5,32992,33168.5,33583,33493.5,33486,33629,33567,33665,33623.5,33666,33810,33903,34113.5,34171.5,34047.5,34041.5,34181.5,34039.5,34088.5,34115,33973
E07,Sample X55,A,0.02,0.024,0,0.03,0.209,0.064,0.27,0.272,0.228,0.327,0.418,0.526,0.774,0.788,0.947,1.015,1.217,1.182,1.235,1.272,1.298,1.482,1.447,1.367,1.513,1.409,1.554,1.501,1.453,1.562,1.465,1.477,1.48,1.48,1.487,1.486,1.478,1.498,1.491,1.546,1.507,1.513,1.509,1.622,1.506,1.509,52.5,55,169.5,495.5,1139,2623,4989,8503,14154,23270.5,38318,62146,92866.5,126720.5,155028,173703,183959,189876.5,195369.5,198447.5,201542.5,202980,204251,204457.5,204564,204333.5,204165.5,205310.5,205511,206040,205907,206394.5,206506,207668.5,207813.5,207509.5,209252,209156,209719.5,210620,209716.5,210771,213328.5,211217.5,211017.5,211313.5,34.5,32.5,88.5,238.5,574,1306,2526.5,4343.5,7260.5,11871,19467,31883.5,47646,65772,80789,90890.5,96075.5,99107.5,101865.5,103766,104970.5,105713,106452,106378,106725.5,106383,106736,106872,107264.5,107863,108343.5,107889,108039.5,108239,108683.5,108661,108697,109138,109663,110107.5,109715.5,109940,111108,111204.5,110562,110590.5,15,16.5,40.5,110,272.5,632,1213,2069,3444,5670,9294,15245.5,22970.5,31548.5,39275.5,44142,46515,48233,49290,50484,50985,51570.5,51825.5,51868.5,52150.5,51958,52097.5,52249,52333.5,52643,52552,52396,52742,52634.5,52853,52880,52828,53292.5,53370.5,53383.5,53458.5,53452.5,54104.5,53920.5,53790,53944
E08,Sample X56,A,0.022,0.026,0,0.032,0.166,0.072,0.193,0.16,0.244,0.342,0.431,0.556,0.677,0.81,1.089,1.086,1.22,1.268,1.33,1.356,1.386,1.472,1.562,1.462,1.673,1.491,1.596,1.514,1.52,1.655,1.533,1.541,1.55,1.57,1.573,1.587,1.592,1.592,1.591,1.673,1.579,1.699,1.65,1.689,1.697,1.662,81.5,67,195.5,539.5,1273,2862,5543,9391,15445,25074.5,41519,66523,97536.5,132642.5,172843,218954,258192,258184.5,258177.5,258184.5,258165.5,258164,258144,258147.5,258129,258118.5,258110.5,258113.5,258112,258093,258081,258070.5,258060,258063.5,258051.5,258033.5,258041,258037,258015.5,258012,257996.5,258000,257994.5,257980.5,257969.5,257957.5,43.5,30.5,109.5,272.5,657,1466,2806.5,4798.5,7897.5,12837,21098,34032.5,50123,68278,89975,113857.5,142260.5,166171.5,178888.5,188369,195923.5,200764,204246,207522,208795.5,209742,210505,211625,211894.5,214277,214542.5,215930,216868.5,217617,218857.5,220540,220601,222167,222755,223445.5,222433.5,224344,223356,224729.5,225942,224602.5,19,16.5,54.5,131,305.5,697,1337,2267,3768,6140,10068,16190.5,24131.5,32919.5,43331.5,55411,69374,81392,87590,92487,95784,98608.5,100523.5,101742.5,102723.5,102962,103653.5,104574,104751.5,105398,105605,105787,106578,106929.5,107686,108262,108805,109027.5,109450.5,109369.5,109743.5,109616.5,110495.5,110235.5,111107,110605
E09,Sample X57,A,0.027,0.023,0,0.029,0.044,0.156,0.1,0.153,0.235,0.414,0.415,0.524,0.645,0.775,0.911,1.047,1.175,1.264,1.33,1.498,1.403,1.423,1.464,1.46,1.519,1.483,1.498,1.504,1.524,1.574,1.532,1.546,1.548,1.556,1.602,1.57,1.581,1.578,1.58,1.6,1.597,1.621,1.618,1.731,1.636,1.62,76.5,83,180.5,562.5,1279,2906,5632,9491,15586,25331.5,41255,65457,96667.5,130466.5,170523,214264,258192,258184.5,258177.5,258184.5,258165.5,258164,258144,258147.5,258129,258118.5,258110.5,258113.5,258112,258093,258081,258070.5,258060,258063.5,258051.5,258033.5,258041,258037,258015.5,258012,257996.5,258000,257994.5,257980.5,257969.5,257957.5,32.5,37.5,113.5,278.5,662,1478,2856.5,4820.5,7972.5,12891,21047,33551.5,49705,67093,88062,111940.5,139334.5,167515.5,192189.5,211071,228326.5,240287,247163,251948,257560.5,258312,258852,259015,259012.5,259016,259001.5,259004,258996.5,258989,258989.5,258986,258980,258981,258970,258967.5,258963.5,258955,258951,258947.5,258948,258934.5,14,15.5,51.5,129,305.5,708,1362,2304,3795,6157,10017,16026.5,23896.5,32485.5,42694.5,54143,67811,81930,94379,104024,112630,118705.5,122855.5,124935.5,127994.5,128469,129340.5,130068,130027.5,131156,131855,132602,133610,134229.5,134972,135356,135771,136681.5,137049.5,138219.5,138189.5,139326.5,139868.5,140834.5,140716,140327
E10,Sample X58,A,0.029,0.018,0,0.03,0.043,0.066,0.118,0.146,0.221,0.357,0.412,0.501,0.623,0.751,0.872,1.028,1.144,1.246,1.324,1.454,1.418,1.448,1.478,1.501,1.524,1.559,1.566,1.704,1.574,1.591,1.591,1.599,1.601,1.591,1.62,1.601,1.598,1.617,1.624,1.635,1.622,1.623,1.619,1.676,1.617,1.608,65.5,55,211.5,583.5,1346,3039,5847,9880,16242,26149.5,41388,64755,95261.5,129246.5,166961,209991,257253,258184.5,258177.5,258184.5,258165.5,258164,258144,258147.5,258129,258118.5,258110.5,258113.5,258112,258093,258081,258070.5,258060,258063.5,258051.5,258033.5,258041,258037,258015.5,258012,257996.5,258000,257994.5,257980.5,257969.5,257957.5,34.5,37.5,87.5,295.5,693,1527,2972.5,5021.5,8268.5,13334,21068,33093.5,48953,66436,86482,109126.5,135264.5,164753.5,192434.5,214830,232663.5,246745,258925,259031,259027.5,259022,259021,259015,259012.5,259016,259001.5,259004,258996.5,258989,258989.5,258986,258980,258981,258970,258967.5,258963.5,258955,258951,258947.5,258948,258934.5,14,14.5,54.5,138,317.5,723,1412,2396,3951,6369,10104,15865.5,23503.5,32079.5,41743.5,52800,65781,80990,94457,105901,114738,122550.5,129473.5,136061.5,143575.5,149136,154671.5,159733,162060.5,164249,166231,167869,170498,171655.5,174319,176261,177461,181380.5,183286.5,185021.5,186031.5,188487.5,189738.5,191056.5,191234,191812
E11,Sample X59,A,-0.003,0.016,0,0.027,0.042,0.065,0.098,0.147,0.226,0.314,0.396,0.497,0.602,0.733,0.846,0.974,1.096,1.203,1.29,1.354,1.394,1.421,1.456,1.468,1.498,1.63,1.543,1.566,1.572,1.578,1.588,1.592,1.587,1.597,1.607,1.601,1.608,1.606,1.621,1.614,1.61,1.634,1.624,1.644,1.643,1.639,41.5,80,239.5,694.5,1640,3641,6965,11703,19112,30469.5,47272,71964,103124.5,136954.5,174646,217908,258192,258184.5,258177.5,258184.5,258165.5,258164,258144,258147.5,258129,258118.5,258110.5,258113.5,258112,258093,258081,258070.5,258060,258063.5,258051.5,258033.5,258041,258037,258015.5,258012,257996.5,258000,257994.5,257980.5,257969.5,257957.5,14.5,28.5,124.5,355.5,831,1843,3552.5,5986.5,9769.5,15574,24068,36727.5,52760,70858,90864,113161.5,139068.5,167735.5,196343.5,221751,242045.5,258382,259035,259031,259027.5,259022,259021,259015,259012.5,259016,259001.5,259004,258996.5,258989,258989.5,258986,258980,258981,258970,258967.5,258963.5,258955,258951,258947.5,258948,258934.5,7,14.5,59.5,159,388.5,870,1694,2831,4664,7408,11522,17598.5,25435.5,34047.5,43856.5,54733,67444,81979,96641,109406,118934,128100.5,135867.5,142655.5,151063.5,157861,164548.5,169425,173295.5,177038,177914,178984,181829,183054.5,185888,188123,189973,193176.5,195443.5,197764.5,200028.5,202745.5,205604.5,208705.5,210916,213286
E12,Sample X60,A,0,0.02,0,0.029,0.04,0.06,0.087,0.129,0.194,0.272,0.366,0.437,0.535,0.649,0.762,0.876,0.992,1.09,1.193,1.281,1.35,1.403,1.433,1.458,1.488,1.502,1.53,1.544,1.552,1.564,1.578,1.586,1.593,1.62,1.604,1.607,1.608,1.618,1.618,1.615,1.618,1.626,1.633,1.636,1.641,1.64,58.5,80,262.5,672.5,1588,3429,6542,11021,17664,27667.5,41707,62532,89693.5,121682.5,157006,194426,236236,258184.5,258177.5,258184.5,258165.5,258164,258144,258147.5,258129,258118.5,258110.5,258113.5,258112,258093,258081,258070.5,258060,258063.5,258051.5,258033.5,258041,258037,258015.5,258012,257996.5,258000,257994.5,257980.5,257969.5,257957.5,29.5,41.5,126.5,352.5,813,1752,3342.5,5601.5,9030.5,14203,21287,32056.5,46132,62749,81147,100660.5,122932.5,148023.5,176025.5,205588,232891.5,257688,259035,259031,259027.5,259022,259021,259015,259012.5,259016,259001.5,259004,258996.5,258989,258989.5,258986,258980,258981,258970,258967.5,258963.5,258955,258951,258947.5,258948,258934.5,5,21.5,59.5,161,372.5,834,1595,2672,4310,6739,10235,15294.5,22216.5,30238.5,39083.5,49113,59712,71908,85639,100516,115227,127613.5,138877.5,147776.5,156827.5,164919,172354.5,179781,185574.5,192704,196922,201667,204767,208661.5,210468,212294,214194,217418.5,220593.5,223810.5,226068.5,228953.5,232828.5,235880.5,238853,241887
F01,Sample X61,A,0.016,0.035,0,0.043,0.057,0.086,0.148,0.239,0.359,0.476,0.585,0.757,0.868,0.966,1.016,1.064,1.12,1.166,1.216,1.254,1.283,1.314,1.337,1.368,1.388,1.42,1.441,1.458,1.47,1.481,1.478,1.531,1.495,1.498,1.498,1.499,1.492,1.49,1.488,1.487,1.485,1.484,1.487,1.477,1.477,1.481,75.5,62,61.5,90.5,79,77,121,159,195,255.5,414,623,907.5,1244.5,1537,1812,2094,2389.5,2629.5,2919.5,3131.5,3322,3538,3689.5,3814,3941.5,4061.5,4160.5,4248,4276,4390,4411.5,4394,4543.5,4554.5,4619.5,4654,4711,4729.5,4828,4840.5,4924,4871.5,4998.5,4996.5,5092.5,39.5,42.5,26.5,41.5,48,49,65.5,74.5,106.5,139,212,315.5,477,638,802,933.5,1081.5,1230.5,1376.5,1495,1625.5,1717,1821,1902,1970.5,2034,2075,2154,2179.5,2238,2266.5,2267,2322.5,2352,2391.5,2388,2422,2453,2492,2511.5,2515.5,2544,2555,2584.5,2605,2629.5,14,20.5,22.5,18,13.5,18,28,27,49,65,102,154.5,226.5,320.5,388.5,455,529,597,666,729,787,832.5,873.5,917.5,951.5,988,1033.5,1052,1063.5,1072,1085,1101,1127,1138.5,1170,1168,1182,1195.5,1205.5,1209.5,1221.5,1233.5,1247.5,1257.5,1275,1276
F02,Sample X62,A,0.034,0.02,0,0.032,0.049,0.08,0.134,0.22,0.336,0.451,0.569,0.729,0.903,0.991,1.161,1.087,1.147,1.191,1.234,1.282,1.31,1.331,1.361,1.388,1.422,1.43,1.454,1.462,1.472,1.481,1.49,1.49,1.497,1.499,1.507,1.504,1.503,1.503,1.499,1.507,1.496,1.491,1.492,1.485,1.485,1.489,90.5,73,62.5,62.5,71,74,116,145,175,250.5,404,611,901.5,1208.5,1469,1711,1985,2217.5,2469.5,2711.5,2883.5,3049,3155,3371.5,3480,3537.5,3657.5,3725.5,3795,3859,3896,3925.5,3981,4069.5,4083.5,4136.5,4173,4231,4233.5,4298,4352.5,4409,4452.5,4426.5,4471.5,4583.5,43.5,44.5,28.5,37.5,35,38,58.5,62.5,97.5,124,212,324.5,464,620,753,893.5,1023.5,1149.5,1291.5,1378,1510.5,1577,1644,1726,1815.5,1842,1914,1922,1950.5,2015,2036.5,2058,2083.5,2116,2131.5,2152,2179,2183,2221,2244.5,2260.5,2280,2291,2320.5,2334,2348.5,20,16.5,14.5,15,17.5,24,25,24,45,68,101,152.5,226.5,300.5,363.5,430,493,558,629,676,721,756.5,807.5,839.5,867.5,892,915.5,941,945.5,965,982,997,1010,1013.5,1040,1047,1056,1057.5,1067.5,1082.5,1107.5,1105.5,1109.5,1119.5,1133,1139
F03,Sample X63,A,0.024,0.018,0,0.029,0.047,0.076,0.166,0.213,0.326,0.437,0.586,0.712,0.868,0.984,1.021,1.072,1.127,1.178,1.256,1.27,1.301,1.355,1.355,1.384,1.417,1.438,1.476,1.469,1.478,1.494,1.486,1.516,1.509,1.513,1.514,1.514,1.511,1.511,1.513,1.653,1.509,1.504,1.507,1.534,1.496,1.489,84.5,63,37.5,66.5,60,61,109,125,182,227.5,347,568,839.5,1147.5,1429,1675,1969,2197.5,2476.5,2740.5,2910.5,3125,3260,3447.5,3564,3653.5,3734.5,3823.5,3926,3950,4009,4037.5,4113,4177.5,4248.5,4256.5,4301,4329,4388.5,4369,4436.5,4482,4503.5,4533.5,4616.5,4629.5,43.5,32.5,27.5,27.5,24,36,54.5,66.5,84.5,118,187,292.5,428,591,737,870.5,1009.5,1142.5,1294.5,1413,1501.5,1617,1682,1763,1851.5,1881,1933,1977,2017.5,2059,2089.5,2125,2132.5,2166,2210.5,2223,2238,2267,2256,2271.5,2298.5,2342,2338,2355.5,2396,2393.5,18,16.5,16.5,11,16.5,24,24,28,41,56,92,140.5,209.5,287.5,349.5,423,487,559,624,668,741,777.5,812.5,854.5,895.5,916,946.5,954,976.5,1000,1007,1026,1041,1058.5,1063,1075,1083,1087.5,1107.5,1105.5,1110.5,1132.5,1140.5,1148.5,1152,1163
F04,Sample X64,A,0.015,0.028,0,0.03,0.047,0.078,0.13,0.216,0.352,0.442,0.559,0.776,0.864,0.979,1.043,1.091,1.147,1.193,1.243,1.287,1.318,1.349,1.37,1.504,1.433,1.45,1.568,1.534,1.487,1.503,1.497,1.509,1.52,1.522,1.527,1.53,1.526,1.573,1.522,1.565,1.519,1.558,1.516,1.513,1.509,1.499,90.5,67,50.5,59.5,66,76,105,134,183,245.5,381,587,865.5,1201.5,1479,1719,1967,2259.5,2547.5,2743.5,2943.5,3124,3288,3461.5,3583,3654.5,3765.5,3800.5,3905,3951,4024,4046.5,4118,4178.5,4209.5,4207.5,4302,4349,4389.5,4454,4449.5,4482,4483.5,4529.5,4583.5,4599.5,47.5,41.5,27.5,38.5,43,49,57.5,63.5,92.5,121,195,306.5,453,624,755,881.5,1022.5,1177.5,1308.5,1420,1535.5,1628,1716,1764,1830.5,1873,1946,1995,2010.5,2041,2086.5,2096,2126.5,2145,2181.5,2211,2231,2251,2256,2282.5,2302.5,2327,2363,2353.5,2392,2387.5,19,22.5,15.5,12,11.5,18,24,33,44,57,92,148.5,217.5,300.5,364.5,431,489,550,631,685,745,784.5,821.5,860.5,889.5,920,937.5,957,970.5,997,1014,1039,1038,1053.5,1059,1081,1081,1084.5,1100.5,1114.5,1131.5,1131.5,1140.5,1145.5,1154,1158
F05,Sample X65,A,0.013,0.022,0,0.028,0.043,0.074,0.128,0.207,0.325,0.438,0.558,0.749,0.905,1.08,1.04,1.089,1.146,1.19,1.232,1.28,1.307,1.363,1.361,1.394,1.41,1.423,1.446,1.608,1.455,1.474,1.468,1.473,1.501,1.526,1.492,1.502,1.49,1.594,1.489,1.489,1.484,1.489,1.506,1.485,1.514,1.467,59.5,68,53.5,56.5,72,74,102,105,160,232.5,390,560,870.5,1200.5,1468,1736,1979,2234.5,2523.5,2763.5,2916.5,3105,3215,3418.5,3505,3563.5,3661.5,3748.5,3843,3889,3920,3994.5,4011,4088.5,4129.5,4172.5,4216,4327,4304.5,4397,4378.5,4402,4435.5,4494.5,4522.5,4570.5,25.5,35.5,26.5,27.5,28,36,48.5,64.5,87.5,118,205,309.5,445,631,766,893.5,1038.5,1172.5,1311.5,1414,1528.5,1621,1666,1747,1803.5,1845,1916,1938,1991.5,2001,2026.5,2067,2115.5,2103,2155.5,2163,2176,2220,2225,2247.5,2264.5,2288,2328,2343.5,2369,2367.5,13,20.5,21.5,13,12.5,14,20,27,46,59,93,147.5,224.5,301.5,365.5,434,494,562,625,678,739,772.5,813.5,848.5,873.5,899,923.5,944,951.5,969,985,1001,1013,1033.5,1038,1055,1060,1075.5,1093.5,1095.5,1111.5,1122.5,1124.5,1137.5,1144,1156
F06,Sample X66,A,0.03,0.019,0,0.034,0.05,0.086,0.301,0.226,0.342,0.464,0.65,0.745,0.921,1.05,1.037,1.09,1.148,1.198,1.247,1.287,1.32,1.457,1.376,1.406,1.433,1.452,1.472,1.584,1.487,1.505,1.502,1.515,1.519,1.523,1.526,1.527,1.524,1.745,1.518,1.521,1.653,1.514,1.515,1.516,1.504,1.503,94.5,68,48.5,66.5,60,85,97,128,170,227.5,384,628,928.5,1281.5,1596,1858,2163,2475.5,2794.5,3083.5,3296.5,3527,3703,3856.5,4024,4083.5,4177.5,4280.5,4332,4455,4482,4546.5,4627,4659.5,4723.5,4732.5,4803,4814,4871.5,4935,4943.5,4980,5038.5,5100.5,5177.5,5168.5,51.5,34.5,22.5,31.5,38,46,43.5,60.5,96.5,129,208,326.5,475,661,806,962.5,1141.5,1287.5,1443.5,1573,1718.5,1808,1919,1989,2069.5,2132,2174,2230,2252.5,2299,2340.5,2363,2395.5,2397,2444.5,2470,2505,2506,2555,2551.5,2587.5,2609,2609,2653.5,2673,2679.5,18,19.5,19.5,14,16.5,12,26,31,46,64,100,151.5,235.5,322.5,375.5,467,542,619,688,766,831,876.5,932.5,963.5,1006.5,1033,1057.5,1083,1088.5,1113,1139,1139,1163,1178.5,1197,1186,1204,1228.5,1235.5,1240.5,1253.5,1264.5,1270.5,1276.5,1305,1304
F07,Sample X67,A,0.022,0.021,0,0.035,0.188,0.084,0.388,0.221,0.334,0.45,0.644,0.805,0.919,0.995,1.051,1.102,1.163,1.277,1.254,1.294,1.319,1.354,1.383,1.396,1.497,1.439,1.682,1.669,1.506,1.671,1.482,1.507,1.498,1.504,1.517,1.513,1.526,1.722,1.512,1.673,1.572,1.562,1.548,1.492,1.641,1.483,83.5,58,55.5,55.5,51,78,96,124,177,249.5,390,636,982.5,1380.5,1724,2070,2409,2760.5,3089.5,3371.5,3662.5,3835,3993,4197.5,4339,4395.5,4522.5,4621.5,4679,4725,4823,4868.5,4943,4999.5,5029.5,5038.5,5087,5198,5221.5,5311,5340.5,5345,5455.5,5460.5,5524.5,5501.5,59.5,42.5,18.5,32.5,35,43,54.5,69.5,91.5,120,196,316.5,505,723,892,1075.5,1246.5,1444.5,1599.5,1727,1891.5,2004,2084,2143,2253.5,2269,2312,2388,2412.5,2449,2481.5,2508,2535.5,2567,2618.5,2634,2645,2684,2724,2758.5,2758.5,2784,2805,2822.5,2847,2852.5,22,18.5,12.5,13,9.5,16,22,24,43,61,98,159.5,245.5,345.5,426.5,517,597,698,773,852,901,962.5,1000.5,1032.5,1092.5,1108,1127.5,1164,1167.5,1192,1208,1215,1243,1255.5,1262,1288,1299,1308.5,1316.5,1336.5,1334.5,1351.5,1353.5,1382.5,1379,1385
F08,Sample X68,A,0.026,0.02,0,0.03,0.157,0.08,0.208,0.217,0.388,0.437,0.586,0.714,0.902,0.992,1.047,1.1,1.164,1.318,1.253,1.297,1.331,1.357,1.423,1.452,1.549,1.444,1.557,1.474,1.513,1.517,1.498,1.502,1.508,1.51,1.515,1.52,1.522,1.518,1.512,1.716,1.511,1.51,1.608,1.508,1.619,1.496,80.5,74,47.5,77.5,74,97,109,149,205,252.5,455,760,1266.5,1860.5,2489,2998,3538,4052.5,4468.5,4916.5,5179.5,5504,5672,5917.5,6014,6088.5,6191.5,6276.5,6378,6483,6531,6604.5,6680,6759.5,6752.5,6805.5,6890,6989,6986.5,7015,7095.5,7171,7175.5,7254.5,7310.5,7314.5,37.5,27.5,39.5,40.5,46,40,67.5,71.5,97.5,132,225,384.5,654,968,1259,1568.5,1827.5,2081.5,2338.5,2539,2704.5,2825,2935,3053,3105.5,3137,3218,3281,3321.5,3366,3389.5,3389,3450.5,3473,3507.5,3549,3550,3606,3643,3653.5,3682.5,3732,3720,3761.5,3787,3783.5,14,16.5,20.5,14,14.5,20,27,25,49,70,106,188.5,319.5,476.5,609.5,751,869,998,1132,1238,1299,1358.5,1419.5,1457.5,1512.5,1529,1574.5,1602,1604.5,1621,1639,1657,1685,1701.5,1699,1716,1734,1757.5,1759.5,1777.5,1803.5,1812.5,1809.5,1830.5,1834,1836
F09,Sample X69,A,0.038,0.02,0,0.028,0.043,0.071,0.118,0.191,0.307,0.419,0.521,0.659,0.851,0.941,1.01,1.062,1.12,1.235,1.253,1.33,1.36,1.322,1.355,1.422,1.412,1.42,1.446,1.454,1.522,1.48,1.49,1.534,1.509,1.495,1.504,1.504,1.502,1.492,1.491,1.512,1.494,1.497,1.488,1.493,1.516,1.486,72.5,24,48.5,73.5,97,136,167,212,303,458.5,846,1572,2738.5,4046.5,5259,6164,6855,7460.5,7955.5,8386.5,8695.5,8906,9064,9254.5,9388,9389.5,9528.5,9628.5,9657,9700,9796,9807.5,9905,10001.5,10011.5,10039.5,10147,10219,10271.5,10295,10370.5,10493,10515.5,10488.5,10601.5,10570.5,29.5,23.5,29.5,42.5,68,82,93.5,113.5,156.5,230,439,795.5,1391,2059,2714,3178.5,3552.5,3904.5,4156.5,4324,4517.5,4636,4704,4770,4849.5,4871,4948,4969,5008.5,5049,5093.5,5092,5162.5,5207,5200.5,5235,5285,5279,5351,5357.5,5412.5,5402,5458,5488.5,5499,5483.5,14,8.5,16.5,19,28.5,34,43,55,75,108,205,377.5,679.5,1001.5,1319.5,1548,1717,1875,1990,2101,2167,2232.5,2256.5,2313.5,2345.5,2365,2399.5,2417,2432.5,2464,2450,2500,2497,2504.5,2515,2539,2558,2570.5,2579.5,2602.5,2604.5,2636.5,2617.5,2652.5,2665,2656
F10,Sample X70,A,0.029,0.016,0,0.027,0.042,0.07,0.118,0.194,0.297,0.408,0.524,0.66,0.823,0.971,1.027,1.076,1.138,1.19,1.236,1.272,1.303,1.328,1.354,1.372,1.395,1.419,1.439,1.459,1.457,1.468,1.511,1.487,1.519,1.479,1.495,1.493,1.498,1.498,1.483,1.484,1.479,1.493,1.474,1.475,1.513,1.475,88.5,51,70.5,147.5,206,297,436,553,796,1395.5,2683,4333,6599.5,8237.5,9288,9884,10344,10718.5,11021.5,11182.5,11442.5,11558,11661,11728.5,11855,11861.5,12023.5,12040.5,12169,12197,12210,12263.5,12292,12400.5,12440.5,12486.5,12551,12696,12668.5,12719,12771.5,12896,12939.5,12998.5,13070.5,13081.5,47.5,35.5,34.5,73.5,114,170,222.5,286.5,425.5,712,1383,2240.5,3415,4261,4824,5129.5,5382.5,5553.5,5706.5,5821,5881.5,5949,6004,6083,6122.5,6164,6261,6293,6288.5,6330,6358.5,6354,6402.5,6421,6444.5,6482,6532,6601,6590,6620.5,6641.5,6683,6748,6715.5,6758,6765.5,17,18.5,25.5,40,47.5,81,104,127,196,350,649,1093.5,1650.5,2061.5,2348.5,2493,2601,2693,2762,2821,2882,2896.5,2929.5,2914.5,2968.5,2996,3035.5,3050,3036.5,3062,3075,3064,3105,3126.5,3143,3139,3165,3176.5,3196.5,3204.5,3223.5,3230.5,3241.5,3271.5,3297,3273
F11,Sample X71,A,0.011,0.016,0,0.028,0.04,0.067,0.114,0.19,0.295,0.397,0.516,0.64,0.826,0.974,0.996,1.049,1.107,1.164,1.211,1.253,1.282,1.316,1.337,1.364,1.377,1.406,1.432,1.448,1.458,1.462,1.471,1.471,1.472,1.473,1.474,1.474,1.484,1.47,1.468,1.458,1.46,1.466,1.461,1.459,1.459,1.455,54.5,30,98.5,206.5,402,684,988,1380,2204,3906.5,6617,8991,10903.5,11796.5,12253,12521,12820,13116.5,13293.5,13530.5,13738.5,13901,14034,14185.5,14434,14293.5,14448.5,14546.5,14595,14697,14668,14630.5,14758,14825.5,14774.5,14852.5,14906,15075,15067.5,15132,15113.5,15177,15231.5,15275.5,15326.5,15456.5,38.5,26.5,49.5,105.5,218,362,519.5,709.5,1122.5,1983,3415,4664.5,5647,6099,6314,6504.5,6635.5,6785.5,6901.5,6993,7144.5,7213,7250,7320,7432.5,7421,7537,7548,7561.5,7613,7591.5,7639,7668.5,7697,7691.5,7722,7750,7781,7794,7858.5,7874.5,7932,7929,7912.5,7956,7999.5,13,17.5,26.5,50,88.5,169,244,332,531,943,1652,2252.5,2729.5,2967.5,3080.5,3148,3213,3283,3348,3384,3446,3490.5,3515.5,3555.5,3575.5,3603,3649.5,3650,3681.5,3702,3675,3687,3712,3731.5,3725,3745,3745,3779.5,3767.5,3804.5,3800.5,3847.5,3847.5,3834.5,3853,3863
F12,Sample X72,A,0.036,0.024,0,0.037,0.053,0.08,0.124,0.195,0.299,0.393,0.515,0.638,0.798,0.954,1.043,1.06,1.142,1.171,1.213,1.248,1.282,1.316,1.328,1.346,1.369,1.386,1.406,1.443,1.446,1.444,1.452,1.456,1.458,1.453,1.461,1.448,1.452,1.443,1.423,1.431,1.434,1.433,1.418,1.423,1.431,1.432,60.5,64,120.5,333.5,645,1262,1967,2817,4415,7606.5,11625,13819,14868.5,15206.5,15300,15488,15725,16002.5,16258.5,16534.5,16663.5,16844,17034,17138.5,17292,17348.5,17449.5,17547.5,17662,17757,17817,17844.5,17920,18032.5,18046.5,18112.5,18153,18249,18389.5,18439,18474.5,18487,18616.5,18661.5,18661.5,18785.5,35.5,44.5,71.5,168.5,349,651,997.5,1434.5,2223.5,3880,5966,7205.5,7702,7936,7940,8035.5,8189.5,8290.5,8387.5,8484,8698.5,8777,8730,8836,8948.5,8973,9028,9129,9146.5,9212,9262.5,9259,9319.5,9371,9393.5,9412,9403,9503,9504,9556.5,9572.5,9582,9614,9665.5,9690,9716.5,19,16.5,39.5,73,150.5,311,474,684,1074,1859,2869,3478.5,3742.5,3852.5,3859.5,3906,3947,4008,4090,4147,4174,4222.5,4242.5,4264.5,4325.5,4331,4390.5,4420,4446.5,4463,4478,4455,4497,4531.5,4549,4559,4553,4581.5,4607.5,4612.5,4662.5,4642.5,4670.5,4668.5,4706,4714
H01,Blank B,A,,,,,,,,,,,,,,,,,,,,,,,,,,,,,,,,,,,,,,,,,,,,,,,,,,,,,,,,,,,,,,,,,,,,,,,,,,,,,,,,,,,,,,,,,,,,,,,,,,,,,,,,,,,,,,,,,,,,,,,,,,,,,,,,,,,,,,,,,,,,,,,,,,,,,,,,,,,,,,,,,,,,,,,,,,,,,,,,,,,,,,,,
H02,Blank B,A,,,,,,,,,,,,,,,,,,,,,,,,,,,,,,,,,,,,,,,,,,,,,,,,,,,,,,,,,,,,,,,,,,,,,,,,,,,,,,,,,,,,,,,,,,,,,,,,,,,,,,,,,,,,,,,,,,,,,,,,,,,,,,,,,,,,,,,,,,,,,,,,,,,,,,,,,,,,,,,,,,,,,,,,,,,,,,,,,,,,,,,,
H03,Negative control N,A,0.037,0.078,0,0.082,0.113,0.166,0.254,0.365,0.503,0.617,0.776,0.931,1.027,1.086,1.162,1.216,1.252,1.282,1.294,1.344,1.361,1.406,1.403,1.432,1.428,1.457,1.487,1.504,1.497,1.498,1.497,1.509,1.506,1.497,1.512,1.532,1.492,1.509,1.508,1.506,1.612,1.515,1.506,1.509,1.504,1.494,103.5,111,105.5,128.5,130,135,180,224,271,376.5,526,739,938.5,1077.5,1254,1373,1533,1683.5,1810.5,1938.5,2048.5,2149,2250,2369.5,2418,2494.5,2598.5,2658.5,2680,2735,2778,2807.5,2914,2929.5,2958.5,3020.5,3080,3119,3160.5,3223,3274.5,3346,3351.5,3403.5,3435.5,3534.5,60.5,60.5,49.5,67.5,72,69,97.5,113.5,149.5,197,282,363.5,488,561,638,715.5,798.5,889.5,937.5,994,1048.5,1112,1167,1205,1250.5,1301,1317,1365,1406.5,1433,1453.5,1489,1508.5,1523,1572.5,1590,1607,1620,1645,1690.5,1712.5,1714,1734,1759.5,1805,1825.5,24,27.5,31.5,31,27.5,38,50,53,71,90,133,177.5,241.5,275.5,304.5,353,377,424,456,482,515,537.5,562.5,587.5,608.5,630,647.5,664,682.5,685,704,715,731,743.5,755,770,781,793.5,800.5,820.5,823.5,837.5,850.5,855.5,870,877
H04,Negative control N,A,0.024,0.031,0,0.053,0.083,0.13,0.212,0.321,0.435,0.545,0.712,0.863,0.985,1.022,1.043,1.079,1.134,1.186,1.231,1.252,1.288,1.296,1.331,1.374,1.383,1.37,1.413,1.405,1.429,1.406,1.445,1.424,1.416,1.429,1.422,1.425,1.416,1.439,1.404,1.413,1.423,1.411,1.42,1.412,1.41,1.386,27.5,19,16.5,25.5,24,43,92,157,187,292.5,438,609,815.5,943.5,1082,1243,1384,1522.5,1635.5,1774.5,1855.5,1964,2056,2171.5,2229,2309.5,2380.5,2461.5,2471,2507,2586,2623.5,2689,2695.5,2766.5,2795.5,2851,2864,2902.5,2973,2994.5,3067,3066.5,3124.5,3181.5,3211.5,14.5,4.5,-1.5,15.5,35,30,52.5,66.5,100.5,151,234,327.5,421,498,563,655.5,714.5,808.5,859.5,914,973.5,1026,1066,1115,1140.5,1206,1220,1264,1274.5,1326,1329.5,1365,1372.5,1394,1429.5,1452,1474,1504,1529,1546.5,1564.5,1572,1609,1620.5,1653,1655.5,4,5.5,5.5,9,10.5,14,19,34,46,70,107,151.5,206.5,242.5,277.5,323,352,382,410,437,465,495.5,521.5,541.5,564.5,583,600.5,605,615.5,641,649,658,683,681.5,690,707,722,719.5,732.5,751.5,768.5,769.5,775.5,791.5,803,799
H07,Blank B,B,,,,,,,,,,,,,,,,,,,,,,,,,,,,,,,,,,,,,,,,,,,,,,,,,,,,,,,,,,,,,,,,,,,,,,,,,,,,,,,,,,,,,,,,,,,,,,,,,,,,,,,,,,,,,,,,,,,,,,,,,,,,,,,,,,,,,,,,,,,,,,,,,,,,,,,,,,,,,,,,,,,,,,,,,,,,,,,,,,,,,,,,
H08,Blank B,B,,,,,,,,,,,,,,,,,,,,,,,,,,,,,,,,,,,,,,,,,,,,,,,,,,,,,,,,,,,,,,,,,,,,,,,,,,,,,,,,,,,,,,,,,,,,,,,,,,,,,,,,,,,,,,,,,,,,,,,,,,,,,,,,,,,,,,,,,,,,,,,,,,,,,,,,,,,,,,,,,,,,,,,,,,,,,,,,,,,,,,,,
H09,Negative control N,B,0.031,0.102,-6.911,0.035,0.065,0.117,0.202,0.302,0.43,0.538,0.69,0.823,0.932,0.997,1.046,1.097,1.146,1.179,1.214,1.242,1.262,1.282,1.294,1.319,1.332,1.341,1.348,1.364,1.36,1.376,1.38,1.385,1.375,1.384,1.379,1.379,1.387,1.38,1.377,1.378,1.376,1.393,1.394,1.378,1.391,1.392,84.5,81.5,81,106,119.5,118,156,199,298.5,398.5,546,790.5,1014,1202,1355.5,1548,1710,1828,1987,2061.5,2197.5,2290.5,2371.5,2475,2567.5,2621.5,2692,2775,2819.5,2901,2965,3007.5,3043.5,3102.5,3168,3146.5,3237.5,3280,3349,3351,3363,3452,3461,3546.5,3537,3572.5,32,50.5,41,43,54,79.5,77.5,121.5,145.5,208.5,317,395.5,527,627.5,715.5,797,871.5,955.5,1014,1090.5,1131.5,1182,1240,1297,1323,1366,1409,1439.5,1483.5,1504.5,1539,1553.5,1587,1604.5,1624,1628,1668,1690,1720.5,1734,1753,1800,1806,1820,1836,1858.5,14,26,18,26.5,31,34.5,46,57,71.5,105,146.5,184,252.5,308,341.5,390,421,459.5,491.5,525,542,586.5,602,633.5,640.5,663.5,684,698.5,709.5,719.5,730.5,754.5,770.5,775,796,808,809.5,817,834.5,839.5,853.5,860.5,862.5,880,876,901
H10,Negative control N,B,0.046,0.056,-7.363,0.075,0.099,0.147,0.223,0.337,0.434,0.554,0.704,0.832,0.948,1.017,1.061,1.1,1.167,1.193,1.229,1.246,1.281,1.298,1.312,1.326,1.337,1.356,1.366,1.382,1.378,1.398,1.42,1.401,1.41,1.416,1.419,1.399,1.422,1.426,1.403,1.419,1.413,1.428,1.427,1.419,1.446,1.425,44.5,69.5,41,64,84.5,104,108,185,267.5,383.5,514,740.5,971,1181,1355.5,1486,1657,1779,1897,2034.5,2173.5,2243.5,2378.5,2417,2528.5,2604.5,2699,2729,2804.5,2877,2925,2989.5,2985.5,3061.5,3147,3126.5,3204.5,3222,3288,3302,3357,3410,3422,3466.5,3529,3546.5,13,26.5,36,27,43,52.5,73.5,98.5,121.5,196.5,302,394.5,499,613.5,690.5,763,849.5,920.5,1001,1053.5,1114.5,1172,1221,1266,1302,1347,1382,1425.5,1474.5,1475.5,1508,1530.5,1565,1589.5,1606,1623,1648,1662,1716.5,1697,1747,1762,1767,1809,1823,1842.5,7,21,9,22.5,27,23.5,29,44,62.5,99,139.5,181,240.5,288,335.5,371,407,446.5,486.5,520,540,576.5,591,619.5,635.5,652.5,675,682.5,696.5,715.5,727.5,738.5,755.5,757,780,781,804.5,807,819.5,835.5,855.5,857.5,869.5,880,890,895
H11,Positive control P,B,0.035,0.023,-7.566,0.04,0.057,0.093,0.156,0.251,0.351,0.464,0.589,0.739,0.9,1.02,1.066,1.09,1.155,1.225,1.266,1.259,1.283,1.306,1.323,1.359,1.363,1.372,1.385,1.4,1.404,1.418,1.423,1.439,1.43,1.452,1.444,1.44,1.441,1.445,1.428,1.44,1.45,1.451,1.452,1.439,1.455,1.438,2492.5,1608.5,2082,2723,3344.5,3649,4432,5529,7006.5,9142.5,12463,17180.5,22504,26588,29505.5,32490,35652,39326,41962,42964.5,44969.5,46223.5,47327.5,48767,50529.5,51248.5,52674,53621,55280.5,55284,56062,56360.5,57175.5,57870.5,57900,59108.5,58979.5,58446,59463,60576,61252,60482,61063,61031.5,62713,61722.5,1280,841.5,1084,1369,1712,1917.5,2292.5,2812.5,3577.5,4714.5,6432,8816.5,11631,13875.5,15283.5,16860,18462.5,20293.5,21696,22124.5,23357.5,23872,24389,25275,26021,26595,27273,27652.5,28697.5,28543.5,28991,29365.5,29655,29998.5,29990,30683,30368,30382,30886.5,31455,31788,31511,31880,31653,32589,32000.5,626,393,515,668.5,832,912.5,1093,1364,1724.5,2238,3102.5,4265,5629.5,6658,7386.5,8196,8894,9808.5,10474.5,10794,11313,11592.5,11844,12294.5,12737.5,12861.5,13217,13509.5,13909.5,13853.5,14126.5,14190.5,14472.5,14526,14528,14893,14758.5,14717,14895.5,15255.5,15406.5,15245.5,15329.5,15350,15839,15499
H12,Positive control P,B,0.02,0.06,-7.694,0.038,0.22,0.129,0.226,0.446,0.457,0.468,0.595,0.746,0.942,0.978,1.044,1.083,1.145,1.17,1.208,1.228,1.256,1.278,1.29,1.319,1.331,1.511,1.351,1.364,1.364,1.382,1.391,1.386,1.399,1.44,1.399,1.398,1.435,1.398,1.388,1.391,1.379,1.382,1.382,1.386,1.376,1.374,1905.5,1391.5,1888,2496,3167.5,3620,4357,5451,6936.5,9322.5,12710,17611.5,23283,27893,31461.5,35058,38512,41654,44293,46450.5,48497.5,50262.5,52175.5,53463,54906.5,56368.5,57920,58882,60234.5,61278,62843,63283.5,64294.5,65018.5,65941,65672.5,65810.5,66544,66928,67555,68225,68356,69241,69696.5,69687,71109.5,986,717.5,996,1276,1612,1888.5,2280.5,2811.5,3531.5,4751.5,6553,9059.5,12064,14433.5,16305.5,18167,19903.5,21492.5,22823,24095.5,25172.5,26091,26842,27844,28556,29240,30041,30660.5,31284.5,31880.5,32413,32857.5,33287,33819.5,33962,34052,34334,34642,34659.5,34995,35291,35351,36035,36229,36296,37035.5,481,340,467,622.5,780,900.5,1096,1346,1703.5,2296,3159.5,4350,5802.5,6987,7901.5,8777,9669,10425.5,11079.5,11609,12217,12594.5,13045,13487.5,13881.5,14238.5,14631,14886.5,15145.5,15447.5,15719.5,15968.5,16202.5,16295,16539,16528,16599.5,16857,16847.5,17025.5,17182.5,17161.5,17453.5,17513,17606,17927
