time,pBAD/Ara_0,pBAD/Ara_1,pBAD/Ara_2,pBAD/Ara_3,pBAD/Ara_4,pBAD/Ara_5,pBAD/Ara_6,pBAD/Ara_7,pBAD/Ara_8,pBAD/Ara_9,pBAD/Ara_10,pBAD/Ara_11,pCin/OHC14_0,pCin/OHC14_1,pCin/OHC14_2,pCin/OHC14_3,pCin/OHC14_4,pCin/OHC14_5,pCin/OHC14_6,pCin/OHC14_7,pCin/OHC14_8,pCin/OHC14_9,pCin/OHC14_10,pCin/OHC14_11,pCymRC/Cuma_0,pCymRC/Cuma_1,pCymRC/Cuma_2,pCymRC/Cuma_3,pCymRC/Cuma_4,pCymRC/Cuma_5,pCymRC/Cuma_6,pCymRC/Cuma_7,pCymRC/Cuma_8,pCymRC/Cuma_9,pCymRC/Cuma_10,pCymRC/Cuma_11,pLuxB/AHL_0,pLuxB/AHL_1,pLuxB/AHL_2,pLuxB/AHL_3,pLuxB/AHL_4,pLuxB/AHL_5,pLuxB/AHL_6,pLuxB/AHL_7,pLuxB/AHL_8,pLuxB/AHL_9,pLuxB/AHL_10,pLuxB/AHL_11,pPhlF/DAPG_0,pPhlF/DAPG_1,pPhlF/DAPG_2,pPhlF/DAPG_3,pPhlF/DAPG_4,pPhlF/DAPG_5,pPhlF/DAPG_6,pPhlF/DAPG_7,pPhlF/DAPG_8,pPhlF/DAPG_9,pPhlF/DAPG_10,pPhlF/DAPG_11,pSalTTC/Sal_0,pSalTTC/Sal_1,pSalTTC/Sal_2,pSalTTC/Sal_3,pSalTTC/Sal_4,pSalTTC/Sal_5,pSalTTC/Sal_6,pSalTTC/Sal_7,pSalTTC/Sal_8,pSalTTC/Sal_9,pSalTTC/Sal_10,pSalTTC/Sal_11,pRhaB/Rha_0,pRhaB/Rha_1,pRhaB/Rha_2,pRhaB/Rha_3,pRhaB/Rha_4,pRhaB/Rha_5,pRhaB/Rha_6,pRhaB/Rha_7,pRhaB/Rha_8,pRhaB/Rha_9,pRhaB/Rha_10,pRhaB/Rha_11,Blank_Kan_0,Blank_Kan_0,negative-control-kan_0,negative-control-kan_0,Blank_Amp_0,Blank_Amp_0,negative-control-amp_0,negative-control-amp_0,positive-control-amp_0,positive-control-amp_0
0,144.0,62.0,22.0,23.0,37.0,10.0,-19.0,12.0,-37.0,51.0,-14.0,14.0,31.0,35.0,82.0,37.0,20.0,32.0,16.0,34.0,44.0,49.0,93.0,65.0,18.0,102.0,98.0,100.0,77.0,71.0,47.0,53.0,56.0,51.0,64.0,75.0,32.0,121.0,73.0,83.0,33.0,144.0,16.0,34.0,12.0,74.0,27.0,85.0,30.0,491.0,64.0,18.0,24.0,31.0,13.0,17.0,31.0,1026.0,14.0,297.0,0.0,15.0,26.0,-1.0,23.0,-2.0,2.0,-8.0,-18.0,-8.0,-14.0,5.0,13.0,40.0,41.0,-5.0,-32.0,-3.0,5.0,20.0,23.0,28.0,42.0,36.0,,,7.0,-20.0,,,30.5,45.5,3141.5,3953.5
20,134.0,40.0,18.0,-23.0,-16.0,2.0,-19.0,-9.0,-26.0,-11.0,-21.0,-11.0,47.0,22.0,35.0,13.0,14.0,3.0,1.0,13.0,19.0,27.0,35.0,75.0,27.0,108.0,78.0,88.0,67.0,55.0,39.0,35.0,51.0,62.0,49.0,84.0,44.0,298.0,67.0,138.0,40.0,262.0,9.0,30.0,7.0,199.0,-21.0,326.0,34.0,471.0,22.0,-14.0,7.0,0.0,1.0,1.0,9.0,927.0,-27.0,473.0,19.0,4.0,-1.0,2.0,18.0,-12.0,-29.0,-5.0,-33.0,67.0,-32.0,48.0,4.0,33.0,-5.0,-17.0,-42.0,13.0,7.0,-19.0,-28.0,31.0,-6.0,34.0,,,37.0,-25.0,,,45.0,48.0,2522.0,3827.0
40,149.0,38.0,12.0,-9.0,-6.0,-18.0,-20.0,5.0,-28.0,16.0,-14.0,11.0,70.0,50.0,42.0,24.0,-3.0,24.0,5.0,37.0,11.0,32.0,56.0,81.0,21.0,102.0,83.0,77.0,61.0,62.0,25.0,121.0,68.0,172.0,21.0,156.0,59.0,979.0,67.0,413.0,15.0,960.0,0.0,88.0,7.0,1012.0,-23.0,1421.0,43.0,838.0,16.0,6.0,21.0,-8.0,0.0,-18.0,-16.0,1821.0,-32.0,897.0,36.0,45.0,-10.0,-7.0,-4.0,-9.0,-39.0,-30.0,-32.0,394.0,-7.0,330.0,39.0,109.0,36.0,12.0,-33.0,-26.0,15.0,9.0,-26.0,142.0,-4.0,155.0,,,27.0,-13.0,,,31.0,63.0,3333.0,5105.0
60,147.5,47.5,-2.5,8.5,-21.5,-14.5,-23.5,-6.5,-38.5,39.5,3.5,13.5,63.5,54.5,45.5,30.5,19.5,23.5,1.5,29.5,3.5,52.5,42.5,114.5,70.5,102.5,74.5,91.5,95.5,102.5,41.5,294.5,39.5,500.5,30.5,364.5,37.5,1692.5,68.5,744.5,29.5,1854.5,20.5,154.5,0.5,2198.5,-21.5,2915.5,40.5,1348.5,22.5,-1.5,16.5,10.5,-30.5,-20.5,-12.5,2958.5,-9.5,1474.5,8.5,11.5,-3.5,-5.5,0.5,-15.5,-53.5,-25.5,-7.5,788.5,-22.5,683.5,23.5,215.5,14.5,-8.5,-49.5,-20.5,4.5,11.5,-37.5,343.5,8.5,354.5,,,42.5,9.5,,,31.0,45.0,4519.0,6976.0
80,159.5,57.5,12.5,3.5,10.5,-13.5,-41.5,1.5,-43.5,39.5,4.5,59.5,92.5,49.5,41.5,16.5,2.5,7.5,3.5,27.5,-2.5,231.5,38.5,155.5,46.5,89.5,62.5,86.5,85.5,136.5,16.5,509.5,38.5,963.5,22.5,645.5,54.5,2639.5,125.5,1289.5,17.5,3290.5,2.5,254.5,22.5,3980.5,-3.5,5225.5,39.5,2065.5,6.5,-0.5,-6.5,-9.5,-22.5,-24.5,5.5,4479.5,-24.5,2254.5,19.5,-13.5,-0.5,-9.5,4.5,-29.5,-37.5,-29.5,-47.5,1475.5,-33.5,1211.5,37.5,446.5,-1.5,-10.5,-25.5,-16.5,-2.5,20.5,-2.5,741.5,-5.5,737.5,,,47.5,10.5,,,37.0,56.0,5962.0,9098.0
100,171.0,71.0,31.0,36.0,17.0,5.0,-37.0,39.0,-12.0,288.0,101.0,356.0,75.0,78.0,53.0,28.0,33.0,32.0,4.0,32.0,10.0,883.0,62.0,466.0,55.0,136.0,89.0,109.0,90.0,172.0,37.0,798.0,76.0,1739.0,51.0,1025.0,42.0,3870.0,160.0,2108.0,65.0,5606.0,10.0,475.0,24.0,6799.0,-1.0,8854.0,34.0,3302.0,39.0,-2.0,20.0,-18.0,-41.0,-31.0,1.0,6756.0,-14.0,3395.0,34.0,36.0,-16.0,-8.0,7.0,0.0,-14.0,-36.0,6.0,2882.0,-8.0,2197.0,35.0,843.0,10.0,2.0,-18.0,-7.0,9.0,4.0,-5.0,1577.0,18.0,1470.0,,,62.0,41.0,,,42.5,84.5,7085.5,10913.5
120,213.5,79.5,24.5,3.5,4.5,-0.5,-29.5,81.5,-9.5,1240.5,472.5,1442.5,121.5,92.5,54.5,15.5,33.5,37.5,-11.5,63.5,9.5,1755.5,40.5,881.5,69.5,152.5,113.5,119.5,96.5,136.5,34.5,1309.5,45.5,2962.5,31.5,1642.5,53.5,5058.5,232.5,3182.5,47.5,8730.5,-0.5,822.5,34.5,11018.5,2.5,14324.5,53.5,5109.5,49.5,12.5,-4.5,16.5,10.5,-4.5,7.5,10288.5,-19.5,5177.5,10.5,10.5,-16.5,-21.5,-21.5,-11.5,-23.5,-20.5,-11.5,4788.5,-26.5,3766.5,19.5,1339.5,18.5,-12.5,-5.5,-11.5,-10.5,7.5,-3.5,2928.5,47.5,2657.5,,,98.5,71.5,,,78.5,91.5,8169.5,12150.5
140,267.0,150.0,37.0,31.0,8.0,11.0,-27.0,280.0,74.0,4710.0,1488.0,4285.0,165.0,112.0,82.0,63.0,59.0,33.0,-1.0,53.0,-14.0,2973.0,58.0,1431.0,103.0,196.0,123.0,153.0,113.0,160.0,23.0,2381.0,69.0,5341.0,47.0,2843.0,53.0,6609.0,294.0,4366.0,94.0,12829.0,42.0,1251.0,59.0,16475.0,13.0,21633.0,48.0,7324.0,90.0,6.0,39.0,4.0,17.0,18.0,23.0,15411.0,-30.0,7740.0,28.0,26.0,-23.0,19.0,12.0,-2.0,-6.0,-5.0,-23.0,7187.0,7.0,5697.0,35.0,1955.0,27.0,19.0,-17.0,26.0,12.0,0.0,8.0,4919.0,38.0,4431.0,,,143.0,115.0,,,94.5,141.5,9226.5,13801.5
160,369.0,272.0,71.0,64.0,26.0,15.0,18.0,899.0,297.0,15984.0,3639.0,12094.0,237.0,149.0,120.0,93.0,92.0,89.0,2.0,106.0,15.0,5003.0,87.0,2237.0,140.0,253.0,148.0,185.0,123.0,219.0,39.0,4346.0,77.0,8951.0,61.0,4818.0,40.0,10415.0,409.0,6348.0,89.0,18276.0,77.0,1801.0,74.0,23675.0,29.0,30818.0,56.0,9845.0,86.0,14.0,7.0,8.0,10.0,23.0,17.0,22954.0,-20.0,11414.0,27.0,29.0,-20.0,-19.0,0.0,-34.0,-40.0,-26.0,-14.0,10685.0,10.0,8337.0,35.0,2726.0,33.0,18.0,-5.0,30.0,19.0,28.0,20.0,7863.0,55.0,7034.0,,,226.0,160.0,,,141.5,184.5,11159.5,16696.5
180,651.0,1217.0,183.0,630.0,101.0,60.0,80.0,4138.0,746.0,35084.0,8536.0,27252.0,298.0,215.0,163.0,153.0,131.0,120.0,14.0,170.0,9.0,11687.0,77.0,3366.0,210.0,356.0,196.0,239.0,160.0,345.0,38.0,8005.0,121.0,14650.0,71.0,8087.0,66.0,19008.0,626.0,9473.0,115.0,27306.0,88.0,2745.0,131.0,33918.0,33.0,44163.0,61.0,12447.0,171.0,35.0,43.0,4.0,-15.0,39.0,35.0,32591.0,6.0,16527.0,6.0,34.0,-6.0,-16.0,-1.0,-16.0,-33.0,-12.0,-10.0,15618.0,34.0,11916.0,26.0,3852.0,71.0,37.0,-4.0,38.0,48.0,45.0,33.0,12078.0,70.0,10835.0,,,345.0,277.0,,,217.0,265.0,13857.0,21096.0
200,1031.5,5954.5,1275.5,6349.5,1531.5,206.5,339.5,14685.5,1690.5,57565.5,19461.5,46999.5,436.5,345.5,264.5,262.5,195.5,159.5,16.5,276.5,-8.5,22737.5,100.5,6451.5,267.5,467.5,267.5,344.5,238.5,649.5,76.5,13284.5,203.5,21752.5,98.5,12494.5,63.5,31427.5,951.5,14666.5,236.5,42961.5,158.5,4050.5,206.5,51940.5,85.5,65314.5,82.5,14958.5,240.5,44.5,46.5,59.5,18.5,92.5,71.5,44479.5,33.5,23502.5,23.5,76.5,18.5,-12.5,-16.5,-13.5,-12.5,4.5,1.5,25533.5,93.5,16740.5,38.5,6101.5,102.5,39.5,38.5,63.5,54.5,75.5,8.5,18487.5,105.5,16218.5,,,472.5,393.5,,,305.5,408.5,18189.5,27311.5
220,1410.0,14854.0,7372.0,22516.0,11294.0,3043.0,1666.0,32430.0,3603.0,86204.0,36583.0,70646.0,599.0,466.0,419.0,392.0,329.0,227.0,43.0,428.0,6.0,39759.0,152.0,13398.0,391.0,620.0,390.0,457.0,418.0,1407.0,131.0,19516.0,292.0,30945.0,146.0,17654.0,118.0,45213.0,1522.0,25164.0,354.0,62384.0,240.0,6145.0,317.0,73464.0,141.0,90803.0,79.0,18177.0,308.0,70.0,105.0,109.0,69.0,115.0,135.0,62688.0,43.0,32615.0,20.0,116.0,30.0,-27.0,-8.0,-20.0,24.0,27.0,51.0,40296.0,159.0,23492.0,16.0,9709.0,143.0,73.0,59.0,88.0,90.0,105.0,92.0,28480.0,168.0,24080.0,,,651.0,584.0,,,438.5,547.5,23983.5,32123.5
240,1695.5,23045.5,24009.5,48845.5,29669.5,13720.5,7835.5,53020.5,8412.5,119078.5,56167.5,98473.5,793.5,617.5,532.5,527.5,463.5,354.5,74.5,593.5,11.5,56298.5,184.5,24507.5,548.5,829.5,531.5,620.5,586.5,2312.5,180.5,28152.5,490.5,43161.5,234.5,24266.5,131.5,56428.5,2374.5,38889.5,537.5,87240.5,383.5,9255.5,468.5,102693.5,213.5,124070.5,104.5,22070.5,457.5,117.5,155.5,164.5,79.5,201.5,179.5,84208.5,109.5,44256.5,7.5,188.5,26.5,-14.5,-1.5,-19.5,-6.5,39.5,73.5,59831.5,222.5,34509.5,46.5,13759.5,199.5,92.5,99.5,144.5,138.5,145.5,123.5,42585.5,263.5,35709.5,,,796.5,714.5,,,578.5,704.5,28217.5,35495.5
260,1964.0,26292.0,47739.0,79558.0,54670.0,31102.0,20333.0,77795.0,17700.0,155311.0,78899.0,130531.0,991.0,831.0,708.0,700.0,619.0,478.0,138.0,776.0,27.0,73870.0,275.0,40750.0,715.0,963.0,706.0,869.0,886.0,3581.0,287.0,39997.0,763.0,59156.0,339.0,32235.0,171.0,62633.0,3586.0,56071.0,841.0,112866.0,607.0,13733.0,765.0,134243.0,316.0,160334.0,159.0,26941.0,607.0,146.0,246.0,205.0,149.0,325.0,280.0,112151.0,151.0,61181.0,26.0,305.0,60.0,14.0,14.0,-11.0,39.0,80.0,132.0,86124.0,355.0,49632.0,49.0,16079.0,300.0,157.0,173.0,198.0,207.0,265.0,243.0,62656.0,403.0,50375.0,,,960.0,852.0,,,783.5,930.5,31163.5,38437.5
280,2281.0,30083.0,75842.0,115705.0,84169.0,52601.0,37613.0,106403.0,31625.0,194359.0,105733.0,166844.0,1139.0,953.0,865.0,815.0,770.0,653.0,187.0,962.0,45.0,94709.0,383.0,56138.0,888.0,1087.0,868.0,1039.0,1326.0,5364.0,480.0,48123.0,1177.0,70020.0,497.0,42091.0,267.0,66859.0,5730.0,74563.0,1265.0,139644.0,855.0,20352.0,1129.0,168218.0,495.0,199657.0,194.0,33115.0,830.0,200.0,301.0,303.0,214.0,429.0,397.0,146233.0,199.0,82235.0,52.0,482.0,92.0,0.0,3.0,-22.0,42.0,112.0,165.0,115511.0,486.0,67015.0,41.0,17118.0,427.0,242.0,258.0,301.0,339.0,389.0,337.0,87803.0,572.0,70556.0,,,1072.0,968.0,,,978.0,1145.0,33863.0,41532.0
300,2452.5,33127.5,92981.5,151948.5,116266.5,77776.5,57345.5,138748.5,48815.5,234990.5,136189.5,204444.5,1283.5,1101.5,982.5,991.5,917.5,804.5,267.5,1086.5,72.5,119168.5,584.5,72138.5,1071.5,1252.5,996.5,1208.5,1978.5,8262.5,780.5,50673.5,1726.5,74118.5,788.5,53967.5,495.5,70613.5,9135.5,92009.5,1917.5,161001.5,1273.5,30562.5,1654.5,207657.5,766.5,243782.5,273.5,40489.5,1112.5,281.5,423.5,415.5,302.5,650.5,577.5,184243.5,328.5,107014.5,41.5,648.5,154.5,24.5,39.5,-0.5,94.5,200.5,301.5,150240.5,733.5,91184.5,61.5,17528.5,685.5,361.5,425.5,499.5,520.5,594.5,553.5,116055.5,847.5,94615.5,,,1206.5,1134.5,,,1162.0,1306.0,36660.0,44199.0
320,2707.5,35811.5,110055.5,182955.5,151244.5,106276.5,80220.5,170568.5,67467.5,257487.5,169188.5,245762.5,1417.5,1243.5,1111.5,1125.5,1056.5,910.5,365.5,1216.5,117.5,138797.5,817.5,92583.5,1228.5,1375.5,1148.5,1341.5,2411.5,10494.5,1255.5,53131.5,2615.5,76975.5,1128.5,63270.5,788.5,74244.5,15086.5,107907.5,2882.5,180030.5,1900.5,45317.5,2468.5,242351.5,1084.5,257487.5,347.5,48822.5,1420.5,381.5,559.5,572.5,414.5,919.5,787.5,225346.5,444.5,139549.5,33.5,863.5,234.5,22.5,15.5,-15.5,132.5,301.5,439.5,184559.5,1016.5,119990.5,13.5,17518.5,1042.5,553.5,666.5,774.5,800.5,909.5,839.5,145637.5,1249.5,123115.5,,,1333.5,1260.5,,,1350.0,1430.0,39881.0,46963.0
340,2850.0,37374.0,123230.0,215212.0,192288.0,137689.0,106134.0,205081.0,89129.0,257461.0,204362.0,257461.0,1558.0,1365.0,1274.0,1247.0,1149.0,1047.0,477.0,1364.0,180.0,155118.0,1202.0,114855.0,1344.0,1495.0,1271.0,1495.0,2710.0,11593.0,1990.0,55203.0,3811.0,79461.0,1577.0,67879.0,1286.0,75580.0,23308.0,119746.0,4255.0,197379.0,2813.0,62643.0,3608.0,257461.0,1528.0,257461.0,438.0,56178.0,1787.0,453.0,731.0,759.0,601.0,1262.0,1039.0,257461.0,632.0,176338.0,17.0,1091.0,346.0,36.0,7.0,19.0,204.0,390.0,651.0,212278.0,1481.0,151314.0,43.0,17520.0,1507.0,835.0,1006.0,1150.0,1191.0,1345.0,1280.0,181367.0,1872.0,153572.0,,,1417.0,1332.0,,,1460.0,1582.0,42268.0,49240.0
360,3005.5,38184.5,133412.5,239656.5,233719.5,170421.5,134583.5,241016.5,113806.5,257469.5,241639.5,257469.5,1717.5,1502.5,1389.5,1393.5,1321.5,1216.5,652.5,1492.5,375.5,166024.5,1795.5,134236.5,1506.5,1666.5,1461.5,1665.5,3016.5,12468.5,3198.5,57445.5,5666.5,81970.5,2341.5,70487.5,1792.5,76079.5,34152.5,130740.5,6292.5,209784.5,4112.5,85009.5,5213.5,257469.5,2213.5,257469.5,592.5,62783.5,2217.5,617.5,973.5,999.5,836.5,1731.5,1442.5,257469.5,893.5,216317.5,29.5,1298.5,538.5,94.5,60.5,54.5,340.5,657.5,991.5,232303.5,2123.5,186717.5,38.5,17807.5,2346.5,1253.5,1525.5,1815.5,1889.5,2111.5,2020.5,217371.5,2784.5,185644.5,,,1556.5,1510.5,,,1707.0,1777.0,44299.0,51285.0
380,3137.5,38657.5,140985.5,256772.5,257473.5,204918.5,162448.5,257473.5,139008.5,257473.5,257473.5,257473.5,1853.5,1663.5,1564.5,1553.5,1473.5,1369.5,803.5,1667.5,743.5,173045.5,2611.5,149153.5,1654.5,1808.5,1627.5,1836.5,3272.5,13209.5,4828.5,58020.5,8110.5,82873.5,3288.5,72851.5,2259.5,74904.5,45130.5,136534.5,9194.5,218916.5,5967.5,107901.5,7513.5,257473.5,3210.5,257473.5,805.5,68055.5,2645.5,768.5,1244.5,1350.5,1137.5,2291.5,1917.5,257473.5,1295.5,257018.5,52.5,1454.5,750.5,175.5,88.5,87.5,595.5,981.5,1496.5,248724.5,3023.5,227749.5,86.5,18008.5,3540.5,1822.5,2246.5,2705.5,2810.5,3156.5,3041.5,256701.5,4103.5,219836.5,,,1657.5,1610.5,,,1806.5,1893.5,45447.5,52906.5
400,3297.5,39367.5,146197.5,257453.5,257453.5,241974.5,193678.5,257453.5,167068.5,257453.5,257453.5,257453.5,1945.5,1744.5,1692.5,1652.5,1567.5,1480.5,922.5,1739.5,1341.5,178296.5,4156.5,160988.5,1807.5,1908.5,1744.5,1953.5,3520.5,13824.5,6913.5,58404.5,11262.5,83616.5,4583.5,74918.5,2771.5,75732.5,56038.5,143456.5,13732.5,225350.5,8664.5,132943.5,10789.5,257453.5,4531.5,257453.5,1070.5,72604.5,3187.5,1009.5,1547.5,1697.5,1514.5,2977.5,2494.5,257453.5,1761.5,257453.5,75.5,1637.5,932.5,259.5,117.5,130.5,1078.5,1518.5,2199.5,257435.5,4286.5,257453.5,86.5,18240.5,5714.5,2657.5,3335.5,3990.5,4145.5,4714.5,4530.5,257453.5,5961.5,257280.5,,,1781.5,1719.5,,,1967.0,2027.0,47217.0,54937.0
420,3410.5,39466.5,149470.5,257436.5,257436.5,257436.5,225909.5,257436.5,195931.5,257436.5,257436.5,257436.5,2102.5,1867.5,1781.5,1724.5,1722.5,1583.5,1047.5,1872.5,1784.5,179504.5,6982.5,169668.5,1923.5,1992.5,1860.5,2067.5,3710.5,14420.5,9625.5,59723.5,15401.5,83978.5,6454.5,77403.5,3184.5,75299.5,67866.5,146906.5,19769.5,227815.5,12371.5,160228.5,15343.5,257436.5,6413.5,257436.5,1367.5,76657.5,3751.5,1194.5,1924.5,2123.5,2012.5,3814.5,3167.5,257436.5,2409.5,257436.5,87.5,1792.5,1184.5,477.5,209.5,248.5,2149.5,2529.5,3304.5,257436.5,6221.5,257436.5,91.5,18521.5,9706.5,3975.5,4890.5,5771.5,6080.5,6827.5,6481.5,257436.5,8543.5,257436.5,,,1854.5,1793.5,,,2074.5,2169.5,48526.5,56519.5
440,3522.0,40060.0,152232.0,257445.0,257445.0,257445.0,257380.0,257445.0,226064.0,257445.0,257445.0,257445.0,2209.0,1979.0,1892.0,1858.0,1833.0,1747.0,1201.0,2011.0,2191.0,181853.0,12414.0,175647.0,2043.0,2096.0,1987.0,2179.0,3910.0,14947.0,13229.0,60333.0,20189.0,84606.0,9000.0,79085.0,3585.0,75150.0,77980.0,148421.0,29675.0,230041.0,17977.0,189634.0,22067.0,257445.0,8957.0,257445.0,1785.0,80055.0,4506.0,1441.0,2354.0,2675.0,2645.0,4907.0,3956.0,257445.0,3337.0,257445.0,150.0,1996.0,1376.0,766.0,441.0,574.0,4987.0,4440.0,5240.0,257445.0,9190.0,257445.0,189.0,18849.0,16522.0,6080.0,7325.0,8355.0,8734.0,9843.0,9445.0,257445.0,12221.0,257445.0,,,2000.0,1914.0,,,2197.5,2280.5,49936.5,58055.5
460,3637.0,40196.0,154000.0,257424.0,257424.0,257424.0,257424.0,257424.0,255690.0,257424.0,257424.0,257424.0,2310.0,2075.0,1965.0,1961.0,1898.0,1852.0,1324.0,2096.0,2778.0,182423.0,22359.0,180139.0,2161.0,2171.0,2045.0,2267.0,4041.0,15298.0,17933.0,61119.0,26555.0,85434.0,12148.0,81153.0,3960.0,75182.0,85508.0,150995.0,41379.0,232725.0,25404.0,216626.0,30576.0,257424.0,12629.0,257424.0,2263.0,82562.0,5439.0,1715.0,2787.0,3291.0,3458.0,6132.0,5027.0,257424.0,4595.0,257424.0,220.0,2137.0,1587.0,1055.0,998.0,1562.0,10122.0,8092.0,8456.0,257424.0,13667.0,257424.0,204.0,18944.0,23193.0,9739.0,10941.0,12043.0,12530.0,14078.0,13534.0,257424.0,17030.0,257424.0,,,2064.0,1970.0,,,2301.0,2359.0,51133.0,59564.0
480,3734.5,40435.5,154877.5,257407.5,257407.5,257407.5,257407.5,257407.5,257407.5,257407.5,257407.5,257407.5,2367.5,2126.5,2059.5,2021.5,1992.5,1940.5,1490.5,2185.5,3229.5,181760.5,33753.5,182318.5,2241.5,2258.5,2119.5,2386.5,4178.5,15509.5,25137.5,61345.5,34033.5,85466.5,16052.5,81607.5,4257.5,75032.5,91410.5,150015.5,56188.5,232373.5,36287.5,242944.5,43292.5,257407.5,17790.5,257407.5,2823.5,84274.5,6511.5,2009.5,3248.5,3936.5,4349.5,7493.5,6110.5,257407.5,6296.5,257407.5,252.5,2269.5,1771.5,1349.5,1819.5,3622.5,19809.5,14959.5,14226.5,257407.5,20957.5,257407.5,292.5,19016.5,26759.5,15926.5,16382.5,17412.5,17495.5,19752.5,18840.5,257407.5,23596.5,257407.5,,,2136.5,2090.5,,,2432.5,2480.5,52288.5,60563.5
500,3870.0,40517.0,155494.0,257430.0,257430.0,257430.0,257430.0,257430.0,257430.0,257430.0,257430.0,257430.0,2513.0,2219.0,2164.0,2121.0,2085.0,2063.0,1620.0,2270.0,3652.0,178621.0,45324.0,182972.0,2384.0,2348.0,2277.0,2474.0,4299.0,15687.0,32053.0,60495.0,43568.0,84190.0,20682.0,81811.0,4530.0,74142.0,95330.0,147962.0,71103.0,227178.0,49109.0,257430.0,57579.0,257430.0,24835.0,257430.0,3677.0,85697.0,7735.0,2320.0,3726.0,4656.0,5447.0,9153.0,7423.0,257430.0,8522.0,257430.0,394.0,2470.0,1961.0,1716.0,2596.0,7532.0,30247.0,25464.0,22634.0,257430.0,30270.0,257430.0,483.0,18945.0,27714.0,25124.0,25201.0,24646.0,24163.0,26968.0,25667.0,257430.0,31778.0,257430.0,,,2178.0,2142.0,,,2497.5,2548.5,52777.5,61767.5
520,3940.5,41026.5,157335.5,257409.5,257409.5,257409.5,257409.5,257409.5,257409.5,257409.5,257409.5,257409.5,2559.5,2300.5,2186.5,2178.5,2146.5,2125.5,1724.5,2337.5,3881.5,179108.5,60127.5,185515.5,2441.5,2369.5,2315.5,2514.5,4388.5,15767.5,35352.5,61392.5,56689.5,85238.5,26528.5,82614.5,4749.5,74464.5,98973.5,149749.5,87977.5,228392.5,67193.5,257409.5,77380.5,257409.5,34254.5,257409.5,4622.5,87118.5,9267.5,2743.5,4364.5,5503.5,6814.5,11053.5,8911.5,257409.5,11488.5,257409.5,494.5,2534.5,2127.5,1989.5,3525.5,10944.5,42681.5,40459.5,36397.5,257409.5,44553.5,257409.5,658.5,19157.5,28051.5,32980.5,37059.5,35419.5,33264.5,36658.5,35086.5,257409.5,42682.5,257409.5,,,2231.5,2225.5,,,2570.5,2609.5,53683.5,63431.5
540,3999.0,41478.0,157932.0,257392.0,257392.0,257392.0,257392.0,257392.0,257392.0,257392.0,257392.0,257392.0,2650.0,2315.0,2230.0,2233.0,2206.0,2193.0,1827.0,2398.0,4063.0,177836.0,80435.0,185143.0,2494.0,2444.0,2330.0,2560.0,4409.0,15723.0,37521.0,61677.0,67927.0,85790.0,33591.0,84323.0,4943.0,74160.0,100720.0,149990.0,106421.0,228265.0,86315.0,257392.0,99369.0,257392.0,47932.0,257392.0,5859.0,88163.0,11206.0,3275.0,5178.0,6542.0,8492.0,13571.0,10969.0,257392.0,15798.0,257392.0,666.0,2629.0,2284.0,2175.0,4300.0,14937.0,56888.0,57950.0,53398.0,257392.0,63481.0,257392.0,867.0,19207.0,27929.0,36781.0,47138.0,49873.0,45050.0,48762.0,46723.0,257392.0,55948.0,257392.0,,,2332.0,2263.0,,,2697.5,2711.5,54762.5,64597.5
560,4104.5,43800.5,158989.5,257405.5,257405.5,257405.5,257405.5,257405.5,257405.5,257405.5,257405.5,257405.5,2701.5,2393.5,2298.5,2313.5,2254.5,2254.5,1999.5,2478.5,4182.5,176573.5,102584.5,187815.5,2590.5,2508.5,2385.5,2617.5,4492.5,15832.5,39306.5,62096.5,71942.5,86563.5,42251.5,85455.5,5069.5,74526.5,101467.5,151298.5,124946.5,228035.5,106601.5,257405.5,122579.5,257405.5,63753.5,257405.5,7258.5,89116.5,13492.5,3952.5,6182.5,7857.5,10294.5,17081.5,13399.5,257405.5,21186.5,257405.5,893.5,2733.5,2416.5,2385.5,4843.5,18416.5,66622.5,78984.5,73377.5,257405.5,85591.5,257405.5,1264.5,19207.5,27917.5,37496.5,52467.5,63803.5,59822.5,62812.5,60423.5,257405.5,71491.5,257405.5,,,2386.5,2317.5,,,2753.0,2749.0,55454.0,64674.0
580,4159.5,42442.5,159299.5,257373.5,257373.5,257373.5,257373.5,257373.5,257373.5,257373.5,257373.5,257373.5,2750.5,2426.5,2342.5,2349.5,2330.5,2329.5,2037.5,2521.5,4348.5,173759.5,125864.5,185707.5,2612.5,2523.5,2442.5,2674.5,4552.5,15760.5,40612.5,60936.5,74810.5,86094.5,52810.5,84767.5,5229.5,74392.5,102432.5,151565.5,137587.5,225399.5,130142.5,257373.5,148812.5,257373.5,83928.5,257373.5,8914.5,89710.5,15515.5,4682.5,7404.5,9559.5,12813.5,21294.5,16739.5,257373.5,28861.5,257373.5,1085.5,2790.5,2515.5,2570.5,5280.5,20732.5,73194.5,103200.5,100514.5,257373.5,113250.5,257373.5,1609.5,19139.5,28234.5,37307.5,53613.5,74052.5,77042.5,80149.5,76206.5,257373.5,89293.5,257373.5,,,2441.5,2346.5,,,2808.5,2808.5,55372.5,65270.5
600,4213.5,43280.5,159752.5,257369.5,257369.5,257369.5,257369.5,257369.5,257369.5,257369.5,257369.5,257369.5,2842.5,2497.5,2418.5,2394.5,2379.5,2368.5,2099.5,2559.5,4425.5,174088.5,144404.5,187298.5,2699.5,2575.5,2519.5,2718.5,4608.5,15814.5,41672.5,61195.5,78099.5,86569.5,65863.5,87099.5,5405.5,74665.5,101695.5,153694.5,149390.5,224985.5,155798.5,257369.5,178150.5,257369.5,106958.5,257369.5,11040.5,90478.5,17424.5,5670.5,8882.5,11567.5,16177.5,26249.5,20731.5,257369.5,38071.5,257369.5,1295.5,2837.5,2654.5,2744.5,5595.5,22389.5,76997.5,121090.5,128146.5,257369.5,149458.5,257369.5,1904.5,19178.5,28601.5,37368.5,54030.5,79134.5,95610.5,99590.5,95779.5,257369.5,110029.5,257369.5,,,2502.5,2431.5,,,2883.0,2912.0,55471.0,65338.0
620,4330.5,42595.5,161220.5,257371.5,257371.5,257371.5,257371.5,257371.5,257371.5,257371.5,257371.5,257371.5,2892.5,2556.5,2422.5,2446.5,2411.5,2433.5,2174.5,2621.5,4566.5,172381.5,159054.5,188206.5,2755.5,2623.5,2596.5,2800.5,4678.5,15923.5,42958.5,61513.5,80225.5,86505.5,74949.5,86003.5,5464.5,75041.5,103560.5,153746.5,158810.5,223049.5,181570.5,257371.5,210358.5,257371.5,132666.5,257371.5,13415.5,91565.5,18923.5,6977.5,10861.5,14320.5,20663.5,33455.5,26280.5,257371.5,51383.5,257371.5,1508.5,2935.5,2772.5,2919.5,5831.5,23348.5,78947.5,132752.5,149957.5,257371.5,181339.5,257371.5,2232.5,19171.5,28895.5,37095.5,53846.5,80434.5,111105.5,122500.5,117570.5,257371.5,133939.5,257371.5,,,2576.5,2484.5,,,2949.0,2944.0,55466.0,65503.0
640,4361.0,43772.0,160551.0,257347.0,257347.0,257347.0,257347.0,257347.0,257347.0,257347.0,257347.0,257347.0,2931.0,2548.0,2483.0,2474.0,2462.0,2469.0,2228.0,2657.0,4641.0,170749.0,169717.0,188196.0,2840.0,2662.0,2617.0,2837.0,4679.0,15832.0,42869.0,60747.0,81274.0,85882.0,78835.0,85996.0,5612.0,74702.0,100596.0,155152.0,164655.0,221658.0,200348.0,257347.0,238088.0,257347.0,161268.0,257347.0,16041.0,91949.0,20095.0,8371.0,13278.0,18094.0,25911.0,43048.0,34873.0,257347.0,67032.0,257347.0,1687.0,2928.0,2772.0,3034.0,6012.0,23648.0,80026.0,142074.0,165843.0,257347.0,203001.0,257347.0,2536.0,19152.0,29217.0,37440.0,53383.0,81146.0,119290.0,147000.0,141880.0,257347.0,159287.0,257347.0,,,2593.0,2528.0,,,3002.5,2995.5,55718.5,65984.5
660,4431.0,44653.0,163205.0,257338.0,257338.0,257338.0,257338.0,257338.0,257338.0,257338.0,257338.0,257338.0,3025.0,2573.0,2525.0,2527.0,2503.0,2532.0,2271.0,2717.0,4709.0,171920.0,179578.0,191121.0,2885.0,2665.0,2625.0,2883.0,4752.0,15882.0,43575.0,61210.0,82992.0,86593.0,82203.0,86821.0,5706.0,75577.0,101546.0,157406.0,170116.0,222264.0,218077.0,257338.0,257338.0,257338.0,192646.0,257338.0,18250.0,93045.0,21382.0,9690.0,15322.0,22152.0,33410.0,53308.0,43496.0,257338.0,87942.0,257338.0,1867.0,3014.0,2859.0,3152.0,6126.0,23970.0,80779.0,147335.0,178254.0,257338.0,222203.0,257338.0,2879.0,19221.0,29265.0,37892.0,53952.0,81994.0,124171.0,169349.0,169058.0,257338.0,187149.0,257338.0,,,2655.0,2584.0,,,3082.5,3059.5,55800.5,66228.5
680,4484.0,43017.0,162039.0,257326.0,257326.0,257326.0,257326.0,257326.0,257326.0,257326.0,257326.0,257326.0,3023.0,2613.0,2620.0,2546.0,2536.0,2573.0,2362.0,2765.0,4795.0,172618.0,185230.0,192671.0,2871.0,2707.0,2694.0,2899.0,4797.0,15968.0,43229.0,62543.0,84079.0,87744.0,84878.0,86315.0,5757.0,77084.0,100213.0,160702.0,171429.0,223321.0,231815.0,257326.0,257326.0,257326.0,226690.0,257326.0,20214.0,94244.0,22560.0,10806.0,17002.0,25965.0,44826.0,62503.0,51742.0,257326.0,112844.0,257326.0,2039.0,3089.0,2939.0,3257.0,6389.0,24306.0,80845.0,150634.0,187936.0,257326.0,238535.0,257326.0,3226.0,19341.0,29522.0,38107.0,54252.0,81562.0,127636.0,187666.0,199826.0,257326.0,218381.0,257326.0,,,2692.0,2615.0,,,3105.0,3116.0,56283.0,66689.0
700,4593.5,45326.5,162989.5,257334.5,257334.5,257334.5,257334.5,257334.5,257334.5,257334.5,257334.5,257334.5,3172.5,2707.5,2644.5,2638.5,2598.5,2635.5,2416.5,2812.5,4875.5,172451.5,190582.5,194063.5,3031.5,2820.5,2782.5,2991.5,4852.5,16104.5,43562.5,61930.5,83585.5,86953.5,87009.5,87390.5,5842.5,75290.5,99563.5,160795.5,173803.5,221491.5,243143.5,257334.5,257334.5,257334.5,257334.5,257334.5,21910.5,95127.5,23971.5,11825.5,18775.5,29214.5,56879.5,69954.5,58298.5,257334.5,140253.5,257334.5,2276.5,3173.5,3011.5,3376.5,6428.5,24448.5,80994.5,152436.5,193867.5,257334.5,251142.5,257334.5,3507.5,19263.5,29499.5,38266.5,54495.5,81776.5,128365.5,198788.5,231348.5,257334.5,250752.5,257334.5,,,2741.5,2651.5,,,3165.0,3182.0,56330.0,67141.0
720,4641.5,43805.5,162247.5,257296.5,257296.5,257296.5,257296.5,257296.5,257296.5,257296.5,257296.5,257296.5,3184.5,2721.5,2658.5,2660.5,2635.5,2670.5,2431.5,2869.5,4878.5,173803.5,194546.5,193849.5,3029.5,2841.5,2772.5,3014.5,4851.5,16049.5,43839.5,62961.5,85033.5,88854.5,88472.5,87504.5,5976.5,77338.5,102989.5,167139.5,180628.5,225242.5,253151.5,257296.5,257296.5,257296.5,257296.5,257296.5,23544.5,96322.5,25198.5,12743.5,19930.5,32135.5,69012.5,76167.5,64495.5,257296.5,173044.5,257296.5,2368.5,3187.5,3056.5,3455.5,6526.5,24582.5,81194.5,152833.5,197589.5,257296.5,257296.5,257296.5,3731.5,19371.5,29527.5,38933.5,55462.5,82884.5,130022.5,207265.5,257296.5,257296.5,257296.5,257296.5,,,2786.5,2733.5,,,3200.5,3236.5,56747.5,67444.5
740,4738.5,42956.5,163079.5,257301.5,257301.5,257301.5,257301.5,257301.5,257301.5,257301.5,257301.5,257301.5,3279.5,2830.5,2730.5,2682.5,2665.5,2689.5,2507.5,2938.5,4976.5,173326.5,196974.5,193475.5,3082.5,2854.5,2834.5,3041.5,4973.5,16169.5,44318.5,63571.5,85681.5,89380.5,89852.5,88384.5,5975.5,77241.5,101165.5,169950.5,185335.5,224206.5,257262.5,257301.5,257301.5,257301.5,257301.5,257301.5,25112.5,96781.5,26028.5,13679.5,21136.5,34425.5,79030.5,81560.5,68949.5,257301.5,208444.5,257301.5,2532.5,3157.5,3093.5,3536.5,6698.5,24614.5,81016.5,153147.5,199985.5,257301.5,257301.5,257301.5,3937.5,19356.5,29482.5,38978.5,55549.5,84268.5,130908.5,211876.5,257301.5,257301.5,257301.5,257301.5,,,2867.5,2778.5,,,3276.0,3232.0,56896.0,67932.0
760,4818.0,43415.0,162652.0,257291.0,257291.0,257291.0,257291.0,257291.0,257291.0,257291.0,257291.0,257291.0,3286.0,2883.0,2773.0,2776.0,2739.0,2799.0,2607.0,2996.0,5022.0,172247.0,199205.0,196041.0,3147.0,2909.0,2931.0,3133.0,4985.0,16097.0,42855.0,63441.0,85680.0,89378.0,91063.0,88314.0,6077.0,76036.0,99297.0,168590.0,173315.0,223111.0,257291.0,257291.0,257291.0,257291.0,257291.0,257291.0,26936.0,97672.0,26951.0,14616.0,22243.0,36538.0,87144.0,85663.0,72697.0,257291.0,247649.0,257291.0,2661.0,3290.0,3172.0,3555.0,6787.0,24534.0,80386.0,152977.0,200217.0,257291.0,257291.0,257291.0,4171.0,19375.0,29460.0,38762.0,55492.0,84117.0,131839.0,214389.0,257291.0,257291.0,257291.0,257291.0,,,2895.0,2796.0,,,3332.5,3306.5,57008.5,68282.5
780,4823.5,45163.5,163177.5,257265.5,257265.5,257265.5,257265.5,257265.5,257265.5,257265.5,257265.5,257265.5,3394.5,2893.5,2837.5,2783.5,2742.5,2780.5,2601.5,3004.5,5045.5,172528.5,199686.5,195274.5,3186.5,2976.5,2928.5,3159.5,5028.5,16222.5,42944.5,63902.5,85948.5,89873.5,91653.5,88544.5,6126.5,76603.5,100743.5,170630.5,174547.5,223066.5,257265.5,257265.5,257265.5,257265.5,257265.5,257265.5,28709.5,98538.5,27801.5,15663.5,23061.5,37984.5,94407.5,89553.5,76521.5,257265.5,257265.5,257265.5,2758.5,3340.5,3208.5,3597.5,6732.5,24535.5,80608.5,152080.5,200610.5,257265.5,257265.5,257265.5,4343.5,19605.5,29360.5,38756.5,55695.5,84994.5,133541.5,218872.5,257265.5,257265.5,257265.5,257265.5,,,2943.5,2850.5,,,3405.5,3387.5,57640.5,68678.5
800,4910.0,43781.0,163820.0,257261.0,257261.0,257261.0,257261.0,257261.0,257261.0,257261.0,257261.0,257261.0,3412.0,2933.0,2845.0,2866.0,2797.0,2803.0,2623.0,3029.0,5118.0,172022.0,201377.0,195265.0,3241.0,3017.0,2975.0,3144.0,4986.0,16259.0,43233.0,63835.0,86865.0,89488.0,92548.0,89976.0,6186.0,76413.0,101081.0,170969.0,176479.0,223592.0,257261.0,257261.0,257261.0,257261.0,257261.0,257261.0,30749.0,99573.0,28671.0,16620.0,23902.0,39481.0,99891.0,92357.0,79260.0,257261.0,257261.0,257261.0,2840.0,3345.0,3248.0,3630.0,6824.0,24615.0,80250.0,152153.0,200169.0,257261.0,257261.0,257261.0,4454.0,19657.0,29378.0,38739.0,55898.0,85126.0,135279.0,222004.0,257261.0,257261.0,257261.0,257261.0,,,3016.0,2950.0,,,3448.0,3432.0,58651.0,69658.0
820,5005.5,44530.5,163117.5,257254.5,257254.5,257254.5,257254.5,257254.5,257254.5,257254.5,257254.5,257254.5,3495.5,2945.5,2890.5,2832.5,2843.5,2895.5,2739.5,3097.5,5187.5,172624.5,200569.5,195439.5,3292.5,3068.5,2973.5,3245.5,5076.5,16372.5,42893.5,64365.5,87331.5,90023.5,92708.5,89817.5,6265.5,76798.5,99838.5,174595.5,171602.5,224787.5,257254.5,257254.5,257254.5,257254.5,257254.5,257254.5,33165.5,100286.5,29632.5,17410.5,24684.5,40871.5,105310.5,95344.5,81857.5,257254.5,257254.5,257254.5,2980.5,3418.5,3308.5,3744.5,6832.5,24697.5,80322.5,151940.5,199384.5,257254.5,257254.5,257254.5,4613.5,19637.5,29411.5,38765.5,55703.5,85205.5,135747.5,223362.5,257254.5,257254.5,257254.5,257254.5,,,3015.5,2957.5,,,3489.5,3456.5,59053.5,69767.5
840,5032.0,44657.0,163769.0,257240.0,257240.0,257240.0,257240.0,257240.0,257240.0,257240.0,257240.0,257240.0,3527.0,2972.0,2966.0,2939.0,2896.0,2978.0,2747.0,3151.0,5162.0,173235.0,201442.0,196978.0,3354.0,3089.0,3086.0,3301.0,5135.0,16267.0,42867.0,64306.0,87626.0,90182.0,92661.0,90415.0,6341.0,76903.0,98882.0,173751.0,171161.0,224435.0,257240.0,257240.0,257240.0,257240.0,257240.0,257240.0,35344.0,101403.0,30704.0,18266.0,25078.0,41680.0,108875.0,96893.0,83049.0,257240.0,257240.0,257240.0,3055.0,3474.0,3321.0,3771.0,6933.0,24437.0,79627.0,152020.0,199700.0,257240.0,257240.0,257240.0,4658.0,19658.0,29559.0,38604.0,55845.0,85182.0,135506.0,225347.0,257240.0,257240.0,257240.0,257240.0,,,3101.0,2998.0,,,3590.0,3480.0,61402.0,70670.0
860,5074.5,45178.5,163722.5,257233.5,257233.5,257233.5,257233.5,257233.5,257233.5,257233.5,257233.5,257233.5,3634.5,3047.5,2974.5,2979.5,2938.5,2966.5,2770.5,3167.5,5272.5,174001.5,200969.5,197149.5,3415.5,3170.5,3115.5,3306.5,5145.5,16406.5,42845.5,64457.5,87801.5,90387.5,92959.5,89675.5,6412.5,77035.5,99140.5,175542.5,171953.5,225870.5,257233.5,257233.5,257233.5,257233.5,257233.5,257233.5,36733.5,102337.5,31548.5,19140.5,25668.5,42363.5,111813.5,97705.5,84148.5,257233.5,257233.5,257233.5,3135.5,3518.5,3414.5,3824.5,7025.5,24546.5,80473.5,152209.5,200226.5,257233.5,257233.5,257233.5,4806.5,19789.5,29635.5,38715.5,55754.5,85171.5,135765.5,227299.5,257233.5,257233.5,257233.5,257233.5,,,3141.5,3051.5,,,3607.0,3537.0,61233.0,71310.0
880,5193.5,44088.5,164340.5,257217.5,257217.5,257217.5,257217.5,257217.5,257217.5,257217.5,257217.5,257217.5,3685.5,3093.5,3016.5,3023.5,3000.5,2997.5,2834.5,3237.5,5263.5,173963.5,201695.5,197178.5,3506.5,3185.5,3147.5,3379.5,5192.5,16359.5,43279.5,64442.5,88275.5,90528.5,93685.5,90685.5,6421.5,77747.5,98963.5,176428.5,172497.5,225037.5,257217.5,257217.5,257217.5,257217.5,257217.5,257217.5,38073.5,103029.5,32578.5,19975.5,26391.5,42827.5,114687.5,98769.5,84653.5,257217.5,257217.5,257217.5,3192.5,3569.5,3460.5,3884.5,7060.5,24930.5,80387.5,151903.5,200117.5,257217.5,257217.5,257217.5,4860.5,19861.5,29491.5,38735.5,55465.5,84730.5,135419.5,229754.5,257217.5,257217.5,257217.5,257217.5,,,3224.5,3081.5,,,3610.0,3604.0,62575.0,71910.0
900,5267.5,43933.5,163079.5,257197.5,257197.5,257197.5,257197.5,257197.5,257197.5,257197.5,257197.5,257197.5,3739.5,3139.5,3072.5,3056.5,3048.5,3070.5,2849.5,3297.5,5309.5,174494.5,200917.5,196630.5,3540.5,3296.5,3184.5,3373.5,5181.5,16386.5,43199.5,64615.5,88431.5,90981.5,93576.5,89348.5,6550.5,77300.5,98080.5,177510.5,170492.5,225492.5,257197.5,257197.5,257197.5,257197.5,257197.5,257197.5,39149.5,103733.5,33649.5,20895.5,26932.5,43403.5,115413.5,99728.5,85817.5,257197.5,257197.5,257197.5,3234.5,3591.5,3484.5,3873.5,7075.5,24727.5,80108.5,151581.5,199029.5,257197.5,257197.5,257197.5,4900.5,19816.5,29437.5,38577.5,55388.5,84483.5,135325.5,228741.5,257197.5,257197.5,257197.5,257197.5,,,3243.5,3141.5,,,3700.0,3682.0,62792.0,72541.0
920,5262.5,44963.5,162655.5,257181.5,257181.5,257181.5,257181.5,257181.5,257181.5,257181.5,257181.5,257181.5,3768.5,3146.5,3092.5,3049.5,3041.5,3075.5,2902.5,3306.5,5329.5,175507.5,202004.5,196030.5,3573.5,3271.5,3195.5,3454.5,5209.5,16403.5,43225.5,65261.5,88917.5,91599.5,93675.5,90724.5,6526.5,77943.5,97572.5,178182.5,171144.5,226959.5,257181.5,257181.5,257181.5,257181.5,257181.5,257181.5,40620.5,104701.5,34614.5,21956.5,27526.5,43875.5,116954.5,100448.5,86832.5,257181.5,257181.5,257181.5,3314.5,3642.5,3502.5,3902.5,7148.5,24841.5,80646.5,151779.5,199784.5,257181.5,257181.5,257181.5,5001.5,19901.5,29600.5,38642.5,55680.5,84454.5,135813.5,228316.5,257181.5,257181.5,257181.5,257181.5,,,3294.5,3145.5,,,3676.0,3677.0,64213.0,73234.0
940,5357.5,44850.5,163536.5,257174.5,257174.5,257174.5,257174.5,257174.5,257174.5,257174.5,257174.5,257174.5,3825.5,3216.5,3127.5,3100.5,3120.5,3159.5,2964.5,3365.5,5356.5,176075.5,202391.5,198206.5,3628.5,3286.5,3242.5,3450.5,5308.5,16467.5,43165.5,65611.5,89037.5,92442.5,94098.5,90561.5,6640.5,78385.5,97905.5,178894.5,172070.5,228489.5,257174.5,257174.5,257174.5,257174.5,257174.5,257174.5,41948.5,104974.5,35679.5,22970.5,28121.5,44518.5,118427.5,102147.5,87787.5,257174.5,257174.5,257174.5,3362.5,3681.5,3554.5,4021.5,7151.5,24957.5,80899.5,151744.5,200387.5,257174.5,257174.5,257174.5,5078.5,19859.5,29433.5,38764.5,55438.5,84848.5,135003.5,229492.5,257174.5,257174.5,257174.5,257174.5,,,3324.5,3224.5,,,3737.0,3725.0,64704.0,73907.0
960,5381.5,45004.5,163720.5,257181.5,257181.5,257181.5,257181.5,257181.5,257181.5,257181.5,257181.5,257181.5,3889.5,3282.5,3205.5,3099.5,3172.5,3209.5,3002.5,3433.5,5421.5,176964.5,202396.5,198131.5,3671.5,3374.5,3351.5,3549.5,5353.5,16636.5,43427.5,65845.5,89544.5,93071.5,94538.5,89934.5,6741.5,78503.5,97204.5,180412.5,169299.5,230156.5,257181.5,257181.5,257181.5,257181.5,257181.5,257181.5,43317.5,105626.5,36723.5,24101.5,28963.5,45240.5,118732.5,101878.5,88422.5,257181.5,257181.5,257181.5,3418.5,3739.5,3610.5,4081.5,7217.5,25162.5,81335.5,152788.5,198638.5,257181.5,257181.5,257181.5,5111.5,19826.5,29540.5,38636.5,55965.5,84687.5,134552.5,230391.5,257181.5,257181.5,257181.5,257181.5,,,3371.5,3291.5,,,3821.0,3769.0,65104.0,74194.0
980,5447.5,44175.5,163598.5,257156.5,257156.5,257156.5,257156.5,257156.5,257156.5,257156.5,257156.5,257156.5,3902.5,3319.5,3198.5,3193.5,3142.5,3223.5,3036.5,3451.5,5443.5,175393.5,203865.5,198992.5,3743.5,3367.5,3328.5,3516.5,5330.5,16538.5,43022.5,65402.5,89455.5,92860.5,94233.5,90563.5,6756.5,78759.5,97634.5,179786.5,169117.5,229372.5,257156.5,257156.5,257156.5,257156.5,257156.5,257156.5,44611.5,106948.5,37853.5,25103.5,29737.5,45937.5,120421.5,103676.5,89542.5,257156.5,257156.5,257156.5,3482.5,3738.5,3644.5,4070.5,7291.5,25127.5,81347.5,152226.5,199592.5,257156.5,257156.5,257156.5,5171.5,19978.5,29495.5,38605.5,55814.5,85158.5,135167.5,230328.5,257156.5,257156.5,257156.5,257156.5,,,3411.5,3312.5,,,3825.0,3722.0,65429.0,75703.0
1000,5563.0,43989.0,163215.0,257174.0,257174.0,257174.0,257174.0,257174.0,257174.0,257174.0,257174.0,257174.0,3992.0,3342.0,3271.0,3243.0,3225.0,3304.0,3107.0,3519.0,5550.0,178185.0,211819.0,198460.0,3796.0,3450.0,3377.0,3617.0,5419.0,16628.0,43165.0,66130.0,90076.0,94068.0,94211.0,90610.0,6818.0,79153.0,96682.0,180000.0,168772.0,230541.0,257066.0,257174.0,257174.0,257174.0,257174.0,257174.0,45663.0,107571.0,38899.0,26508.0,30678.0,47026.0,121625.0,103850.0,90897.0,257174.0,257174.0,257174.0,3573.0,3818.0,3746.0,4145.0,7265.0,25207.0,81008.0,151911.0,200110.0,257174.0,257174.0,257174.0,5256.0,20088.0,29499.0,38630.0,55551.0,84445.0,134688.0,228967.0,257174.0,257174.0,257174.0,257174.0,,,3459.0,3398.0,,,3831.5,3826.5,65397.5,76213.5
1020,5561.5,44914.5,162351.5,257140.5,257140.5,257140.5,257140.5,257140.5,257140.5,257140.5,257140.5,257140.5,4015.5,3366.5,3306.5,3284.5,3245.5,3333.5,3145.5,3536.5,5560.5,176589.5,206847.5,199201.5,3781.5,3430.5,3416.5,3619.5,5424.5,16488.5,43525.5,66408.5,89581.5,93553.5,94279.5,90565.5,6884.5,79778.5,96850.5,180614.5,168332.5,232669.5,257139.5,257140.5,257140.5,257140.5,257140.5,257140.5,47118.5,108301.5,40020.5,27420.5,31423.5,47582.5,122612.5,105039.5,91409.5,257140.5,257140.5,257140.5,3603.5,3837.5,3701.5,4116.5,7365.5,25234.5,81271.5,152645.5,199119.5,257140.5,257140.5,257140.5,5267.5,20006.5,29551.5,38542.5,55497.5,84337.5,134175.5,229537.5,257140.5,257140.5,257140.5,257140.5,,,3506.5,3409.5,,,3842.0,3813.0,67054.0,76363.0
1040,5598.0,44138.0,162403.0,257121.0,257121.0,257121.0,257121.0,257121.0,257121.0,257121.0,257121.0,257121.0,4058.0,3448.0,3326.0,3296.0,3266.0,3368.0,3168.0,3584.0,5546.0,177616.0,207777.0,199960.0,3849.0,3495.0,3465.0,3661.0,5435.0,16558.0,45323.0,66366.0,89970.0,94062.0,93985.0,90849.0,6942.0,79582.0,96581.0,181851.0,168176.0,233100.0,257008.0,257121.0,257121.0,257121.0,257121.0,257121.0,48274.0,109096.0,41225.0,28511.0,32441.0,48350.0,124477.0,106852.0,92288.0,257121.0,257121.0,257121.0,3616.0,3873.0,3705.0,4173.0,7358.0,25266.0,81529.0,153436.0,199700.0,257121.0,257121.0,257121.0,5346.0,19959.0,29432.0,38433.0,55498.0,84572.0,135189.0,228730.0,257121.0,257121.0,257121.0,257121.0,,,3513.0,3421.0,,,3873.0,3901.0,67803.0,77295.0
1060,5622.0,45038.0,162364.0,257113.0,257113.0,257113.0,257113.0,257113.0,257113.0,257113.0,257113.0,257113.0,4114.0,3430.0,3356.0,3317.0,3316.0,3348.0,3205.0,3601.0,5611.0,178515.0,211455.0,199461.0,3933.0,3522.0,3460.0,3659.0,5517.0,16687.0,45355.0,66588.0,90381.0,94459.0,94000.0,90541.0,6964.0,79828.0,96636.0,181769.0,168986.0,235316.0,257113.0,257113.0,257113.0,257113.0,257113.0,257113.0,49908.0,109863.0,42307.0,29872.0,33439.0,49466.0,126079.0,107727.0,93340.0,257113.0,257113.0,257113.0,3656.0,3915.0,3766.0,4258.0,7431.0,25167.0,81865.0,153676.0,199445.0,257113.0,257113.0,257113.0,5450.0,20135.0,29392.0,38310.0,55548.0,84445.0,135198.0,230463.0,257113.0,257113.0,257113.0,257113.0,,,3608.0,3492.0,,,3901.5,3895.5,68215.5,77723.5
1080,5772.5,44354.5,163417.5,257100.5,257100.5,257100.5,257100.5,257100.5,257100.5,257100.5,257100.5,257100.5,4163.5,3514.5,3406.5,3364.5,3342.5,3441.5,3246.5,3652.5,5669.5,179902.5,212863.5,200309.5,3962.5,3571.5,3504.5,3729.5,5551.5,16788.5,43356.5,66873.5,90260.5,95196.5,93524.5,90965.5,7019.5,80331.5,96643.5,182760.5,168531.5,236210.5,257051.5,257100.5,257100.5,257100.5,257100.5,257100.5,51374.5,110803.5,43383.5,30979.5,34203.5,50416.5,127326.5,108362.5,94297.5,257100.5,257100.5,257100.5,3733.5,3903.5,3832.5,4251.5,7465.5,25414.5,81905.5,153847.5,199522.5,257100.5,257100.5,257100.5,5488.5,20154.5,29365.5,38312.5,55454.5,84660.5,134670.5,230301.5,257100.5,257100.5,257100.5,257100.5,,,3615.5,3541.5,,,3975.5,3944.5,69175.5,78989.5
1100,5777.0,44439.0,163493.0,257075.0,257075.0,257075.0,257075.0,257075.0,257075.0,257075.0,257075.0,257075.0,4195.0,3512.0,3438.0,3342.0,3376.0,3453.0,3240.0,3646.0,5693.0,179459.0,204695.0,200298.0,3979.0,3610.0,3517.0,3755.0,5577.0,16637.0,43714.0,66850.0,90410.0,94669.0,93960.0,90887.0,7027.0,79924.0,96908.0,182927.0,168023.0,237454.0,256459.0,257075.0,257075.0,257075.0,257075.0,257075.0,53149.0,111533.0,44592.0,32347.0,35076.0,51062.0,128132.0,109061.0,94898.0,257075.0,257075.0,257075.0,3812.0,3966.0,3830.0,4276.0,7463.0,25391.0,81914.0,153400.0,199812.0,257075.0,257075.0,257075.0,5501.0,20222.0,29406.0,38454.0,55160.0,84640.0,134556.0,230354.0,257075.0,257075.0,257075.0,257075.0,,,3698.0,3580.0,,,3921.0,3921.0,68796.0,79738.0
1120,5844.5,44551.5,163835.5,257083.5,257083.5,257083.5,257083.5,257083.5,257083.5,257083.5,257083.5,257083.5,4300.5,3568.5,3457.5,3439.5,3448.5,3480.5,3316.5,3732.5,5759.5,179847.5,205204.5,199837.5,4055.5,3612.5,3559.5,3806.5,5611.5,16710.5,43351.5,67189.5,90102.5,94877.5,93539.5,91609.5,7112.5,79754.5,96590.5,183026.5,168374.5,239318.5,256547.5,257083.5,257083.5,257083.5,257083.5,257083.5,54480.5,111823.5,45602.5,33344.5,36172.5,51797.5,129457.5,110062.5,96459.5,257083.5,257083.5,257083.5,3879.5,4038.5,3911.5,4329.5,7473.5,25439.5,82377.5,153207.5,200008.5,257083.5,257083.5,257083.5,5550.5,20171.5,29298.5,38262.5,55123.5,84381.5,134646.5,229800.5,257083.5,257083.5,257083.5,257083.5,,,3714.5,3585.5,,,3996.0,3943.0,70097.0,79482.0
1140,5883.0,44070.0,163392.0,257067.0,257067.0,257067.0,257067.0,257067.0,257067.0,257067.0,257067.0,257067.0,4311.0,3604.0,3479.0,3449.0,3438.0,3504.0,3344.0,3727.0,5726.0,181793.0,210129.0,199972.0,4109.0,3657.0,3645.0,3830.0,5612.0,16706.0,43134.0,67084.0,90585.0,95709.0,93751.0,91552.0,7154.0,80056.0,96258.0,183335.0,168798.0,240661.0,256599.0,257067.0,257067.0,257067.0,257067.0,257067.0,56226.0,112680.0,46817.0,34816.0,36984.0,52850.0,130331.0,111048.0,97072.0,257067.0,257067.0,257067.0,3910.0,4033.0,3897.0,4370.0,7591.0,25428.0,82098.0,154174.0,200399.0,257067.0,257067.0,257067.0,5650.0,20205.0,29376.0,38183.0,54972.0,83709.0,133674.0,229008.0,257067.0,257067.0,257067.0,257067.0,,,3772.0,3613.0,,,4000.0,3956.0,70825.0,80591.0
1160,5912.5,44976.5,163711.5,257056.5,257056.5,257056.5,257056.5,257056.5,257056.5,257056.5,257056.5,257056.5,4342.5,3690.5,3546.5,3514.5,3513.5,3581.5,3427.5,3792.5,5754.5,180444.5,206392.5,199978.5,4136.5,3681.5,3648.5,3850.5,5647.5,16762.5,43309.5,67328.5,90300.5,95212.5,93132.5,91165.5,7268.5,79942.5,95593.5,183645.5,167929.5,241674.5,256848.5,257056.5,257056.5,257056.5,257056.5,257056.5,57923.5,112571.5,47756.5,35843.5,38189.5,53770.5,131503.5,111723.5,98334.5,257056.5,257056.5,257056.5,3963.5,4063.5,3960.5,4345.5,7546.5,25540.5,82123.5,153992.5,200520.5,257056.5,257056.5,257056.5,5619.5,20218.5,29270.5,37986.5,54844.5,83535.5,134160.5,229283.5,257056.5,257056.5,257056.5,257056.5,,,3836.5,3653.5,,,3988.5,4013.5,70879.5,80850.5
1180,5937.5,44895.5,163414.5,257056.5,257056.5,257056.5,257056.5,257056.5,257056.5,257056.5,257056.5,257056.5,4428.5,3670.5,3554.5,3554.5,3527.5,3591.5,3428.5,3846.5,5795.5,182129.5,205618.5,200591.5,4187.5,3718.5,3654.5,3873.5,5660.5,16826.5,43424.5,67647.5,90761.5,95823.5,93332.5,92208.5,7252.5,82585.5,95743.5,184231.5,166960.5,244897.5,255933.5,257056.5,257056.5,257056.5,257056.5,257056.5,59616.5,113335.5,48699.5,37168.5,38892.5,54738.5,132876.5,112559.5,99243.5,257056.5,257056.5,257056.5,4001.5,4110.5,3980.5,4421.5,7578.5,25423.5,82413.5,154148.5,199990.5,257056.5,257056.5,257056.5,5724.5,20261.5,29242.5,37978.5,54595.5,83428.5,133351.5,228544.5,257056.5,257056.5,257056.5,257056.5,,,3840.5,3714.5,,,4001.0,4031.0,72397.0,81208.0
1200,6072.5,45656.5,163175.5,257021.5,257021.5,257021.5,257021.5,257021.5,257021.5,257021.5,257021.5,257021.5,4449.5,3711.5,3547.5,3524.5,3518.5,3622.5,3428.5,3872.5,5835.5,184401.5,203684.5,201400.5,4217.5,3773.5,3720.5,3879.5,5731.5,16830.5,43213.5,67625.5,90589.5,95713.5,93496.5,91279.5,7240.5,82273.5,95425.5,183902.5,165294.5,246603.5,255634.5,257021.5,257021.5,257021.5,257021.5,257021.5,61214.5,113720.5,49722.5,38522.5,40031.5,56025.5,133919.5,113767.5,100679.5,257021.5,257021.5,257021.5,4054.5,4140.5,3994.5,4457.5,7639.5,25542.5,82552.5,154625.5,200204.5,257021.5,257021.5,257021.5,5715.5,20294.5,29158.5,37932.5,54656.5,83148.5,133411.5,229648.5,257021.5,257021.5,257021.5,257021.5,,,3882.5,3765.5,,,4058.0,4063.0,71923.0,82190.0
1220,6064.0,44386.0,163826.0,256998.0,256998.0,256998.0,256998.0,256998.0,256998.0,256998.0,256998.0,256998.0,4476.0,3698.0,3571.0,3557.0,3594.0,3648.0,3460.0,3913.0,5863.0,183374.0,203351.0,199934.0,4228.0,3773.0,3716.0,3975.0,5730.0,16768.0,43643.0,66763.0,90221.0,94598.0,93090.0,92446.0,7358.0,82419.0,95954.0,182909.0,164995.0,245769.0,254963.0,256998.0,256998.0,256998.0,256998.0,256998.0,62896.0,114547.0,50794.0,39366.0,41020.0,56896.0,134981.0,114682.0,101425.0,256998.0,256998.0,256998.0,4063.0,4139.0,4047.0,4483.0,7643.0,25434.0,81870.0,153944.0,199050.0,256998.0,256998.0,256998.0,5772.0,20263.0,29117.0,37759.0,54568.0,82879.0,132749.0,227737.0,256998.0,256998.0,256998.0,256998.0,,,3917.0,3746.0,,,4077.0,4068.0,72849.0,82648.0
1240,6073.0,45047.0,163143.0,257019.0,257019.0,257019.0,257019.0,257019.0,257019.0,257019.0,257019.0,257019.0,4542.0,3758.0,3659.0,3604.0,3652.0,3689.0,3551.0,3921.0,5922.0,186212.0,202814.0,200686.0,4308.0,3804.0,3772.0,4003.0,5765.0,16876.0,43020.0,67590.0,91187.0,95908.0,93676.0,92244.0,7390.0,82401.0,94555.0,183977.0,163560.0,247509.0,253417.0,257019.0,257019.0,257019.0,257019.0,257019.0,64432.0,115167.0,51604.0,40258.0,42044.0,57755.0,136780.0,115073.0,102880.0,257019.0,257019.0,257019.0,4150.0,4199.0,4107.0,4450.0,7664.0,25590.0,82170.0,154019.0,199935.0,257019.0,257019.0,257019.0,5839.0,20274.0,28974.0,37561.0,54040.0,82590.0,133036.0,228101.0,257019.0,257019.0,257019.0,257019.0,,,4002.0,3826.0,,,4130.5,4114.5,75049.5,83120.5
1260,6174.5,44251.5,163052.5,256985.5,256985.5,256985.5,256985.5,256985.5,256985.5,256985.5,256985.5,256985.5,4574.5,3745.5,3668.5,3615.5,3626.5,3734.5,3530.5,3931.5,5981.5,186421.5,203748.5,199813.5,4331.5,3849.5,3802.5,4002.5,5787.5,16770.5,43433.5,67320.5,93455.5,95645.5,94082.5,92661.5,7435.5,83238.5,94512.5,184112.5,163749.5,248737.5,253098.5,256985.5,256985.5,256985.5,256985.5,256985.5,65547.5,115703.5,52278.5,41223.5,43085.5,59006.5,137706.5,116952.5,104078.5,256985.5,256985.5,256985.5,4233.5,4220.5,4116.5,4535.5,7719.5,25667.5,82185.5,154095.5,200308.5,256985.5,256985.5,256985.5,5934.5,20299.5,29014.5,37601.5,54207.5,82618.5,132222.5,228111.5,256985.5,256985.5,256985.5,256985.5,,,3957.5,3807.5,,,4135.0,4117.0,67646.0,83715.0
1280,6164.5,44215.5,163250.5,256995.5,256995.5,256995.5,256995.5,256995.5,256995.5,256995.5,256995.5,256995.5,4629.5,3849.5,3649.5,3663.5,3673.5,3775.5,3628.5,4040.5,5977.5,184236.5,205837.5,201527.5,4427.5,3954.5,3853.5,4048.5,5804.5,16874.5,43845.5,66322.5,93046.5,94437.5,93946.5,92679.5,7501.5,83885.5,94585.5,181906.5,162672.5,247357.5,251440.5,256995.5,256995.5,256995.5,256995.5,256995.5,67255.5,116229.5,52839.5,41960.5,43758.5,59802.5,138697.5,116988.5,105130.5,256995.5,256995.5,256995.5,4235.5,4287.5,4164.5,4602.5,7725.5,25578.5,82242.5,153495.5,198352.5,256995.5,256995.5,256995.5,5960.5,20323.5,28912.5,37614.5,54244.5,82391.5,132681.5,227308.5,256995.5,256995.5,256995.5,256995.5,,,4052.5,3870.5,,,4129.5,4112.5,67385.5,83722.5
1300,6261.0,44518.0,162088.0,256993.0,256993.0,256993.0,256993.0,256993.0,256993.0,256993.0,256993.0,256993.0,4694.0,3879.0,3727.0,3659.0,3717.0,3802.0,3620.0,4042.0,5983.0,187872.0,201606.0,202357.0,4441.0,3961.0,3860.0,4054.0,5847.0,16903.0,43377.0,66439.0,93747.0,94274.0,94000.0,92757.0,7530.0,84395.0,93820.0,183122.0,165337.0,248655.0,251644.0,256993.0,256993.0,256993.0,256993.0,256993.0,67862.0,116530.0,53555.0,42589.0,44898.0,60928.0,140289.0,117948.0,105710.0,256993.0,256993.0,256993.0,4321.0,4340.0,4140.0,4593.0,7778.0,25600.0,82186.0,153742.0,198850.0,256993.0,256993.0,256993.0,5997.0,20420.0,28727.0,37469.0,53849.0,82112.0,132073.0,226450.0,256993.0,256993.0,256993.0,256993.0,,,4048.0,3907.0,,,4111.0,4150.0,68086.0,84375.0
1320,6208.0,45385.0,162035.0,256952.0,256952.0,256952.0,256952.0,256952.0,256952.0,256952.0,256952.0,256952.0,4695.0,3839.0,3747.0,3710.0,3678.0,3780.0,3643.0,4014.0,5995.0,188917.0,203919.0,200303.0,4407.0,3956.0,3851.0,4097.0,5828.0,16826.0,43082.0,66755.0,94174.0,94702.0,94321.0,92156.0,7520.0,84301.0,93903.0,183812.0,163504.0,249810.0,249922.0,256952.0,256952.0,256952.0,256952.0,256952.0,68723.0,116573.0,53869.0,43030.0,45736.0,61288.0,140749.0,118525.0,107094.0,256952.0,256952.0,256952.0,4309.0,4266.0,4153.0,4613.0,7757.0,25435.0,81702.0,152792.0,198555.0,256952.0,256952.0,256952.0,6013.0,20209.0,28724.0,37283.0,53736.0,81835.0,131850.0,225971.0,256952.0,256952.0,256952.0,256952.0,,,4048.0,3906.0,,,4193.5,4170.5,68691.5,84288.5
