model,experiment,prediction,split #
Histogram-based Gradient Boosting,-2.559953281626918,-1.6913246136314541,1
Histogram-based Gradient Boosting,-1.6844526576962697,-1.8695964286840099,1
Histogram-based Gradient Boosting,-1.169002914533462,-1.6467930369083734,1
Histogram-based Gradient Boosting,-2.403452823620798,-2.3003993243802774,1
Histogram-based Gradient Boosting,-2.423624898245491,-1.9613129532691316,1
Histogram-based Gradient Boosting,-1.7253486984128064,-1.3799965181062976,1
Histogram-based Gradient Boosting,-3.120277513484956,-2.504378068282565,1
Histogram-based Gradient Boosting,-1.641711232958164,-2.0400416250694833,1
Histogram-based Gradient Boosting,-1.5393527377902698,-1.6095618435866779,1
Histogram-based Gradient Boosting,-1.4103143043656896,-1.415926102179875,1
Histogram-based Gradient Boosting,-1.5530374141251506,-1.0734992020446155,1
Histogram-based Gradient Boosting,-1.3629507222657735,-1.298583443692767,1
Histogram-based Gradient Boosting,-0.9452141888163385,-0.9194746076979012,1
Histogram-based Gradient Boosting,-1.414958380703708,-1.124088840091347,1
Histogram-based Gradient Boosting,-1.9196885629650766,-1.414530044400534,1
Histogram-based Gradient Boosting,-0.22901321309844905,-1.1201850496769183,1
Histogram-based Gradient Boosting,-1.6021765542362365,-2.3261280675649325,1
Histogram-based Gradient Boosting,-1.5498899805881399,-1.93246632820064,1
Histogram-based Gradient Boosting,-2.123767317417046,-1.888030921650749,1
Histogram-based Gradient Boosting,-3.2180472636163895,-3.394133342829587,1
Histogram-based Gradient Boosting,-1.4985127097581414,-1.6552717299612916,1
Histogram-based Gradient Boosting,-1.0225392132375182,-1.6604249860171763,1
Histogram-based Gradient Boosting,-2.3529321054630254,-2.1074138191273413,1
Histogram-based Gradient Boosting,-1.4610955316441951,-1.42353560644723,1
Histogram-based Gradient Boosting,-1.3355656611938254,-1.5522994797894956,1
Histogram-based Gradient Boosting,-0.9172087828988489,-1.4272783747508466,1
Histogram-based Gradient Boosting,-1.8229892712376083,-1.974075621472796,1
Histogram-based Gradient Boosting,-0.9582190949069228,-1.2972550841934483,1
Histogram-based Gradient Boosting,-3.8326531224143645,-3.6002894031830674,1
Histogram-based Gradient Boosting,-3.694349887124185,-3.5224881309254243,1
Histogram-based Gradient Boosting,-2.617367632441655,-2.3169452963363115,1
Histogram-based Gradient Boosting,-2.4318269168378195,-2.491831625953592,1
Histogram-based Gradient Boosting,-3.2834449518405893,-3.3907864992411634,1
Histogram-based Gradient Boosting,-3.2036005297986074,-3.0956992222094977,1
Histogram-based Gradient Boosting,-3.3816182003459216,-3.3560828012792108,1
Histogram-based Gradient Boosting,-0.19201915469350456,-0.15326687555247284,1
Histogram-based Gradient Boosting,-1.7661589553081318,-2.3230206898919925,1
Histogram-based Gradient Boosting,-0.5196118275771817,-0.99376516769583,1
Histogram-based Gradient Boosting,0.20995355888867073,-0.037765637961747305,1
Histogram-based Gradient Boosting,-0.9300930772084189,-1.914522004065882,1
Histogram-based Gradient Boosting,0.20849296776590773,-0.5930275153297351,1
Histogram-based Gradient Boosting,-3.6800158253354924,-3.3218637696566713,1
Histogram-based Gradient Boosting,-2.465962973225779,-2.4726552482461797,1
Histogram-based Gradient Boosting,-1.5397653155309607,-2.5529398203774094,1
Histogram-based Gradient Boosting,-1.9101052340727014,-2.2165716824801867,1
Histogram-based Gradient Boosting,-1.9615865844075526,-2.3793014166707396,1
Histogram-based Gradient Boosting,-1.2279630916135922,-1.5958291599293988,1
Histogram-based Gradient Boosting,-1.4817410394981543,-1.5049403661603336,1
Histogram-based Gradient Boosting,-2.7515330963273232,-2.461426119513021,1
Histogram-based Gradient Boosting,-1.4735211762278637,-1.925668074197452,1
Histogram-based Gradient Boosting,-2.0468682910310587,-2.332156549053901,1
Histogram-based Gradient Boosting,-3.447382880362,-3.4356292626472626,1
Histogram-based Gradient Boosting,-2.5493325073158326,-2.8218293703288557,1
Histogram-based Gradient Boosting,-2.5090165872531767,-2.8937250949382562,1
Histogram-based Gradient Boosting,-2.7237372356215404,-2.5881448042640334,1
Histogram-based Gradient Boosting,-1.9112124620769755,-2.331753473929798,1
Histogram-based Gradient Boosting,-2.704319008875443,-2.689047889728139,1
Histogram-based Gradient Boosting,-2.325708590111872,-2.2188875726813344,1
Histogram-based Gradient Boosting,-1.8336101498155517,-2.2207271238529795,1
Histogram-based Gradient Boosting,-2.174597252967641,-1.9846095324627195,1
Histogram-based Gradient Boosting,-2.186006727498246,-2.262628088703503,1
Histogram-based Gradient Boosting,-2.617794503701521,-2.5097362071021245,1
Histogram-based Gradient Boosting,-1.4542413778154994,-1.661647637724198,1
Histogram-based Gradient Boosting,-2.6852623228853463,-2.4122862274879906,1
Histogram-based Gradient Boosting,-1.115836390766966,-1.3653156892509322,1
Histogram-based Gradient Boosting,-3.0605406542001403,-3.1173617308462203,1
Histogram-based Gradient Boosting,-2.635616939296958,-2.123710771051584,1
Histogram-based Gradient Boosting,-1.4729877775908402,-1.6266383190205624,1
Histogram-based Gradient Boosting,-1.2886807788238237,-1.7831812006616223,1
Histogram-based Gradient Boosting,-1.3266108732423414,-1.549413920051543,1
Histogram-based Gradient Boosting,-2.6799272800459657,-2.3158326757775525,1
Histogram-based Gradient Boosting,-2.01828162271433,-2.1378618434630066,1
Histogram-based Gradient Boosting,-1.794765718416369,-2.5663330743316703,1
Histogram-based Gradient Boosting,-2.8871236492020507,-2.3238090177337463,1
Histogram-based Gradient Boosting,-1.2227575127427186,-1.8199701484297437,1
Histogram-based Gradient Boosting,-2.270552443792131,-2.9384981268644284,1
Histogram-based Gradient Boosting,-1.6536721058017216,-1.9494896102670296,1
Histogram-based Gradient Boosting,-2.663203768289533,-2.338451462161267,1
Histogram-based Gradient Boosting,-1.622950411914381,-1.9300131324895549,1
Histogram-based Gradient Boosting,-1.7751555586449395,-1.9379374262604214,1
Histogram-based Gradient Boosting,-1.5942049925158137,-1.7023527191359906,1
Histogram-based Gradient Boosting,-3.4161712191583424,-3.2261526666757905,1
Histogram-based Gradient Boosting,-1.6698969598127007,-2.2366729791874693,1
Histogram-based Gradient Boosting,-3.159004262647741,-2.472069764475258,1
Histogram-based Gradient Boosting,-2.0061846218108834,-1.6501167664518106,1
Histogram-based Gradient Boosting,-2.9741896629359488,-2.055447648801651,1
Histogram-based Gradient Boosting,-1.5371060964041248,-1.9747594244055746,1
Histogram-based Gradient Boosting,-3.688222835963096,-3.5739904217711973,1
Histogram-based Gradient Boosting,-2.848471723996311,-2.2901611049833965,1
Histogram-based Gradient Boosting,-3.1495014132834878,-3.184224950009593,1
Histogram-based Gradient Boosting,-2.0559062448512155,-1.9731712494057976,1
Histogram-based Gradient Boosting,-2.3566470252815495,-2.9445004960757317,1
Histogram-based Gradient Boosting,-2.8667990786740405,-2.017289791046759,1
Histogram-based Gradient Boosting,-1.2684519185896421,-1.6894423092120279,1
Histogram-based Gradient Boosting,-2.258697330779929,-2.2678945095146776,1
Histogram-based Gradient Boosting,-3.8287505085021976,-3.9196930897830238,1
Histogram-based Gradient Boosting,-2.8197963948012763,-2.6029452748435227,1
Histogram-based Gradient Boosting,-3.690448608815449,-3.4380187555202726,1
Histogram-based Gradient Boosting,-2.9211605333956863,-2.7905971759508272,1
Histogram-based Gradient Boosting,-1.4722472768836088,-1.9362191142647103,1
Histogram-based Gradient Boosting,-1.6668842660690988,-2.2885352853730385,1
Histogram-based Gradient Boosting,-1.7565625592771141,-1.663611870632061,1
Histogram-based Gradient Boosting,-2.8606575042266775,-2.1777379408695827,1
Histogram-based Gradient Boosting,-1.3752808174958797,-1.279890853458056,1
Histogram-based Gradient Boosting,-2.9187956800017982,-2.682392830765072,1
Histogram-based Gradient Boosting,-1.3982848993986936,-1.450361264840781,1
Histogram-based Gradient Boosting,-3.48241354468584,-3.3303572984927334,1
Histogram-based Gradient Boosting,-2.258862588858495,-2.367975211621985,1
Histogram-based Gradient Boosting,-2.3458067992518874,-1.3729872279495179,1
Histogram-based Gradient Boosting,-1.272659841843383,-1.871318784344259,1
Histogram-based Gradient Boosting,-1.4273499677206534,-1.3215600616656207,1
Histogram-based Gradient Boosting,-1.6384460109776287,-1.672933706487827,1
Histogram-based Gradient Boosting,-1.3450596755542978,-1.8648902065620745,1
Histogram-based Gradient Boosting,-1.9705460914481276,-1.5082138199366366,1
Histogram-based Gradient Boosting,-2.0116848782875407,-2.278965286821856,1
Histogram-based Gradient Boosting,-1.2175444827866113,-1.5819111262275019,1
Histogram-based Gradient Boosting,-1.2303723324828062,-1.6034680659479525,1
Histogram-based Gradient Boosting,-1.9458635904251336,-1.7960944168882536,1
Histogram-based Gradient Boosting,-1.9429726110972225,-2.2716266501981304,1
Histogram-based Gradient Boosting,-1.0807113206322263,-1.350581182710609,1
Histogram-based Gradient Boosting,-3.4629936067206395,-3.4153483434415746,1
Histogram-based Gradient Boosting,-2.7555635433899788,-2.5438199354161743,1
Histogram-based Gradient Boosting,-3.289282825523282,-2.083862994604993,1
Histogram-based Gradient Boosting,-1.98115226552214,-1.9779176530327116,1
Histogram-based Gradient Boosting,-1.0209515518818744,-1.3530152419934462,1
Histogram-based Gradient Boosting,-2.5142250705986213,-2.2216666760422434,1
Histogram-based Gradient Boosting,-1.7892523214132656,-1.6727127359227212,1
Histogram-based Gradient Boosting,-2.809138225804324,-2.5086509823456242,1
Histogram-based Gradient Boosting,-1.4285635434183963,-1.8185576408015791,1
Histogram-based Gradient Boosting,-2.00821940080217,-1.5139859007376346,1
Histogram-based Gradient Boosting,-2.1372208240925845,-2.599089501226778,1
Histogram-based Gradient Boosting,-1.0111406945890653,-1.2062897336510077,1
Histogram-based Gradient Boosting,-2.001001072492525,-1.3790515110392556,1
Histogram-based Gradient Boosting,-3.054246410327101,-3.1041029712778534,1
Histogram-based Gradient Boosting,-3.9600428565808334,-3.5158935042758253,1
Histogram-based Gradient Boosting,-2.2151887800651093,-2.378100270554351,1
Histogram-based Gradient Boosting,-1.9090244195663402,-2.19240421844651,1
Histogram-based Gradient Boosting,-3.7938003909509543,-3.4904232700736113,1
Histogram-based Gradient Boosting,-2.0990330852672687,-1.7562035591037657,1
Histogram-based Gradient Boosting,-1.297434930657182,-1.3893661637364307,1
Histogram-based Gradient Boosting,-1.4486812373435975,-1.4947465748128812,1
Histogram-based Gradient Boosting,-1.3168403571338247,-1.3305405132158816,1
Histogram-based Gradient Boosting,-3.5624063821538914,-3.4289539689547652,1
Histogram-based Gradient Boosting,-2.2689882869552584,-3.102014817796161,1
Histogram-based Gradient Boosting,-1.1843962080688974,-1.4984642036982634,1
Histogram-based Gradient Boosting,-1.2189474946453842,-1.4152231314698496,1
Histogram-based Gradient Boosting,-1.409977601837042,-1.374213531317865,1
Histogram-based Gradient Boosting,-1.2640972244503184,-1.7631372550990683,1
Histogram-based Gradient Boosting,-3.6419813498697473,-3.496167839986387,1
Histogram-based Gradient Boosting,-1.9341938240909706,-1.8653635713617591,1
Histogram-based Gradient Boosting,-1.4337063496845048,-2.1877283434434127,1
Histogram-based Gradient Boosting,-3.542851120580754,-3.0407108323965772,1
Histogram-based Gradient Boosting,-1.351662241081682,-1.5766240556630235,1
Histogram-based Gradient Boosting,-2.090032121190501,-1.879002359345421,1
Histogram-based Gradient Boosting,-1.396090167895999,-2.026323066541949,1
Histogram-based Gradient Boosting,-2.7874427365568386,-2.657444793273481,1
Histogram-based Gradient Boosting,-1.7701752248722789,-1.473368625528945,1
Histogram-based Gradient Boosting,-2.17663866294089,-2.1406626379523868,1
Histogram-based Gradient Boosting,-2.568749167088006,-2.1432187044961073,1
Histogram-based Gradient Boosting,-1.7448404020099417,-2.265753794216753,1
Histogram-based Gradient Boosting,-1.5811083204741387,-1.8005695040957699,1
Histogram-based Gradient Boosting,-2.8217593886833527,-1.813604584840385,1
Histogram-based Gradient Boosting,-2.3758693662733776,-1.7179681670216396,1
Histogram-based Gradient Boosting,-1.2111861770342556,-1.5171526223876353,1
Histogram-based Gradient Boosting,-3.3358640560027224,-3.285456287548273,1
Histogram-based Gradient Boosting,-3.3980116731740355,-2.959199305370021,1
Histogram-based Gradient Boosting,-3.3466707249611667,-2.880123832320988,1
Histogram-based Gradient Boosting,-2.1317533670782356,-1.9112638222584883,1
Histogram-based Gradient Boosting,-3.290189204280069,-2.758841559295579,1
Histogram-based Gradient Boosting,-1.6345122959030371,-1.927099909185411,1
Histogram-based Gradient Boosting,-3.015555503033429,-2.5827219938386956,1
Histogram-based Gradient Boosting,-1.8762488134939106,-1.7835154253812584,1
Histogram-based Gradient Boosting,-2.4520022992105748,-2.6135181999727406,1
Histogram-based Gradient Boosting,-4.059833781301273,-3.7152433751309264,1
Histogram-based Gradient Boosting,-2.1956618739690814,-2.448173455688441,1
Histogram-based Gradient Boosting,-3.393048191942752,-2.9517529295254095,1
Histogram-based Gradient Boosting,-1.6613977234664838,-1.4736479745239994,1
Histogram-based Gradient Boosting,-4.059833781301273,-4.025322037871747,1
Histogram-based Gradient Boosting,-2.9620793251113042,-2.8468501601787044,1
Histogram-based Gradient Boosting,-3.31795786632659,-3.355437802475429,1
Histogram-based Gradient Boosting,-0.8521750241183932,-1.458158586144441,1
Histogram-based Gradient Boosting,-1.8074474879886533,-1.3851421914667432,1
Histogram-based Gradient Boosting,-3.184747097908846,-3.134718784583958,1
Histogram-based Gradient Boosting,-2.8559441417598115,-2.112981803495182,1
Histogram-based Gradient Boosting,-1.6189896501583372,-1.539761371763502,1
Histogram-based Gradient Boosting,-3.0397590359811644,-3.1709449604523767,1
Histogram-based Gradient Boosting,-3.312017362295172,-3.2315256472813787,1
Histogram-based Gradient Boosting,-1.2672463833090828,-1.751405306099828,1
Histogram-based Gradient Boosting,-1.7997913808340749,-1.7427239400843548,1
Histogram-based Gradient Boosting,-1.2025079170212445,-1.694793533131729,1
Histogram-based Gradient Boosting,-3.064232839852069,-3.0349112572484236,1
Histogram-based Gradient Boosting,-1.5350740375460707,-1.665545075137341,1
Histogram-based Gradient Boosting,-0.9737395646276028,-1.2050474263604,1
Histogram-based Gradient Boosting,-1.6374387034297335,-1.6256198695860422,1
Histogram-based Gradient Boosting,-0.7797693247910334,-1.1851172401964882,1
Histogram-based Gradient Boosting,-1.4562179644760493,-1.559568678507601,1
Histogram-based Gradient Boosting,-3.6368695830464484,-3.4428685036846423,1
Histogram-based Gradient Boosting,-3.7618083196547483,-3.4619601626582575,1
Histogram-based Gradient Boosting,-1.428472864706594,-1.5269140729206663,1
Histogram-based Gradient Boosting,-1.4262388316017447,-1.3804704216337373,1
Histogram-based Gradient Boosting,-1.8486158063184404,-1.9178730935331874,1
Histogram-based Gradient Boosting,-2.3371392715991264,-2.362445230530709,1
Histogram-based Gradient Boosting,-3.3625502994733605,-2.920523030962444,1
Histogram-based Gradient Boosting,-1.9499388302923257,-2.1904557814647605,1
Histogram-based Gradient Boosting,-1.1895507451644802,-1.324899335134822,1
Histogram-based Gradient Boosting,-1.5736750209710204,-2.1846984922384394,1
Histogram-based Gradient Boosting,-1.4541338573389984,-1.495341204639722,1
Histogram-based Gradient Boosting,-3.3625502994733605,-3.113918610174327,1
Histogram-based Gradient Boosting,0.10764671163334447,-0.8778489522322163,1
Histogram-based Gradient Boosting,0.13858982128300762,0.10345932992816527,1
Histogram-based Gradient Boosting,-0.8579133376664105,-0.5965309011628188,1
Histogram-based Gradient Boosting,-0.43783118657286935,-1.6846039354690374,1
Histogram-based Gradient Boosting,0.3323074801803344,0.1858873849737352,1
Histogram-based Gradient Boosting,0.2733961152011059,0.13951977387760325,1
Histogram-based Gradient Boosting,-1.9219867657940077,-2.537682507373115,1
Histogram-based Gradient Boosting,-1.2407370006641907,-1.6395903848844842,1
Histogram-based Gradient Boosting,-0.9771273167949791,-1.6292559247674974,1
Histogram-based Gradient Boosting,-1.7181996551162337,-1.8295198643786348,1
Histogram-based Gradient Boosting,-2.1512701073865577,-1.4836425147528773,1
Histogram-based Gradient Boosting,-1.6790364719823858,-1.6329519593459016,1
Histogram-based Gradient Boosting,-0.8847086972378616,-1.167141610175154,1
Histogram-based Gradient Boosting,-1.5941100276318725,-1.9724024526494504,1
Histogram-based Gradient Boosting,-2.327144451312569,-2.385822875980437,1
Histogram-based Gradient Boosting,-2.0424559224697187,-1.822211999478168,1
Histogram-based Gradient Boosting,-1.1009937914140275,-1.2322715900620065,1
Histogram-based Gradient Boosting,-3.2294115893983317,-2.9372305015035227,1
Histogram-based Gradient Boosting,-1.1814755688597112,-1.622129354926007,1
Histogram-based Gradient Boosting,-1.7300615156440644,-1.6389921462913681,1
Histogram-based Gradient Boosting,-1.2812660713628026,-1.339817349558992,1
Histogram-based Gradient Boosting,-1.5323301209746991,-1.4014076554432564,1
Histogram-based Gradient Boosting,-1.6539166652584223,-1.83587200747359,1
Histogram-based Gradient Boosting,-1.111999901692932,-1.334441333135275,1
Histogram-based Gradient Boosting,-1.4597718515481843,-1.6060127366913173,1
Histogram-based Gradient Boosting,-1.6322137070153477,-1.9862611462548319,1
Histogram-based Gradient Boosting,-1.3198484161479276,-1.401559881841811,1
Histogram-based Gradient Boosting,-0.9468333037780922,-1.488319256749278,1
Histogram-based Gradient Boosting,-1.4094344835568617,-1.515700765738677,1
Histogram-based Gradient Boosting,-1.1431217053996168,-1.2497225498061832,1
Histogram-based Gradient Boosting,-1.5966625231096632,-1.7483287626995634,1
Histogram-based Gradient Boosting,-1.5398588190217488,-1.8475595872112103,1
Histogram-based Gradient Boosting,-0.7266296487986936,-1.223766932338678,1
Histogram-based Gradient Boosting,-1.3551617678005954,-1.714538898629051,1
Histogram-based Gradient Boosting,-0.7463040504271798,-1.372205535478,1
Histogram-based Gradient Boosting,-1.6181431713572578,-1.4873319928418933,1
Histogram-based Gradient Boosting,-1.1400317683551704,-1.1173839000494552,1
Histogram-based Gradient Boosting,-3.4341521813264824,-3.3683603556049446,1
Histogram-based Gradient Boosting,-3.2172494016790187,-3.4891688641361003,1
Histogram-based Gradient Boosting,-1.483088664742514,-1.3950153300810053,1
Histogram-based Gradient Boosting,-3.1791288900792822,-1.8097992211281146,1
Histogram-based Gradient Boosting,-1.7283368624549476,-2.152308357148319,1
Histogram-based Gradient Boosting,-0.5935262904426333,-1.4220213740852046,1
Histogram-based Gradient Boosting,-1.025762740954669,-0.9924027456540206,1
Histogram-based Gradient Boosting,-3.2503548803911073,-3.0428224503990458,1
Histogram-based Gradient Boosting,-2.385444450882969,-1.4926177044846387,1
Histogram-based Gradient Boosting,-3.121373090381552,-3.050118676216712,1
Histogram-based Gradient Boosting,-3.4495551653497865,-3.311080599135162,1
Histogram-based Gradient Boosting,-1.5167709261725162,-1.7610967801014197,1
Histogram-based Gradient Boosting,-1.0945491836072103,-1.506611345765282,1
Histogram-based Gradient Boosting,-1.4158076024067474,-1.6700113092056486,1
Histogram-based Gradient Boosting,-2.5315835424986517,-2.2847339621720684,1
Histogram-based Gradient Boosting,-2.3969317709673565,-1.7793255183405114,2
Histogram-based Gradient Boosting,-1.7636611133035243,-2.364909236928075,2
Histogram-based Gradient Boosting,-3.1408689109724577,-2.714978062963245,2
Histogram-based Gradient Boosting,-2.642729293000293,-2.2841246767149572,2
Histogram-based Gradient Boosting,-1.4118568185099727,-1.2316267720050635,2
Histogram-based Gradient Boosting,-1.2059345608151744,-1.6038197147015962,2
Histogram-based Gradient Boosting,-1.7190338740193807,-2.018131169244121,2
Histogram-based Gradient Boosting,-1.7566657394319904,-1.574703374300792,2
Histogram-based Gradient Boosting,-1.339883282003717,-1.4693968249685363,2
Histogram-based Gradient Boosting,-1.0056334760903496,-1.1611855332205583,2
Histogram-based Gradient Boosting,-1.221874373746708,-1.8785356019671988,2
Histogram-based Gradient Boosting,-1.4187942485435616,-1.4699542920751523,2
Histogram-based Gradient Boosting,-1.9996117840097518,-1.6489009561504067,2
Histogram-based Gradient Boosting,-2.341290856803062,-2.7983661223698086,2
Histogram-based Gradient Boosting,-1.3897810295006061,-2.0566599973491684,2
Histogram-based Gradient Boosting,-3.399950007606853,-3.2361324372557663,2
Histogram-based Gradient Boosting,-2.7929079641438137,-2.953902046149747,2
Histogram-based Gradient Boosting,-2.808030042713029,-2.549318097067357,2
Histogram-based Gradient Boosting,-1.8194641482091292,-1.8233596019097196,2
Histogram-based Gradient Boosting,-2.0569241023003397,-1.8204106569931435,2
Histogram-based Gradient Boosting,-2.151509814945314,-2.6634562402055084,2
Histogram-based Gradient Boosting,-2.6396789104480054,-1.9094660391936065,2
Histogram-based Gradient Boosting,-2.461494632742434,-2.520149880968968,2
Histogram-based Gradient Boosting,-1.694125814017541,-2.698658616577966,2
Histogram-based Gradient Boosting,-0.2659675601094114,-0.4203724695229936,2
Histogram-based Gradient Boosting,-0.3696586894071177,-0.1716169555197691,2
Histogram-based Gradient Boosting,-0.16542042319834802,-0.3112753494129609,2
Histogram-based Gradient Boosting,-3.0110100837480736,-0.43614130840034016,2
Histogram-based Gradient Boosting,-0.14570591755806434,-1.1098929714436803,2
Histogram-based Gradient Boosting,-0.012750569114115418,-0.2094396919206509,2
Histogram-based Gradient Boosting,-1.1235679872330004,-1.7268865560917124,2
Histogram-based Gradient Boosting,-0.27744790362250854,-0.1405011869367409,2
Histogram-based Gradient Boosting,-2.9107287853445634,-2.478017504114483,2
Histogram-based Gradient Boosting,-1.8033790498935367,-1.7586894611186192,2
Histogram-based Gradient Boosting,-3.0775844181294625,-3.2632341673739598,2
Histogram-based Gradient Boosting,-2.8170555006405635,-2.6990700086737567,2
Histogram-based Gradient Boosting,-1.1731208384522849,-1.9500902444637216,2
Histogram-based Gradient Boosting,-1.8094490244732577,-2.1269869660697744,2
Histogram-based Gradient Boosting,-1.1005815755977664,-1.767520720119344,2
Histogram-based Gradient Boosting,-3.810574259769909,-3.2880214580873592,2
Histogram-based Gradient Boosting,-3.4785088685395653,-2.934909404985906,2
Histogram-based Gradient Boosting,-3.579179826019102,-3.350132355970216,2
Histogram-based Gradient Boosting,-2.557865138098485,-2.974261724424577,2
Histogram-based Gradient Boosting,-2.97249382976246,-1.9886109132033387,2
Histogram-based Gradient Boosting,-3.447382880362,-3.044252316998727,2
Histogram-based Gradient Boosting,-1.1468871297310963,-2.0009153543902016,2
Histogram-based Gradient Boosting,-2.9119908501955227,-2.8995232139076323,2
Histogram-based Gradient Boosting,-2.991150818979587,-3.019951743420827,2
Histogram-based Gradient Boosting,-3.1413617595139014,-2.728870418547546,2
Histogram-based Gradient Boosting,-1.624154843179839,-2.327049500878367,2
Histogram-based Gradient Boosting,-2.6788398129059168,-2.438607006718891,2
Histogram-based Gradient Boosting,-2.778538031513268,-2.145757087186744,2
Histogram-based Gradient Boosting,-3.130720745231321,-3.1353177119508135,2
Histogram-based Gradient Boosting,-1.9785756664607834,-2.069194585424079,2
Histogram-based Gradient Boosting,-2.845233778250056,-2.573768589706852,2
Histogram-based Gradient Boosting,-1.8319016673890882,-1.8411502809636213,2
Histogram-based Gradient Boosting,-1.4093732376842594,-1.518911165897162,2
Histogram-based Gradient Boosting,-1.5372443207314632,-1.7133015678929258,2
Histogram-based Gradient Boosting,-1.7089770353918146,-1.3751457957211222,2
Histogram-based Gradient Boosting,-1.4370923600242806,-1.302042408780026,2
Histogram-based Gradient Boosting,-1.5372443207314632,-1.5060051823681337,2
Histogram-based Gradient Boosting,-2.3478691638008677,-2.417236356062983,2
Histogram-based Gradient Boosting,-1.8026465968079968,-1.7662917947634176,2
Histogram-based Gradient Boosting,-1.0556956867709293,-1.6209741141738245,2
Histogram-based Gradient Boosting,-1.6217142305536996,-2.2715463828978213,2
Histogram-based Gradient Boosting,-1.1251042517136252,-1.280268608472587,2
Histogram-based Gradient Boosting,-1.3104931690369908,-1.396357322712008,2
Histogram-based Gradient Boosting,-3.302921552819786,-3.001199893990209,2
Histogram-based Gradient Boosting,-3.6203410251864447,-3.235757485057071,2
Histogram-based Gradient Boosting,-3.007286136495451,-2.3932392619949785,2
Histogram-based Gradient Boosting,-2.3083760229550343,-2.684011643445048,2
Histogram-based Gradient Boosting,-2.9303729669440868,-2.7540428210461645,2
Histogram-based Gradient Boosting,-3.1782271514224525,-2.5504541528760223,2
Histogram-based Gradient Boosting,-2.810836301965318,-2.5726575623494905,2
Histogram-based Gradient Boosting,-3.9730828630218453,-3.7984055416020572,2
Histogram-based Gradient Boosting,-1.4113517913995703,-1.908492331080369,2
Histogram-based Gradient Boosting,-3.6472310978345055,-3.5664506079164533,2
Histogram-based Gradient Boosting,-1.5623567401916558,-1.6948993466883373,2
Histogram-based Gradient Boosting,-1.0232314473246815,-1.215790378689126,2
Histogram-based Gradient Boosting,-1.2543892714743548,-1.3151284929321947,2
Histogram-based Gradient Boosting,-3.7105715966505453,-4.02011803176291,2
Histogram-based Gradient Boosting,-2.7592630971786845,-2.2035454232463407,2
Histogram-based Gradient Boosting,-3.688222835963096,-3.3356280895360033,2
Histogram-based Gradient Boosting,-2.4995431395917818,-1.9571760325498428,2
Histogram-based Gradient Boosting,-3.40015839520823,-2.8711173841763977,2
Histogram-based Gradient Boosting,-3.3388889969343114,-2.7770002524648887,2
Histogram-based Gradient Boosting,-2.0364325385907973,-1.8977402494883042,2
Histogram-based Gradient Boosting,-3.339134521996131,-2.432066986401344,2
Histogram-based Gradient Boosting,-3.4715139529702097,-2.626591841248119,2
Histogram-based Gradient Boosting,-2.999290941959355,-2.587762700649312,2
Histogram-based Gradient Boosting,-1.7478447295977892,-2.2364107088183944,2
Histogram-based Gradient Boosting,-2.082759927050954,-1.9997168888292944,2
Histogram-based Gradient Boosting,-2.618445069067542,-2.597459191822135,2
Histogram-based Gradient Boosting,-3.4398948173744337,-2.7332019001662737,2
Histogram-based Gradient Boosting,-1.5518607813097591,-1.7265688654616695,2
Histogram-based Gradient Boosting,-3.231239100298885,-3.539556688418538,2
Histogram-based Gradient Boosting,-2.110664900131247,-2.2323274595780225,2
Histogram-based Gradient Boosting,-1.7818010064165613,-1.8090556530403499,2
Histogram-based Gradient Boosting,-1.3580712288885752,-1.3208592162136719,2
Histogram-based Gradient Boosting,-1.7983538696326367,-1.9584983478312497,2
Histogram-based Gradient Boosting,-1.512256636766295,-1.509235112434797,2
Histogram-based Gradient Boosting,-2.1620771953880977,-2.3704544212724854,2
Histogram-based Gradient Boosting,-2.3662117992181373,-1.8937571280196241,2
Histogram-based Gradient Boosting,-2.728175115284189,-2.319902608734335,2
Histogram-based Gradient Boosting,-3.3980931244651527,-2.606409239482306,2
Histogram-based Gradient Boosting,-1.012145447578458,-1.3196084039041505,2
Histogram-based Gradient Boosting,-2.0731453982830836,-2.126584499041451,2
Histogram-based Gradient Boosting,-1.0474177734305667,-1.4132534122431943,2
Histogram-based Gradient Boosting,-1.1893279510795818,-1.5617415252338678,2
Histogram-based Gradient Boosting,-1.5838670484167507,-1.4713390370752513,2
Histogram-based Gradient Boosting,-2.2151453721747094,-2.068585981998345,2
Histogram-based Gradient Boosting,-1.2662523005170878,-1.7115567764485957,2
Histogram-based Gradient Boosting,-1.8441291379223155,-2.06744890929654,2
Histogram-based Gradient Boosting,-1.9718622007532294,-1.8745678913801858,2
Histogram-based Gradient Boosting,-3.0153277959856664,-2.120230766081107,2
Histogram-based Gradient Boosting,-1.8350242298439021,-1.6398464882639425,2
Histogram-based Gradient Boosting,-2.049666891178964,-1.9000663634430062,2
Histogram-based Gradient Boosting,-2.099963060637607,-1.9663908566559123,2
Histogram-based Gradient Boosting,-2.7671936491741276,-2.599384071125908,2
Histogram-based Gradient Boosting,-1.4115626764192806,-1.6572450439383903,2
Histogram-based Gradient Boosting,-1.9011407722544549,-1.897649340165661,2
Histogram-based Gradient Boosting,-1.7625310634593319,-1.5064694220114092,2
Histogram-based Gradient Boosting,-0.7705521408719755,-0.9815568832324195,2
Histogram-based Gradient Boosting,-0.9349414936187838,-1.429971315501811,2
Histogram-based Gradient Boosting,-1.4330573818946528,-1.412959494638603,2
Histogram-based Gradient Boosting,-1.1521693207507044,-1.1399680522689355,2
Histogram-based Gradient Boosting,-3.7986028756795487,-3.611615050035872,2
Histogram-based Gradient Boosting,-2.8108233787082515,-2.4635085460555244,2
Histogram-based Gradient Boosting,-2.9206284299141125,-2.5575076709590348,2
Histogram-based Gradient Boosting,-3.030623697854625,-2.6536970604742094,2
Histogram-based Gradient Boosting,-1.386590637896301,-1.517760954942337,2
Histogram-based Gradient Boosting,-2.8641555620169683,-2.6504581808747365,2
Histogram-based Gradient Boosting,-2.5312982881059978,-2.262357264774514,2
Histogram-based Gradient Boosting,-2.7906820711849507,-2.7386464114076032,2
Histogram-based Gradient Boosting,-1.5438464586997465,-1.570658847239308,2
Histogram-based Gradient Boosting,-1.9945993491296803,-2.200887817663996,2
Histogram-based Gradient Boosting,-2.612904311968554,-1.783531859736291,2
Histogram-based Gradient Boosting,-2.806163575333855,-2.532954216308511,2
Histogram-based Gradient Boosting,-3.0607359079332865,-3.5640182108193867,2
Histogram-based Gradient Boosting,-3.644312909802797,-4.058874810010616,2
Histogram-based Gradient Boosting,-1.6292558354409146,-1.6023846331872975,2
Histogram-based Gradient Boosting,-1.2158410977813483,-1.4522502002770705,2
Histogram-based Gradient Boosting,-2.0893959764848726,-1.9113393345669736,2
Histogram-based Gradient Boosting,-1.2394237537905008,-1.6508372862226552,2
Histogram-based Gradient Boosting,-1.3310146489007124,-1.5532378414385712,2
Histogram-based Gradient Boosting,-1.8793987946410835,-2.2462941749649405,2
Histogram-based Gradient Boosting,-1.4386260150993235,-1.3486021934831136,2
Histogram-based Gradient Boosting,-1.4609239012072235,-1.2818285689128592,2
Histogram-based Gradient Boosting,-1.4001202888111866,-1.6458881608206675,2
Histogram-based Gradient Boosting,-2.062592350526869,-2.709579083570769,2
Histogram-based Gradient Boosting,-1.3693953613978682,-1.7729037452818601,2
Histogram-based Gradient Boosting,-0.9279654459479447,-1.1829510735081927,2
Histogram-based Gradient Boosting,-2.0129990008635867,-1.4607884725578788,2
Histogram-based Gradient Boosting,-1.3284164293502903,-1.9091489278498037,2
Histogram-based Gradient Boosting,-2.1834863402339466,-2.8424227619576907,2
Histogram-based Gradient Boosting,-2.0598606483703086,-2.020853814657838,2
Histogram-based Gradient Boosting,-2.329956957829961,-2.418181767373858,2
Histogram-based Gradient Boosting,-1.1177693107076099,-1.3563898079326235,2
Histogram-based Gradient Boosting,-1.1984184440476704,-1.3113462208226176,2
Histogram-based Gradient Boosting,-2.04835547456192,-2.288618758502216,2
Histogram-based Gradient Boosting,-2.0948568608862326,-1.92767634737728,2
Histogram-based Gradient Boosting,-2.2176402640700728,-2.217265747458793,2
Histogram-based Gradient Boosting,-2.0916278587378,-1.3478508327994272,2
Histogram-based Gradient Boosting,-1.7709615792854492,-2.048101603798774,2
Histogram-based Gradient Boosting,-4.034798298974088,-3.997465002628993,2
Histogram-based Gradient Boosting,-3.233202110369878,-2.844872910929655,2
Histogram-based Gradient Boosting,-2.626594359719023,-2.6296686428537863,2
Histogram-based Gradient Boosting,-2.2313771400186773,-2.5035383697530276,2
Histogram-based Gradient Boosting,-2.9710072633433735,-2.8665993916510137,2
Histogram-based Gradient Boosting,-1.7613667161535187,-1.8373021322525303,2
Histogram-based Gradient Boosting,-3.4116117497612004,-3.5691870570495774,2
Histogram-based Gradient Boosting,-2.3460680222446215,-1.779753606939311,2
Histogram-based Gradient Boosting,-1.5226715493865826,-1.760052765326069,2
Histogram-based Gradient Boosting,-2.7386203038591304,-2.4371996382488117,2
Histogram-based Gradient Boosting,-2.43241576499949,-1.990493806957455,2
Histogram-based Gradient Boosting,-1.5951494590693263,-1.900086215020624,2
Histogram-based Gradient Boosting,-2.2270013364351495,-2.272497302118076,2
Histogram-based Gradient Boosting,-3.3036200184447138,-2.5995178563460244,2
Histogram-based Gradient Boosting,-4.059833781301273,-3.263028737308696,2
Histogram-based Gradient Boosting,-1.4333467694862632,-1.5942260089353233,2
Histogram-based Gradient Boosting,-2.432175336754664,-2.4537100803730105,2
Histogram-based Gradient Boosting,-1.586700235918748,-1.7076168178461464,2
Histogram-based Gradient Boosting,-1.6895586727819518,-1.7381678479151175,2
Histogram-based Gradient Boosting,-3.276542686022807,-2.929106827896374,2
Histogram-based Gradient Boosting,-3.6546223480637448,-3.5163379138532203,2
Histogram-based Gradient Boosting,-1.8057322630823986,-2.330533428151584,2
Histogram-based Gradient Boosting,-2.292547184423849,-2.6849286714556326,2
Histogram-based Gradient Boosting,-1.717711472714874,-1.8213572129959477,2
Histogram-based Gradient Boosting,-1.9412408278950934,-2.589428334834978,2
Histogram-based Gradient Boosting,-1.47951268111869,-1.4003013508857145,2
Histogram-based Gradient Boosting,-1.2067214626499687,-1.1597219143502098,2
Histogram-based Gradient Boosting,-1.5281785967617054,-1.5382441842197796,2
Histogram-based Gradient Boosting,-3.7727484977747765,-3.438799636883619,2
Histogram-based Gradient Boosting,-2.1639051839291805,-1.9218586627103305,2
Histogram-based Gradient Boosting,-1.4655690967005093,-1.8486878631457953,2
Histogram-based Gradient Boosting,-2.809660176396059,-2.5066573907409277,2
Histogram-based Gradient Boosting,-1.2183710988289476,-1.605783360453706,2
Histogram-based Gradient Boosting,-1.6362623936895822,-1.662768949837863,2
Histogram-based Gradient Boosting,-1.309961996475505,-1.6444321683986403,2
Histogram-based Gradient Boosting,-3.0397590359811644,-2.6806014746199804,2
Histogram-based Gradient Boosting,-1.2800471306587051,-1.6435230977656317,2
Histogram-based Gradient Boosting,-2.0008832971741093,-1.7709863998963875,2
Histogram-based Gradient Boosting,-1.405215799824956,-1.5168230554654771,2
Histogram-based Gradient Boosting,-3.05329283374744,-3.112463534508224,2
Histogram-based Gradient Boosting,-2.4881639462888585,-2.1295550755340424,2
Histogram-based Gradient Boosting,-2.152965298392503,-2.187318836327081,2
Histogram-based Gradient Boosting,-1.9765773961271407,-1.824157651140177,2
Histogram-based Gradient Boosting,-2.017352405817494,-1.4285199292734878,2
Histogram-based Gradient Boosting,-2.464359595395084,-2.147309410055085,2
Histogram-based Gradient Boosting,0.016216578776438208,-0.5067373240228975,2
Histogram-based Gradient Boosting,-1.34349300583641,-2.881113737136802,2
Histogram-based Gradient Boosting,0.3580642293861346,-0.5087686018497052,2
Histogram-based Gradient Boosting,-0.40966424145785746,-0.42410990704481055,2
Histogram-based Gradient Boosting,-0.202317609683526,-0.40456604823631165,2
Histogram-based Gradient Boosting,0.2034251096067644,-0.07065778252679417,2
Histogram-based Gradient Boosting,0.25792460161657743,0.08085819996563037,2
Histogram-based Gradient Boosting,0.004405968258246192,-0.4053546388680033,2
Histogram-based Gradient Boosting,-0.9893876757536758,-2.583739088871642,2
Histogram-based Gradient Boosting,-1.7655110123526006,-1.9567481419952266,2
Histogram-based Gradient Boosting,-2.7286993920768685,-2.5595099563169863,2
Histogram-based Gradient Boosting,-2.297622719595401,-2.2732895599156873,2
Histogram-based Gradient Boosting,-1.315440666986884,-1.2727936405119133,2
Histogram-based Gradient Boosting,-1.492201494031574,-1.7642135280619944,2
Histogram-based Gradient Boosting,-1.1820723340995358,-1.7947928359640375,2
Histogram-based Gradient Boosting,-2.2038635814094025,-2.0823874657191808,2
Histogram-based Gradient Boosting,-3.525699217034543,-3.2481361523413956,2
Histogram-based Gradient Boosting,-2.789746241172472,-2.964875064941962,2
Histogram-based Gradient Boosting,-1.7868132829404095,-1.7011392070305271,2
Histogram-based Gradient Boosting,-1.862548056774303,-1.7463759180445395,2
Histogram-based Gradient Boosting,-1.42625067509891,-1.4641008148911958,2
Histogram-based Gradient Boosting,-1.4753372030036505,-1.8279236637489211,2
Histogram-based Gradient Boosting,-1.573747505577719,-1.76034002010318,2
Histogram-based Gradient Boosting,-1.1998361610596366,-1.2914170628963673,2
Histogram-based Gradient Boosting,-1.3469740509457453,-1.437439541586248,2
Histogram-based Gradient Boosting,-1.2818579528648468,-1.7506975865964707,2
Histogram-based Gradient Boosting,-0.9134224928394735,-1.0974748292106338,2
Histogram-based Gradient Boosting,-1.5240818424273839,-1.4538363921103066,2
Histogram-based Gradient Boosting,-1.3198484161479276,-1.530665860568946,2
Histogram-based Gradient Boosting,-1.793068638288037,-1.2724465772403855,2
Histogram-based Gradient Boosting,-1.8070894000718147,-2.056980568094804,2
Histogram-based Gradient Boosting,-0.8959678728621829,-1.3940061505455272,2
Histogram-based Gradient Boosting,-0.7476890179412806,-1.0376151495668904,2
Histogram-based Gradient Boosting,-1.3991403077454354,-1.7059804970708694,2
Histogram-based Gradient Boosting,-1.8459806844208395,-1.5528532042411705,2
Histogram-based Gradient Boosting,-1.5600709478109722,-1.7877048530876078,2
Histogram-based Gradient Boosting,-0.428471724353625,-1.1819868409352894,2
Histogram-based Gradient Boosting,-1.450536715424269,-1.7849600158106405,2
Histogram-based Gradient Boosting,-0.4819145002205912,-1.0501048517883607,2
Histogram-based Gradient Boosting,-1.048516497297764,-1.11105410673304,2
Histogram-based Gradient Boosting,-3.20055468102406,-3.578255024464838,2
Histogram-based Gradient Boosting,-2.428366273865067,-1.6118587511617748,2
Histogram-based Gradient Boosting,-0.9402445883836209,-1.4442238368540792,2
Histogram-based Gradient Boosting,-3.7648251925435416,-3.6378292686067875,2
Histogram-based Gradient Boosting,-1.530055677420101,-1.4974277176781792,2
Histogram-based Gradient Boosting,-1.4806961523875994,-1.7916073179854237,2
Histogram-based Gradient Boosting,-1.0026227122886122,-1.2976360337280655,2
Histogram-based Gradient Boosting,-3.241946952668458,-2.5900801923555314,2
Histogram-based Gradient Boosting,-1.0884067327209506,-1.4242938115249282,2
Histogram-based Gradient Boosting,-1.9812071611751474,-2.0957431842000047,2
Histogram-based Gradient Boosting,-3.431262194557772,-2.75163691139068,3
Histogram-based Gradient Boosting,-3.5076503600642033,-2.9587796613480206,3
Histogram-based Gradient Boosting,-2.1263969370231783,-2.345200833608534,3
Histogram-based Gradient Boosting,-1.9492654506102318,-2.3088637060359787,3
Histogram-based Gradient Boosting,-3.3692782873859213,-3.2443116517384505,3
Histogram-based Gradient Boosting,-3.6845481800874196,-3.6034495710069194,3
Histogram-based Gradient Boosting,-0.3239443747054647,-1.2342558311128404,3
Histogram-based Gradient Boosting,-1.5083613986405884,-1.1122324278593063,3
Histogram-based Gradient Boosting,-1.1383767799226443,-1.082333895232466,3
Histogram-based Gradient Boosting,-1.6390957814475864,-1.1203597588591645,3
Histogram-based Gradient Boosting,-1.4091232046942341,-1.5640430408788524,3
Histogram-based Gradient Boosting,-1.1938637358837367,-1.3645069380299166,3
Histogram-based Gradient Boosting,-1.6571034663893656,-1.4520274348459437,3
Histogram-based Gradient Boosting,-1.1131158581897997,-1.0433275009014265,3
Histogram-based Gradient Boosting,-1.5041031112940382,-1.5169240610485777,3
Histogram-based Gradient Boosting,-1.5041031112940382,-1.8924186501983964,3
Histogram-based Gradient Boosting,-1.8960550708053778,-1.7082386214003709,3
Histogram-based Gradient Boosting,-1.3607499667563296,-1.5748160014420287,3
Histogram-based Gradient Boosting,-2.2025638997362065,-2.2438857896832314,3
Histogram-based Gradient Boosting,-2.1155432005946873,-2.2462342914213718,3
Histogram-based Gradient Boosting,-0.7406200937095554,-1.1575800812457346,3
Histogram-based Gradient Boosting,0.14443509497441417,-0.07196043795874046,3
Histogram-based Gradient Boosting,0.1297019665778856,-0.641278382612118,3
Histogram-based Gradient Boosting,-0.6704627883686575,-1.2941842992209414,3
Histogram-based Gradient Boosting,-0.5732799306060785,-0.4660781277350926,3
Histogram-based Gradient Boosting,-0.5987130334578719,-0.6235633818304886,3
Histogram-based Gradient Boosting,-0.6945493884044287,-0.7373168346198768,3
Histogram-based Gradient Boosting,-0.3135898872515433,-0.4708639190504646,3
Histogram-based Gradient Boosting,-2.2882000233155653,-2.6158104662408252,3
Histogram-based Gradient Boosting,-2.7785748071197123,-2.2784557718767706,3
Histogram-based Gradient Boosting,-2.931358924489361,-2.128177739736401,3
Histogram-based Gradient Boosting,-3.2691119889214533,-2.6742620166570266,3
Histogram-based Gradient Boosting,-1.894217061776159,-2.123965929936033,3
Histogram-based Gradient Boosting,-2.2432421390383843,-1.811519279638773,3
Histogram-based Gradient Boosting,-2.67596440114224,-2.900612968690413,3
Histogram-based Gradient Boosting,-2.6991941581253336,-2.9372810890687044,3
Histogram-based Gradient Boosting,-2.4751841978240816,-2.774773881463523,3
Histogram-based Gradient Boosting,-3.310333372786738,-2.451001300579605,3
Histogram-based Gradient Boosting,-3.366814432940472,-3.185655824237852,3
Histogram-based Gradient Boosting,-3.310333372786738,-3.080163253782155,3
Histogram-based Gradient Boosting,-3.3458359767686834,-3.37252304127272,3
Histogram-based Gradient Boosting,-1.3360910210889294,-1.962947672297869,3
Histogram-based Gradient Boosting,-1.800655814770182,-1.8400829354557608,3
Histogram-based Gradient Boosting,-1.415304935020491,-1.637051328864978,3
Histogram-based Gradient Boosting,-2.9864932974615632,-1.9971252831974162,3
Histogram-based Gradient Boosting,-3.434121498561107,-3.5989605363777106,3
Histogram-based Gradient Boosting,-1.3870823799964922,-1.4568995688237918,3
Histogram-based Gradient Boosting,-1.777268237794943,-1.6119853418442922,3
Histogram-based Gradient Boosting,-1.1202858432048246,-1.1751381669216725,3
Histogram-based Gradient Boosting,-2.715845949095462,-2.867687454178609,3
Histogram-based Gradient Boosting,-1.4100025284401918,-1.7040141001518574,3
Histogram-based Gradient Boosting,-3.7342838339347466,-3.586604424201998,3
Histogram-based Gradient Boosting,-2.691578169406441,-2.5208387639625025,3
Histogram-based Gradient Boosting,-3.7342838339347466,-3.6797127708910145,3
Histogram-based Gradient Boosting,-2.3918623308235594,-2.4134867453367908,3
Histogram-based Gradient Boosting,-2.5038360209902844,-2.9649292185491487,3
Histogram-based Gradient Boosting,-2.5986223809209954,-2.0766644352283117,3
Histogram-based Gradient Boosting,-2.7186459189940226,-2.8687424384266067,3
Histogram-based Gradient Boosting,-3.52120992195253,-2.6625196634910924,3
Histogram-based Gradient Boosting,-2.2669235674490644,-2.3239716280189047,3
Histogram-based Gradient Boosting,-3.302921552819786,-3.0564045216149505,3
Histogram-based Gradient Boosting,-2.498525274280529,-2.3636586586045074,3
Histogram-based Gradient Boosting,-3.2590502255091702,-2.551744386716859,3
Histogram-based Gradient Boosting,-1.7568408124580226,-2.0838703023426866,3
Histogram-based Gradient Boosting,-1.9704478542261563,-2.012260229610257,3
Histogram-based Gradient Boosting,-1.935943656763284,-1.6600693318719761,3
Histogram-based Gradient Boosting,-1.1808764741089726,-1.446807938304323,3
Histogram-based Gradient Boosting,-1.41390601215094,-1.5805838041590285,3
Histogram-based Gradient Boosting,-1.706119540338668,-1.9551625608196401,3
Histogram-based Gradient Boosting,-2.4934863088506534,-2.103880291683123,3
Histogram-based Gradient Boosting,-1.5862250860093259,-1.4437223278778057,3
Histogram-based Gradient Boosting,-2.236090057320799,-2.1703686202739982,3
Histogram-based Gradient Boosting,-3.2996658499018485,-2.5558477462841975,3
Histogram-based Gradient Boosting,-2.988535711454289,-2.8911441095706087,3
Histogram-based Gradient Boosting,-2.470173263354167,-2.521354720360972,3
Histogram-based Gradient Boosting,-3.688222835963096,-2.8687481806889874,3
Histogram-based Gradient Boosting,-2.2826863141215226,-1.6634707144888023,3
Histogram-based Gradient Boosting,-1.987977989665314,-2.3194781450641773,3
Histogram-based Gradient Boosting,-3.09259777670544,-1.7426356129796632,3
Histogram-based Gradient Boosting,-2.848471723996311,-2.3600166566494702,3
Histogram-based Gradient Boosting,-2.4462457037304657,-2.231859038693191,3
Histogram-based Gradient Boosting,-2.550141932709222,-2.5282241352117,3
Histogram-based Gradient Boosting,-3.190894343543139,-2.433339706833442,3
Histogram-based Gradient Boosting,-2.362468744313884,-1.9953083252465087,3
Histogram-based Gradient Boosting,-1.6253102968663857,-2.7562236679419914,3
Histogram-based Gradient Boosting,-1.6846961468463335,-1.6738089660056392,3
Histogram-based Gradient Boosting,-1.6379527351562522,-1.8672907319569283,3
Histogram-based Gradient Boosting,-3.3960495196322524,-3.366460027162452,3
Histogram-based Gradient Boosting,-1.9070646816834933,-1.3336165690699044,3
Histogram-based Gradient Boosting,-1.7883466398341077,-1.934581912662309,3
Histogram-based Gradient Boosting,-2.020315121682196,-2.0455650352073693,3
Histogram-based Gradient Boosting,-2.0615953180564492,-2.446960156828001,3
Histogram-based Gradient Boosting,-1.7015723913432346,-1.701688806433558,3
Histogram-based Gradient Boosting,-3.508144052188851,-3.2607887935421918,3
Histogram-based Gradient Boosting,-1.7340876483093817,-1.8477342382381285,3
Histogram-based Gradient Boosting,-1.4975728800155672,-1.5881630443729,3
Histogram-based Gradient Boosting,-1.8211763195496429,-1.8872494076128594,3
Histogram-based Gradient Boosting,-2.728175115284189,-2.3694468722235404,3
Histogram-based Gradient Boosting,-1.556016572040716,-1.4525517070218597,3
Histogram-based Gradient Boosting,-3.7834435403498214,-3.386454315973767,3
Histogram-based Gradient Boosting,-1.1738116279378035,-1.3736294458700773,3
Histogram-based Gradient Boosting,-1.3819820537899474,-1.4662075685131515,3
Histogram-based Gradient Boosting,-1.2174698965346429,-1.2458389623513229,3
Histogram-based Gradient Boosting,-1.5213971031085405,-2.11383263321373,3
Histogram-based Gradient Boosting,-3.5459650539173615,-3.4451725421293555,3
Histogram-based Gradient Boosting,-3.23633470688153,-2.916606224633041,3
Histogram-based Gradient Boosting,-1.3173301868582306,-1.2918576351395241,3
Histogram-based Gradient Boosting,-2.5037832349706837,-1.7679475482269822,3
Histogram-based Gradient Boosting,-3.5459650539173615,-3.3421624552610125,3
Histogram-based Gradient Boosting,-2.1142795046940637,-1.809908791501008,3
Histogram-based Gradient Boosting,-1.385136327132139,-1.4460502732276428,3
Histogram-based Gradient Boosting,-2.8343485837796827,-2.2413708678033246,3
Histogram-based Gradient Boosting,-1.2834663142150111,-1.7037367821904874,3
Histogram-based Gradient Boosting,-3.466783553422354,-2.2145612724831474,3
Histogram-based Gradient Boosting,-1.8887177216857802,-1.8124597478020616,3
Histogram-based Gradient Boosting,-1.5213971031085405,-1.56158168695983,3
Histogram-based Gradient Boosting,-2.9206523063014074,-2.8947867065986412,3
Histogram-based Gradient Boosting,-1.069394064585742,-1.5686692448526567,3
Histogram-based Gradient Boosting,-1.3195712003583318,-1.4576752594780567,3
Histogram-based Gradient Boosting,-1.42943857964666,-1.6182850119095458,3
Histogram-based Gradient Boosting,-1.6993207301372903,-1.4574627664211417,3
Histogram-based Gradient Boosting,-3.926105768520805,-3.8580528399361573,3
Histogram-based Gradient Boosting,-2.635540187918821,-2.6478104091365453,3
Histogram-based Gradient Boosting,-3.4629936067206395,-3.3840570142023947,3
Histogram-based Gradient Boosting,-1.2185345221225936,-1.6045598175591198,3
Histogram-based Gradient Boosting,-1.840084037547579,-1.825648289020817,3
Histogram-based Gradient Boosting,-1.6517269019834395,-1.79692191693352,3
Histogram-based Gradient Boosting,-3.1720823887102565,-2.9145876455427304,3
Histogram-based Gradient Boosting,-1.3267843126055872,-1.9681656377995542,3
Histogram-based Gradient Boosting,-2.1469087646472067,-2.3337273025717375,3
Histogram-based Gradient Boosting,-1.064270917741021,-1.464571743473305,3
Histogram-based Gradient Boosting,-3.1720823887102565,-3.148608954588265,3
Histogram-based Gradient Boosting,-2.9171991963522217,-2.644807848785613,3
Histogram-based Gradient Boosting,-0.664255515397868,-1.2898494950855939,3
Histogram-based Gradient Boosting,-2.244039132061237,-2.428040467544939,3
Histogram-based Gradient Boosting,-2.7597061620105943,-2.140369385028743,3
Histogram-based Gradient Boosting,-2.5910208366914373,-2.3151505500035876,3
Histogram-based Gradient Boosting,-2.9753058553179503,-2.844780850747958,3
Histogram-based Gradient Boosting,-1.7139014654061842,-2.194022251327361,3
Histogram-based Gradient Boosting,-2.647947017470284,-1.7247872779250424,3
Histogram-based Gradient Boosting,-3.9453409907865007,-3.297116304989501,3
Histogram-based Gradient Boosting,-2.0978386037648766,-1.7176340124804863,3
Histogram-based Gradient Boosting,-2.4951902617888977,-2.068078088489896,3
Histogram-based Gradient Boosting,-3.6688623296866587,-2.971253270680742,3
Histogram-based Gradient Boosting,-1.4436245197644126,-1.4650614610523272,3
Histogram-based Gradient Boosting,-1.2503305415619155,-1.308415053875712,3
Histogram-based Gradient Boosting,-3.6688623296866587,-2.588460497609609,3
Histogram-based Gradient Boosting,-2.2675571837562845,-2.0516206633253575,3
Histogram-based Gradient Boosting,-1.302742708063045,-1.3770649407555242,3
Histogram-based Gradient Boosting,-1.763658215013675,-1.8321563174972502,3
Histogram-based Gradient Boosting,-1.1598011320770079,-1.308433765140198,3
Histogram-based Gradient Boosting,-1.493245786531943,-1.7649154837889234,3
Histogram-based Gradient Boosting,-1.270721247267063,-1.4578757038794339,3
Histogram-based Gradient Boosting,-3.312493333735544,-3.164226566525257,3
Histogram-based Gradient Boosting,-1.4399552960568784,-1.5686338229552566,3
Histogram-based Gradient Boosting,-3.119103556806872,-2.753966520824181,3
Histogram-based Gradient Boosting,-1.0639605458204757,-1.154928383081556,3
Histogram-based Gradient Boosting,-1.5609490414532068,-1.461523566685818,3
Histogram-based Gradient Boosting,-1.2530119718858257,-1.4236007274833937,3
Histogram-based Gradient Boosting,-1.7550940407409845,-1.7608791303488156,3
Histogram-based Gradient Boosting,-3.3707035768809224,-3.8296759765319592,3
Histogram-based Gradient Boosting,-2.540720473654946,-2.5130121439234285,3
Histogram-based Gradient Boosting,-2.436631774638256,-2.110536389392658,3
Histogram-based Gradient Boosting,-1.936404341844701,-1.9015911370411045,3
Histogram-based Gradient Boosting,-2.443810430479706,-1.7282242507816323,3
Histogram-based Gradient Boosting,-3.3980116731740355,-2.333991297932456,3
Histogram-based Gradient Boosting,-3.233202110369878,-3.0307238811062054,3
Histogram-based Gradient Boosting,-4.034834060338741,-3.162719214786578,3
Histogram-based Gradient Boosting,-2.8398575372186334,-2.281193868498873,3
Histogram-based Gradient Boosting,-3.233202110369878,-2.6080576290086994,3
Histogram-based Gradient Boosting,-2.300301079838426,-2.225173152896206,3
Histogram-based Gradient Boosting,-3.6924119784161333,-2.722487424293494,3
Histogram-based Gradient Boosting,-2.993441546294603,-2.285339332404175,3
Histogram-based Gradient Boosting,-2.804329449939637,-2.341903830308744,3
Histogram-based Gradient Boosting,-2.019028072917717,-2.0869172163852094,3
Histogram-based Gradient Boosting,-1.6524312761675333,-2.19571556571556,3
Histogram-based Gradient Boosting,-2.1622159208236154,-2.371182948315493,3
Histogram-based Gradient Boosting,-3.8817848914990014,-3.618456319633868,3
Histogram-based Gradient Boosting,-2.5041654897477077,-2.5328329255401156,3
Histogram-based Gradient Boosting,-1.593236649552128,-1.694788429608916,3
Histogram-based Gradient Boosting,-1.3308187576670196,-1.6256314411647128,3
Histogram-based Gradient Boosting,-2.26736728311359,-2.68738372399553,3
Histogram-based Gradient Boosting,-2.025135764586199,-2.376354798472646,3
Histogram-based Gradient Boosting,-1.753896033344213,-1.5012093555334547,3
Histogram-based Gradient Boosting,-1.0471006958966393,-1.3226735665734515,3
Histogram-based Gradient Boosting,-1.1848306140119889,-1.6901070793457273,3
Histogram-based Gradient Boosting,-1.928979817650206,-1.7767393419547852,3
Histogram-based Gradient Boosting,-2.0118859545996086,-1.720705759691699,3
Histogram-based Gradient Boosting,-4.056947918112584,-3.9630796285816223,3
Histogram-based Gradient Boosting,-1.7581838126622393,-2.260667702126833,3
Histogram-based Gradient Boosting,-1.0942289641451028,-1.2626553077210165,3
Histogram-based Gradient Boosting,-1.5895913565043294,-2.1349395611818305,3
Histogram-based Gradient Boosting,-1.5572116152486462,-1.7322191058704954,3
Histogram-based Gradient Boosting,-1.4566894173821427,-1.6981275859861666,3
Histogram-based Gradient Boosting,-3.5527489155241385,-2.9080018612863614,3
Histogram-based Gradient Boosting,-1.2054304558342028,-1.1397040226997293,3
Histogram-based Gradient Boosting,-1.6663570851479517,-1.2753787229871671,3
Histogram-based Gradient Boosting,-0.9490993255496558,-1.2742109812191085,3
Histogram-based Gradient Boosting,-1.5363868405196788,-1.833914400067864,3
Histogram-based Gradient Boosting,-0.6894774956008592,-1.4919132027766242,3
Histogram-based Gradient Boosting,-0.9751054096242024,-1.3652327377513993,3
Histogram-based Gradient Boosting,-1.1026053129321816,-1.3444420683637917,3
Histogram-based Gradient Boosting,-2.5945173784671853,-2.644696361951183,3
Histogram-based Gradient Boosting,-1.2165796349138172,-1.3493715706322957,3
Histogram-based Gradient Boosting,-2.314076075024747,-2.3377290490450564,3
Histogram-based Gradient Boosting,-2.190142441306164,-1.676081403690941,3
Histogram-based Gradient Boosting,-2.122395441870392,-1.7236633201345477,3
Histogram-based Gradient Boosting,-3.05329283374744,-2.3222925138162323,3
Histogram-based Gradient Boosting,-3.3010769020010144,-3.243371993373235,3
Histogram-based Gradient Boosting,-3.360662949678316,-2.420306374399722,3
Histogram-based Gradient Boosting,-2.035715142789073,-2.142979870440521,3
Histogram-based Gradient Boosting,-2.0703010191144675,-1.8928518777746985,3
Histogram-based Gradient Boosting,-2.2355646390433175,-1.5610446709204764,3
Histogram-based Gradient Boosting,-1.0460152967125962,-1.2570602097256556,3
Histogram-based Gradient Boosting,-1.3627172000570675,-1.4539091088541338,3
Histogram-based Gradient Boosting,-3.8396725549649426,-3.617182798837901,3
Histogram-based Gradient Boosting,0.013270809352243309,-0.21041698588968286,3
Histogram-based Gradient Boosting,0.26528954569788904,0.07322923657313621,3
Histogram-based Gradient Boosting,-0.31923658554998896,-0.5210551185968461,3
Histogram-based Gradient Boosting,-0.2703526265197312,-0.14538974915568406,3
Histogram-based Gradient Boosting,-0.3118025518663407,-0.3918205516595058,3
Histogram-based Gradient Boosting,0.23141740977050707,0.12205716636697135,3
Histogram-based Gradient Boosting,0.27486911420534327,0.4611849945451398,3
Histogram-based Gradient Boosting,-3.6464665167152384,-3.581187460693964,3
Histogram-based Gradient Boosting,-1.1181615001713328,-1.8803910558606614,3
Histogram-based Gradient Boosting,-1.4739374796247893,-1.3195524240621477,3
Histogram-based Gradient Boosting,-2.703220329010491,-2.413168077059207,3
Histogram-based Gradient Boosting,-1.621304790891127,-1.579117885665433,3
Histogram-based Gradient Boosting,-1.0801819981618899,-1.6978519382472872,3
Histogram-based Gradient Boosting,-2.405003945642156,-2.557163766482379,3
Histogram-based Gradient Boosting,-1.621304790891127,-1.7924640420832716,3
Histogram-based Gradient Boosting,-1.5073537295089607,-1.6818662982359858,3
Histogram-based Gradient Boosting,-1.5290505627346085,-1.3481906449889192,3
Histogram-based Gradient Boosting,-1.10868225389701,-1.1805170110648036,3
Histogram-based Gradient Boosting,-1.3198484161479276,-1.3031836886690376,3
Histogram-based Gradient Boosting,-0.8769725367904692,-1.1570668234234336,3
Histogram-based Gradient Boosting,-1.8036577587890321,-1.7571607334693014,3
Histogram-based Gradient Boosting,-0.6082262842300837,-1.0921574677426495,3
Histogram-based Gradient Boosting,-0.8837798009584171,-1.1088749132120161,3
Histogram-based Gradient Boosting,-0.9568598388437015,-1.5057512795979708,3
Histogram-based Gradient Boosting,-1.1291381497161614,-1.3651436872740423,3
Histogram-based Gradient Boosting,-2.6212424559235727,-2.6392583394855804,3
Histogram-based Gradient Boosting,-0.9172146296835499,-1.4789652729986298,3
Histogram-based Gradient Boosting,-2.723197328038221,-2.24517451057206,3
Histogram-based Gradient Boosting,-2.761915740881935,-1.8079146655669414,3
Histogram-based Gradient Boosting,-2.0560190796534115,-1.6233625688336841,3
Histogram-based Gradient Boosting,-0.6591799251191045,-1.055067188654169,3
Histogram-based Gradient Boosting,-0.6143935172969877,-1.0145599793129632,3
Histogram-based Gradient Boosting,-0.9800565288767592,-1.300677401420203,3
Histogram-based Gradient Boosting,-0.37949908787793823,-1.207693161647703,3
Histogram-based Gradient Boosting,-0.14567163968046612,-1.117586717320345,3
Histogram-based Gradient Boosting,-1.2028902052841348,-1.2102328379139864,3
Histogram-based Gradient Boosting,-0.2468343715025799,-1.0962363868698388,3
Histogram-based Gradient Boosting,-1.031601943299423,-1.186580508404772,3
Histogram-based Gradient Boosting,-1.63438498383371,-2.1024349867994543,3
Histogram-based Gradient Boosting,-1.137767503887176,-1.3377663222266145,3
Histogram-based Gradient Boosting,-1.0940337585544895,-1.6240593019585938,3
Histogram-based Gradient Boosting,-1.2413209034031176,-1.5287141685463959,3
Histogram-based Gradient Boosting,-1.4154063781902113,-1.4648643837914357,3
Histogram-based Gradient Boosting,-2.064990291304019,-2.03374494988837,4
Histogram-based Gradient Boosting,-2.0772161211350064,-2.2572286506767556,4
Histogram-based Gradient Boosting,-3.7465335671940925,-3.3653967415879595,4
Histogram-based Gradient Boosting,-1.9492654506102318,-1.9903735738307593,4
Histogram-based Gradient Boosting,-2.218903098366632,-2.2620063479894155,4
Histogram-based Gradient Boosting,-2.2593946471787434,-2.1224310409503873,4
Histogram-based Gradient Boosting,-2.7922905193547125,-2.516199373629138,4
Histogram-based Gradient Boosting,-2.858166273095228,-2.1934236077001197,4
Histogram-based Gradient Boosting,-0.737425984358659,-1.6076959392438348,4
Histogram-based Gradient Boosting,-0.28950830319552845,-1.9974976062590468,4
Histogram-based Gradient Boosting,-1.5321588732385725,-1.6692529570099774,4
Histogram-based Gradient Boosting,-1.6443425309821194,-1.3307227595863784,4
Histogram-based Gradient Boosting,-0.9407520429016281,-1.2845634058171578,4
Histogram-based Gradient Boosting,-1.2391607486734533,-1.448003839028046,4
Histogram-based Gradient Boosting,-1.103883331173482,-1.5920702800050819,4
Histogram-based Gradient Boosting,-1.820599175381769,-1.8302675187837762,4
Histogram-based Gradient Boosting,-1.2247774230710238,-1.6367300800517652,4
Histogram-based Gradient Boosting,-1.680228158144333,-1.115952025749038,4
Histogram-based Gradient Boosting,-1.833927238128002,-2.023512337689637,4
Histogram-based Gradient Boosting,-1.1345513868310089,-1.5228254370740024,4
Histogram-based Gradient Boosting,-1.778416668028348,-1.8408628874354143,4
Histogram-based Gradient Boosting,-1.0225392132375182,-1.2637276634355712,4
Histogram-based Gradient Boosting,-1.1631032781134523,-1.6097601899565943,4
Histogram-based Gradient Boosting,-1.4201920378605053,-1.5088151380423527,4
Histogram-based Gradient Boosting,-3.2351404478705748,-3.1719626857339467,4
Histogram-based Gradient Boosting,-3.057527624268253,-2.9726886176431826,4
Histogram-based Gradient Boosting,-2.808030042713029,-2.6324887400801895,4
Histogram-based Gradient Boosting,-2.9688776583453143,-2.4657815663048455,4
Histogram-based Gradient Boosting,-2.6092962251353855,-2.1828148029339123,4
Histogram-based Gradient Boosting,-2.66118307205398,-2.425318042108417,4
Histogram-based Gradient Boosting,-1.1061070209631036,-1.4577747009981203,4
Histogram-based Gradient Boosting,-2.772379350111858,-2.6597185358674484,4
Histogram-based Gradient Boosting,-2.272602230242758,-2.5150521174844864,4
Histogram-based Gradient Boosting,-2.736709137429952,-2.3779303533013527,4
Histogram-based Gradient Boosting,-1.4349038067728495,-1.9177984827915628,4
Histogram-based Gradient Boosting,-0.6389033445220246,-0.8180529439621499,4
Histogram-based Gradient Boosting,-0.7545795752718538,-1.2972343031486027,4
Histogram-based Gradient Boosting,-0.7019607372542168,-0.18375765726294666,4
Histogram-based Gradient Boosting,-1.1159606660259742,-1.8147188904547458,4
Histogram-based Gradient Boosting,-2.541474704475919,-2.5523732261633234,4
Histogram-based Gradient Boosting,-2.1460708341762897,-1.8632497930089402,4
Histogram-based Gradient Boosting,-2.3140538776829995,-2.2732965367600158,4
Histogram-based Gradient Boosting,-2.8170555006405635,-2.8533971228961357,4
Histogram-based Gradient Boosting,-3.349843097267282,-2.5980779858947955,4
Histogram-based Gradient Boosting,-3.1381335734004905,-2.6170634363739147,4
Histogram-based Gradient Boosting,-3.20721692140729,-2.298221435387185,4
Histogram-based Gradient Boosting,-2.3339531661956356,-2.561921739264128,4
Histogram-based Gradient Boosting,-3.1668739337041876,-2.8370952703979997,4
Histogram-based Gradient Boosting,-1.4326336990343642,-1.567513365918888,4
Histogram-based Gradient Boosting,-2.7923263244120906,-2.9053277840516576,4
Histogram-based Gradient Boosting,-2.7233828886420643,-2.4443576747649454,4
Histogram-based Gradient Boosting,-2.861353792341514,-2.7807656670743532,4
Histogram-based Gradient Boosting,-1.1386989940333996,-1.3558817781625845,4
Histogram-based Gradient Boosting,-1.0599038235929437,-1.669221770546087,4
Histogram-based Gradient Boosting,-1.3158802108242549,-1.6148971278069468,4
Histogram-based Gradient Boosting,-2.7103007043055714,-2.157337031645575,4
Histogram-based Gradient Boosting,-2.048440290036772,-1.7986191501684448,4
Histogram-based Gradient Boosting,-1.4861381638460753,-1.9414537319466296,4
Histogram-based Gradient Boosting,-2.586212054867284,-2.700356263996766,4
Histogram-based Gradient Boosting,-3.434121498561107,-3.4279794075840426,4
Histogram-based Gradient Boosting,-1.4616237416558537,-1.242818955252053,4
Histogram-based Gradient Boosting,-1.3859030337523468,-1.4125622153541428,4
Histogram-based Gradient Boosting,-2.8807530211105905,-2.1134571947321965,4
Histogram-based Gradient Boosting,-1.392520817816124,-1.7347765074415777,4
Histogram-based Gradient Boosting,-1.1286208649028604,-1.1896175511991913,4
Histogram-based Gradient Boosting,-1.4197155850010228,-1.363248392025574,4
Histogram-based Gradient Boosting,-2.2476183878149794,-2.3045243916365514,4
Histogram-based Gradient Boosting,-2.4555313487080666,-2.5497971143028417,4
Histogram-based Gradient Boosting,-2.487130374543647,-2.088265310964459,4
Histogram-based Gradient Boosting,-3.3114386993585976,-2.913611648609008,4
Histogram-based Gradient Boosting,-2.5342163548062593,-2.3444760453345928,4
Histogram-based Gradient Boosting,-3.6472310978345055,-2.600402772586158,4
Histogram-based Gradient Boosting,-3.384203503318252,-3.229993262661967,4
Histogram-based Gradient Boosting,-3.9730828630218453,-3.974060745751843,4
Histogram-based Gradient Boosting,-2.2317936703338876,-1.962484656172852,4
Histogram-based Gradient Boosting,-3.135663383730844,-2.0061843424551187,4
Histogram-based Gradient Boosting,-1.1465151741161497,-1.157397939594061,4
Histogram-based Gradient Boosting,-1.7113615374852664,-1.9976608286050823,4
Histogram-based Gradient Boosting,-3.216247878762871,-2.576509877258283,4
Histogram-based Gradient Boosting,-1.9381605982067327,-2.2730133531406853,4
Histogram-based Gradient Boosting,-3.848875409949318,-3.692578029853201,4
Histogram-based Gradient Boosting,-3.0415646563875622,-2.6890789432260984,4
Histogram-based Gradient Boosting,-2.182199963303041,-1.7541475373573505,4
Histogram-based Gradient Boosting,-2.2175363341456173,-2.4154108621717416,4
Histogram-based Gradient Boosting,-1.5650446341096866,-1.4510907941088445,4
Histogram-based Gradient Boosting,-1.2376574055894478,-1.936527525295555,4
Histogram-based Gradient Boosting,-3.246574755779347,-3.197405860669128,4
Histogram-based Gradient Boosting,-4.441291429466834,-3.881314919187205,4
Histogram-based Gradient Boosting,-2.287736284945912,-2.436346341329453,4
Histogram-based Gradient Boosting,-1.4855749296151965,-1.9475739195812551,4
Histogram-based Gradient Boosting,-1.9555954093204297,-2.3246955579440582,4
Histogram-based Gradient Boosting,-1.883787384700319,-2.2479086996565814,4
Histogram-based Gradient Boosting,-1.7176063992666837,-2.022458574527681,4
Histogram-based Gradient Boosting,-1.955139967558483,-2.1546423608037566,4
Histogram-based Gradient Boosting,-1.3149788474841408,-1.3817287841254609,4
Histogram-based Gradient Boosting,-1.7883466398341077,-1.9458172529563549,4
Histogram-based Gradient Boosting,-2.2414236426625673,-2.149788922900615,4
Histogram-based Gradient Boosting,-3.9030899869919438,-3.7531043889834987,4
Histogram-based Gradient Boosting,-2.772360579555891,-2.201006480511189,4
Histogram-based Gradient Boosting,-3.7834435403498214,-2.998545338544866,4
Histogram-based Gradient Boosting,-1.1134303475678107,-1.3660142616469617,4
Histogram-based Gradient Boosting,-1.006612713059657,-1.4504235494744768,4
Histogram-based Gradient Boosting,-1.8555915719713854,-1.5329265533071494,4
Histogram-based Gradient Boosting,-1.3434220574020639,-1.5454890288344563,4
Histogram-based Gradient Boosting,-1.4441845681180592,-1.2848105673135772,4
Histogram-based Gradient Boosting,-2.646263945417837,-2.066741529054844,4
Histogram-based Gradient Boosting,-1.9930514957526793,-1.7586375572080986,4
Histogram-based Gradient Boosting,-3.172776808882327,-3.226117190368137,4
Histogram-based Gradient Boosting,-2.176441984856953,-1.9844527500303732,4
Histogram-based Gradient Boosting,-1.4782087030212006,-1.3807213909704767,4
Histogram-based Gradient Boosting,-2.6148556108775285,-2.26317544853783,4
Histogram-based Gradient Boosting,-2.4368442826786825,-2.5464569767571943,4
Histogram-based Gradient Boosting,-1.015474675864504,-1.4692194519918165,4
Histogram-based Gradient Boosting,-1.4257747559860434,-1.6205617432929573,4
Histogram-based Gradient Boosting,-1.9745795534681516,-2.002369686526822,4
Histogram-based Gradient Boosting,-1.2563082695173393,-1.2208740287331767,4
Histogram-based Gradient Boosting,-1.1441412885613946,-2.226477806955931,4
Histogram-based Gradient Boosting,-0.6074545522659878,-1.2558850359790286,4
Histogram-based Gradient Boosting,-1.0937551186817627,-1.5679149478079826,4
Histogram-based Gradient Boosting,-2.536796608945731,-2.3638437235958607,4
Histogram-based Gradient Boosting,-1.982318834323383,-1.9253225622194228,4
Histogram-based Gradient Boosting,-1.86662075613132,-2.329378751447125,4
Histogram-based Gradient Boosting,-3.352587686654944,-2.8732820339975644,4
Histogram-based Gradient Boosting,-1.421235229471209,-1.7241757483292544,4
Histogram-based Gradient Boosting,-2.560133846538238,-2.1821743630244006,4
Histogram-based Gradient Boosting,-3.437187483030755,-3.2208276909604057,4
Histogram-based Gradient Boosting,-2.4706410072083687,-1.9949295689287803,4
Histogram-based Gradient Boosting,-1.5110863339963716,-2.2313102673616836,4
Histogram-based Gradient Boosting,-2.177111289133642,-2.351631794377534,4
Histogram-based Gradient Boosting,-1.167232267440179,-1.2200101169090183,4
Histogram-based Gradient Boosting,-2.672496188704653,-1.8106319423728003,4
Histogram-based Gradient Boosting,-1.366206440166372,-1.5599967343328915,4
Histogram-based Gradient Boosting,-1.453797527240351,-1.1765039703298583,4
Histogram-based Gradient Boosting,-2.8947429719805546,-2.4901309791035717,4
Histogram-based Gradient Boosting,-1.4180277802789096,-1.4170356221048397,4
Histogram-based Gradient Boosting,-0.9642747859315978,-1.2449621114407032,4
Histogram-based Gradient Boosting,-1.2297848289673887,-1.227414224162941,4
Histogram-based Gradient Boosting,-1.5310782741493767,-1.4574082182712202,4
Histogram-based Gradient Boosting,-1.8162387276731846,-1.6088378922136215,4
Histogram-based Gradient Boosting,-2.174390400742264,-2.9553941473565364,4
Histogram-based Gradient Boosting,-1.0225594503600544,-1.5235863584519813,4
Histogram-based Gradient Boosting,-0.975127284906683,-1.2146116364103174,4
Histogram-based Gradient Boosting,-1.8019484611556353,-1.4301821297103812,4
Histogram-based Gradient Boosting,-1.8035282856682657,-1.8868274316106883,4
Histogram-based Gradient Boosting,-2.3465562136207656,-2.1654511203953195,4
Histogram-based Gradient Boosting,-1.215596170273078,-1.688538405343904,4
Histogram-based Gradient Boosting,-1.543738042979891,-1.23508369686448,4
Histogram-based Gradient Boosting,-2.3087676366549488,-1.9766729382438615,4
Histogram-based Gradient Boosting,-1.917076538816309,-1.8572383787053681,4
Histogram-based Gradient Boosting,-1.3448674070651871,-1.4580117321437494,4
Histogram-based Gradient Boosting,-1.394827676426251,-1.9090577661737989,4
Histogram-based Gradient Boosting,-1.709300425196423,-1.6747091305105322,4
Histogram-based Gradient Boosting,-1.8171279243372191,-2.54296641242631,4
Histogram-based Gradient Boosting,-3.744840908818875,-3.8165277989866815,4
Histogram-based Gradient Boosting,-2.653759917660552,-2.3600292290582576,4
Histogram-based Gradient Boosting,-2.5884932589587586,-2.704313585509065,4
Histogram-based Gradient Boosting,-2.540720473654946,-2.359177341947481,4
Histogram-based Gradient Boosting,-3.744840908818875,-3.440571531196762,4
Histogram-based Gradient Boosting,-1.6434286328720604,-1.9547932931210867,4
Histogram-based Gradient Boosting,-2.5444075781780136,-2.678694387924986,4
Histogram-based Gradient Boosting,-2.483384252706259,-2.8872644806959693,4
Histogram-based Gradient Boosting,-1.8175258287604161,-1.4077285618928703,4
Histogram-based Gradient Boosting,-2.033677685255944,-1.9353660738071028,4
Histogram-based Gradient Boosting,-3.4116117497612004,-2.4344163994488204,4
Histogram-based Gradient Boosting,-2.0864005407417032,-2.019025783428051,4
Histogram-based Gradient Boosting,-1.7083201719567802,-1.5768570456365971,4
Histogram-based Gradient Boosting,-2.579721210352638,-2.505656210715351,4
Histogram-based Gradient Boosting,-1.4643518021071489,-1.515406118779168,4
Histogram-based Gradient Boosting,-1.95795837174818,-1.5721141511238919,4
Histogram-based Gradient Boosting,-2.0645418092014314,-1.8718219134439564,4
Histogram-based Gradient Boosting,-1.8668031693530753,-1.8558346869157303,4
Histogram-based Gradient Boosting,-1.7246442506203672,-1.4926323356093758,4
Histogram-based Gradient Boosting,-1.5372075124674875,-1.6960437670696564,4
Histogram-based Gradient Boosting,-1.6404184550270633,-1.8395038380917463,4
Histogram-based Gradient Boosting,-1.2662407394987067,-1.4088750189745203,4
Histogram-based Gradient Boosting,-3.0455186942585932,-3.291989451249569,4
Histogram-based Gradient Boosting,-1.6819366650372385,-1.9191781315369174,4
Histogram-based Gradient Boosting,-1.694880975742639,-2.1200732841539005,4
Histogram-based Gradient Boosting,-1.5279900670983446,-1.6337714980835558,4
Histogram-based Gradient Boosting,-2.5783960731301687,-2.653612803901114,4
Histogram-based Gradient Boosting,-3.1090516644066044,-2.50708591445884,4
Histogram-based Gradient Boosting,-2.084073842416984,-2.31982031090533,4
Histogram-based Gradient Boosting,-2.5585788782984222,-2.784652290463755,4
Histogram-based Gradient Boosting,-1.5049121890283346,-1.7185416010427805,4
Histogram-based Gradient Boosting,-2.695416849848479,-2.330872133316116,4
Histogram-based Gradient Boosting,-1.5145266747759671,-1.557279409453294,4
Histogram-based Gradient Boosting,-1.5650830494456354,-1.6163444515871397,4
Histogram-based Gradient Boosting,-2.22015815118179,-1.7529716986506412,4
Histogram-based Gradient Boosting,-2.0742842332450646,-2.162677125258972,4
Histogram-based Gradient Boosting,-2.833475754814589,-2.6913242385883813,4
Histogram-based Gradient Boosting,-1.9603652993893874,-1.977426449439907,4
Histogram-based Gradient Boosting,-1.6159918285387698,-1.2229331569783857,4
Histogram-based Gradient Boosting,-1.1149880354485275,-1.604409384183597,4
Histogram-based Gradient Boosting,-1.8161267212970162,-1.6264631433811836,4
Histogram-based Gradient Boosting,-1.2862388841839494,-1.5837152541692714,4
Histogram-based Gradient Boosting,-2.850003549488979,-2.8657713106175673,4
Histogram-based Gradient Boosting,-1.5097699255058308,-1.952619762604958,4
Histogram-based Gradient Boosting,-1.951987303305516,-1.6077426667569827,4
Histogram-based Gradient Boosting,-1.9362137770978871,-1.9133678691436344,4
Histogram-based Gradient Boosting,-1.8884660362981867,-2.3193640078108535,4
Histogram-based Gradient Boosting,-1.514016684929528,-1.76007422624402,4
Histogram-based Gradient Boosting,-2.006498035079166,-2.054130970248223,4
Histogram-based Gradient Boosting,-2.8165949053280404,-2.6364287884083555,4
Histogram-based Gradient Boosting,-1.1090605687339063,-1.3163417409344436,4
Histogram-based Gradient Boosting,-1.391500388590343,-1.515137122395787,4
Histogram-based Gradient Boosting,-2.740096874062147,-2.5336793720656052,4
Histogram-based Gradient Boosting,-1.7772835288524167,-1.998043956931457,4
Histogram-based Gradient Boosting,-0.9486409221793155,-2.1764575381154905,4
Histogram-based Gradient Boosting,0.11059120541434526,0.008271538286839153,4
Histogram-based Gradient Boosting,0.011790398005349874,0.017907451638465213,4
Histogram-based Gradient Boosting,-0.004427072779599359,-0.36624914371837264,4
Histogram-based Gradient Boosting,0.23583851209189552,-0.022127477046498985,4
Histogram-based Gradient Boosting,-0.8579133376664105,-2.1403934053014178,4
Histogram-based Gradient Boosting,-0.002962342870760633,0.03337897104700506,4
Histogram-based Gradient Boosting,-0.03690399983927772,0.15713688331154282,4
Histogram-based Gradient Boosting,-0.5442825169537446,-0.7206464314546448,4
Histogram-based Gradient Boosting,-1.7405367157549274,-2.503653980307276,4
Histogram-based Gradient Boosting,-1.7473311829109102,-1.772291479860534,4
Histogram-based Gradient Boosting,-3.1657421077804533,-2.86093817072536,4
Histogram-based Gradient Boosting,-1.1505417041520314,-1.3519095606582867,4
Histogram-based Gradient Boosting,-1.6314222073485498,-2.0252564989120705,4
Histogram-based Gradient Boosting,-2.642143447351316,-2.215686828295594,4
Histogram-based Gradient Boosting,-1.6163219968838958,-1.4878846037955509,4
Histogram-based Gradient Boosting,-3.4519129118061063,-3.1820646379735984,4
Histogram-based Gradient Boosting,-2.5395917281791975,-2.1863082324410246,4
Histogram-based Gradient Boosting,-2.1235976234646596,-1.753705622507074,4
Histogram-based Gradient Boosting,-2.7488910409678486,-2.200638622055068,4
Histogram-based Gradient Boosting,-1.9190397324043553,-1.5381791290591336,4
Histogram-based Gradient Boosting,-3.4519129118061063,-3.079274220379158,4
Histogram-based Gradient Boosting,-2.5479760718766045,-2.0698630238186633,4
Histogram-based Gradient Boosting,-2.3812985463366814,-2.3380576015264793,4
Histogram-based Gradient Boosting,-1.2328253445920763,-1.6185262242682674,4
Histogram-based Gradient Boosting,-1.455583530702784,-1.445561034945514,4
Histogram-based Gradient Boosting,-2.3872497229566574,-2.654601308790498,4
Histogram-based Gradient Boosting,-1.7472661616036533,-1.7133372200878405,4
Histogram-based Gradient Boosting,-2.088287115891733,-2.273590795258098,4
Histogram-based Gradient Boosting,-2.176623074126691,-2.4640517326237714,4
Histogram-based Gradient Boosting,-1.5674558687076858,-1.553517163154495,4
Histogram-based Gradient Boosting,-1.28375174993668,-1.61533518172884,4
Histogram-based Gradient Boosting,-1.540907293954747,-1.4623484220156433,4
Histogram-based Gradient Boosting,-1.7854705731329945,-1.6356561979025428,4
Histogram-based Gradient Boosting,-1.7563417007657087,-1.7711137722074985,4
Histogram-based Gradient Boosting,-1.629049819754814,-2.717534816971711,4
Histogram-based Gradient Boosting,-1.2491101104442828,-1.575587096253299,4
Histogram-based Gradient Boosting,-0.952771189748095,-1.6753723304725496,4
Histogram-based Gradient Boosting,-2.0401269907408133,-1.6450875856248708,4
Histogram-based Gradient Boosting,-0.9679951762893184,-1.6061223571601464,4
Histogram-based Gradient Boosting,-1.466507781947675,-2.40410107020892,4
Histogram-based Gradient Boosting,-0.8317581654646831,-1.3847136949037842,4
Histogram-based Gradient Boosting,-3.1791288900792822,-2.5694554878061004,4
Histogram-based Gradient Boosting,-0.6158874808696795,-0.885192488505298,4
Histogram-based Gradient Boosting,-1.9652557068613081,-1.9596331284613198,4
Histogram-based Gradient Boosting,-2.114518460874232,-1.9081999479300615,4
Histogram-based Gradient Boosting,-2.390077592912712,-2.079936010127758,4
Histogram-based Gradient Boosting,-1.3089106800327817,-1.2641480753895684,4
Histogram-based Gradient Boosting,-1.011455146773862,-1.0502460309672192,4
Histogram-based Gradient Boosting,-1.5672159407631352,-1.6281975952406638,4
Histogram-based Gradient Boosting,-3.3694633107167937,-3.3798818575277685,4
Histogram-based Gradient Boosting,-3.8301933583825565,-3.6868385477493315,4
Histogram-based Gradient Boosting,-2.703826191329584,-1.7132923662684583,5
Histogram-based Gradient Boosting,-2.3146334389286793,-2.30894935774732,5
Histogram-based Gradient Boosting,-1.8035334240706482,-1.904612630892895,5
Histogram-based Gradient Boosting,-2.881231480327938,-2.161779644943723,5
Histogram-based Gradient Boosting,-1.9138112509675613,-2.29343729790964,5
Histogram-based Gradient Boosting,-3.431262194557772,-2.9614160028307106,5
Histogram-based Gradient Boosting,-2.158822044993741,-2.298071738555415,5
Histogram-based Gradient Boosting,-2.3969317709673565,-1.184574269772069,5
Histogram-based Gradient Boosting,-3.5076503600642033,-2.9259078279073374,5
Histogram-based Gradient Boosting,-3.366321517882654,-2.5706208961968553,5
Histogram-based Gradient Boosting,-1.3240188516817268,-1.8672843927466745,5
Histogram-based Gradient Boosting,-1.5424726897801078,-1.41334415268307,5
Histogram-based Gradient Boosting,-1.0745636623476162,-1.2977369243885748,5
Histogram-based Gradient Boosting,-1.524080623031204,-1.6999448565266042,5
Histogram-based Gradient Boosting,-1.520097156387571,-1.471125683588945,5
Histogram-based Gradient Boosting,-0.32212322804184973,-1.178252101631272,5
Histogram-based Gradient Boosting,-1.374139089297611,-1.2231166596176855,5
Histogram-based Gradient Boosting,-1.496009274431816,-1.5382411468647021,5
Histogram-based Gradient Boosting,-2.885418369996712,-2.6714832791899292,5
Histogram-based Gradient Boosting,-3.4108437941069076,-3.667125495465154,5
Histogram-based Gradient Boosting,-2.8184713897478226,-2.490393998542227,5
Histogram-based Gradient Boosting,-1.8730671060734179,-2.1639298969733476,5
Histogram-based Gradient Boosting,-1.2696661993818519,-1.5494133907791565,5
Histogram-based Gradient Boosting,-2.3531252756425936,-2.7814402608172166,5
Histogram-based Gradient Boosting,-1.7873296113427601,-2.396055359592077,5
Histogram-based Gradient Boosting,-3.1597853454922076,-2.937089801874306,5
Histogram-based Gradient Boosting,-2.5901613502180045,-2.5527590059510907,5
Histogram-based Gradient Boosting,-2.198253243671017,-2.0071202149548655,5
Histogram-based Gradient Boosting,-2.9142603715445343,-2.7935445503447625,5
Histogram-based Gradient Boosting,-3.0391954244610955,-3.3473588616692753,5
Histogram-based Gradient Boosting,-3.876468483448327,-3.64184714853414,5
Histogram-based Gradient Boosting,0.05304456027413388,-1.3146695278117402,5
Histogram-based Gradient Boosting,-0.40674416735366103,-0.8260849205792902,5
Histogram-based Gradient Boosting,-1.0877694915519545,-0.9918199111252428,5
Histogram-based Gradient Boosting,-1.5018248431082857,-1.2807936765146086,5
Histogram-based Gradient Boosting,-0.4049916766527308,-0.3041807776904525,5
Histogram-based Gradient Boosting,-0.28184511787174465,-0.8541743055533403,5
Histogram-based Gradient Boosting,-0.08363954432116573,-0.28729590268885796,5
Histogram-based Gradient Boosting,-0.3417701012907816,-0.6298345695421456,5
Histogram-based Gradient Boosting,-2.004293876429448,-2.508958278412369,5
Histogram-based Gradient Boosting,-3.2691119889214533,-3.400029721062824,5
Histogram-based Gradient Boosting,-1.9304209166838449,-1.9007182771888333,5
Histogram-based Gradient Boosting,-1.7426626842914594,-2.3007161174032906,5
Histogram-based Gradient Boosting,-3.0166281405425486,-3.077732761762978,5
Histogram-based Gradient Boosting,-2.0174042079019414,-2.083138366272527,5
Histogram-based Gradient Boosting,-2.2017306515457955,-1.8855659765460244,5
Histogram-based Gradient Boosting,-2.1223515198479075,-2.6816667450896787,5
Histogram-based Gradient Boosting,-2.209721593275448,-2.2862989875193196,5
Histogram-based Gradient Boosting,-2.9238738790387533,-2.593824025986574,5
Histogram-based Gradient Boosting,-2.2415951055389973,-1.6164913229261564,5
Histogram-based Gradient Boosting,-3.3308765956121587,-3.0995912499211804,5
Histogram-based Gradient Boosting,-3.20721692140729,-3.0461212242461686,5
Histogram-based Gradient Boosting,-3.2474583508182433,-2.908342605495708,5
Histogram-based Gradient Boosting,-2.4909497090997137,-2.745551453427188,5
Histogram-based Gradient Boosting,-3.4317548486561424,-3.1289584011415594,5
Histogram-based Gradient Boosting,-3.9019276346378216,-3.421137274049657,5
Histogram-based Gradient Boosting,-2.492075482831661,-1.4733824868592411,5
Histogram-based Gradient Boosting,-0.9910136950037374,-1.3829992037258954,5
Histogram-based Gradient Boosting,-2.6732644443606475,-2.0482961554640347,5
Histogram-based Gradient Boosting,-2.861353792341514,-2.353152499792865,5
Histogram-based Gradient Boosting,-1.6037557432468053,-1.6141753975664068,5
Histogram-based Gradient Boosting,-3.873453012328298,-3.7359537636626534,5
Histogram-based Gradient Boosting,-3.008152176256889,-2.561139802750306,5
Histogram-based Gradient Boosting,-1.6435374468814823,-1.627886353128623,5
Histogram-based Gradient Boosting,-1.183812038624167,-1.756095525923157,5
Histogram-based Gradient Boosting,-1.7028254486283225,-1.7921781616411203,5
Histogram-based Gradient Boosting,-3.52120992195253,-2.699925511068766,5
Histogram-based Gradient Boosting,-3.6203410251864447,-3.146292285867207,5
Histogram-based Gradient Boosting,-3.5222913974306227,-3.0334376110375305,5
Histogram-based Gradient Boosting,-3.221262124613128,-2.7310183690528333,5
Histogram-based Gradient Boosting,-3.4401053391639986,-2.6677378995848966,5
Histogram-based Gradient Boosting,-1.5554661639976504,-2.060963197039979,5
Histogram-based Gradient Boosting,-3.1353471437504044,-2.9408619506708193,5
Histogram-based Gradient Boosting,-2.457678098889193,-1.844136299612057,5
Histogram-based Gradient Boosting,-1.547722797531173,-2.0224725374981247,5
Histogram-based Gradient Boosting,-3.2590502255091702,-2.629239101336216,5
Histogram-based Gradient Boosting,-1.3160847906164357,-1.7493049931378788,5
Histogram-based Gradient Boosting,-1.1630496225248408,-1.3181016452467769,5
Histogram-based Gradient Boosting,-3.5222913974306227,-3.108480590397324,5
Histogram-based Gradient Boosting,-2.2875737313332407,-2.0343554216025024,5
Histogram-based Gradient Boosting,-1.1883246153441216,-1.4756557866344695,5
Histogram-based Gradient Boosting,-2.644753893986956,-2.6133470801602683,5
Histogram-based Gradient Boosting,-2.5339607001524365,-1.9178092672552522,5
Histogram-based Gradient Boosting,-2.1210586466718686,-2.0233850383979903,5
Histogram-based Gradient Boosting,-3.285204336328503,-2.779081765817129,5
Histogram-based Gradient Boosting,-2.248890796910272,-1.9329055002842885,5
Histogram-based Gradient Boosting,-3.159004262647741,-2.8359901304043635,5
Histogram-based Gradient Boosting,-3.20266873961377,-2.0811346184953874,5
Histogram-based Gradient Boosting,-2.4308272469150642,-2.418108095180906,5
Histogram-based Gradient Boosting,-4.043611115346274,-3.7933588422595474,5
Histogram-based Gradient Boosting,-2.1081088952398566,-1.9480623497801273,5
Histogram-based Gradient Boosting,-3.7551664480113374,-3.4878471001919826,5
Histogram-based Gradient Boosting,-2.7669040895368373,-2.413725280890689,5
Histogram-based Gradient Boosting,-2.4911353637922846,-2.638468333184186,5
Histogram-based Gradient Boosting,-1.7310907007998717,-2.3230368897520877,5
Histogram-based Gradient Boosting,-1.4886987965534475,-1.6942568241729046,5
Histogram-based Gradient Boosting,-1.262358754468822,-1.9480747085996615,5
Histogram-based Gradient Boosting,-2.8326132427713318,-2.0302451197478235,5
Histogram-based Gradient Boosting,-2.2625101343415968,-2.0620588528728265,5
Histogram-based Gradient Boosting,-2.3552642027188186,-2.4131871795632054,5
Histogram-based Gradient Boosting,-3.3960495196322524,-2.9586553490908316,5
Histogram-based Gradient Boosting,-3.333901540815397,-2.7635234302543203,5
Histogram-based Gradient Boosting,-1.2400249421136365,-2.343720671035915,5
Histogram-based Gradient Boosting,-3.7834435403498214,-3.2897364186120837,5
Histogram-based Gradient Boosting,-1.936797812533807,-1.7642476832892253,5
Histogram-based Gradient Boosting,-4.026482380351305,-3.365083381887093,5
Histogram-based Gradient Boosting,-2.000920332458684,-2.482985377418775,5
Histogram-based Gradient Boosting,-2.5430732387631334,-2.3823303435324674,5
Histogram-based Gradient Boosting,-3.2861198587119835,-2.8264587521178393,5
Histogram-based Gradient Boosting,-1.945720453842236,-1.8919846524598443,5
Histogram-based Gradient Boosting,-3.739785461604827,-3.421790657094371,5
Histogram-based Gradient Boosting,-3.739785461604827,-3.4088649315687003,5
Histogram-based Gradient Boosting,-2.4117878095891196,-2.1038791124995977,5
Histogram-based Gradient Boosting,-1.479191830676853,-1.5970512237403938,5
Histogram-based Gradient Boosting,-3.6572596108178765,-3.2867741319409225,5
Histogram-based Gradient Boosting,-1.5625822596100025,-2.035518430643385,5
Histogram-based Gradient Boosting,-1.8011659603551675,-2.2396506629036064,5
Histogram-based Gradient Boosting,-1.790442094293253,-2.1694918032309927,5
Histogram-based Gradient Boosting,-2.484467237840419,-2.202706951680169,5
Histogram-based Gradient Boosting,-2.648503823177817,-1.9228465283324132,5
Histogram-based Gradient Boosting,-2.0630158256502544,-2.049129030521907,5
Histogram-based Gradient Boosting,-3.2877805976748804,-3.08839992647102,5
Histogram-based Gradient Boosting,-3.7469892929465796,-3.333845128519568,5
Histogram-based Gradient Boosting,-3.390442939572028,-3.2226226040964496,5
Histogram-based Gradient Boosting,-0.9637364568210032,-1.9854361397441536,5
Histogram-based Gradient Boosting,-1.737359048801603,-1.7903955209728117,5
Histogram-based Gradient Boosting,-2.1469087646472067,-2.034546548587817,5
Histogram-based Gradient Boosting,-0.5687544073603336,-1.317954718714372,5
Histogram-based Gradient Boosting,-1.3467292946628289,-1.9099249269175615,5
Histogram-based Gradient Boosting,-0.6538319472043919,-1.1428898366973956,5
Histogram-based Gradient Boosting,-1.4215944093236903,-1.5880850753796363,5
Histogram-based Gradient Boosting,-1.5708763680120374,-1.653799555697215,5
Histogram-based Gradient Boosting,-4.219679806977318,-3.9174732627100695,5
Histogram-based Gradient Boosting,-2.1782870563447125,-2.201765624401946,5
Histogram-based Gradient Boosting,-2.1225210730141013,-2.3937609248498695,5
Histogram-based Gradient Boosting,-1.6958725916338202,-2.506288901753917,5
Histogram-based Gradient Boosting,-3.7692522846397316,-3.2089740489462435,5
Histogram-based Gradient Boosting,-2.034185120528877,-2.4355717284083873,5
Histogram-based Gradient Boosting,-1.3544637580442256,-1.6508992366013007,5
Histogram-based Gradient Boosting,-2.2062980891288984,-2.0993747545585393,5
Histogram-based Gradient Boosting,-3.5378566631708024,-2.559288405079326,5
Histogram-based Gradient Boosting,-3.392655441034186,-3.0722713290565316,5
Histogram-based Gradient Boosting,-1.881362165893176,-1.7103122013769587,5
Histogram-based Gradient Boosting,-1.2327435377262763,-1.8241734223011248,5
Histogram-based Gradient Boosting,-3.6688623296866587,-3.0275150000756463,5
Histogram-based Gradient Boosting,-1.8347593251696876,-1.6142376031033214,5
Histogram-based Gradient Boosting,-4.0490653862997,-3.4483340579259516,5
Histogram-based Gradient Boosting,-2.1481523894209715,-2.867023496803578,5
Histogram-based Gradient Boosting,-0.7420831923821466,-2.0243401331309046,5
Histogram-based Gradient Boosting,-1.9811271489159006,-2.491684719814612,5
Histogram-based Gradient Boosting,-1.318606216338379,-1.4707520208418126,5
Histogram-based Gradient Boosting,-1.1301967317733737,-1.1804869516680874,5
Histogram-based Gradient Boosting,-1.0193030390019762,-1.5223821547252798,5
Histogram-based Gradient Boosting,-1.8626742516440307,-2.07707697314564,5
Histogram-based Gradient Boosting,-1.0144370432648293,-1.667010795758272,5
Histogram-based Gradient Boosting,-0.7242679085347501,-1.189586218672211,5
Histogram-based Gradient Boosting,-2.119103556806872,-1.6638923451053342,5
Histogram-based Gradient Boosting,-1.0624918421054752,-1.2319208404612354,5
Histogram-based Gradient Boosting,-3.2740051086991615,-3.1274473215737193,5
Histogram-based Gradient Boosting,-2.0995080091454192,-2.193269698536945,5
Histogram-based Gradient Boosting,-2.2488337964546146,-1.580102668785832,5
Histogram-based Gradient Boosting,-3.4366316559477377,-3.0934093006681294,5
Histogram-based Gradient Boosting,-1.525605260081181,-1.5243992426471813,5
Histogram-based Gradient Boosting,-3.8997432135729384,-3.2689336922974785,5
Histogram-based Gradient Boosting,-2.6904826786431757,-3.1719241129833344,5
Histogram-based Gradient Boosting,-2.258173837778395,-3.0136150244402384,5
Histogram-based Gradient Boosting,-3.6308973708676717,-3.3406768531282305,5
Histogram-based Gradient Boosting,-2.7292012545882884,-2.490088931011612,5
Histogram-based Gradient Boosting,-1.4467153895386817,-1.5980131789550835,5
Histogram-based Gradient Boosting,-1.9715416460145745,-1.592654829281393,5
Histogram-based Gradient Boosting,-1.785391290725075,-1.4773060296941594,5
Histogram-based Gradient Boosting,-1.4790145740873064,-1.4164317403877533,5
Histogram-based Gradient Boosting,-3.6924119784161333,-3.073556039454684,5
Histogram-based Gradient Boosting,-2.345229430009625,-1.240207813529759,5
Histogram-based Gradient Boosting,-2.2405786779424,-2.3896613643849793,5
Histogram-based Gradient Boosting,-1.945164608357066,-2.113769897456576,5
Histogram-based Gradient Boosting,-1.2545644486474818,-1.477593695523407,5
Histogram-based Gradient Boosting,-3.290189204280069,-2.9613657854134727,5
Histogram-based Gradient Boosting,-2.1032881447661516,-2.0968468727888614,5
Histogram-based Gradient Boosting,-2.8201877676993385,-2.1991109680512313,5
Histogram-based Gradient Boosting,-2.3582852103076553,-2.564738694253515,5
Histogram-based Gradient Boosting,-3.7268829315132583,-3.2056577960107298,5
Histogram-based Gradient Boosting,-3.2402151004002007,-3.02539423943725,5
Histogram-based Gradient Boosting,-1.356590498479473,-1.400070606064413,5
Histogram-based Gradient Boosting,-1.7139992395270756,-1.7626979846580748,5
Histogram-based Gradient Boosting,-2.1980100109869287,-2.181506476079139,5
Histogram-based Gradient Boosting,-3.600326278518962,-3.7518146238398704,5
Histogram-based Gradient Boosting,-2.1633711620778806,-2.452323809149032,5
Histogram-based Gradient Boosting,-2.7766733448672327,-2.374011440044837,5
Histogram-based Gradient Boosting,-3.3309007861959947,-3.130692610779708,5
Histogram-based Gradient Boosting,-1.9644153443855357,-1.9685407196440465,5
Histogram-based Gradient Boosting,-3.844232919056576,-3.3779235212447074,5
Histogram-based Gradient Boosting,-3.184747097908846,-2.9590810157968277,5
Histogram-based Gradient Boosting,-1.8196475705694013,-2.1183549986243273,5
Histogram-based Gradient Boosting,-1.170757605358798,-1.3438711569646287,5
Histogram-based Gradient Boosting,-0.7856945313640958,-1.320675225235045,5
Histogram-based Gradient Boosting,-2.5255934458757454,-2.5873284084473385,5
Histogram-based Gradient Boosting,-1.740666799910411,-1.8644364446364794,5
Histogram-based Gradient Boosting,-1.9643120034496402,-1.526527803167755,5
Histogram-based Gradient Boosting,-1.3132997440363454,-1.4731036926922858,5
Histogram-based Gradient Boosting,-2.2355646390433175,-1.3301453987565903,5
Histogram-based Gradient Boosting,-1.6183307304435026,-1.8114195450540678,5
Histogram-based Gradient Boosting,-2.3822676402388554,-1.470863203983646,5
Histogram-based Gradient Boosting,-2.4796814387852613,-2.25130605324673,5
Histogram-based Gradient Boosting,0.25792460161657743,0.04813802777377512,5
Histogram-based Gradient Boosting,0.23583851209189552,-0.3711700363139581,5
Histogram-based Gradient Boosting,-0.39778171004309776,-0.7316751361519682,5
Histogram-based Gradient Boosting,0.2461448119736277,-0.4724163606393049,5
Histogram-based Gradient Boosting,-1.181419364072578,-1.3529043001658996,5
Histogram-based Gradient Boosting,-1.5200924815934278,-1.5688174009462619,5
Histogram-based Gradient Boosting,-2.2749377863952085,-1.6194153825502602,5
Histogram-based Gradient Boosting,-3.3347136412278577,-3.4363153741781365,5
Histogram-based Gradient Boosting,-1.5923333763280876,-1.6977928178936923,5
Histogram-based Gradient Boosting,-1.5671957242975716,-1.8085049545335747,5
Histogram-based Gradient Boosting,-1.098047311203653,-1.3913274122360957,5
Histogram-based Gradient Boosting,-3.915670428497184,-3.8139993313745606,5
Histogram-based Gradient Boosting,-1.816712585545078,-2.310959562964083,5
Histogram-based Gradient Boosting,-3.915670428497184,-3.501800671231755,5
Histogram-based Gradient Boosting,-2.6216055516158603,-2.3580290338787444,5
Histogram-based Gradient Boosting,-1.1078591195735359,-1.3705548651370079,5
Histogram-based Gradient Boosting,-1.6115607525200502,-1.891654542938351,5
Histogram-based Gradient Boosting,-1.7236216619186897,-1.6163774396693953,5
Histogram-based Gradient Boosting,-1.6695950343945678,-1.6251724476130456,5
Histogram-based Gradient Boosting,-1.852111989478871,-1.8924471493519601,5
Histogram-based Gradient Boosting,-2.103347370511212,-2.2417227173641403,5
Histogram-based Gradient Boosting,-3.8233531994782193,-3.5276574061402384,5
Histogram-based Gradient Boosting,-1.947863458882499,-2.136709236276751,5
Histogram-based Gradient Boosting,-1.1286832686838821,-1.256276374569954,5
Histogram-based Gradient Boosting,-1.4753372030036505,-1.4617918517565809,5
Histogram-based Gradient Boosting,-1.649488441015367,-1.4074860823545348,5
Histogram-based Gradient Boosting,-1.3041517533417322,-1.385703521090556,5
Histogram-based Gradient Boosting,-3.151893437607053,-3.4901230327610153,5
Histogram-based Gradient Boosting,-0.9422704336465716,-1.0994288170408968,5
Histogram-based Gradient Boosting,-1.4583509625515516,-1.550279386780306,5
Histogram-based Gradient Boosting,-2.14182332020342,-2.50602532698937,5
Histogram-based Gradient Boosting,-2.348164353297759,-2.4530483200368796,5
Histogram-based Gradient Boosting,-1.2755333695267534,-1.1092803991732798,5
Histogram-based Gradient Boosting,-2.451728539243243,-2.2159328323471854,5
Histogram-based Gradient Boosting,-1.1543394167845993,-1.4338278516794007,5
Histogram-based Gradient Boosting,-0.5052921847488494,-1.929770127400883,5
Histogram-based Gradient Boosting,-0.8609839615611586,-1.018427306729084,5
Histogram-based Gradient Boosting,-1.9406256000139548,-1.779222761770823,5
Histogram-based Gradient Boosting,-1.0181181552809078,-1.3331647600090673,5
Histogram-based Gradient Boosting,-2.2646029664100515,-2.6201628306477165,5
Histogram-based Gradient Boosting,-1.042642722079717,-2.0483191832073,5
Histogram-based Gradient Boosting,-1.148825472087486,-1.1571022444757355,5
Histogram-based Gradient Boosting,-3.295634963777275,-3.3453449850132024,5
Histogram-based Gradient Boosting,-1.7998312883961207,-1.8234871734145768,5
Histogram-based Gradient Boosting,-1.0748372190236377,-0.9010298093092358,5
Histogram-based Gradient Boosting,-1.1827941397057182,-1.2347391798186205,5
Histogram-based Gradient Boosting,-2.192341601117107,-2.0895499302219824,5
Histogram-based Gradient Boosting,-1.6643405451853508,-2.0053513377774936,5
Histogram-based Gradient Boosting,-1.7462641625323523,-1.5974795319784185,5
Histogram-based Gradient Boosting,-1.7793995024399858,-1.6164298120033558,5
Histogram-based Gradient Boosting,-1.3068936298450675,-1.2259005530646327,5
Histogram-based Gradient Boosting,-1.475460019768368,-1.7038144767494101,5
Histogram-based Gradient Boosting,-1.0775646199327256,-1.6434449079145188,5
Histogram-based Gradient Boosting,-0.988626069420939,-1.435353211552449,5
Histogram-based Gradient Boosting,-1.3147618244158232,-1.8671805696474568,5
